"DESCRIPTION","DURATION IN MS","NAME","PARENT SUITE","START TIME","STATUS","STOP TIME","SUB SUITE","SUITE","TEST CLASS","TEST METHOD"
"","161","Admin Devices Reactivate - Valid","Personal Banking APIs - QA Test Suite","2026-09-24","failed","2026-09-24","Admin Devices Reactivate","Login, Credentials, Security & Devices","",""
"","210","Block - Invalid Token Or PIN","Personal Banking APIs - QA Test Suite","2026-09-24","failed","2026-09-24","Block","Customer Cards","",""
"","168","Retrieve - Nonexistent ID","Personal Banking APIs - QA Test Suite","2026-09-24","failed","2026-09-24","Retrieve","Wallets, Transfers, Transactions & Fund Requests","",""
"","233","Encrypt Login - Empty Fields","Personal Banking APIs - QA Test Suite","2026-09-24","failed","2026-09-24","Encrypt Login","Login, Credentials, Security & Devices","",""
"","178","Get Electricity Billers - Valid","Personal Banking APIs - QA Test Suite","2026-09-24","failed","2026-09-24","Get Electricity Billers","Airtime, Data, Bills & VAS Beneficiaries","",""
"","170","List Documents - Invalid ID","Personal Banking APIs - QA Test Suite","2026-09-24","passed","2026-09-24","List Documents","KYC, Tier Upgrades & Young Moni","",""
"","167","Create Login Pin - Valid","Personal Banking APIs - QA Test Suite","2026-09-24","failed","2026-09-24","Create Login Pin","Login, Credentials, Security & Devices","",""
"","196","Providers - Valid","Personal Banking APIs - QA Test Suite","2026-09-24","failed","2026-09-24","Providers","Insurance","",""
"","166","Admin Coins Rules - Empty Fields","Personal Banking APIs - QA Test Suite","2026-09-24","failed","2026-09-24","Admin Coins Rules","Rewards, Cash Tokens & Wishlists","",""
"","160","Requests - No Auth","Personal Banking APIs - QA Test Suite","2026-09-24","passed","2026-09-24","Requests","Customer Cards","",""
"","208","Create Wishlist With Items - Valid","Personal Banking APIs - QA Test Suite","2026-09-24","failed","2026-09-24","Create Wishlist With Items","Rewards, Cash Tokens & Wishlists","",""
"","170","Find Account Banks - Empty Fields","Personal Banking APIs - QA Test Suite","2026-09-24","passed","2026-09-24","Find Account Banks","Customer Profile, Accounts & Beneficiaries","",""
"","173","Validate Liveness (When Required) - Empty Fields","Personal Banking APIs - QA Test Suite","2026-09-24","passed","2026-09-24","Validate Liveness (When Required)","Customer Onboarding","",""
"","158","Get Electricity Billers - No Auth","Personal Banking APIs - QA Test Suite","2026-09-24","passed","2026-09-24","Get Electricity Billers","Airtime, Data, Bills & VAS Beneficiaries","",""
"","160","Transaction - No Auth","Personal Banking APIs - QA Test Suite","2026-09-24","passed","2026-09-24","Transaction","Airtime, Data, Bills & VAS Beneficiaries","",""
"","224","Daily Spending Summary - Valid","Personal Banking APIs - QA Test Suite","2026-09-24","passed","2026-09-24","Daily Spending Summary","Wallets, Transfers, Transactions & Fund Requests","",""
"","173","Validate Liveness (When Required) - Missing Required Field","Personal Banking APIs - QA Test Suite","2026-09-24","passed","2026-09-24","Validate Liveness (When Required)","Customer Onboarding","",""
"","168","Enable - Empty Fields","Personal Banking APIs - QA Test Suite","2026-09-24","failed","2026-09-24","Enable","Wallets, Transfers, Transactions & Fund Requests","",""
"","202","Unblock - Missing Required Field","Personal Banking APIs - QA Test Suite","2026-09-24","failed","2026-09-24","Unblock","Customer Cards","",""
"","170","Coin Wallet Transactions - Invalid Query","Personal Banking APIs - QA Test Suite","2026-09-24","passed","2026-09-24","Coin Wallet Transactions","Rewards, Cash Tokens & Wishlists","",""
"","171","Verify Device Changed - Missing Required Field","Personal Banking APIs - QA Test Suite","2026-09-24","passed","2026-09-24","Verify Device Changed","Login, Credentials, Security & Devices","",""
"","171","Update Tin - Missing Required Field","Personal Banking APIs - QA Test Suite","2026-09-24","passed","2026-09-24","Update Tin","Customer Profile, Accounts & Beneficiaries","",""
"","168","Games Eligibility Requirements - Invalid Query","Personal Banking APIs - QA Test Suite","2026-09-24","passed","2026-09-24","Games Eligibility Requirements","Rewards, Cash Tokens & Wishlists","",""
"","203","Types - Valid","Personal Banking APIs - QA Test Suite","2026-09-24","failed","2026-09-24","Types","Supalock Savings","",""
"","160","Request Phone Verification - Missing Required Field","Personal Banking APIs - QA Test Suite","2026-09-24","failed","2026-09-24","Request Phone Verification","Login, Credentials, Security & Devices","",""
"","170","Winner Dismiss Action - Missing Required Field","Personal Banking APIs - QA Test Suite","2026-09-24","failed","2026-09-24","Winner Dismiss Action","Rewards, Cash Tokens & Wishlists","",""
"","310","Admin Coins Rules - Invalid Query","Personal Banking APIs - QA Test Suite","2026-09-24","failed","2026-09-24","Admin Coins Rules","Rewards, Cash Tokens & Wishlists","",""
"","161","Purchase Data - Missing Required Field","Personal Banking APIs - QA Test Suite","2026-09-24","passed","2026-09-24","Purchase Data","Airtime, Data, Bills & VAS Beneficiaries","",""
"","168","Young Moni Documents - Invalid Query","Personal Banking APIs - QA Test Suite","2026-09-24","failed","2026-09-24","Young Moni Documents","KYC, Tier Upgrades & Young Moni","",""
"","184","Get Transaction Overview - Valid","Personal Banking APIs - QA Test Suite","2026-09-24","failed","2026-09-24","Get Transaction Overview","Wallets, Transfers, Transactions & Fund Requests","",""
"","176","Admin Coins Rules - Valid","Personal Banking APIs - QA Test Suite","2026-09-24","failed","2026-09-24","Admin Coins Rules","Rewards, Cash Tokens & Wishlists","",""
"","310","Admin Games - Nonexistent ID","Personal Banking APIs - QA Test Suite","2026-09-24","failed","2026-09-24","Admin Games","Rewards, Cash Tokens & Wishlists","",""
"","162","Redeem Coins - No Auth","Personal Banking APIs - QA Test Suite","2026-09-24","passed","2026-09-24","Redeem Coins","Rewards, Cash Tokens & Wishlists","",""
"","169","Approve Single Fund Request - Empty Fields","Personal Banking APIs - QA Test Suite","2026-09-24","failed","2026-09-24","Approve Single Fund Request","Wallets, Transfers, Transactions & Fund Requests","",""
"","163","Retrieve - No Auth","Personal Banking APIs - QA Test Suite","2026-09-24","passed","2026-09-24","Retrieve","Wallets, Transfers, Transactions & Fund Requests","",""
"","161","Transactions Break Wallet - Invalid Token Or PIN","Personal Banking APIs - QA Test Suite","2026-09-24","passed","2026-09-24","Transactions Break Wallet","Save & Spend","",""
"","170","Activate - Empty Fields","Personal Banking APIs - QA Test Suite","2026-09-24","failed","2026-09-24","Activate","Customer Cards","",""
"","197","Perform Action - Nonexistent ID","Personal Banking APIs - QA Test Suite","2026-09-24","failed","2026-09-24","Perform Action","Rewards, Cash Tokens & Wishlists","",""
"","165","Her Wealth Details - No Auth","Personal Banking APIs - QA Test Suite","2026-09-24","passed","2026-09-24","Her Wealth Details","Customer Profile, Accounts & Beneficiaries","",""
"","161","Young Moni Validate Details Without Identity - Empty Fields","Personal Banking APIs - QA Test Suite","2026-09-24","failed","2026-09-24","Young Moni Validate Details Without Identity","Customer Profile, Accounts & Beneficiaries","",""
"","170","Eligibility - No Auth","Personal Banking APIs - QA Test Suite","2026-09-24","passed","2026-09-24","Eligibility","Kolo Connect Advances","",""
"","169","Admin Coins Rules - Missing Required Field","Personal Banking APIs - QA Test Suite","2026-09-24","failed","2026-09-24","Admin Coins Rules","Rewards, Cash Tokens & Wishlists","",""
"","415","Types - Invalid Query","Personal Banking APIs - QA Test Suite","2026-09-24","failed","2026-09-24","Types","Supalock Savings","",""
"","165","Purchase Jamb - Invalid Amount","Personal Banking APIs - QA Test Suite","2026-09-24","passed","2026-09-24","Purchase Jamb","Airtime, Data, Bills & VAS Beneficiaries","",""
"","171","Waec Lookup - Invalid Query","Personal Banking APIs - QA Test Suite","2026-09-24","failed","2026-09-24","Waec Lookup","Airtime, Data, Bills & VAS Beneficiaries","",""
"","159","Get Cable Plans - No Auth","Personal Banking APIs - QA Test Suite","2026-09-24","passed","2026-09-24","Get Cable Plans","Airtime, Data, Bills & VAS Beneficiaries","",""
"","165","Purchase Cable - Invalid Amount","Personal Banking APIs - QA Test Suite","2026-09-24","passed","2026-09-24","Purchase Cable","Airtime, Data, Bills & VAS Beneficiaries","",""
"","242","Daily Income Summary - Valid","Personal Banking APIs - QA Test Suite","2026-09-24","passed","2026-09-24","Daily Income Summary","Wallets, Transfers, Transactions & Fund Requests","",""
"","1765","Types - Valid","Personal Banking APIs - QA Test Suite","2026-09-24","passed","2026-09-24","Types","Supalock Savings","",""
"","163","Total Supalock Amount - No Auth","Personal Banking APIs - QA Test Suite","2026-09-24","passed","2026-09-24","Total Supalock Amount","Supalock Savings","",""
"","173","Admin Coins Redemption Rules - Invalid ID","Personal Banking APIs - QA Test Suite","2026-09-24","failed","2026-09-24","Admin Coins Redemption Rules","Rewards, Cash Tokens & Wishlists","",""
"","302","Admin Coins Transactions - No Auth","Personal Banking APIs - QA Test Suite","2026-09-24","passed","2026-09-24","Admin Coins Transactions","Rewards, Cash Tokens & Wishlists","",""
"","171","Data - Missing Required Field","Personal Banking APIs - QA Test Suite","2026-09-24","passed","2026-09-24","Data","Scheduled Payments","",""
"","248","Reward With Cashback - Empty Fields","Personal Banking APIs - QA Test Suite","2026-09-24","passed","2026-09-24","Reward With Cashback","Rewards, Cash Tokens & Wishlists","",""
"","337","Admin Coins Redemption Rules - Invalid Query","Personal Banking APIs - QA Test Suite","2026-09-24","failed","2026-09-24","Admin Coins Redemption Rules","Rewards, Cash Tokens & Wishlists","",""
"","173","Update Single Transfer Limit - Missing Required Field","Personal Banking APIs - QA Test Suite","2026-09-24","passed","2026-09-24","Update Single Transfer Limit","Customer Profile, Accounts & Beneficiaries","",""
"","173","Admin Coins Redemption Rules - Invalid Status Or Type","Personal Banking APIs - QA Test Suite","2026-09-24","failed","2026-09-24","Admin Coins Redemption Rules","Rewards, Cash Tokens & Wishlists","",""
"","165","Wallet - No Auth","Personal Banking APIs - QA Test Suite","2026-09-24","passed","2026-09-24","Wallet","Target Savings","",""
"","169","Retrieve - Invalid ID","Personal Banking APIs - QA Test Suite","2026-09-24","failed","2026-09-24","Retrieve","Wallets, Transfers, Transactions & Fund Requests","",""
"","181","Wallet - Invalid Query","Personal Banking APIs - QA Test Suite","2026-09-24","failed","2026-09-24","Wallet","SWAG Savings","",""
"","169","Reward With Airtime - Missing Required Field","Personal Banking APIs - QA Test Suite","2026-09-24","failed","2026-09-24","Reward With Airtime","Rewards, Cash Tokens & Wishlists","",""
"","171","Export Fund Recipients - Empty Fields","Personal Banking APIs - QA Test Suite","2026-09-24","failed","2026-09-24","Export Fund Recipients","Wallets, Transfers, Transactions & Fund Requests","",""
"","166","Admin Coins Rules - Missing Required Field","Personal Banking APIs - QA Test Suite","2026-09-24","failed","2026-09-24","Admin Coins Rules","Rewards, Cash Tokens & Wishlists","",""
"","171","Create Sub Account - Empty Fields","Personal Banking APIs - QA Test Suite","2026-09-24","passed","2026-09-24","Create Sub Account","Customer Profile, Accounts & Beneficiaries","",""
"","161","Admin Devices Deactivate - Invalid ID","Personal Banking APIs - QA Test Suite","2026-09-24","failed","2026-09-24","Admin Devices Deactivate","Login, Credentials, Security & Devices","",""
"","205","Requests Request Card - Valid","Personal Banking APIs - QA Test Suite","2026-09-24","failed","2026-09-24","Requests Request Card","Customer Cards","",""
"","163","Purchase Airtime - Missing Required Field","Personal Banking APIs - QA Test Suite","2026-09-24","passed","2026-09-24","Purchase Airtime","Airtime, Data, Bills & VAS Beneficiaries","",""
"","167","Transfers Left - Invalid Query","Personal Banking APIs - QA Test Suite","2026-09-24","failed","2026-09-24","Transfers Left","Wallets, Transfers, Transactions & Fund Requests","",""
"","163","Purchase Waec - Missing Required Field","Personal Banking APIs - QA Test Suite","2026-09-24","passed","2026-09-24","Purchase Waec","Airtime, Data, Bills & VAS Beneficiaries","",""
"","177","Admin Admin Upgrade To Merchant - Invalid Token Or PIN","Personal Banking APIs - QA Test Suite","2026-09-24","failed","2026-09-24","Admin Admin Upgrade To Merchant","KYC, Tier Upgrades & Young Moni","",""
"","169","Admin Games Rewards - Invalid ID","Personal Banking APIs - QA Test Suite","2026-09-24","failed","2026-09-24","Admin Games Rewards","Rewards, Cash Tokens & Wishlists","",""
"","233","Payment Merchant - Valid","Personal Banking APIs - QA Test Suite","2026-09-24","passed","2026-09-24","Payment Merchant","Customer Cards","",""
"","168","Transactions Update Swag Monthly Rollover - Invalid Token Or PIN","Personal Banking APIs - QA Test Suite","2026-09-24","failed","2026-09-24","Transactions Update Swag Monthly Rollover","SWAG Savings","",""
"","370","Encrypt Login - Valid","Personal Banking APIs - QA Test Suite","2026-09-24","passed","2026-09-24","Encrypt Login","Login, Credentials, Security & Devices","",""
"","160","Young Moni Documents - No Auth","Personal Banking APIs - QA Test Suite","2026-09-24","passed","2026-09-24","Young Moni Documents","KYC, Tier Upgrades & Young Moni","",""
"","162","Intra Transfer - Missing Required Field","Personal Banking APIs - QA Test Suite","2026-09-24","passed","2026-09-24","Intra Transfer","Wallets, Transfers, Transactions & Fund Requests","",""
"","178","Transactions Update Swag Monthly Rollover - Empty Fields","Personal Banking APIs - QA Test Suite","2026-09-24","failed","2026-09-24","Transactions Update Swag Monthly Rollover","SWAG Savings","",""
"","169","Admin Reject Upgrade Request - Missing Required Field","Personal Banking APIs - QA Test Suite","2026-09-24","failed","2026-09-24","Admin Reject Upgrade Request","KYC, Tier Upgrades & Young Moni","",""
"","387","Her Wealth Details - Nonexistent ID","Personal Banking APIs - QA Test Suite","2026-09-24","passed","2026-09-24","Her Wealth Details","Customer Profile, Accounts & Beneficiaries","",""
"","163","Reset Transaction Pin - No Auth","Personal Banking APIs - QA Test Suite","2026-09-24","passed","2026-09-24","Reset Transaction Pin","Login, Credentials, Security & Devices","",""
"","204","Unblock - Invalid Token Or PIN","Personal Banking APIs - QA Test Suite","2026-09-24","failed","2026-09-24","Unblock","Customer Cards","",""
"","168","Electricity - Invalid Token Or PIN","Personal Banking APIs - QA Test Suite","2026-09-24","passed","2026-09-24","Electricity","Scheduled Payments","",""
"","165","Admin Devices Deactivate - Valid","Personal Banking APIs - QA Test Suite","2026-09-24","failed","2026-09-24","Admin Devices Deactivate","Login, Credentials, Security & Devices","",""
"","220","Restrict Accounts By BVN - Valid","Personal Banking APIs - QA Test Suite","2026-09-24","failed","2026-09-24","Restrict Accounts By BVN","Customer Profile, Accounts & Beneficiaries","",""
"","160","Retrieve - No Auth","Personal Banking APIs - QA Test Suite","2026-09-24","passed","2026-09-24","Retrieve","Kolo Connect Advances","",""
"","163","Transactions Create Plan - Invalid Token Or PIN","Personal Banking APIs - QA Test Suite","2026-09-24","passed","2026-09-24","Transactions Create Plan","SWAG Savings","",""
"","167","Wallet Download Swag Statement - Empty Fields","Personal Banking APIs - QA Test Suite","2026-09-24","failed","2026-09-24","Wallet Download Swag Statement","SWAG Savings","",""
"","174","Verify Email OTP - Invalid Token Or PIN","Personal Banking APIs - QA Test Suite","2026-09-24","passed","2026-09-24","Verify Email OTP","Customer Onboarding","",""
"","166","Transactions Withdraw Interest - Invalid Token Or PIN","Personal Banking APIs - QA Test Suite","2026-09-24","passed","2026-09-24","Transactions Withdraw Interest","SWAG Savings","",""
"","167","Update Communication Preference - Nonexistent ID","Personal Banking APIs - QA Test Suite","2026-09-24","passed","2026-09-24","Update Communication Preference","Customer Profile, Accounts & Beneficiaries","",""
"","194","Validate Face Match - Valid","Personal Banking APIs - QA Test Suite","2026-09-24","failed","2026-09-24","Validate Face Match","Login, Credentials, Security & Devices","",""
"","163","Young Moni Initiate Account Without Identity - No Auth","Personal Banking APIs - QA Test Suite","2026-09-24","passed","2026-09-24","Young Moni Initiate Account Without Identity","Customer Profile, Accounts & Beneficiaries","",""
"","166","Partial - Invalid Status Or Type","Personal Banking APIs - QA Test Suite","2026-09-24","passed","2026-09-24","Partial","Airtime, Data, Bills & VAS Beneficiaries","",""
"","162","Transactions Create Wallet - Empty Fields","Personal Banking APIs - QA Test Suite","2026-09-24","passed","2026-09-24","Transactions Create Wallet","Target Savings","",""
"","344","List - Valid","Personal Banking APIs - QA Test Suite","2026-09-24","passed","2026-09-24","List","Insurance","",""
"","323","Admin Coins Rules - Valid","Personal Banking APIs - QA Test Suite","2026-09-24","failed","2026-09-24","Admin Coins Rules","Rewards, Cash Tokens & Wishlists","",""
"","176","Reset Pin - Invalid Token Or PIN","Personal Banking APIs - QA Test Suite","2026-09-24","failed","2026-09-24","Reset Pin","Customer Cards","",""
"","174","Wallet - Invalid ID","Personal Banking APIs - QA Test Suite","2026-09-24","failed","2026-09-24","Wallet","Save & Spend","",""
"","166","Reward With Cashback - Invalid Amount","Personal Banking APIs - QA Test Suite","2026-09-24","failed","2026-09-24","Reward With Cashback","Rewards, Cash Tokens & Wishlists","",""
"","171","Update Communication Preference - Invalid ID","Personal Banking APIs - QA Test Suite","2026-09-24","passed","2026-09-24","Update Communication Preference","Customer Profile, Accounts & Beneficiaries","",""
"","164","Daily Income Summary - No Auth","Personal Banking APIs - QA Test Suite","2026-09-24","passed","2026-09-24","Daily Income Summary","Wallets, Transfers, Transactions & Fund Requests","",""
"","163","Transactions Create Wallet - Empty Fields","Personal Banking APIs - QA Test Suite","2026-09-24","passed","2026-09-24","Transactions Create Wallet","Save & Spend","",""
"","160","Retrieve - No Auth","Personal Banking APIs - QA Test Suite","2026-09-24","passed","2026-09-24","Retrieve","Customer Cards","",""
"","173","Approve Single Bulk Recipient - Missing Required Field","Personal Banking APIs - QA Test Suite","2026-09-24","failed","2026-09-24","Approve Single Bulk Recipient","Wallets, Transfers, Transactions & Fund Requests","",""
"","162","Transactions Create Wallet - Missing Required Field","Personal Banking APIs - QA Test Suite","2026-09-24","passed","2026-09-24","Transactions Create Wallet","Target Savings","",""
"","188","Young Moni Initiate Account Request - Valid","Personal Banking APIs - QA Test Suite","2026-09-24","failed","2026-09-24","Young Moni Initiate Account Request","Customer Profile, Accounts & Beneficiaries","",""
"","166","Transactions Update Swag Plan - Missing Required Field","Personal Banking APIs - QA Test Suite","2026-09-24","passed","2026-09-24","Transactions Update Swag Plan","SWAG Savings","",""
"","170","Verify Email Update - No Auth","Personal Banking APIs - QA Test Suite","2026-09-24","passed","2026-09-24","Verify Email Update","KYC, Tier Upgrades & Young Moni","",""
"","162","Transactions Create Wallet Product Specific - Empty Fields","Personal Banking APIs - QA Test Suite","2026-09-24","passed","2026-09-24","Transactions Create Wallet Product Specific","Target Savings","",""
"","160","Data Plans - No Auth","Personal Banking APIs - QA Test Suite","2026-09-24","passed","2026-09-24","Data Plans","Airtime, Data, Bills & VAS Beneficiaries","",""
"","318","Admin Games Sessions - Valid","Personal Banking APIs - QA Test Suite","2026-09-24","failed","2026-09-24","Admin Games Sessions","Rewards, Cash Tokens & Wishlists","",""
"","160","Youngmoni Transfer - No Auth","Personal Banking APIs - QA Test Suite","2026-09-24","passed","2026-09-24","Youngmoni Transfer","Scheduled Payments","",""
"","167","Initiate Email Update - Empty Fields","Personal Banking APIs - QA Test Suite","2026-09-24","passed","2026-09-24","Initiate Email Update","KYC, Tier Upgrades & Young Moni","",""
"","167","Enable - Missing Required Field","Personal Banking APIs - QA Test Suite","2026-09-24","failed","2026-09-24","Enable","Wallets, Transfers, Transactions & Fund Requests","",""
"","164","Transactions Withdraw Principal - Invalid Token Or PIN","Personal Banking APIs - QA Test Suite","2026-09-24","passed","2026-09-24","Transactions Withdraw Principal","SWAG Savings","",""
"","167","Transactions Deposit - Invalid Token Or PIN","Personal Banking APIs - QA Test Suite","2026-09-24","passed","2026-09-24","Transactions Deposit","SWAG Savings","",""
"","161","Retrieve - No Auth","Personal Banking APIs - QA Test Suite","2026-09-24","passed","2026-09-24","Retrieve","Customer Profile, Accounts & Beneficiaries","",""
"","168","Upload Bulk Fund Request - No Auth","Personal Banking APIs - QA Test Suite","2026-09-24","failed","2026-09-24","Upload Bulk Fund Request","Wallets, Transfers, Transactions & Fund Requests","",""
"","160","List - No Auth","Personal Banking APIs - QA Test Suite","2026-09-24","passed","2026-09-24","List","Insurance","",""
"","183","Admin Admin Submit - Valid","Personal Banking APIs - QA Test Suite","2026-09-24","failed","2026-09-24","Admin Admin Submit","KYC, Tier Upgrades & Young Moni","",""
"","170","Admin Admin Submit - Missing Required Field","Personal Banking APIs - QA Test Suite","2026-09-24","failed","2026-09-24","Admin Admin Submit","KYC, Tier Upgrades & Young Moni","",""
"","275","Young Moni - Valid","Personal Banking APIs - QA Test Suite","2026-09-24","passed","2026-09-24","Young Moni","Customer Profile, Accounts & Beneficiaries","",""
"","166","Inter Transfer - Invalid Amount","Personal Banking APIs - QA Test Suite","2026-09-24","passed","2026-09-24","Inter Transfer","Wallets, Transfers, Transactions & Fund Requests","",""
"","172","Types - Invalid Amount","Personal Banking APIs - QA Test Suite","2026-09-24","failed","2026-09-24","Types","Supalock Savings","",""
"","163","Add Account Alias - No Auth","Personal Banking APIs - QA Test Suite","2026-09-24","passed","2026-09-24","Add Account Alias","Customer Profile, Accounts & Beneficiaries","",""
"","168","Create - Missing Required Field","Personal Banking APIs - QA Test Suite","2026-09-24","failed","2026-09-24","Create","Airtime, Data, Bills & VAS Beneficiaries","",""
"","162","Transactions Create Wallet - Invalid Status Or Type","Personal Banking APIs - QA Test Suite","2026-09-24","passed","2026-09-24","Transactions Create Wallet","Save & Spend","",""
"","170","Retrieve - Nonexistent ID","Personal Banking APIs - QA Test Suite","2026-09-24","failed","2026-09-24","Retrieve","Wallets, Transfers, Transactions & Fund Requests","",""
"","180","Channel Settings - Invalid Amount","Personal Banking APIs - QA Test Suite","2026-09-24","failed","2026-09-24","Channel Settings","Customer Cards","",""
"","167","Request Account Reactivation - Missing Required Field","Personal Banking APIs - QA Test Suite","2026-09-24","passed","2026-09-24","Request Account Reactivation","KYC, Tier Upgrades & Young Moni","",""
"","189","Continue With Email - Valid","Personal Banking APIs - QA Test Suite","2026-09-24","failed","2026-09-24","Continue With Email","Customer Onboarding","",""
"","158","Transactions Update Spend Wallet - No Auth","Personal Banking APIs - QA Test Suite","2026-09-24","passed","2026-09-24","Transactions Update Spend Wallet","Save & Spend","",""
"","168","Admin Coins Rules - Empty Fields","Personal Banking APIs - QA Test Suite","2026-09-24","failed","2026-09-24","Admin Coins Rules","Rewards, Cash Tokens & Wishlists","",""
"","205","Get Betting Billers - Valid","Personal Banking APIs - QA Test Suite","2026-09-24","passed","2026-09-24","Get Betting Billers","Airtime, Data, Bills & VAS Beneficiaries","",""
"","162","Young Moni Validate Details - Invalid Email","Personal Banking APIs - QA Test Suite","2026-09-24","failed","2026-09-24","Young Moni Validate Details","Customer Profile, Accounts & Beneficiaries","",""
"","174","Borrow - Invalid Status Or Type","Personal Banking APIs - QA Test Suite","2026-09-24","failed","2026-09-24","Borrow","Kolo Connect Advances","",""
"","171","Account Officer - Nonexistent ID","Personal Banking APIs - QA Test Suite","2026-09-24","passed","2026-09-24","Account Officer","Customer Profile, Accounts & Beneficiaries","",""
"","168","Young Moni Documents - Nonexistent ID","Personal Banking APIs - QA Test Suite","2026-09-24","failed","2026-09-24","Young Moni Documents","KYC, Tier Upgrades & Young Moni","",""
"","360","Fetch Balance - Nonexistent ID","Personal Banking APIs - QA Test Suite","2026-09-24","passed","2026-09-24","Fetch Balance","Customer Profile, Accounts & Beneficiaries","",""
"","164","Purchase Electricity - Valid","Personal Banking APIs - QA Test Suite","2026-09-24","failed","2026-09-24","Purchase Electricity","Airtime, Data, Bills & VAS Beneficiaries","",""
"","309","Admin Coins Rules - Invalid ID","Personal Banking APIs - QA Test Suite","2026-09-24","failed","2026-09-24","Admin Coins Rules","Rewards, Cash Tokens & Wishlists","",""
"","170","Disable - Missing Required Field","Personal Banking APIs - QA Test Suite","2026-09-24","failed","2026-09-24","Disable","Wallets, Transfers, Transactions & Fund Requests","",""
"","191","Profile - Invalid Query","Personal Banking APIs - QA Test Suite","2026-09-24","failed","2026-09-24","Profile","Customer Profile, Accounts & Beneficiaries","",""
"","158","Airtime - No Auth","Personal Banking APIs - QA Test Suite","2026-09-24","passed","2026-09-24","Airtime","Scheduled Payments","",""
"","159","Get Item Edit - No Auth","Personal Banking APIs - QA Test Suite","2026-09-24","passed","2026-09-24","Get Item Edit","Rewards, Cash Tokens & Wishlists","",""
"","170","Transactions Create Plan - No Auth","Personal Banking APIs - QA Test Suite","2026-09-24","failed","2026-09-24","Transactions Create Plan","SWAG Savings","",""
"","169","Create - Empty Fields","Personal Banking APIs - QA Test Suite","2026-09-24","passed","2026-09-24","Create","Customer Profile, Accounts & Beneficiaries","",""
"","172","Update Gender - Missing Required Field","Personal Banking APIs - QA Test Suite","2026-09-24","passed","2026-09-24","Update Gender","Login, Credentials, Security & Devices","",""
"","190","Admin Admin Tier One Upgrade - Valid","Personal Banking APIs - QA Test Suite","2026-09-24","failed","2026-09-24","Admin Admin Tier One Upgrade","KYC, Tier Upgrades & Young Moni","",""
"","174","Requests - Invalid Query","Personal Banking APIs - QA Test Suite","2026-09-24","failed","2026-09-24","Requests","Customer Cards","",""
"","163","Transactions Withdraw Interest - Missing Required Field","Personal Banking APIs - QA Test Suite","2026-09-24","passed","2026-09-24","Transactions Withdraw Interest","SWAG Savings","",""
"","160","Account Officer Rate Officer - No Auth","Personal Banking APIs - QA Test Suite","2026-09-24","passed","2026-09-24","Account Officer Rate Officer","Customer Profile, Accounts & Beneficiaries","",""
"","189","Verify Email OTP - Valid","Personal Banking APIs - QA Test Suite","2026-09-24","failed","2026-09-24","Verify Email OTP","Customer Onboarding","",""
"","181","Young Moni - Invalid Query","Personal Banking APIs - QA Test Suite","2026-09-24","failed","2026-09-24","Young Moni","Customer Profile, Accounts & Beneficiaries","",""
"","179","Channel Settings - Missing Required Field","Personal Banking APIs - QA Test Suite","2026-09-24","failed","2026-09-24","Channel Settings","Customer Cards","",""
"","291","Inflow Outflow Analytics - Valid","Personal Banking APIs - QA Test Suite","2026-09-24","passed","2026-09-24","Inflow Outflow Analytics","Wallets, Transfers, Transactions & Fund Requests","",""
"","165","Create - Invalid Status Or Type","Personal Banking APIs - QA Test Suite","2026-09-24","passed","2026-09-24","Create","Airtime, Data, Bills & VAS Beneficiaries","",""
"","175","Transactions - Invalid Query","Personal Banking APIs - QA Test Suite","2026-09-24","failed","2026-09-24","Transactions","Supalock Savings","",""
"","174","Transactions - Invalid Query","Personal Banking APIs - QA Test Suite","2026-09-24","failed","2026-09-24","Transactions","Save & Spend","",""
"","162","Transactions Update Spend Wallet - Invalid Status Or Type","Personal Banking APIs - QA Test Suite","2026-09-24","passed","2026-09-24","Transactions Update Spend Wallet","Save & Spend","",""
"","251","Data Plans - Invalid Query","Personal Banking APIs - QA Test Suite","2026-09-24","passed","2026-09-24","Data Plans","Airtime, Data, Bills & VAS Beneficiaries","",""
"","186","Retrieve - Valid","Personal Banking APIs - QA Test Suite","2026-09-24","failed","2026-09-24","Retrieve","Kolo Connect Advances","",""
"","174","Young Moni Upload Child Documents - Invalid ID","Personal Banking APIs - QA Test Suite","2026-09-24","passed","2026-09-24","Young Moni Upload Child Documents","Customer Profile, Accounts & Beneficiaries","",""
"","169","Inflow Outflow Analytics - Invalid Query","Personal Banking APIs - QA Test Suite","2026-09-24","failed","2026-09-24","Inflow Outflow Analytics","Wallets, Transfers, Transactions & Fund Requests","",""
"","164","Find Customers By Phone - No Auth","Personal Banking APIs - QA Test Suite","2026-09-24","passed","2026-09-24","Find Customers By Phone","Customer Profile, Accounts & Beneficiaries","",""
"","181","Wallet - Valid","Personal Banking APIs - QA Test Suite","2026-09-24","failed","2026-09-24","Wallet","Target Savings","",""
"","161","Retrieve - No Auth","Personal Banking APIs - QA Test Suite","2026-09-24","passed","2026-09-24","Retrieve","KYC, Tier Upgrades & Young Moni","",""
"","324","Admin Coins Rules Stats - Valid","Personal Banking APIs - QA Test Suite","2026-09-24","failed","2026-09-24","Admin Coins Rules Stats","Rewards, Cash Tokens & Wishlists","",""
"","184","Reward With Airtime - Valid","Personal Banking APIs - QA Test Suite","2026-09-24","failed","2026-09-24","Reward With Airtime","Rewards, Cash Tokens & Wishlists","",""
"","162","Purchase Jamb - Missing Required Field","Personal Banking APIs - QA Test Suite","2026-09-24","passed","2026-09-24","Purchase Jamb","Airtime, Data, Bills & VAS Beneficiaries","",""
"","169","Transactions Evaluate Break - Missing Required Field","Personal Banking APIs - QA Test Suite","2026-09-24","passed","2026-09-24","Transactions Evaluate Break","Target Savings","",""
"","165","Types - No Auth","Personal Banking APIs - QA Test Suite","2026-09-24","passed","2026-09-24","Types","Supalock Savings","",""
"","168","Wallet Download Target Statement - Empty Fields","Personal Banking APIs - QA Test Suite","2026-09-24","failed","2026-09-24","Wallet Download Target Statement","Target Savings","",""
"","172","Games - Invalid Query","Personal Banking APIs - QA Test Suite","2026-09-24","passed","2026-09-24","Games","Rewards, Cash Tokens & Wishlists","",""
"","162","Partial - No Auth","Personal Banking APIs - QA Test Suite","2026-09-24","passed","2026-09-24","Partial","Customer Profile, Accounts & Beneficiaries","",""
"","168","Winner Dismiss Action - Invalid ID","Personal Banking APIs - QA Test Suite","2026-09-24","passed","2026-09-24","Winner Dismiss Action","Rewards, Cash Tokens & Wishlists","",""
"","162","Data - Empty Fields","Personal Banking APIs - QA Test Suite","2026-09-24","passed","2026-09-24","Data","Scheduled Payments","",""
"","168","Wallet Download Target Statement - Invalid Amount","Personal Banking APIs - QA Test Suite","2026-09-24","failed","2026-09-24","Wallet Download Target Statement","Target Savings","",""
"","167","Webhook Cashtoken Webhook - Invalid Amount","Personal Banking APIs - QA Test Suite","2026-09-24","failed","2026-09-24","Webhook Cashtoken Webhook","Rewards, Cash Tokens & Wishlists","",""
"","174","Validate Smart Card - Invalid Status Or Type","Personal Banking APIs - QA Test Suite","2026-09-24","failed","2026-09-24","Validate Smart Card","Airtime, Data, Bills & VAS Beneficiaries","",""
"","174","Verify Reset Token - Invalid Email","Personal Banking APIs - QA Test Suite","2026-09-24","passed","2026-09-24","Verify Reset Token","Login, Credentials, Security & Devices","",""
"","175","Wallet Download Target Statement - Missing Required Field","Personal Banking APIs - QA Test Suite","2026-09-24","failed","2026-09-24","Wallet Download Target Statement","Target Savings","",""
"","168","Admin Coins Rules - Invalid ID","Personal Banking APIs - QA Test Suite","2026-09-24","failed","2026-09-24","Admin Coins Rules","Rewards, Cash Tokens & Wishlists","",""
"","168","Admin Admin Tier One Upgrade - Invalid Status Or Type","Personal Banking APIs - QA Test Suite","2026-09-24","failed","2026-09-24","Admin Admin Tier One Upgrade","KYC, Tier Upgrades & Young Moni","",""
"","183","Update Request Recipients - Empty Fields","Personal Banking APIs - QA Test Suite","2026-09-24","failed","2026-09-24","Update Request Recipients","Wallets, Transfers, Transactions & Fund Requests","",""
"","308","Admin List Documents - Nonexistent ID","Personal Banking APIs - QA Test Suite","2026-09-24","passed","2026-09-24","Admin List Documents","KYC, Tier Upgrades & Young Moni","",""
"","168","Admin Coins Redemption Rules - Nonexistent ID","Personal Banking APIs - QA Test Suite","2026-09-24","failed","2026-09-24","Admin Coins Redemption Rules","Rewards, Cash Tokens & Wishlists","",""
"","162","Transactions Deposit - Empty Fields","Personal Banking APIs - QA Test Suite","2026-09-24","passed","2026-09-24","Transactions Deposit","SWAG Savings","",""
"","182","Transactions - Valid","Personal Banking APIs - QA Test Suite","2026-09-24","failed","2026-09-24","Transactions","SWAG Savings","",""
"","169","Retrieve - Invalid Query","Personal Banking APIs - QA Test Suite","2026-09-24","failed","2026-09-24","Retrieve","KYC, Tier Upgrades & Young Moni","",""
"","176","Intra Name Enquiry - Missing Required Field","Personal Banking APIs - QA Test Suite","2026-09-24","passed","2026-09-24","Intra Name Enquiry","Wallets, Transfers, Transactions & Fund Requests","",""
"","180","Register With Phone - Missing Required Field","Personal Banking APIs - QA Test Suite","2026-09-24","passed","2026-09-24","Register With Phone","Customer Onboarding","",""
"","199","Wishlist Config Edit - Invalid ID","Personal Banking APIs - QA Test Suite","2026-09-24","failed","2026-09-24","Wishlist Config Edit","Rewards, Cash Tokens & Wishlists","",""
"","170","Transactions - Invalid Query","Personal Banking APIs - QA Test Suite","2026-09-24","failed","2026-09-24","Transactions","Supalock Savings","",""
"","170","Get Item - Nonexistent ID","Personal Banking APIs - QA Test Suite","2026-09-24","passed","2026-09-24","Get Item","Rewards, Cash Tokens & Wishlists","",""
"","239","Overview - Valid","Personal Banking APIs - QA Test Suite","2026-09-24","passed","2026-09-24","Overview","Customer Profile, Accounts & Beneficiaries","",""
"","171","Destroy - Invalid ID","Personal Banking APIs - QA Test Suite","2026-09-24","passed","2026-09-24","Destroy","Customer Profile, Accounts & Beneficiaries","",""
"","170","Create Insurance - Invalid Token Or PIN","Personal Banking APIs - QA Test Suite","2026-09-24","passed","2026-09-24","Create Insurance","Insurance","",""
"","164","Transactions Update Swag Plan - Empty Fields","Personal Banking APIs - QA Test Suite","2026-09-24","passed","2026-09-24","Transactions Update Swag Plan","SWAG Savings","",""
"","204","Repay - Valid","Personal Banking APIs - QA Test Suite","2026-09-24","failed","2026-09-24","Repay","Kolo Connect Advances","",""
"","172","Verify Email OTP - Missing Required Field","Personal Banking APIs - QA Test Suite","2026-09-24","passed","2026-09-24","Verify Email OTP","Customer Onboarding","",""
"","184","Games Scratch Card - Valid","Personal Banking APIs - QA Test Suite","2026-09-24","failed","2026-09-24","Games Scratch Card","Rewards, Cash Tokens & Wishlists","",""
"","163","Purchase Data - Valid","Personal Banking APIs - QA Test Suite","2026-09-24","failed","2026-09-24","Purchase Data","Airtime, Data, Bills & VAS Beneficiaries","",""
"","163","Verify Phone Number - Valid","Personal Banking APIs - QA Test Suite","2026-09-24","failed","2026-09-24","Verify Phone Number","Login, Credentials, Security & Devices","",""
"","167","Admin Reject Upgrade Request - Empty Fields","Personal Banking APIs - QA Test Suite","2026-09-24","failed","2026-09-24","Admin Reject Upgrade Request","KYC, Tier Upgrades & Young Moni","",""
"","408","Retrieve - Valid","Personal Banking APIs - QA Test Suite","2026-09-24","passed","2026-09-24","Retrieve","Customer Profile, Accounts & Beneficiaries","",""
"","169","Update Communication Preference - Invalid Email","Personal Banking APIs - QA Test Suite","2026-09-24","passed","2026-09-24","Update Communication Preference","Customer Profile, Accounts & Beneficiaries","",""
"","247","Check Email / Phone Availability - Missing Required Field","Personal Banking APIs - QA Test Suite","2026-09-24","failed","2026-09-24","Check Email / Phone Availability","Customer Onboarding","",""
"","176","Young Moni Requests - Valid","Personal Banking APIs - QA Test Suite","2026-09-24","failed","2026-09-24","Young Moni Requests","KYC, Tier Upgrades & Young Moni","",""
"","169","Continue With Email - Empty Fields","Personal Banking APIs - QA Test Suite","2026-09-24","passed","2026-09-24","Continue With Email","Customer Onboarding","",""
"","171","Retrieve - Invalid Query","Personal Banking APIs - QA Test Suite","2026-09-24","failed","2026-09-24","Retrieve","Wallets, Transfers, Transactions & Fund Requests","",""
"","168","Requests Fetch Agents - Missing Required Field","Personal Banking APIs - QA Test Suite","2026-09-24","passed","2026-09-24","Requests Fetch Agents","Customer Cards","",""
"","162","Verify Phone Number - No Auth","Personal Banking APIs - QA Test Suite","2026-09-24","passed","2026-09-24","Verify Phone Number","Login, Credentials, Security & Devices","",""
"","173","Download Statement - Missing Required Field","Personal Banking APIs - QA Test Suite","2026-09-24","failed","2026-09-24","Download Statement","Wallets, Transfers, Transactions & Fund Requests","",""
"","160","Waec Lookup - No Auth","Personal Banking APIs - QA Test Suite","2026-09-24","passed","2026-09-24","Waec Lookup","Airtime, Data, Bills & VAS Beneficiaries","",""
"","223","Young Moni Upload Child Documents - Valid","Personal Banking APIs - QA Test Suite","2026-09-24","failed","2026-09-24","Young Moni Upload Child Documents","Customer Profile, Accounts & Beneficiaries","",""
"","195","Update - Invalid ID","Personal Banking APIs - QA Test Suite","2026-09-24","passed","2026-09-24","Update","Scheduled Payments","",""
"","160","Validate Betting Id - No Auth","Personal Banking APIs - QA Test Suite","2026-09-24","passed","2026-09-24","Validate Betting Id","Airtime, Data, Bills & VAS Beneficiaries","",""
"","169","Providers - Invalid Query","Personal Banking APIs - QA Test Suite","2026-09-24","failed","2026-09-24","Providers","Insurance","",""
"","162","Admin Devices Deactivate - Missing Required Field","Personal Banking APIs - QA Test Suite","2026-09-24","failed","2026-09-24","Admin Devices Deactivate","Login, Credentials, Security & Devices","",""
"","159","Terms - No Auth","Personal Banking APIs - QA Test Suite","2026-09-24","passed","2026-09-24","Terms","Rewards, Cash Tokens & Wishlists","",""
"","181","Reward With Cashback - Valid","Personal Banking APIs - QA Test Suite","2026-09-24","failed","2026-09-24","Reward With Cashback","Rewards, Cash Tokens & Wishlists","",""
"","168","Verify Email Update - Empty Fields","Personal Banking APIs - QA Test Suite","2026-09-24","passed","2026-09-24","Verify Email Update","KYC, Tier Upgrades & Young Moni","",""
"","169","Restrict Accounts By BVN - Empty Fields","Personal Banking APIs - QA Test Suite","2026-09-24","failed","2026-09-24","Restrict Accounts By BVN","Customer Profile, Accounts & Beneficiaries","",""
"","293","Admin Upload Documents - Empty Fields","Personal Banking APIs - QA Test Suite","2026-09-24","passed","2026-09-24","Admin Upload Documents","KYC, Tier Upgrades & Young Moni","",""
"","170","Reject Single Fund Request - Empty Fields","Personal Banking APIs - QA Test Suite","2026-09-24","failed","2026-09-24","Reject Single Fund Request","Wallets, Transfers, Transactions & Fund Requests","",""
"","173","Block - Nonexistent ID","Personal Banking APIs - QA Test Suite","2026-09-24","passed","2026-09-24","Block","Customer Cards","",""
"","622","List - Valid","Personal Banking APIs - QA Test Suite","2026-09-24","passed","2026-09-24","List","Customer Profile, Accounts & Beneficiaries","",""
"","186","Retrieve - Valid","Personal Banking APIs - QA Test Suite","2026-09-24","failed","2026-09-24","Retrieve","Wallets, Transfers, Transactions & Fund Requests","",""
"","159","Data - No Auth","Personal Banking APIs - QA Test Suite","2026-09-24","passed","2026-09-24","Data","Scheduled Payments","",""
"","182","Account Officer Change Request - Invalid Query","Personal Banking APIs - QA Test Suite","2026-09-24","failed","2026-09-24","Account Officer Change Request","Customer Profile, Accounts & Beneficiaries","",""
"","167","Partial - Nonexistent ID","Personal Banking APIs - QA Test Suite","2026-09-24","passed","2026-09-24","Partial","Airtime, Data, Bills & VAS Beneficiaries","",""
"","174","Types - Nonexistent ID","Personal Banking APIs - QA Test Suite","2026-09-24","passed","2026-09-24","Types","Supalock Savings","",""
"","165","Transactions Withdraw Principal - Valid","Personal Banking APIs - QA Test Suite","2026-09-24","failed","2026-09-24","Transactions Withdraw Principal","SWAG Savings","",""
"","217","Transactions - Valid","Personal Banking APIs - QA Test Suite","2026-09-24","passed","2026-09-24","Transactions","Save & Spend","",""
"","169","Account Officer Rate Officer - Missing Required Field","Personal Banking APIs - QA Test Suite","2026-09-24","failed","2026-09-24","Account Officer Rate Officer","Customer Profile, Accounts & Beneficiaries","",""
"","397","Retrieve - Nonexistent ID","Personal Banking APIs - QA Test Suite","2026-09-24","passed","2026-09-24","Retrieve","Customer Profile, Accounts & Beneficiaries","",""
"","169","Transactions - Invalid ID","Personal Banking APIs - QA Test Suite","2026-09-24","passed","2026-09-24","Transactions","Save & Spend","",""
"","1683","Check Email / Phone Availability - Valid","Personal Banking APIs - QA Test Suite","2026-09-24","failed","2026-09-24","Check Email / Phone Availability","Customer Onboarding","",""
"","162","Transactions Deposit - Missing Required Field","Personal Banking APIs - QA Test Suite","2026-09-24","passed","2026-09-24","Transactions Deposit","Target Savings","",""
"","175","Borrow - Missing Required Field","Personal Banking APIs - QA Test Suite","2026-09-24","failed","2026-09-24","Borrow","Kolo Connect Advances","",""
"","198","Toolkit Accounts - Valid","Personal Banking APIs - QA Test Suite","2026-09-24","failed","2026-09-24","Toolkit Accounts","Customer Profile, Accounts & Beneficiaries","",""
"","390","Her Wealth Details - Invalid ID","Personal Banking APIs - QA Test Suite","2026-09-24","passed","2026-09-24","Her Wealth Details","Customer Profile, Accounts & Beneficiaries","",""
"","3804","Login - Valid","Personal Banking APIs - QA Test Suite","2026-09-24","passed","2026-09-24","Login","Login, Credentials, Security & Devices","",""
"","173","Wallet - Invalid ID","Personal Banking APIs - QA Test Suite","2026-09-24","failed","2026-09-24","Wallet","Target Savings","",""
"","168","Initiate Email Update - Missing Required Field","Personal Banking APIs - QA Test Suite","2026-09-24","passed","2026-09-24","Initiate Email Update","KYC, Tier Upgrades & Young Moni","",""
"","207","Intra Account Transfer - Invalid Token Or PIN","Personal Banking APIs - QA Test Suite","2026-09-24","passed","2026-09-24","Intra Account Transfer","Wallets, Transfers, Transactions & Fund Requests","",""
"","326","Admin Coins Transactions - Valid","Personal Banking APIs - QA Test Suite","2026-09-24","failed","2026-09-24","Admin Coins Transactions","Rewards, Cash Tokens & Wishlists","",""
"","159","Games Eligibility Requirements - No Auth","Personal Banking APIs - QA Test Suite","2026-09-24","passed","2026-09-24","Games Eligibility Requirements","Rewards, Cash Tokens & Wishlists","",""
"","171","Reset Pin - Missing Required Field","Personal Banking APIs - QA Test Suite","2026-09-24","failed","2026-09-24","Reset Pin","Customer Cards","",""
"","178","Validate Face Match - Empty Fields","Personal Banking APIs - QA Test Suite","2026-09-24","passed","2026-09-24","Validate Face Match","Login, Credentials, Security & Devices","",""
"","159","Young Moni Requests Request Stats - No Auth","Personal Banking APIs - QA Test Suite","2026-09-24","passed","2026-09-24","Young Moni Requests Request Stats","KYC, Tier Upgrades & Young Moni","",""
"","308","Admin Games Stats - Invalid Query","Personal Banking APIs - QA Test Suite","2026-09-24","failed","2026-09-24","Admin Games Stats","Rewards, Cash Tokens & Wishlists","",""
"","170","Login With Pin - Valid","Personal Banking APIs - QA Test Suite","2026-09-24","failed","2026-09-24","Login With Pin","Login, Credentials, Security & Devices","",""
"","160","List - No Auth","Personal Banking APIs - QA Test Suite","2026-09-24","passed","2026-09-24","List","Customer Profile, Accounts & Beneficiaries","",""
"","175","Tier Progress - Invalid Query","Personal Banking APIs - QA Test Suite","2026-09-24","passed","2026-09-24","Tier Progress","Rewards, Cash Tokens & Wishlists","",""
"","161","Admin Devices Deactivate - Invalid Token Or PIN","Personal Banking APIs - QA Test Suite","2026-09-24","failed","2026-09-24","Admin Devices Deactivate","Login, Credentials, Security & Devices","",""
"","172","Retrieve - Valid","Personal Banking APIs - QA Test Suite","2026-09-24","failed","2026-09-24","Retrieve","Airtime, Data, Bills & VAS Beneficiaries","",""
"","163","Transactions Create Plan - Invalid Amount","Personal Banking APIs - QA Test Suite","2026-09-24","passed","2026-09-24","Transactions Create Plan","SWAG Savings","",""
"","191","Overview - Valid","Personal Banking APIs - QA Test Suite","2026-09-24","passed","2026-09-24","Overview","Rewards, Cash Tokens & Wishlists","",""
"","181","Proposed Contributor - No Auth","Personal Banking APIs - QA Test Suite","2026-09-24","failed","2026-09-24","Proposed Contributor","Rewards, Cash Tokens & Wishlists","",""
"","159","Wallet Interest Balance - No Auth","Personal Banking APIs - QA Test Suite","2026-09-24","passed","2026-09-24","Wallet Interest Balance","Save & Spend","",""
"","168","Create Wishlist With Items - Invalid Amount","Personal Banking APIs - QA Test Suite","2026-09-24","passed","2026-09-24","Create Wishlist With Items","Rewards, Cash Tokens & Wishlists","",""
"","162","Reset Pin - No Auth","Personal Banking APIs - QA Test Suite","2026-09-24","passed","2026-09-24","Reset Pin","Customer Cards","",""
"","167","Account Officer Rate Officer - Empty Fields","Personal Banking APIs - QA Test Suite","2026-09-24","failed","2026-09-24","Account Officer Rate Officer","Customer Profile, Accounts & Beneficiaries","",""
"","178","Verify Email Update - Invalid Token Or PIN","Personal Banking APIs - QA Test Suite","2026-09-24","passed","2026-09-24","Verify Email Update","KYC, Tier Upgrades & Young Moni","",""
"","211","Item - Valid","Personal Banking APIs - QA Test Suite","2026-09-24","failed","2026-09-24","Item","Rewards, Cash Tokens & Wishlists","",""
"","178","Update Gender - No Auth","Personal Banking APIs - QA Test Suite","2026-09-24","passed","2026-09-24","Update Gender","Login, Credentials, Security & Devices","",""
"","177","Repayment Plan - Nonexistent ID","Personal Banking APIs - QA Test Suite","2026-09-24","failed","2026-09-24","Repayment Plan","Kolo Connect Advances","",""
"","296","Find Customers By Phone - Valid","Personal Banking APIs - QA Test Suite","2026-09-24","passed","2026-09-24","Find Customers By Phone","Customer Profile, Accounts & Beneficiaries","",""
"","162","Types Get Supa Lock Special Interest - No Auth","Personal Banking APIs - QA Test Suite","2026-09-24","passed","2026-09-24","Types Get Supa Lock Special Interest","Supalock Savings","",""
"","169","Deals Active - Invalid Query","Personal Banking APIs - QA Test Suite","2026-09-24","passed","2026-09-24","Deals Active","Rewards, Cash Tokens & Wishlists","",""
"","169","Daily Spending Summary - Invalid Query","Personal Banking APIs - QA Test Suite","2026-09-24","failed","2026-09-24","Daily Spending Summary","Wallets, Transfers, Transactions & Fund Requests","",""
"","172","Toolkit Accounts - Invalid Query","Personal Banking APIs - QA Test Suite","2026-09-24","failed","2026-09-24","Toolkit Accounts","Customer Profile, Accounts & Beneficiaries","",""
"","160","Approve Single Fund Request - No Auth","Personal Banking APIs - QA Test Suite","2026-09-24","passed","2026-09-24","Approve Single Fund Request","Wallets, Transfers, Transactions & Fund Requests","",""
"","159","Admin Coins Redemption Rules - No Auth","Personal Banking APIs - QA Test Suite","2026-09-24","passed","2026-09-24","Admin Coins Redemption Rules","Rewards, Cash Tokens & Wishlists","",""
"","161","Account Officer - No Auth","Personal Banking APIs - QA Test Suite","2026-09-24","passed","2026-09-24","Account Officer","Customer Profile, Accounts & Beneficiaries","",""
"","185","Document Update Status - Valid","Personal Banking APIs - QA Test Suite","2026-09-24","failed","2026-09-24","Document Update Status","KYC, Tier Upgrades & Young Moni","",""
"","533","List - Valid","Personal Banking APIs - QA Test Suite","2026-09-24","passed","2026-09-24","List","Rewards, Cash Tokens & Wishlists","",""
"","182","Reset Transaction Pin - Missing Required Field","Personal Banking APIs - QA Test Suite","2026-09-24","passed","2026-09-24","Reset Transaction Pin","Login, Credentials, Security & Devices","",""
"","164","Transactions Break Target - No Auth","Personal Banking APIs - QA Test Suite","2026-09-24","failed","2026-09-24","Transactions Break Target","Target Savings","",""
"","168","Retrieve - Invalid ID","Personal Banking APIs - QA Test Suite","2026-09-24","passed","2026-09-24","Retrieve","KYC, Tier Upgrades & Young Moni","",""
"","170","Young Moni Requests - Invalid Query","Personal Banking APIs - QA Test Suite","2026-09-24","failed","2026-09-24","Young Moni Requests","KYC, Tier Upgrades & Young Moni","",""
"","168","Set Password & Create Pending User - Missing Required Field","Personal Banking APIs - QA Test Suite","2026-09-24","passed","2026-09-24","Set Password & Create Pending User","Customer Onboarding","",""
"","302","Admin Coins Rules - No Auth","Personal Banking APIs - QA Test Suite","2026-09-24","passed","2026-09-24","Admin Coins Rules","Rewards, Cash Tokens & Wishlists","",""
"","234","Encrypt Login - Missing Required Field","Personal Banking APIs - QA Test Suite","2026-09-24","failed","2026-09-24","Encrypt Login","Login, Credentials, Security & Devices","",""
"","189","Young Moni Initiate Account Request - Invalid Status Or Type","Personal Banking APIs - QA Test Suite","2026-09-24","passed","2026-09-24","Young Moni Initiate Account Request","Customer Profile, Accounts & Beneficiaries","",""
"","205","Notify Of Missed Inward - Missing Required Field","Personal Banking APIs - QA Test Suite","2026-09-24","failed","2026-09-24","Notify Of Missed Inward","Wallets, Transfers, Transactions & Fund Requests","",""
"","162","Young Moni Validate Details - Missing Required Field","Personal Banking APIs - QA Test Suite","2026-09-24","failed","2026-09-24","Young Moni Validate Details","Customer Profile, Accounts & Beneficiaries","",""
"","163","Purchase Electricity - Invalid Status Or Type","Personal Banking APIs - QA Test Suite","2026-09-24","passed","2026-09-24","Purchase Electricity","Airtime, Data, Bills & VAS Beneficiaries","",""
"","170","Update Credit Stage - Empty Fields","Personal Banking APIs - QA Test Suite","2026-09-24","failed","2026-09-24","Update Credit Stage","Wallets, Transfers, Transactions & Fund Requests","",""
"","171","Withdraw Supalock - Invalid Token Or PIN","Personal Banking APIs - QA Test Suite","2026-09-24","failed","2026-09-24","Withdraw Supalock","Supalock Savings","",""
"","197","Create Insurance - Valid","Personal Banking APIs - QA Test Suite","2026-09-24","failed","2026-09-24","Create Insurance","Insurance","",""
"","163","Purchase Electricity - Missing Required Field","Personal Banking APIs - QA Test Suite","2026-09-24","passed","2026-09-24","Purchase Electricity","Airtime, Data, Bills & VAS Beneficiaries","",""
"","187","Borrow - Empty Fields","Personal Banking APIs - QA Test Suite","2026-09-24","failed","2026-09-24","Borrow","Kolo Connect Advances","",""
"","176","Approve Single Fund Request - Missing Required Field","Personal Banking APIs - QA Test Suite","2026-09-24","failed","2026-09-24","Approve Single Fund Request","Wallets, Transfers, Transactions & Fund Requests","",""
"","163","Inter Transfer - Missing Required Field","Personal Banking APIs - QA Test Suite","2026-09-24","passed","2026-09-24","Inter Transfer","Wallets, Transfers, Transactions & Fund Requests","",""
"","163","Transactions Break Wallet - Missing Required Field","Personal Banking APIs - QA Test Suite","2026-09-24","passed","2026-09-24","Transactions Break Wallet","Save & Spend","",""
"","174","Proposed Contributor - Invalid Amount","Personal Banking APIs - QA Test Suite","2026-09-24","passed","2026-09-24","Proposed Contributor","Rewards, Cash Tokens & Wishlists","",""
"","177","Withdraw Supalock - Missing Required Field","Personal Banking APIs - QA Test Suite","2026-09-24","failed","2026-09-24","Withdraw Supalock","Supalock Savings","",""
"","160","Create - No Auth","Personal Banking APIs - QA Test Suite","2026-09-24","passed","2026-09-24","Create","Wallets, Transfers, Transactions & Fund Requests","",""
"","169","Admin Complete Upgrade Request - Nonexistent ID","Personal Banking APIs - QA Test Suite","2026-09-24","failed","2026-09-24","Admin Complete Upgrade Request","KYC, Tier Upgrades & Young Moni","",""
"","161","Toolkit Accounts - No Auth","Personal Banking APIs - QA Test Suite","2026-09-24","passed","2026-09-24","Toolkit Accounts","Customer Profile, Accounts & Beneficiaries","",""
"","180","Wallet Download Target Statement - Invalid Status Or Type","Personal Banking APIs - QA Test Suite","2026-09-24","failed","2026-09-24","Wallet Download Target Statement","Target Savings","",""
"","172","Verify BVN (Choose BVN or NIN) - Missing Required Field","Personal Banking APIs - QA Test Suite","2026-09-24","passed","2026-09-24","Verify BVN (Choose BVN or NIN)","Customer Onboarding","",""
"","163","Transactions Create Wallet - Valid","Personal Banking APIs - QA Test Suite","2026-09-24","failed","2026-09-24","Transactions Create Wallet","Target Savings","",""
"","240","Details - Empty Fields","Personal Banking APIs - QA Test Suite","2026-09-24","passed","2026-09-24","Details","Customer Profile, Accounts & Beneficiaries","",""
"","159","Pay Schedule Early - No Auth","Personal Banking APIs - QA Test Suite","2026-09-24","passed","2026-09-24","Pay Schedule Early","Scheduled Payments","",""
"","188","Wallet - Nonexistent ID","Personal Banking APIs - QA Test Suite","2026-09-24","failed","2026-09-24","Wallet","Target Savings","",""
"","160","Approve Single Bulk Recipient - No Auth","Personal Banking APIs - QA Test Suite","2026-09-24","passed","2026-09-24","Approve Single Bulk Recipient","Wallets, Transfers, Transactions & Fund Requests","",""
"","173","List - Invalid Query","Personal Banking APIs - QA Test Suite","2026-09-24","failed","2026-09-24","List","Airtime, Data, Bills & VAS Beneficiaries","",""
"","999","List - Invalid Query","Personal Banking APIs - QA Test Suite","2026-09-24","failed","2026-09-24","List","Rewards, Cash Tokens & Wishlists","",""
"","162","Transactions Withdraw Interest - Empty Fields","Personal Banking APIs - QA Test Suite","2026-09-24","passed","2026-09-24","Transactions Withdraw Interest","SWAG Savings","",""
"","193","Young Moni Documents Action Document - Valid","Personal Banking APIs - QA Test Suite","2026-09-24","failed","2026-09-24","Young Moni Documents Action Document","KYC, Tier Upgrades & Young Moni","",""
"","175","Validate Smart Card - Empty Fields","Personal Banking APIs - QA Test Suite","2026-09-24","failed","2026-09-24","Validate Smart Card","Airtime, Data, Bills & VAS Beneficiaries","",""
"","159","Retrieve - No Auth","Personal Banking APIs - QA Test Suite","2026-09-24","passed","2026-09-24","Retrieve","Airtime, Data, Bills & VAS Beneficiaries","",""
"","170","Create Password - Invalid Email","Personal Banking APIs - QA Test Suite","2026-09-24","passed","2026-09-24","Create Password","Login, Credentials, Security & Devices","",""
"","192","Create - Valid","Personal Banking APIs - QA Test Suite","2026-09-24","failed","2026-09-24","Create","Wallets, Transfers, Transactions & Fund Requests","",""
"","160","Toolkit Accounts - No Auth","Personal Banking APIs - QA Test Suite","2026-09-24","passed","2026-09-24","Toolkit Accounts","Customer Profile, Accounts & Beneficiaries","",""
"","174","Young Moni Initiate Account Request - Invalid Email","Personal Banking APIs - QA Test Suite","2026-09-24","passed","2026-09-24","Young Moni Initiate Account Request","Customer Profile, Accounts & Beneficiaries","",""
"","169","Partial - Nonexistent ID","Personal Banking APIs - QA Test Suite","2026-09-24","failed","2026-09-24","Partial","Wallets, Transfers, Transactions & Fund Requests","",""
"","166","Login With Pin - Invalid Token Or PIN","Personal Banking APIs - QA Test Suite","2026-09-24","passed","2026-09-24","Login With Pin","Login, Credentials, Security & Devices","",""
"","193","Retrieve - Invalid ID","Personal Banking APIs - QA Test Suite","2026-09-24","failed","2026-09-24","Retrieve","Supalock Savings","",""
"","170","Partial - Invalid ID","Personal Banking APIs - QA Test Suite","2026-09-24","failed","2026-09-24","Partial","Wallets, Transfers, Transactions & Fund Requests","",""
"","161","Admin Upload Documents - No Auth","Personal Banking APIs - QA Test Suite","2026-09-24","passed","2026-09-24","Admin Upload Documents","KYC, Tier Upgrades & Young Moni","",""
"","185","Cancel Schedule Payment - Valid","Personal Banking APIs - QA Test Suite","2026-09-24","failed","2026-09-24","Cancel Schedule Payment","Scheduled Payments","",""
"","169","Enable - Invalid Amount","Personal Banking APIs - QA Test Suite","2026-09-24","failed","2026-09-24","Enable","Wallets, Transfers, Transactions & Fund Requests","",""
"","173","Renew Insurance - Empty Fields","Personal Banking APIs - QA Test Suite","2026-09-24","passed","2026-09-24","Renew Insurance","Insurance","",""
"","184","Destroy - Valid","Personal Banking APIs - QA Test Suite","2026-09-24","failed","2026-09-24","Destroy","Customer Profile, Accounts & Beneficiaries","",""
"","168","Young Moni Documents - Invalid ID","Personal Banking APIs - QA Test Suite","2026-09-24","failed","2026-09-24","Young Moni Documents","KYC, Tier Upgrades & Young Moni","",""
"","196","Airtime - Valid","Personal Banking APIs - QA Test Suite","2026-09-24","failed","2026-09-24","Airtime","Scheduled Payments","",""
"","177","Payment Merchant - Invalid Query","Personal Banking APIs - QA Test Suite","2026-09-24","failed","2026-09-24","Payment Merchant","Customer Cards","",""
"","178","Games Card Match - No Auth","Personal Banking APIs - QA Test Suite","2026-09-24","passed","2026-09-24","Games Card Match","Rewards, Cash Tokens & Wishlists","",""
"","170","Validate Betting Id - Missing Required Field","Personal Banking APIs - QA Test Suite","2026-09-24","passed","2026-09-24","Validate Betting Id","Airtime, Data, Bills & VAS Beneficiaries","",""
"","213","Toolkit Accounts - Valid","Personal Banking APIs - QA Test Suite","2026-09-24","failed","2026-09-24","Toolkit Accounts","Customer Profile, Accounts & Beneficiaries","",""
"","167","Admin Admin Tier Zero Upgrade - Missing Required Field","Personal Banking APIs - QA Test Suite","2026-09-24","failed","2026-09-24","Admin Admin Tier Zero Upgrade","KYC, Tier Upgrades & Young Moni","",""
"","182","Kyc Level Count - Valid","Personal Banking APIs - QA Test Suite","2026-09-24","failed","2026-09-24","Kyc Level Count","Customer Profile, Accounts & Beneficiaries","",""
"","169","Wishlist Config - Invalid Query","Personal Banking APIs - QA Test Suite","2026-09-24","failed","2026-09-24","Wishlist Config","Rewards, Cash Tokens & Wishlists","",""
"","174","Young Moni Upload Child Documents - Nonexistent ID","Personal Banking APIs - QA Test Suite","2026-09-24","passed","2026-09-24","Young Moni Upload Child Documents","Customer Profile, Accounts & Beneficiaries","",""
"","213","Retry Payment Schedule - Valid","Personal Banking APIs - QA Test Suite","2026-09-24","failed","2026-09-24","Retry Payment Schedule","Scheduled Payments","",""
"","175","Upload Documents - Empty Fields","Personal Banking APIs - QA Test Suite","2026-09-24","passed","2026-09-24","Upload Documents","KYC, Tier Upgrades & Young Moni","",""
"","183","Update Request Recipients - Invalid Amount","Personal Banking APIs - QA Test Suite","2026-09-24","failed","2026-09-24","Update Request Recipients","Wallets, Transfers, Transactions & Fund Requests","",""
"","170","Update Tin - Empty Fields","Personal Banking APIs - QA Test Suite","2026-09-24","passed","2026-09-24","Update Tin","Customer Profile, Accounts & Beneficiaries","",""
"","172","Payment Merchant - Nonexistent ID","Personal Banking APIs - QA Test Suite","2026-09-24","passed","2026-09-24","Payment Merchant","Customer Cards","",""
"","186","Create - Valid","Personal Banking APIs - QA Test Suite","2026-09-24","failed","2026-09-24","Create","Airtime, Data, Bills & VAS Beneficiaries","",""
"","169","Complete Registration - Missing Required Field","Personal Banking APIs - QA Test Suite","2026-09-24","passed","2026-09-24","Complete Registration","Customer Onboarding","",""
"","187","Retrieve - Valid","Personal Banking APIs - QA Test Suite","2026-09-24","failed","2026-09-24","Retrieve","Scheduled Payments","",""
"","181","Approve Bulk Fund Request - Missing Required Field","Personal Banking APIs - QA Test Suite","2026-09-24","failed","2026-09-24","Approve Bulk Fund Request","Wallets, Transfers, Transactions & Fund Requests","",""
"","194","Get Item - Valid","Personal Banking APIs - QA Test Suite","2026-09-24","failed","2026-09-24","Get Item","Rewards, Cash Tokens & Wishlists","",""
"","162","Transactions Withdraw Principal - Empty Fields","Personal Banking APIs - QA Test Suite","2026-09-24","passed","2026-09-24","Transactions Withdraw Principal","SWAG Savings","",""
"","380","Encrypt Login - Invalid Token Or PIN","Personal Banking APIs - QA Test Suite","2026-09-24","failed","2026-09-24","Encrypt Login","Login, Credentials, Security & Devices","",""
"","175","Add Item - Invalid ID","Personal Banking APIs - QA Test Suite","2026-09-24","passed","2026-09-24","Add Item","Rewards, Cash Tokens & Wishlists","",""
"","165","Purchase Epin - No Auth","Personal Banking APIs - QA Test Suite","2026-09-24","failed","2026-09-24","Purchase Epin","Airtime, Data, Bills & VAS Beneficiaries","",""
"","163","Transactions Update Spend Wallet - Invalid Token Or PIN","Personal Banking APIs - QA Test Suite","2026-09-24","passed","2026-09-24","Transactions Update Spend Wallet","Save & Spend","",""
"","168","Recipients - Nonexistent ID","Personal Banking APIs - QA Test Suite","2026-09-24","failed","2026-09-24","Recipients","Wallets, Transfers, Transactions & Fund Requests","",""
"","170","Retrieve - Nonexistent ID","Personal Banking APIs - QA Test Suite","2026-09-24","passed","2026-09-24","Retrieve","Customer Profile, Accounts & Beneficiaries","",""
"","172","Topup Supalock - Invalid ID","Personal Banking APIs - QA Test Suite","2026-09-24","failed","2026-09-24","Topup Supalock","Supalock Savings","",""
"","163","Purchase Jamb - Invalid Status Or Type","Personal Banking APIs - QA Test Suite","2026-09-24","passed","2026-09-24","Purchase Jamb","Airtime, Data, Bills & VAS Beneficiaries","",""
"","174","List - Invalid Query","Personal Banking APIs - QA Test Suite","2026-09-24","failed","2026-09-24","List","Customer Profile, Accounts & Beneficiaries","",""
"","175","Transactions - Invalid Query","Personal Banking APIs - QA Test Suite","2026-09-24","failed","2026-09-24","Transactions","Target Savings","",""
"","170","Wishlist Config Edit - Valid","Personal Banking APIs - QA Test Suite","2026-09-24","failed","2026-09-24","Wishlist Config Edit","Rewards, Cash Tokens & Wishlists","",""
"","168","Airtime - Invalid Token Or PIN","Personal Banking APIs - QA Test Suite","2026-09-24","passed","2026-09-24","Airtime","Scheduled Payments","",""
"","262","Item - Nonexistent ID","Personal Banking APIs - QA Test Suite","2026-09-24","passed","2026-09-24","Item","Rewards, Cash Tokens & Wishlists","",""
"","174","Verify Reset Token - No Auth","Personal Banking APIs - QA Test Suite","2026-09-24","failed","2026-09-24","Verify Reset Token","Login, Credentials, Security & Devices","",""
"","185","Notify Of Missed Inward - Empty Fields","Personal Banking APIs - QA Test Suite","2026-09-24","failed","2026-09-24","Notify Of Missed Inward","Wallets, Transfers, Transactions & Fund Requests","",""
"","234","Update Communication Preference - Valid","Personal Banking APIs - QA Test Suite","2026-09-24","failed","2026-09-24","Update Communication Preference","Customer Profile, Accounts & Beneficiaries","",""
"","173","Payment Merchant - Invalid ID","Personal Banking APIs - QA Test Suite","2026-09-24","passed","2026-09-24","Payment Merchant","Customer Cards","",""
"","175","Jamb Lookup - Invalid Query","Personal Banking APIs - QA Test Suite","2026-09-24","failed","2026-09-24","Jamb Lookup","Airtime, Data, Bills & VAS Beneficiaries","",""
"","339","List - Valid","Personal Banking APIs - QA Test Suite","2026-09-24","passed","2026-09-24","List","Customer Cards","",""
"","162","Transactions Create Wallet - Invalid Token Or PIN","Personal Banking APIs - QA Test Suite","2026-09-24","passed","2026-09-24","Transactions Create Wallet","Save & Spend","",""
"","625","Partial - Valid","Personal Banking APIs - QA Test Suite","2026-09-24","failed","2026-09-24","Partial","Wallets, Transfers, Transactions & Fund Requests","",""
"","179","Perform Action - Invalid ID","Personal Banking APIs - QA Test Suite","2026-09-24","failed","2026-09-24","Perform Action","Rewards, Cash Tokens & Wishlists","",""
"","171","List - Invalid Query","Personal Banking APIs - QA Test Suite","2026-09-24","failed","2026-09-24","List","Wallets, Transfers, Transactions & Fund Requests","",""
"","171","Update Single Transfer Limit - Empty Fields","Personal Banking APIs - QA Test Suite","2026-09-24","failed","2026-09-24","Update Single Transfer Limit","Customer Profile, Accounts & Beneficiaries","",""
"","169","Update Single Transfer Limit - Invalid Amount","Personal Banking APIs - QA Test Suite","2026-09-24","passed","2026-09-24","Update Single Transfer Limit","Customer Profile, Accounts & Beneficiaries","",""
"","166","Account Officer Request Change - No Auth","Personal Banking APIs - QA Test Suite","2026-09-24","passed","2026-09-24","Account Officer Request Change","Customer Profile, Accounts & Beneficiaries","",""
"","163","Request Phone Verification - No Auth","Personal Banking APIs - QA Test Suite","2026-09-24","passed","2026-09-24","Request Phone Verification","Login, Credentials, Security & Devices","",""
"","165","Admin Games Rewards - Invalid ID","Personal Banking APIs - QA Test Suite","2026-09-24","failed","2026-09-24","Admin Games Rewards","Rewards, Cash Tokens & Wishlists","",""
"","162","Overview - No Auth","Personal Banking APIs - QA Test Suite","2026-09-24","passed","2026-09-24","Overview","Customer Profile, Accounts & Beneficiaries","",""
"","171","Repay - Invalid Amount","Personal Banking APIs - QA Test Suite","2026-09-24","failed","2026-09-24","Repay","Kolo Connect Advances","",""
"","164","Item - Nonexistent ID","Personal Banking APIs - QA Test Suite","2026-09-24","passed","2026-09-24","Item","Rewards, Cash Tokens & Wishlists","",""
"","181","Verify Alias Phone Number - Invalid Token Or PIN","Personal Banking APIs - QA Test Suite","2026-09-24","passed","2026-09-24","Verify Alias Phone Number","Customer Profile, Accounts & Beneficiaries","",""
"","312","Admin Coins Redemption Rules - Nonexistent ID","Personal Banking APIs - QA Test Suite","2026-09-24","failed","2026-09-24","Admin Coins Redemption Rules","Rewards, Cash Tokens & Wishlists","",""
"","169","Redeem Insurance - Empty Fields","Personal Banking APIs - QA Test Suite","2026-09-24","passed","2026-09-24","Redeem Insurance","Insurance","",""
"","182","Young Moni Documents Action Document - Empty Fields","Personal Banking APIs - QA Test Suite","2026-09-24","failed","2026-09-24","Young Moni Documents Action Document","KYC, Tier Upgrades & Young Moni","",""
"","165","Single Fund Request - Valid","Personal Banking APIs - QA Test Suite","2026-09-24","failed","2026-09-24","Single Fund Request","Wallets, Transfers, Transactions & Fund Requests","",""
"","170","Games Scratch Card - Invalid Query","Personal Banking APIs - QA Test Suite","2026-09-24","passed","2026-09-24","Games Scratch Card","Rewards, Cash Tokens & Wishlists","",""
"","312","Reset Password - Valid","Personal Banking APIs - QA Test Suite","2026-09-24","passed","2026-09-24","Reset Password","Login, Credentials, Security & Devices","",""
"","206","Overview - Missing Required Field","Personal Banking APIs - QA Test Suite","2026-09-24","failed","2026-09-24","Overview","Customer Profile, Accounts & Beneficiaries","",""
"","168","Wallet Download Swag Statement - Invalid Status Or Type","Personal Banking APIs - QA Test Suite","2026-09-24","failed","2026-09-24","Wallet Download Swag Statement","SWAG Savings","",""
"","215","Update - Valid","Personal Banking APIs - QA Test Suite","2026-09-24","failed","2026-09-24","Update","Scheduled Payments","",""
"","168","Young Moni Requests Complete Review - Invalid ID","Personal Banking APIs - QA Test Suite","2026-09-24","failed","2026-09-24","Young Moni Requests Complete Review","KYC, Tier Upgrades & Young Moni","",""
"","186","Coin Wallet Transactions - Valid","Personal Banking APIs - QA Test Suite","2026-09-24","failed","2026-09-24","Coin Wallet Transactions","Rewards, Cash Tokens & Wishlists","",""
"","173","Verify Email OTP - Invalid Email","Personal Banking APIs - QA Test Suite","2026-09-24","passed","2026-09-24","Verify Email OTP","Customer Onboarding","",""
"","160","Transactions Evaluate Break - No Auth","Personal Banking APIs - QA Test Suite","2026-09-24","passed","2026-09-24","Transactions Evaluate Break","Target Savings","",""
"","171","Transactions - Invalid Query","Personal Banking APIs - QA Test Suite","2026-09-24","failed","2026-09-24","Transactions","SWAG Savings","",""
"","159","Inter Name Enquiry - No Auth","Personal Banking APIs - QA Test Suite","2026-09-24","passed","2026-09-24","Inter Name Enquiry","Wallets, Transfers, Transactions & Fund Requests","",""
"","175","Create Sub Account - Missing Required Field","Personal Banking APIs - QA Test Suite","2026-09-24","passed","2026-09-24","Create Sub Account","Customer Profile, Accounts & Beneficiaries","",""
"","163","Purchase Electricity - Invalid Amount","Personal Banking APIs - QA Test Suite","2026-09-24","passed","2026-09-24","Purchase Electricity","Airtime, Data, Bills & VAS Beneficiaries","",""
"","175","Register With Phone - Empty Fields","Personal Banking APIs - QA Test Suite","2026-09-24","passed","2026-09-24","Register With Phone","Customer Onboarding","",""
"","176","Admin Games Rewards - Valid","Personal Banking APIs - QA Test Suite","2026-09-24","failed","2026-09-24","Admin Games Rewards","Rewards, Cash Tokens & Wishlists","",""
"","161","Wallet Download Swag Statement - No Auth","Personal Banking APIs - QA Test Suite","2026-09-24","passed","2026-09-24","Wallet Download Swag Statement","SWAG Savings","",""
"","198","Young Moni Initiate Account Without Identity - Valid","Personal Banking APIs - QA Test Suite","2026-09-24","failed","2026-09-24","Young Moni Initiate Account Without Identity","Customer Profile, Accounts & Beneficiaries","",""
"","222","Validate Meter - No Auth","Personal Banking APIs - QA Test Suite","2026-09-24","passed","2026-09-24","Validate Meter","Airtime, Data, Bills & VAS Beneficiaries","",""
"","266","Admin Coins Rules - No Auth","Personal Banking APIs - QA Test Suite","2026-09-24","passed","2026-09-24","Admin Coins Rules","Rewards, Cash Tokens & Wishlists","",""
"","168","Transactions Deposit - Valid","Personal Banking APIs - QA Test Suite","2026-09-24","failed","2026-09-24","Transactions Deposit","SWAG Savings","",""
"","198","List - Valid","Personal Banking APIs - QA Test Suite","2026-09-24","failed","2026-09-24","List","Airtime, Data, Bills & VAS Beneficiaries","",""
"","183","Withdraw - Missing Required Field","Personal Banking APIs - QA Test Suite","2026-09-24","failed","2026-09-24","Withdraw","Rewards, Cash Tokens & Wishlists","",""
"","168","Admin Admin Upgrade To Merchant - Missing Required Field","Personal Banking APIs - QA Test Suite","2026-09-24","failed","2026-09-24","Admin Admin Upgrade To Merchant","KYC, Tier Upgrades & Young Moni","",""
"","166","Intra Account Transfer - No Auth","Personal Banking APIs - QA Test Suite","2026-09-24","failed","2026-09-24","Intra Account Transfer","Wallets, Transfers, Transactions & Fund Requests","",""
"","168","Young Moni Documents Action Document - Nonexistent ID","Personal Banking APIs - QA Test Suite","2026-09-24","failed","2026-09-24","Young Moni Documents Action Document","KYC, Tier Upgrades & Young Moni","",""
"","770","Create - No Auth","Personal Banking APIs - QA Test Suite","2026-09-24","passed","2026-09-24","Create","Airtime, Data, Bills & VAS Beneficiaries","",""
"","190","Wallet Download Swag Statement - Valid","Personal Banking APIs - QA Test Suite","2026-09-24","failed","2026-09-24","Wallet Download Swag Statement","SWAG Savings","",""
"","162","Transactions - No Auth","Personal Banking APIs - QA Test Suite","2026-09-24","passed","2026-09-24","Transactions","Supalock Savings","",""
"","170","Youngmoni Transfer - Invalid Status Or Type","Personal Banking APIs - QA Test Suite","2026-09-24","passed","2026-09-24","Youngmoni Transfer","Scheduled Payments","",""
"","166","Transactions Create Wallet - No Auth","Personal Banking APIs - QA Test Suite","2026-09-24","failed","2026-09-24","Transactions Create Wallet","Save & Spend","",""
"","159","Transactions Evaluate Target - No Auth","Personal Banking APIs - QA Test Suite","2026-09-24","passed","2026-09-24","Transactions Evaluate Target","Target Savings","",""
"","199","Update Daily Transfer Limit - Valid","Personal Banking APIs - QA Test Suite","2026-09-24","failed","2026-09-24","Update Daily Transfer Limit","Customer Profile, Accounts & Beneficiaries","",""
"","179","Validate Face Match - No Auth","Personal Banking APIs - QA Test Suite","2026-09-24","failed","2026-09-24","Validate Face Match","Login, Credentials, Security & Devices","",""
"","172","Reject Bulk Fund Request - Empty Fields","Personal Banking APIs - QA Test Suite","2026-09-24","failed","2026-09-24","Reject Bulk Fund Request","Wallets, Transfers, Transactions & Fund Requests","",""
"","167","Young Moni Requests - Nonexistent ID","Personal Banking APIs - QA Test Suite","2026-09-24","failed","2026-09-24","Young Moni Requests","KYC, Tier Upgrades & Young Moni","",""
"","195","Wallet - Valid","Personal Banking APIs - QA Test Suite","2026-09-24","failed","2026-09-24","Wallet","SWAG Savings","",""
"","168","Retrieve - Invalid Query","Personal Banking APIs - QA Test Suite","2026-09-24","failed","2026-09-24","Retrieve","Wallets, Transfers, Transactions & Fund Requests","",""
"","165","Create - Empty Fields","Personal Banking APIs - QA Test Suite","2026-09-24","passed","2026-09-24","Create","Wallets, Transfers, Transactions & Fund Requests","",""
"","160","Electricity - No Auth","Personal Banking APIs - QA Test Suite","2026-09-24","passed","2026-09-24","Electricity","Scheduled Payments","",""
"","172","Admin Admin Submit - Empty Fields","Personal Banking APIs - QA Test Suite","2026-09-24","failed","2026-09-24","Admin Admin Submit","KYC, Tier Upgrades & Young Moni","",""
"","308","Admin Coins Redemption Rules - Invalid Query","Personal Banking APIs - QA Test Suite","2026-09-24","failed","2026-09-24","Admin Coins Redemption Rules","Rewards, Cash Tokens & Wishlists","",""
"","172","Renew Insurance - Invalid Token Or PIN","Personal Banking APIs - QA Test Suite","2026-09-24","passed","2026-09-24","Renew Insurance","Insurance","",""
"","185","Types - Invalid Query","Personal Banking APIs - QA Test Suite","2026-09-24","failed","2026-09-24","Types","Supalock Savings","",""
"","165","Webhook Cashtoken Webhook - No Auth","Personal Banking APIs - QA Test Suite","2026-09-24","passed","2026-09-24","Webhook Cashtoken Webhook","Rewards, Cash Tokens & Wishlists","",""
"","176","Young Moni Requests Complete Review - Valid","Personal Banking APIs - QA Test Suite","2026-09-24","failed","2026-09-24","Young Moni Requests Complete Review","KYC, Tier Upgrades & Young Moni","",""
"","159","List - No Auth","Personal Banking APIs - QA Test Suite","2026-09-24","passed","2026-09-24","List","Airtime, Data, Bills & VAS Beneficiaries","",""
"","185","Channel Settings - Missing Required Field","Personal Banking APIs - QA Test Suite","2026-09-24","failed","2026-09-24","Channel Settings","Customer Cards","",""
"","164","Electricity - Empty Fields","Personal Banking APIs - QA Test Suite","2026-09-24","passed","2026-09-24","Electricity","Scheduled Payments","",""
"","324","Admin Games Sessions - Nonexistent ID","Personal Banking APIs - QA Test Suite","2026-09-24","failed","2026-09-24","Admin Games Sessions","Rewards, Cash Tokens & Wishlists","",""
"","171","Retrieve - Invalid ID","Personal Banking APIs - QA Test Suite","2026-09-24","failed","2026-09-24","Retrieve","Kolo Connect Advances","",""
"","170","Intra Name Enquiry By Phone - Missing Required Field","Personal Banking APIs - QA Test Suite","2026-09-24","failed","2026-09-24","Intra Name Enquiry By Phone","Wallets, Transfers, Transactions & Fund Requests","",""
"","164","List - No Auth","Personal Banking APIs - QA Test Suite","2026-09-24","passed","2026-09-24","List","Supalock Savings","",""
"","184","Verify Alias Phone Number - Valid","Personal Banking APIs - QA Test Suite","2026-09-24","failed","2026-09-24","Verify Alias Phone Number","Customer Profile, Accounts & Beneficiaries","",""
"","163","Transactions Withdraw Principal - Invalid Amount","Personal Banking APIs - QA Test Suite","2026-09-24","passed","2026-09-24","Transactions Withdraw Principal","SWAG Savings","",""
"","171","Channel Settings - Invalid Amount","Personal Banking APIs - QA Test Suite","2026-09-24","failed","2026-09-24","Channel Settings","Customer Cards","",""
"","166","Tier Zero Upgrade - Empty Fields","Personal Banking APIs - QA Test Suite","2026-09-24","passed","2026-09-24","Tier Zero Upgrade","KYC, Tier Upgrades & Young Moni","",""
"","205","Check Email / Phone Availability - Empty Fields","Personal Banking APIs - QA Test Suite","2026-09-24","failed","2026-09-24","Check Email / Phone Availability","Customer Onboarding","",""
"","158","Transactions - No Auth","Personal Banking APIs - QA Test Suite","2026-09-24","passed","2026-09-24","Transactions","Target Savings","",""
"","256","List - Valid","Personal Banking APIs - QA Test Suite","2026-09-24","passed","2026-09-24","List","Scheduled Payments","",""
"","170","Intra Transfer - Invalid Token Or PIN","Personal Banking APIs - QA Test Suite","2026-09-24","passed","2026-09-24","Intra Transfer","Wallets, Transfers, Transactions & Fund Requests","",""
"","193","Terms Terms And Rewards - Valid","Personal Banking APIs - QA Test Suite","2026-09-24","passed","2026-09-24","Terms Terms And Rewards","Rewards, Cash Tokens & Wishlists","",""
"","163","Login - Missing Required Field","Personal Banking APIs - QA Test Suite","2026-09-24","passed","2026-09-24","Login","Login, Credentials, Security & Devices","",""
"","172","Verify Alias Phone Number - Empty Fields","Personal Banking APIs - QA Test Suite","2026-09-24","passed","2026-09-24","Verify Alias Phone Number","Customer Profile, Accounts & Beneficiaries","",""
"","173","Initiate Reset Card Pin - Invalid Query","Personal Banking APIs - QA Test Suite","2026-09-24","failed","2026-09-24","Initiate Reset Card Pin","Customer Cards","",""
"","186","Tier Zero Upgrade - Valid","Personal Banking APIs - QA Test Suite","2026-09-24","failed","2026-09-24","Tier Zero Upgrade","KYC, Tier Upgrades & Young Moni","",""
"","168","Admin Coins Rules - Invalid Amount","Personal Banking APIs - QA Test Suite","2026-09-24","failed","2026-09-24","Admin Coins Rules","Rewards, Cash Tokens & Wishlists","",""
"","387","List - Valid","Personal Banking APIs - QA Test Suite","2026-09-24","passed","2026-09-24","List","Customer Profile, Accounts & Beneficiaries","",""
"","168","Initiate Reset Login Pin - Invalid Query","Personal Banking APIs - QA Test Suite","2026-09-24","failed","2026-09-24","Initiate Reset Login Pin","Login, Credentials, Security & Devices","",""
"","162","Update Location - Empty Fields","Personal Banking APIs - QA Test Suite","2026-09-24","failed","2026-09-24","Update Location","Login, Credentials, Security & Devices","",""
"","163","Purchase Data - No Auth","Personal Banking APIs - QA Test Suite","2026-09-24","failed","2026-09-24","Purchase Data","Airtime, Data, Bills & VAS Beneficiaries","",""
"","168","Withdraw Supalock - Empty Fields","Personal Banking APIs - QA Test Suite","2026-09-24","failed","2026-09-24","Withdraw Supalock","Supalock Savings","",""
"","222","Providers - Valid","Personal Banking APIs - QA Test Suite","2026-09-24","passed","2026-09-24","Providers","Insurance","",""
"","182","Transactions - Nonexistent ID","Personal Banking APIs - QA Test Suite","2026-09-24","passed","2026-09-24","Transactions","Target Savings","",""
"","164","Reset Password - Invalid Email","Personal Banking APIs - QA Test Suite","2026-09-24","passed","2026-09-24","Reset Password","Login, Credentials, Security & Devices","",""
"","171","List - Invalid Query","Personal Banking APIs - QA Test Suite","2026-09-24","failed","2026-09-24","List","Scheduled Payments","",""
"","177","Get Suggestions - Invalid Query","Personal Banking APIs - QA Test Suite","2026-09-24","failed","2026-09-24","Get Suggestions","Customer Profile, Accounts & Beneficiaries","",""
"","161","Partial - No Auth","Personal Banking APIs - QA Test Suite","2026-09-24","passed","2026-09-24","Partial","Wallets, Transfers, Transactions & Fund Requests","",""
"","1204","Admin Update Documents - Valid","Personal Banking APIs - QA Test Suite","2026-09-24","failed","2026-09-24","Admin Update Documents","KYC, Tier Upgrades & Young Moni","",""
"","159","Transactions - No Auth","Personal Banking APIs - QA Test Suite","2026-09-24","passed","2026-09-24","Transactions","Save & Spend","",""
"","163","Update - Empty Fields","Personal Banking APIs - QA Test Suite","2026-09-24","passed","2026-09-24","Update","Scheduled Payments","",""
"","169","Partial - Empty Fields","Personal Banking APIs - QA Test Suite","2026-09-24","failed","2026-09-24","Partial","Customer Profile, Accounts & Beneficiaries","",""
"","172","Account Officer - Invalid ID","Personal Banking APIs - QA Test Suite","2026-09-24","passed","2026-09-24","Account Officer","Customer Profile, Accounts & Beneficiaries","",""
"","159","Tier Zero Upgrade - No Auth","Personal Banking APIs - QA Test Suite","2026-09-24","passed","2026-09-24","Tier Zero Upgrade","KYC, Tier Upgrades & Young Moni","",""
"","209","Proposed Contributor - Valid","Personal Banking APIs - QA Test Suite","2026-09-24","failed","2026-09-24","Proposed Contributor","Rewards, Cash Tokens & Wishlists","",""
"","303","Admin Games Rewards - No Auth","Personal Banking APIs - QA Test Suite","2026-09-24","passed","2026-09-24","Admin Games Rewards","Rewards, Cash Tokens & Wishlists","",""
"","318","Admin Coins Rules - Valid","Personal Banking APIs - QA Test Suite","2026-09-24","failed","2026-09-24","Admin Coins Rules","Rewards, Cash Tokens & Wishlists","",""
"","183","Games Card Match - Valid","Personal Banking APIs - QA Test Suite","2026-09-24","failed","2026-09-24","Games Card Match","Rewards, Cash Tokens & Wishlists","",""
"","163","Transactions Create Wallet - No Auth","Personal Banking APIs - QA Test Suite","2026-09-24","failed","2026-09-24","Transactions Create Wallet","Target Savings","",""
"","375","Info - Invalid Query","Personal Banking APIs - QA Test Suite","2026-09-24","failed","2026-09-24","Info","Customer Profile, Accounts & Beneficiaries","",""
"","162","Retry Payment Schedule - No Auth","Personal Banking APIs - QA Test Suite","2026-09-24","passed","2026-09-24","Retry Payment Schedule","Scheduled Payments","",""
"","309","Admin Games Sessions - Invalid Query","Personal Banking APIs - QA Test Suite","2026-09-24","failed","2026-09-24","Admin Games Sessions","Rewards, Cash Tokens & Wishlists","",""
"","168","Fund Betting Wallet - Invalid Status Or Type","Personal Banking APIs - QA Test Suite","2026-09-24","passed","2026-09-24","Fund Betting Wallet","Airtime, Data, Bills & VAS Beneficiaries","",""
"","177","Admin Games Rewards - Valid","Personal Banking APIs - QA Test Suite","2026-09-24","failed","2026-09-24","Admin Games Rewards","Rewards, Cash Tokens & Wishlists","",""
"","166","List Schedule Payments - Invalid ID","Personal Banking APIs - QA Test Suite","2026-09-24","failed","2026-09-24","List Schedule Payments","Scheduled Payments","",""
"","168","Withdraw Supalock - Nonexistent ID","Personal Banking APIs - QA Test Suite","2026-09-24","failed","2026-09-24","Withdraw Supalock","Supalock Savings","",""
"","306","Admin Coins Rules - Nonexistent ID","Personal Banking APIs - QA Test Suite","2026-09-24","failed","2026-09-24","Admin Coins Rules","Rewards, Cash Tokens & Wishlists","",""
"","574","Fetch Balance - Valid","Personal Banking APIs - QA Test Suite","2026-09-24","passed","2026-09-24","Fetch Balance","Customer Profile, Accounts & Beneficiaries","",""
"","168","Partial - Invalid ID","Personal Banking APIs - QA Test Suite","2026-09-24","failed","2026-09-24","Partial","Airtime, Data, Bills & VAS Beneficiaries","",""
"","224","Validate Betting Id - Valid","Personal Banking APIs - QA Test Suite","2026-09-24","failed","2026-09-24","Validate Betting Id","Airtime, Data, Bills & VAS Beneficiaries","",""
"","200","Admin Upload Documents - Valid","Personal Banking APIs - QA Test Suite","2026-09-24","failed","2026-09-24","Admin Upload Documents","KYC, Tier Upgrades & Young Moni","",""
"","170","Verify Reset Token - Missing Required Field","Personal Banking APIs - QA Test Suite","2026-09-24","passed","2026-09-24","Verify Reset Token","Login, Credentials, Security & Devices","",""
"","161","Admin Admin Tier Zero Upgrade - No Auth","Personal Banking APIs - QA Test Suite","2026-09-24","passed","2026-09-24","Admin Admin Tier Zero Upgrade","KYC, Tier Upgrades & Young Moni","",""
"","168","Youngmoni Transfer - Missing Required Field","Personal Banking APIs - QA Test Suite","2026-09-24","passed","2026-09-24","Youngmoni Transfer","Scheduled Payments","",""
"","176","Types - Invalid ID","Personal Banking APIs - QA Test Suite","2026-09-24","passed","2026-09-24","Types","Supalock Savings","",""
"","197","Retrieve - Valid","Personal Banking APIs - QA Test Suite","2026-09-24","failed","2026-09-24","Retrieve","KYC, Tier Upgrades & Young Moni","",""
"","323","Admin Games Sessions - Valid","Personal Banking APIs - QA Test Suite","2026-09-24","failed","2026-09-24","Admin Games Sessions","Rewards, Cash Tokens & Wishlists","",""
"","178","Inter Name Enquiry - Empty Fields","Personal Banking APIs - QA Test Suite","2026-09-24","passed","2026-09-24","Inter Name Enquiry","Wallets, Transfers, Transactions & Fund Requests","",""
"","311","Admin List Documents - Invalid ID","Personal Banking APIs - QA Test Suite","2026-09-24","passed","2026-09-24","Admin List Documents","KYC, Tier Upgrades & Young Moni","",""
"","164","Purchase Airtime - Invalid Token Or PIN","Personal Banking APIs - QA Test Suite","2026-09-24","passed","2026-09-24","Purchase Airtime","Airtime, Data, Bills & VAS Beneficiaries","",""
"","165","Transactions Create Plan - Invalid Status Or Type","Personal Banking APIs - QA Test Suite","2026-09-24","passed","2026-09-24","Transactions Create Plan","SWAG Savings","",""
"","161","List - No Auth","Personal Banking APIs - QA Test Suite","2026-09-24","passed","2026-09-24","List","Wallets, Transfers, Transactions & Fund Requests","",""
"","163","Update Location - Valid","Personal Banking APIs - QA Test Suite","2026-09-24","failed","2026-09-24","Update Location","Login, Credentials, Security & Devices","",""
"","167","Reject Single Bulk Recipient - Invalid Token Or PIN","Personal Banking APIs - QA Test Suite","2026-09-24","failed","2026-09-24","Reject Single Bulk Recipient","Wallets, Transfers, Transactions & Fund Requests","",""
"","194","Get Item - Invalid Query","Personal Banking APIs - QA Test Suite","2026-09-24","failed","2026-09-24","Get Item","Rewards, Cash Tokens & Wishlists","",""
"","167","Admin Coins Redemption Rules - Empty Fields","Personal Banking APIs - QA Test Suite","2026-09-24","failed","2026-09-24","Admin Coins Redemption Rules","Rewards, Cash Tokens & Wishlists","",""
"","164","Create Transaction Pin - Invalid Token Or PIN","Personal Banking APIs - QA Test Suite","2026-09-24","failed","2026-09-24","Create Transaction Pin","Login, Credentials, Security & Devices","",""
"","163","Purchase Airtime - Valid","Personal Banking APIs - QA Test Suite","2026-09-24","failed","2026-09-24","Purchase Airtime","Airtime, Data, Bills & VAS Beneficiaries","",""
"","171","Inter Name Enquiry - Missing Required Field","Personal Banking APIs - QA Test Suite","2026-09-24","passed","2026-09-24","Inter Name Enquiry","Wallets, Transfers, Transactions & Fund Requests","",""
"","195","Types Get Supa Lock Special Interest - Valid","Personal Banking APIs - QA Test Suite","2026-09-24","failed","2026-09-24","Types Get Supa Lock Special Interest","Supalock Savings","",""
"","162","Partial - Empty Fields","Personal Banking APIs - QA Test Suite","2026-09-24","passed","2026-09-24","Partial","Wallets, Transfers, Transactions & Fund Requests","",""
"","187","Update Documents - Valid","Personal Banking APIs - QA Test Suite","2026-09-24","failed","2026-09-24","Update Documents","KYC, Tier Upgrades & Young Moni","",""
"","500","Admin - Valid","Personal Banking APIs - QA Test Suite","2026-09-24","failed","2026-09-24","Admin","KYC, Tier Upgrades & Young Moni","",""
"","175","Transactions - Nonexistent ID","Personal Banking APIs - QA Test Suite","2026-09-24","passed","2026-09-24","Transactions","Save & Spend","",""
"","199","Requests Request Card - Missing Required Field","Personal Banking APIs - QA Test Suite","2026-09-24","passed","2026-09-24","Requests Request Card","Customer Cards","",""
"","301","Admin Coins Rules Stats - No Auth","Personal Banking APIs - QA Test Suite","2026-09-24","passed","2026-09-24","Admin Coins Rules Stats","Rewards, Cash Tokens & Wishlists","",""
"","175","Get Item Edit - Valid","Personal Banking APIs - QA Test Suite","2026-09-24","failed","2026-09-24","Get Item Edit","Rewards, Cash Tokens & Wishlists","",""
"","166","Admin Coins Redemption Rules - Missing Required Field","Personal Banking APIs - QA Test Suite","2026-09-24","failed","2026-09-24","Admin Coins Redemption Rules","Rewards, Cash Tokens & Wishlists","",""
"","165","Reset Password - Missing Required Field","Personal Banking APIs - QA Test Suite","2026-09-24","passed","2026-09-24","Reset Password","Login, Credentials, Security & Devices","",""
"","183","Create - Valid","Personal Banking APIs - QA Test Suite","2026-09-24","failed","2026-09-24","Create","Customer Profile, Accounts & Beneficiaries","",""
"","178","Games - Valid","Personal Banking APIs - QA Test Suite","2026-09-24","failed","2026-09-24","Games","Rewards, Cash Tokens & Wishlists","",""
"","171","Young Moni Upload Child Documents - Missing Required Field","Personal Banking APIs - QA Test Suite","2026-09-24","failed","2026-09-24","Young Moni Upload Child Documents","Customer Profile, Accounts & Beneficiaries","",""
"","168","Retrieve - Invalid ID","Personal Banking APIs - QA Test Suite","2026-09-24","failed","2026-09-24","Retrieve","Wallets, Transfers, Transactions & Fund Requests","",""
"","164","Airtime - Empty Fields","Personal Banking APIs - QA Test Suite","2026-09-24","passed","2026-09-24","Airtime","Scheduled Payments","",""
"","168","Transfer - Missing Required Field","Personal Banking APIs - QA Test Suite","2026-09-24","passed","2026-09-24","Transfer","Scheduled Payments","",""
"","166","Purchase Waec - Invalid Amount","Personal Banking APIs - QA Test Suite","2026-09-24","passed","2026-09-24","Purchase Waec","Airtime, Data, Bills & VAS Beneficiaries","",""
"","169","Retrieve - Invalid Query","Personal Banking APIs - QA Test Suite","2026-09-24","failed","2026-09-24","Retrieve","Customer Cards","",""
"","181","Validate Jamb Profile - Valid","Personal Banking APIs - QA Test Suite","2026-09-24","failed","2026-09-24","Validate Jamb Profile","Airtime, Data, Bills & VAS Beneficiaries","",""
"","188","Export Fund Recipients - Valid","Personal Banking APIs - QA Test Suite","2026-09-24","failed","2026-09-24","Export Fund Recipients","Wallets, Transfers, Transactions & Fund Requests","",""
"","351","Data Plans - Valid","Personal Banking APIs - QA Test Suite","2026-09-24","failed","2026-09-24","Data Plans","Airtime, Data, Bills & VAS Beneficiaries","",""
"","165","Request Phone Verification - Valid","Personal Banking APIs - QA Test Suite","2026-09-24","failed","2026-09-24","Request Phone Verification","Login, Credentials, Security & Devices","",""
"","162","Update Tin - No Auth","Personal Banking APIs - QA Test Suite","2026-09-24","passed","2026-09-24","Update Tin","Customer Profile, Accounts & Beneficiaries","",""
"","165","Withdraw Supalock - No Auth","Personal Banking APIs - QA Test Suite","2026-09-24","passed","2026-09-24","Withdraw Supalock","Supalock Savings","",""
"","159","Coin Wallet - No Auth","Personal Banking APIs - QA Test Suite","2026-09-24","passed","2026-09-24","Coin Wallet","Rewards, Cash Tokens & Wishlists","",""
"","168","Transactions Deposit - No Auth","Personal Banking APIs - QA Test Suite","2026-09-24","failed","2026-09-24","Transactions Deposit","SWAG Savings","",""
"","301","Admin Games Sessions - No Auth","Personal Banking APIs - QA Test Suite","2026-09-24","passed","2026-09-24","Admin Games Sessions","Rewards, Cash Tokens & Wishlists","",""
"","168","Transactions Create Wallet Product Specific - No Auth","Personal Banking APIs - QA Test Suite","2026-09-24","failed","2026-09-24","Transactions Create Wallet Product Specific","Target Savings","",""
"","168","Request Account Reactivation - Invalid Status Or Type","Personal Banking APIs - QA Test Suite","2026-09-24","passed","2026-09-24","Request Account Reactivation","KYC, Tier Upgrades & Young Moni","",""
"","174","Admin Complete Upgrade Request - No Auth","Personal Banking APIs - QA Test Suite","2026-09-24","passed","2026-09-24","Admin Complete Upgrade Request","KYC, Tier Upgrades & Young Moni","",""
"","181","Find Account Banks - Valid","Personal Banking APIs - QA Test Suite","2026-09-24","failed","2026-09-24","Find Account Banks","Customer Profile, Accounts & Beneficiaries","",""
"","184","Document Update Status - Nonexistent ID","Personal Banking APIs - QA Test Suite","2026-09-24","failed","2026-09-24","Document Update Status","KYC, Tier Upgrades & Young Moni","",""
"","161","Get Transaction Overview - No Auth","Personal Banking APIs - QA Test Suite","2026-09-24","passed","2026-09-24","Get Transaction Overview","Wallets, Transfers, Transactions & Fund Requests","",""
"","174","Download Statement - Empty Fields","Personal Banking APIs - QA Test Suite","2026-09-24","failed","2026-09-24","Download Statement","Wallets, Transfers, Transactions & Fund Requests","",""
"","176","Enabled Setting - Invalid Query","Personal Banking APIs - QA Test Suite","2026-09-24","failed","2026-09-24","Enabled Setting","Wallets, Transfers, Transactions & Fund Requests","",""
"","162","List - No Auth","Personal Banking APIs - QA Test Suite","2026-09-24","passed","2026-09-24","List","Customer Profile, Accounts & Beneficiaries","",""
"","160","Admin Coins Redemption Rules - No Auth","Personal Banking APIs - QA Test Suite","2026-09-24","passed","2026-09-24","Admin Coins Redemption Rules","Rewards, Cash Tokens & Wishlists","",""
"","163","Activate - No Auth","Personal Banking APIs - QA Test Suite","2026-09-24","passed","2026-09-24","Activate","Customer Cards","",""
"","165","Account Officer Change Request - No Auth","Personal Banking APIs - QA Test Suite","2026-09-24","passed","2026-09-24","Account Officer Change Request","Customer Profile, Accounts & Beneficiaries","",""
"","176","Retrieve - Invalid ID","Personal Banking APIs - QA Test Suite","2026-09-24","passed","2026-09-24","Retrieve","Customer Profile, Accounts & Beneficiaries","",""
"","201","Coin Wallet - Valid","Personal Banking APIs - QA Test Suite","2026-09-24","failed","2026-09-24","Coin Wallet","Rewards, Cash Tokens & Wishlists","",""
"","160","Reject Single Fund Request - No Auth","Personal Banking APIs - QA Test Suite","2026-09-24","passed","2026-09-24","Reject Single Fund Request","Wallets, Transfers, Transactions & Fund Requests","",""
"","169","Reject Single Bulk Recipient - Empty Fields","Personal Banking APIs - QA Test Suite","2026-09-24","failed","2026-09-24","Reject Single Bulk Recipient","Wallets, Transfers, Transactions & Fund Requests","",""
"","170","Intra Account Transfer - Missing Required Field","Personal Banking APIs - QA Test Suite","2026-09-24","passed","2026-09-24","Intra Account Transfer","Wallets, Transfers, Transactions & Fund Requests","",""
"","306","Admin - No Auth","Personal Banking APIs - QA Test Suite","2026-09-24","passed","2026-09-24","Admin","KYC, Tier Upgrades & Young Moni","",""
"","180","Eligibility - Valid","Personal Banking APIs - QA Test Suite","2026-09-24","failed","2026-09-24","Eligibility","Kolo Connect Advances","",""
"","196","Tier Progress - Valid","Personal Banking APIs - QA Test Suite","2026-09-24","failed","2026-09-24","Tier Progress","Rewards, Cash Tokens & Wishlists","",""
"","174","Transactions - Nonexistent ID","Personal Banking APIs - QA Test Suite","2026-09-24","passed","2026-09-24","Transactions","Supalock Savings","",""
"","168","Validate Betting Id - Empty Fields","Personal Banking APIs - QA Test Suite","2026-09-24","passed","2026-09-24","Validate Betting Id","Airtime, Data, Bills & VAS Beneficiaries","",""
"","171","Admin Reject Upgrade Request - Nonexistent ID","Personal Banking APIs - QA Test Suite","2026-09-24","failed","2026-09-24","Admin Reject Upgrade Request","KYC, Tier Upgrades & Young Moni","",""
"","203","Payment Merchant - Valid","Personal Banking APIs - QA Test Suite","2026-09-24","failed","2026-09-24","Payment Merchant","Customer Cards","",""
"","270","Create Wishlist - Missing Required Field","Personal Banking APIs - QA Test Suite","2026-09-24","passed","2026-09-24","Create Wishlist","Rewards, Cash Tokens & Wishlists","",""
"","159","Item - No Auth","Personal Banking APIs - QA Test Suite","2026-09-24","passed","2026-09-24","Item","Rewards, Cash Tokens & Wishlists","",""
"","169","Verify Reset Token - Empty Fields","Personal Banking APIs - QA Test Suite","2026-09-24","passed","2026-09-24","Verify Reset Token","Login, Credentials, Security & Devices","",""
"","169","Admin Coins Rules - Invalid Status Or Type","Personal Banking APIs - QA Test Suite","2026-09-24","failed","2026-09-24","Admin Coins Rules","Rewards, Cash Tokens & Wishlists","",""
"","232","Transfers Left - Valid","Personal Banking APIs - QA Test Suite","2026-09-24","passed","2026-09-24","Transfers Left","Wallets, Transfers, Transactions & Fund Requests","",""
"","169","Topup Supalock - Missing Required Field","Personal Banking APIs - QA Test Suite","2026-09-24","failed","2026-09-24","Topup Supalock","Supalock Savings","",""
"","170","Redeem Insurance - Invalid Status Or Type","Personal Banking APIs - QA Test Suite","2026-09-24","passed","2026-09-24","Redeem Insurance","Insurance","",""
"","161","Retrieve - No Auth","Personal Banking APIs - QA Test Suite","2026-09-24","passed","2026-09-24","Retrieve","Customer Profile, Accounts & Beneficiaries","",""
"","177","Repayment Plan - Invalid Query","Personal Banking APIs - QA Test Suite","2026-09-24","failed","2026-09-24","Repayment Plan","Kolo Connect Advances","",""
"","161","Create - No Auth","Personal Banking APIs - QA Test Suite","2026-09-24","passed","2026-09-24","Create","Airtime, Data, Bills & VAS Beneficiaries","",""
"","162","Fund Betting Wallet - Missing Required Field","Personal Banking APIs - QA Test Suite","2026-09-24","passed","2026-09-24","Fund Betting Wallet","Airtime, Data, Bills & VAS Beneficiaries","",""
"","175","Transfer - Invalid Status Or Type","Personal Banking APIs - QA Test Suite","2026-09-24","passed","2026-09-24","Transfer","Scheduled Payments","",""
"","167","Intra Transfer - Empty Fields","Personal Banking APIs - QA Test Suite","2026-09-24","passed","2026-09-24","Intra Transfer","Wallets, Transfers, Transactions & Fund Requests","",""
"","181","Update - Missing Required Field","Personal Banking APIs - QA Test Suite","2026-09-24","passed","2026-09-24","Update","Scheduled Payments","",""
"","182","Retrieve - Invalid ID","Personal Banking APIs - QA Test Suite","2026-09-24","passed","2026-09-24","Retrieve","Scheduled Payments","",""
"","176","Wishlist Config - Valid","Personal Banking APIs - QA Test Suite","2026-09-24","failed","2026-09-24","Wishlist Config","Rewards, Cash Tokens & Wishlists","",""
"","200","Approve Bulk Fund Request - Valid","Personal Banking APIs - QA Test Suite","2026-09-24","failed","2026-09-24","Approve Bulk Fund Request","Wallets, Transfers, Transactions & Fund Requests","",""
"","167","Update Identity - Empty Fields","Personal Banking APIs - QA Test Suite","2026-09-24","passed","2026-09-24","Update Identity","KYC, Tier Upgrades & Young Moni","",""
"","170","Repay - Invalid Token Or PIN","Personal Banking APIs - QA Test Suite","2026-09-24","failed","2026-09-24","Repay","Kolo Connect Advances","",""
"","170","Retrieve - Nonexistent ID","Personal Banking APIs - QA Test Suite","2026-09-24","failed","2026-09-24","Retrieve","Wallets, Transfers, Transactions & Fund Requests","",""
"","169","List Documents - Nonexistent ID","Personal Banking APIs - QA Test Suite","2026-09-24","passed","2026-09-24","List Documents","KYC, Tier Upgrades & Young Moni","",""
"","165","Create Login Pin - No Auth","Personal Banking APIs - QA Test Suite","2026-09-24","passed","2026-09-24","Create Login Pin","Login, Credentials, Security & Devices","",""
"","167","Recipients - No Auth","Personal Banking APIs - QA Test Suite","2026-09-24","passed","2026-09-24","Recipients","Wallets, Transfers, Transactions & Fund Requests","",""
"","176","Add Item - Invalid Amount","Personal Banking APIs - QA Test Suite","2026-09-24","failed","2026-09-24","Add Item","Rewards, Cash Tokens & Wishlists","",""
"","161","Create - No Auth","Personal Banking APIs - QA Test Suite","2026-09-24","passed","2026-09-24","Create","Customer Profile, Accounts & Beneficiaries","",""
"","162","Admin Devices Reactivate - Nonexistent ID","Personal Banking APIs - QA Test Suite","2026-09-24","failed","2026-09-24","Admin Devices Reactivate","Login, Credentials, Security & Devices","",""
"","168","Intra Name Enquiry - No Auth","Personal Banking APIs - QA Test Suite","2026-09-24","passed","2026-09-24","Intra Name Enquiry","Wallets, Transfers, Transactions & Fund Requests","",""
"","166","Get Item Edit - Invalid Status Or Type","Personal Banking APIs - QA Test Suite","2026-09-24","failed","2026-09-24","Get Item Edit","Rewards, Cash Tokens & Wishlists","",""
"","163","Transactions Create Wallet - Invalid Status Or Type","Personal Banking APIs - QA Test Suite","2026-09-24","passed","2026-09-24","Transactions Create Wallet","Target Savings","",""
"","168","Transactions - Invalid Query","Personal Banking APIs - QA Test Suite","2026-09-24","failed","2026-09-24","Transactions","Target Savings","",""
"","159","List - No Auth","Personal Banking APIs - QA Test Suite","2026-09-24","passed","2026-09-24","List","KYC, Tier Upgrades & Young Moni","",""
"","167","Transactions - Nonexistent ID","Personal Banking APIs - QA Test Suite","2026-09-24","failed","2026-09-24","Transactions","SWAG Savings","",""
"","168","Terms - Invalid ID","Personal Banking APIs - QA Test Suite","2026-09-24","passed","2026-09-24","Terms","Rewards, Cash Tokens & Wishlists","",""
"","847","Transactions Break Wallet - Empty Fields","Personal Banking APIs - QA Test Suite","2026-09-24","passed","2026-09-24","Transactions Break Wallet","Save & Spend","",""
"","159","Types - No Auth","Personal Banking APIs - QA Test Suite","2026-09-24","passed","2026-09-24","Types","Supalock Savings","",""
"","170","Admin Admin Tier Zero Upgrade - Empty Fields","Personal Banking APIs - QA Test Suite","2026-09-24","failed","2026-09-24","Admin Admin Tier Zero Upgrade","KYC, Tier Upgrades & Young Moni","",""
"","177","Check Email / Phone Availability - Invalid Email","Personal Banking APIs - QA Test Suite","2026-09-24","passed","2026-09-24","Check Email / Phone Availability","Customer Onboarding","",""
"","171","Validate Jamb Profile - Invalid Status Or Type","Personal Banking APIs - QA Test Suite","2026-09-24","failed","2026-09-24","Validate Jamb Profile","Airtime, Data, Bills & VAS Beneficiaries","",""
"","172","Purchase Data - Empty Fields","Personal Banking APIs - QA Test Suite","2026-09-24","passed","2026-09-24","Purchase Data","Airtime, Data, Bills & VAS Beneficiaries","",""
"","169","Transactions - Invalid ID","Personal Banking APIs - QA Test Suite","2026-09-24","passed","2026-09-24","Transactions","Supalock Savings","",""
"","167","Retrieve - Nonexistent ID","Personal Banking APIs - QA Test Suite","2026-09-24","failed","2026-09-24","Retrieve","Airtime, Data, Bills & VAS Beneficiaries","",""
"","159","Games Spin Wheel - No Auth","Personal Banking APIs - QA Test Suite","2026-09-24","passed","2026-09-24","Games Spin Wheel","Rewards, Cash Tokens & Wishlists","",""
"","185","Create Password - Missing Required Field","Personal Banking APIs - QA Test Suite","2026-09-24","passed","2026-09-24","Create Password","Login, Credentials, Security & Devices","",""
"","162","Kyc Level Distribution - No Auth","Personal Banking APIs - QA Test Suite","2026-09-24","passed","2026-09-24","Kyc Level Distribution","Customer Profile, Accounts & Beneficiaries","",""
"","178","Admin Coins Rules - Nonexistent ID","Personal Banking APIs - QA Test Suite","2026-09-24","failed","2026-09-24","Admin Coins Rules","Rewards, Cash Tokens & Wishlists","",""
"","170","Webhook Cashtoken Webhook - Empty Fields","Personal Banking APIs - QA Test Suite","2026-09-24","failed","2026-09-24","Webhook Cashtoken Webhook","Rewards, Cash Tokens & Wishlists","",""
"","162","Transactions Update Spend Wallet - Nonexistent ID","Personal Banking APIs - QA Test Suite","2026-09-24","failed","2026-09-24","Transactions Update Spend Wallet","Save & Spend","",""
"","162","Tier One Upgrade With BVN - No Auth","Personal Banking APIs - QA Test Suite","2026-09-24","passed","2026-09-24","Tier One Upgrade With BVN","KYC, Tier Upgrades & Young Moni","",""
"","170","Update Communication Preference - Invalid Token Or PIN","Personal Banking APIs - QA Test Suite","2026-09-24","passed","2026-09-24","Update Communication Preference","Customer Profile, Accounts & Beneficiaries","",""
"","171","Block - Invalid ID","Personal Banking APIs - QA Test Suite","2026-09-24","passed","2026-09-24","Block","Customer Cards","",""
"","224","Channel Settings - Valid","Personal Banking APIs - QA Test Suite","2026-09-24","passed","2026-09-24","Channel Settings","Customer Cards","",""
"","170","Providers - Nonexistent ID","Personal Banking APIs - QA Test Suite","2026-09-24","passed","2026-09-24","Providers","Insurance","",""
"","167","Create Wishlist With Items - No Auth","Personal Banking APIs - QA Test Suite","2026-09-24","passed","2026-09-24","Create Wishlist With Items","Rewards, Cash Tokens & Wishlists","",""
"","197","Update Tin - Valid","Personal Banking APIs - QA Test Suite","2026-09-24","passed","2026-09-24","Update Tin","Customer Profile, Accounts & Beneficiaries","",""
"","171","Requests - Invalid Query","Personal Banking APIs - QA Test Suite","2026-09-24","failed","2026-09-24","Requests","Customer Cards","",""
"","198","Retrieve - Valid","Personal Banking APIs - QA Test Suite","2026-09-24","failed","2026-09-24","Retrieve","Airtime, Data, Bills & VAS Beneficiaries","",""
"","176","Toolkit Accounts - Nonexistent ID","Personal Banking APIs - QA Test Suite","2026-09-24","failed","2026-09-24","Toolkit Accounts","Customer Profile, Accounts & Beneficiaries","",""
"","162","Purchase Cable - Invalid Token Or PIN","Personal Banking APIs - QA Test Suite","2026-09-24","passed","2026-09-24","Purchase Cable","Airtime, Data, Bills & VAS Beneficiaries","",""
"","198","Create Supalock - Valid","Personal Banking APIs - QA Test Suite","2026-09-24","failed","2026-09-24","Create Supalock","Supalock Savings","",""
"","182","Partial - Valid","Personal Banking APIs - QA Test Suite","2026-09-24","failed","2026-09-24","Partial","Customer Profile, Accounts & Beneficiaries","",""
"","263","Account Officer Change Request - Valid","Personal Banking APIs - QA Test Suite","2026-09-24","passed","2026-09-24","Account Officer Change Request","Customer Profile, Accounts & Beneficiaries","",""
"","165","Info - No Auth","Personal Banking APIs - QA Test Suite","2026-09-24","passed","2026-09-24","Info","Customer Profile, Accounts & Beneficiaries","",""
"","172","Reset Pin - Invalid ID","Personal Banking APIs - QA Test Suite","2026-09-24","passed","2026-09-24","Reset Pin","Customer Cards","",""
"","182","Document Delete - Valid","Personal Banking APIs - QA Test Suite","2026-09-24","failed","2026-09-24","Document Delete","KYC, Tier Upgrades & Young Moni","",""
"","163","Young Moni Validate Details Without Identity - Missing Required Field","Personal Banking APIs - QA Test Suite","2026-09-24","failed","2026-09-24","Young Moni Validate Details Without Identity","Customer Profile, Accounts & Beneficiaries","",""
"","168","Request Alias Phone Verification - Empty Fields","Personal Banking APIs - QA Test Suite","2026-09-24","passed","2026-09-24","Request Alias Phone Verification","Customer Profile, Accounts & Beneficiaries","",""
"","655","Verify Reset Token - Invalid Token Or PIN","Personal Banking APIs - QA Test Suite","2026-09-24","failed","2026-09-24","Verify Reset Token","Login, Credentials, Security & Devices","",""
"","158","Cancel Schedule Payment - No Auth","Personal Banking APIs - QA Test Suite","2026-09-24","passed","2026-09-24","Cancel Schedule Payment","Scheduled Payments","",""
"","160","Transactions - No Auth","Personal Banking APIs - QA Test Suite","2026-09-24","passed","2026-09-24","Transactions","Target Savings","",""
"","169","Retrieve - Invalid ID","Personal Banking APIs - QA Test Suite","2026-09-24","passed","2026-09-24","Retrieve","Customer Cards","",""
"","163","Channel Settings - No Auth","Personal Banking APIs - QA Test Suite","2026-09-24","passed","2026-09-24","Channel Settings","Customer Cards","",""
"","170","Retrieve - Nonexistent ID","Personal Banking APIs - QA Test Suite","2026-09-24","passed","2026-09-24","Retrieve","Customer Cards","",""
"","187","Perform Action - No Auth","Personal Banking APIs - QA Test Suite","2026-09-24","passed","2026-09-24","Perform Action","Rewards, Cash Tokens & Wishlists","",""
"","192","Withdraw - Empty Fields","Personal Banking APIs - QA Test Suite","2026-09-24","failed","2026-09-24","Withdraw","Rewards, Cash Tokens & Wishlists","",""
"","168","Admin Coins Redemption Rules - Nonexistent ID","Personal Banking APIs - QA Test Suite","2026-09-24","failed","2026-09-24","Admin Coins Redemption Rules","Rewards, Cash Tokens & Wishlists","",""
"","168","Transactions Create Plan - Missing Required Field","Personal Banking APIs - QA Test Suite","2026-09-24","passed","2026-09-24","Transactions Create Plan","SWAG Savings","",""
"","168","Terms - Invalid Query","Personal Banking APIs - QA Test Suite","2026-09-24","failed","2026-09-24","Terms","Rewards, Cash Tokens & Wishlists","",""
"","171","Reset Login Pin - Invalid Token Or PIN","Personal Banking APIs - QA Test Suite","2026-09-24","passed","2026-09-24","Reset Login Pin","Login, Credentials, Security & Devices","",""
"","170","Transactions - Invalid ID","Personal Banking APIs - QA Test Suite","2026-09-24","failed","2026-09-24","Transactions","SWAG Savings","",""
"","308","Admin List Documents - Invalid Query","Personal Banking APIs - QA Test Suite","2026-09-24","failed","2026-09-24","Admin List Documents","KYC, Tier Upgrades & Young Moni","",""
"","170","Retrieve - Nonexistent ID","Personal Banking APIs - QA Test Suite","2026-09-24","failed","2026-09-24","Retrieve","Wallets, Transfers, Transactions & Fund Requests","",""
"","177","Wallet - Valid","Personal Banking APIs - QA Test Suite","2026-09-24","failed","2026-09-24","Wallet","Save & Spend","",""
"","171","Update Communication Preference - Missing Required Field","Personal Banking APIs - QA Test Suite","2026-09-24","passed","2026-09-24","Update Communication Preference","Customer Profile, Accounts & Beneficiaries","",""
"","172","Daily Income Summary - Invalid Query","Personal Banking APIs - QA Test Suite","2026-09-24","failed","2026-09-24","Daily Income Summary","Wallets, Transfers, Transactions & Fund Requests","",""
"","176","Games Eligibility Requirements - Valid","Personal Banking APIs - QA Test Suite","2026-09-24","failed","2026-09-24","Games Eligibility Requirements","Rewards, Cash Tokens & Wishlists","",""
"","171","Transactions Withdraw Principal - No Auth","Personal Banking APIs - QA Test Suite","2026-09-24","failed","2026-09-24","Transactions Withdraw Principal","SWAG Savings","",""
"","163","Partial - Invalid Amount","Personal Banking APIs - QA Test Suite","2026-09-24","passed","2026-09-24","Partial","Wallets, Transfers, Transactions & Fund Requests","",""
"","191","Verify Email Update - Valid","Personal Banking APIs - QA Test Suite","2026-09-24","failed","2026-09-24","Verify Email Update","KYC, Tier Upgrades & Young Moni","",""
"","167","Wallet Interest Balance - Invalid ID","Personal Banking APIs - QA Test Suite","2026-09-24","failed","2026-09-24","Wallet Interest Balance","Save & Spend","",""
"","272","Details - Valid","Personal Banking APIs - QA Test Suite","2026-09-24","passed","2026-09-24","Details","Customer Profile, Accounts & Beneficiaries","",""
"","161","Update Request Recipients - No Auth","Personal Banking APIs - QA Test Suite","2026-09-24","passed","2026-09-24","Update Request Recipients","Wallets, Transfers, Transactions & Fund Requests","",""
"","175","Create - Missing Required Field","Personal Banking APIs - QA Test Suite","2026-09-24","failed","2026-09-24","Create","Wallets, Transfers, Transactions & Fund Requests","",""
"","214","Verify BVN (Choose BVN or NIN) - Valid","Personal Banking APIs - QA Test Suite","2026-09-24","failed","2026-09-24","Verify BVN (Choose BVN or NIN)","Customer Onboarding","",""
"","214","Account Officer Change Request - Valid","Personal Banking APIs - QA Test Suite","2026-09-24","failed","2026-09-24","Account Officer Change Request","Customer Profile, Accounts & Beneficiaries","",""
"","171","Login - Empty Fields","Personal Banking APIs - QA Test Suite","2026-09-24","passed","2026-09-24","Login","Login, Credentials, Security & Devices","",""
"","169","Admin Admin Tier Zero Upgrade - Invalid Status Or Type","Personal Banking APIs - QA Test Suite","2026-09-24","failed","2026-09-24","Admin Admin Tier Zero Upgrade","KYC, Tier Upgrades & Young Moni","",""
"","307","Admin Games - Invalid ID","Personal Banking APIs - QA Test Suite","2026-09-24","failed","2026-09-24","Admin Games","Rewards, Cash Tokens & Wishlists","",""
"","168","Retry Payment Schedule - Empty Fields","Personal Banking APIs - QA Test Suite","2026-09-24","passed","2026-09-24","Retry Payment Schedule","Scheduled Payments","",""
"","174","Upload Bulk Fund Request - Missing Required Field","Personal Banking APIs - QA Test Suite","2026-09-24","passed","2026-09-24","Upload Bulk Fund Request","Wallets, Transfers, Transactions & Fund Requests","",""
"","184","Retrieve - Valid","Personal Banking APIs - QA Test Suite","2026-09-24","failed","2026-09-24","Retrieve","Customer Cards","",""
"","180","Get Transaction Overview - Invalid Query","Personal Banking APIs - QA Test Suite","2026-09-24","failed","2026-09-24","Get Transaction Overview","Wallets, Transfers, Transactions & Fund Requests","",""
"","160","Dismiss Action - No Auth","Personal Banking APIs - QA Test Suite","2026-09-24","passed","2026-09-24","Dismiss Action","KYC, Tier Upgrades & Young Moni","",""
"","162","Transactions - No Auth","Personal Banking APIs - QA Test Suite","2026-09-24","passed","2026-09-24","Transactions","Wallets, Transfers, Transactions & Fund Requests","",""
"","160","List - No Auth","Personal Banking APIs - QA Test Suite","2026-09-24","passed","2026-09-24","List","Wallets, Transfers, Transactions & Fund Requests","",""
"","158","Admin Games Rewards - No Auth","Personal Banking APIs - QA Test Suite","2026-09-24","passed","2026-09-24","Admin Games Rewards","Rewards, Cash Tokens & Wishlists","",""
"","159","Wallet Total Balance - No Auth","Personal Banking APIs - QA Test Suite","2026-09-24","passed","2026-09-24","Wallet Total Balance","Save & Spend","",""
"","171","Export Fund Recipients - Missing Required Field","Personal Banking APIs - QA Test Suite","2026-09-24","failed","2026-09-24","Export Fund Recipients","Wallets, Transfers, Transactions & Fund Requests","",""
"","161","Add Item - No Auth","Personal Banking APIs - QA Test Suite","2026-09-24","passed","2026-09-24","Add Item","Rewards, Cash Tokens & Wishlists","",""
"","159","Games Get Rewards - No Auth","Personal Banking APIs - QA Test Suite","2026-09-24","passed","2026-09-24","Games Get Rewards","Rewards, Cash Tokens & Wishlists","",""
"","170","Coin Wallet - Invalid Query","Personal Banking APIs - QA Test Suite","2026-09-24","passed","2026-09-24","Coin Wallet","Rewards, Cash Tokens & Wishlists","",""
"","167","Single Fund Request - No Auth","Personal Banking APIs - QA Test Suite","2026-09-24","failed","2026-09-24","Single Fund Request","Wallets, Transfers, Transactions & Fund Requests","",""
"","257","Types Get Supa Lock Special Interest - Nonexistent ID","Personal Banking APIs - QA Test Suite","2026-09-24","failed","2026-09-24","Types Get Supa Lock Special Interest","Supalock Savings","",""
"","211","Terms Draw Details - Invalid Query","Personal Banking APIs - QA Test Suite","2026-09-24","failed","2026-09-24","Terms Draw Details","Rewards, Cash Tokens & Wishlists","",""
"","172","Admin Upload Documents - Invalid Status Or Type","Personal Banking APIs - QA Test Suite","2026-09-24","passed","2026-09-24","Admin Upload Documents","KYC, Tier Upgrades & Young Moni","",""
"","171","Add Item - Invalid Status Or Type","Personal Banking APIs - QA Test Suite","2026-09-24","failed","2026-09-24","Add Item","Rewards, Cash Tokens & Wishlists","",""
"","422","Retrieve - Invalid ID","Personal Banking APIs - QA Test Suite","2026-09-24","passed","2026-09-24","Retrieve","Customer Profile, Accounts & Beneficiaries","",""
"","163","Repayment Plan - No Auth","Personal Banking APIs - QA Test Suite","2026-09-24","passed","2026-09-24","Repayment Plan","Kolo Connect Advances","",""
"","167","Restrict Accounts By BVN - Missing Required Field","Personal Banking APIs - QA Test Suite","2026-09-24","failed","2026-09-24","Restrict Accounts By BVN","Customer Profile, Accounts & Beneficiaries","",""
"","160","Request Account Reactivation - No Auth","Personal Banking APIs - QA Test Suite","2026-09-24","passed","2026-09-24","Request Account Reactivation","KYC, Tier Upgrades & Young Moni","",""
"","177","Repayment Plan - Invalid ID","Personal Banking APIs - QA Test Suite","2026-09-24","failed","2026-09-24","Repayment Plan","Kolo Connect Advances","",""
"","162","Borrow - No Auth","Personal Banking APIs - QA Test Suite","2026-09-24","passed","2026-09-24","Borrow","Kolo Connect Advances","",""
"","164","Initiate Reset Transaction Pin - Invalid Query","Personal Banking APIs - QA Test Suite","2026-09-24","failed","2026-09-24","Initiate Reset Transaction Pin","Login, Credentials, Security & Devices","",""
"","174","Validate Meter - Empty Fields","Personal Banking APIs - QA Test Suite","2026-09-24","failed","2026-09-24","Validate Meter","Airtime, Data, Bills & VAS Beneficiaries","",""
"","182","Retrieve - Invalid Query","Personal Banking APIs - QA Test Suite","2026-09-24","failed","2026-09-24","Retrieve","Kolo Connect Advances","",""
"","161","Admin Devices Reactivate - Missing Required Field","Personal Banking APIs - QA Test Suite","2026-09-24","failed","2026-09-24","Admin Devices Reactivate","Login, Credentials, Security & Devices","",""
"","167","Admin Coins Redemption Rules - Empty Fields","Personal Banking APIs - QA Test Suite","2026-09-24","failed","2026-09-24","Admin Coins Redemption Rules","Rewards, Cash Tokens & Wishlists","",""
"","188","Kyc Level Distribution - Invalid Query","Personal Banking APIs - QA Test Suite","2026-09-24","failed","2026-09-24","Kyc Level Distribution","Customer Profile, Accounts & Beneficiaries","",""
"","177","Create - Empty Fields","Personal Banking APIs - QA Test Suite","2026-09-24","failed","2026-09-24","Create","Airtime, Data, Bills & VAS Beneficiaries","",""
"","163","Transactions Deposit - Empty Fields","Personal Banking APIs - QA Test Suite","2026-09-24","passed","2026-09-24","Transactions Deposit","Target Savings","",""
"","259","Requests Fetch Agents - Valid","Personal Banking APIs - QA Test Suite","2026-09-24","failed","2026-09-24","Requests Fetch Agents","Customer Cards","",""
"","180","List - Valid","Personal Banking APIs - QA Test Suite","2026-09-24","failed","2026-09-24","List","Wallets, Transfers, Transactions & Fund Requests","",""
"","169","Pay Schedule Early - Empty Fields","Personal Banking APIs - QA Test Suite","2026-09-24","passed","2026-09-24","Pay Schedule Early","Scheduled Payments","",""
"","175","Data - Invalid Status Or Type","Personal Banking APIs - QA Test Suite","2026-09-24","passed","2026-09-24","Data","Scheduled Payments","",""
"","306","Admin Coins Redemption Rules - No Auth","Personal Banking APIs - QA Test Suite","2026-09-24","passed","2026-09-24","Admin Coins Redemption Rules","Rewards, Cash Tokens & Wishlists","",""
"","380","Retrieve - Invalid Query","Personal Banking APIs - QA Test Suite","2026-09-24","failed","2026-09-24","Retrieve","Customer Profile, Accounts & Beneficiaries","",""
"","164","Young Moni Validate Details Without Identity - Valid","Personal Banking APIs - QA Test Suite","2026-09-24","failed","2026-09-24","Young Moni Validate Details Without Identity","Customer Profile, Accounts & Beneficiaries","",""
"","167","Update Identity - Missing Required Field","Personal Banking APIs - QA Test Suite","2026-09-24","passed","2026-09-24","Update Identity","KYC, Tier Upgrades & Young Moni","",""
"","162","Admin Admin Submit - No Auth","Personal Banking APIs - QA Test Suite","2026-09-24","passed","2026-09-24","Admin Admin Submit","KYC, Tier Upgrades & Young Moni","",""
"","180","Request Account Reactivation - Valid","Personal Banking APIs - QA Test Suite","2026-09-24","failed","2026-09-24","Request Account Reactivation","KYC, Tier Upgrades & Young Moni","",""
"","178","Admin Coins Redemption Rules - Missing Required Field","Personal Banking APIs - QA Test Suite","2026-09-24","failed","2026-09-24","Admin Coins Redemption Rules","Rewards, Cash Tokens & Wishlists","",""
"","163","Transactions Create Wallet Product Specific - Missing Required Field","Personal Banking APIs - QA Test Suite","2026-09-24","passed","2026-09-24","Transactions Create Wallet Product Specific","Target Savings","",""
"","311","Admin Games Rewards - Invalid Query","Personal Banking APIs - QA Test Suite","2026-09-24","failed","2026-09-24","Admin Games Rewards","Rewards, Cash Tokens & Wishlists","",""
"","169","Update Daily Transfer Limit - Invalid Amount","Personal Banking APIs - QA Test Suite","2026-09-24","passed","2026-09-24","Update Daily Transfer Limit","Customer Profile, Accounts & Beneficiaries","",""
"","173","Young Moni Requests Request Stats - Invalid Query","Personal Banking APIs - QA Test Suite","2026-09-24","failed","2026-09-24","Young Moni Requests Request Stats","KYC, Tier Upgrades & Young Moni","",""
"","180","Update Credit Stage - Missing Required Field","Personal Banking APIs - QA Test Suite","2026-09-24","failed","2026-09-24","Update Credit Stage","Wallets, Transfers, Transactions & Fund Requests","",""
"","166","Admin Devices Reactivate - Invalid Token Or PIN","Personal Banking APIs - QA Test Suite","2026-09-24","failed","2026-09-24","Admin Devices Reactivate","Login, Credentials, Security & Devices","",""
"","165","Fund Betting Wallet - No Auth","Personal Banking APIs - QA Test Suite","2026-09-24","failed","2026-09-24","Fund Betting Wallet","Airtime, Data, Bills & VAS Beneficiaries","",""
"","173","Winner Dismiss Action - Invalid Token Or PIN","Personal Banking APIs - QA Test Suite","2026-09-24","failed","2026-09-24","Winner Dismiss Action","Rewards, Cash Tokens & Wishlists","",""
"","1248","Requests - Valid","Personal Banking APIs - QA Test Suite","2026-09-24","passed","2026-09-24","Requests","Customer Cards","",""
"","300","Remaining Limit Today - Valid","Personal Banking APIs - QA Test Suite","2026-09-24","passed","2026-09-24","Remaining Limit Today","Wallets, Transfers, Transactions & Fund Requests","",""
"","203","Withdraw Cashback - Valid","Personal Banking APIs - QA Test Suite","2026-09-24","failed","2026-09-24","Withdraw Cashback","Wallets, Transfers, Transactions & Fund Requests","",""
"","167","Admin Admin Tier One Upgrade - Missing Required Field","Personal Banking APIs - QA Test Suite","2026-09-24","failed","2026-09-24","Admin Admin Tier One Upgrade","KYC, Tier Upgrades & Young Moni","",""
"","166","Wallet Interest Balance - Nonexistent ID","Personal Banking APIs - QA Test Suite","2026-09-24","failed","2026-09-24","Wallet Interest Balance","Save & Spend","",""
"","175","Tier Two Upgrade - Empty Fields","Personal Banking APIs - QA Test Suite","2026-09-24","passed","2026-09-24","Tier Two Upgrade","KYC, Tier Upgrades & Young Moni","",""
"","163","Purchase Epin - Invalid Token Or PIN","Personal Banking APIs - QA Test Suite","2026-09-24","passed","2026-09-24","Purchase Epin","Airtime, Data, Bills & VAS Beneficiaries","",""
"","187","Renew Insurance - Valid","Personal Banking APIs - QA Test Suite","2026-09-24","failed","2026-09-24","Renew Insurance","Insurance","",""
"","310","Admin Games - Invalid Query","Personal Banking APIs - QA Test Suite","2026-09-24","failed","2026-09-24","Admin Games","Rewards, Cash Tokens & Wishlists","",""
"","377","Retrieve - Valid","Personal Banking APIs - QA Test Suite","2026-09-24","failed","2026-09-24","Retrieve","Supalock Savings","",""
"","171","Enable - Invalid ID","Personal Banking APIs - QA Test Suite","2026-09-24","failed","2026-09-24","Enable","Wallets, Transfers, Transactions & Fund Requests","",""
"","163","Admin Admin Upgrade To Merchant - No Auth","Personal Banking APIs - QA Test Suite","2026-09-24","passed","2026-09-24","Admin Admin Upgrade To Merchant","KYC, Tier Upgrades & Young Moni","",""
"","167","Wishlist Config Edit - Nonexistent ID","Personal Banking APIs - QA Test Suite","2026-09-24","failed","2026-09-24","Wishlist Config Edit","Rewards, Cash Tokens & Wishlists","",""
"","170","Admin Coins Rules - Invalid Status Or Type","Personal Banking APIs - QA Test Suite","2026-09-24","failed","2026-09-24","Admin Coins Rules","Rewards, Cash Tokens & Wishlists","",""
"","169","Retrieve - Invalid ID","Personal Banking APIs - QA Test Suite","2026-09-24","passed","2026-09-24","Retrieve","Insurance","",""
"","164","Single Fund Request - Invalid Token Or PIN","Personal Banking APIs - QA Test Suite","2026-09-24","passed","2026-09-24","Single Fund Request","Wallets, Transfers, Transactions & Fund Requests","",""
"","242","Add Account Alias - Empty Fields","Personal Banking APIs - QA Test Suite","2026-09-24","passed","2026-09-24","Add Account Alias","Customer Profile, Accounts & Beneficiaries","",""
"","169","Electricity - Invalid Status Or Type","Personal Banking APIs - QA Test Suite","2026-09-24","passed","2026-09-24","Electricity","Scheduled Payments","",""
"","173","Approve Bulk Fund Request - Invalid Token Or PIN","Personal Banking APIs - QA Test Suite","2026-09-24","failed","2026-09-24","Approve Bulk Fund Request","Wallets, Transfers, Transactions & Fund Requests","",""
"","164","Purchase Airtime - Empty Fields","Personal Banking APIs - QA Test Suite","2026-09-24","passed","2026-09-24","Purchase Airtime","Airtime, Data, Bills & VAS Beneficiaries","",""
"","167","Approve Bulk Fund Request - No Auth","Personal Banking APIs - QA Test Suite","2026-09-24","passed","2026-09-24","Approve Bulk Fund Request","Wallets, Transfers, Transactions & Fund Requests","",""
"","168","Topup Supalock - Invalid Token Or PIN","Personal Banking APIs - QA Test Suite","2026-09-24","failed","2026-09-24","Topup Supalock","Supalock Savings","",""
"","174","Coin Redemption Rules - Invalid Query","Personal Banking APIs - QA Test Suite","2026-09-24","passed","2026-09-24","Coin Redemption Rules","Rewards, Cash Tokens & Wishlists","",""
"","196","Games Spin Wheel - Valid","Personal Banking APIs - QA Test Suite","2026-09-24","failed","2026-09-24","Games Spin Wheel","Rewards, Cash Tokens & Wishlists","",""
"","162","Young Moni Validate Details - Valid","Personal Banking APIs - QA Test Suite","2026-09-24","failed","2026-09-24","Young Moni Validate Details","Customer Profile, Accounts & Beneficiaries","",""
"","160","Destroy - No Auth","Personal Banking APIs - QA Test Suite","2026-09-24","passed","2026-09-24","Destroy","Customer Profile, Accounts & Beneficiaries","",""
"","178","Payment Merchant - Empty Fields","Personal Banking APIs - QA Test Suite","2026-09-24","failed","2026-09-24","Payment Merchant","Customer Cards","",""
"","177","Withdraw Cashback - Missing Required Field","Personal Banking APIs - QA Test Suite","2026-09-24","failed","2026-09-24","Withdraw Cashback","Wallets, Transfers, Transactions & Fund Requests","",""
"","162","Initiate Liveness Setup - No Auth","Personal Banking APIs - QA Test Suite","2026-09-24","passed","2026-09-24","Initiate Liveness Setup","Login, Credentials, Security & Devices","",""
"","176","Transactions Update Spend Wallet - Valid","Personal Banking APIs - QA Test Suite","2026-09-24","failed","2026-09-24","Transactions Update Spend Wallet","Save & Spend","",""
"","178","Retrieve - Valid","Personal Banking APIs - QA Test Suite","2026-09-24","failed","2026-09-24","Retrieve","Wallets, Transfers, Transactions & Fund Requests","",""
"","180","Webhook Cashtoken Webhook - Valid","Personal Banking APIs - QA Test Suite","2026-09-24","failed","2026-09-24","Webhook Cashtoken Webhook","Rewards, Cash Tokens & Wishlists","",""
"","319","Admin Games - Valid","Personal Banking APIs - QA Test Suite","2026-09-24","failed","2026-09-24","Admin Games","Rewards, Cash Tokens & Wishlists","",""
"","206","Document Update Status - Missing Required Field","Personal Banking APIs - QA Test Suite","2026-09-24","failed","2026-09-24","Document Update Status","KYC, Tier Upgrades & Young Moni","",""
"","172","Electricity - Missing Required Field","Personal Banking APIs - QA Test Suite","2026-09-24","passed","2026-09-24","Electricity","Scheduled Payments","",""
"","166","Tier One Upgrade - Missing Required Field","Personal Banking APIs - QA Test Suite","2026-09-24","passed","2026-09-24","Tier One Upgrade","KYC, Tier Upgrades & Young Moni","",""
"","175","Requests Fetch Agents - Empty Fields","Personal Banking APIs - QA Test Suite","2026-09-24","passed","2026-09-24","Requests Fetch Agents","Customer Cards","",""
"","175","Channel Settings - Invalid Token Or PIN","Personal Banking APIs - QA Test Suite","2026-09-24","failed","2026-09-24","Channel Settings","Customer Cards","",""
"","183","Admin Coins Rules - Valid","Personal Banking APIs - QA Test Suite","2026-09-24","failed","2026-09-24","Admin Coins Rules","Rewards, Cash Tokens & Wishlists","",""
"","169","Young Moni Documents - Invalid Query","Personal Banking APIs - QA Test Suite","2026-09-24","failed","2026-09-24","Young Moni Documents","KYC, Tier Upgrades & Young Moni","",""
"","163","Purchase Electricity - Empty Fields","Personal Banking APIs - QA Test Suite","2026-09-24","passed","2026-09-24","Purchase Electricity","Airtime, Data, Bills & VAS Beneficiaries","",""
"","169","Transfer - Invalid Token Or PIN","Personal Banking APIs - QA Test Suite","2026-09-24","passed","2026-09-24","Transfer","Scheduled Payments","",""
"","158","Payment Merchant - No Auth","Personal Banking APIs - QA Test Suite","2026-09-24","passed","2026-09-24","Payment Merchant","Customer Cards","",""
"","181","Transfer - Invalid Amount","Personal Banking APIs - QA Test Suite","2026-09-24","passed","2026-09-24","Transfer","Scheduled Payments","",""
"","172","Webhook Cashtoken Webhook - Missing Required Field","Personal Banking APIs - QA Test Suite","2026-09-24","failed","2026-09-24","Webhook Cashtoken Webhook","Rewards, Cash Tokens & Wishlists","",""
"","176","Upload Bulk Fund Request - Valid","Personal Banking APIs - QA Test Suite","2026-09-24","failed","2026-09-24","Upload Bulk Fund Request","Wallets, Transfers, Transactions & Fund Requests","",""
"","183","Borrow - Invalid Amount","Personal Banking APIs - QA Test Suite","2026-09-24","failed","2026-09-24","Borrow","Kolo Connect Advances","",""
"","171","Terms Terms And Rewards - Invalid Query","Personal Banking APIs - QA Test Suite","2026-09-24","failed","2026-09-24","Terms Terms And Rewards","Rewards, Cash Tokens & Wishlists","",""
"","160","Wishlist Config Edit - Missing Required Field","Personal Banking APIs - QA Test Suite","2026-09-24","failed","2026-09-24","Wishlist Config Edit","Rewards, Cash Tokens & Wishlists","",""
"","161","High Value Transactions - No Auth","Personal Banking APIs - QA Test Suite","2026-09-24","passed","2026-09-24","High Value Transactions","Wallets, Transfers, Transactions & Fund Requests","",""
"","174","Create Her Wealth - Empty Fields","Personal Banking APIs - QA Test Suite","2026-09-24","passed","2026-09-24","Create Her Wealth","Customer Profile, Accounts & Beneficiaries","",""
"","170","List - Invalid Query","Personal Banking APIs - QA Test Suite","2026-09-24","failed","2026-09-24","List","Airtime, Data, Bills & VAS Beneficiaries","",""
"","179","Admin Complete Upgrade Request - Valid","Personal Banking APIs - QA Test Suite","2026-09-24","failed","2026-09-24","Admin Complete Upgrade Request","KYC, Tier Upgrades & Young Moni","",""
"","176","Admin Update Documents - Empty Fields","Personal Banking APIs - QA Test Suite","2026-09-24","passed","2026-09-24","Admin Update Documents","KYC, Tier Upgrades & Young Moni","",""
"","189","Electricity - Valid","Personal Banking APIs - QA Test Suite","2026-09-24","failed","2026-09-24","Electricity","Scheduled Payments","",""
"","175","Approve Bulk Fund Request - Empty Fields","Personal Banking APIs - QA Test Suite","2026-09-24","failed","2026-09-24","Approve Bulk Fund Request","Wallets, Transfers, Transactions & Fund Requests","",""
"","169","Retrieve - Invalid Query","Personal Banking APIs - QA Test Suite","2026-09-24","failed","2026-09-24","Retrieve","Airtime, Data, Bills & VAS Beneficiaries","",""
"","162","Young Moni Upload Child Documents - No Auth","Personal Banking APIs - QA Test Suite","2026-09-24","passed","2026-09-24","Young Moni Upload Child Documents","Customer Profile, Accounts & Beneficiaries","",""
"","170","Get Electricity Billers - Invalid Query","Personal Banking APIs - QA Test Suite","2026-09-24","failed","2026-09-24","Get Electricity Billers","Airtime, Data, Bills & VAS Beneficiaries","",""
"","168","Admin Coins Rules - Nonexistent ID","Personal Banking APIs - QA Test Suite","2026-09-24","failed","2026-09-24","Admin Coins Rules","Rewards, Cash Tokens & Wishlists","",""
"","186","Leaderboard - No Auth","Personal Banking APIs - QA Test Suite","2026-09-24","passed","2026-09-24","Leaderboard","Customer Profile, Accounts & Beneficiaries","",""
"","184","Redeem Insurance - Valid","Personal Banking APIs - QA Test Suite","2026-09-24","failed","2026-09-24","Redeem Insurance","Insurance","",""
"","166","Tier Zero Upgrade - Invalid Status Or Type","Personal Banking APIs - QA Test Suite","2026-09-24","passed","2026-09-24","Tier Zero Upgrade","KYC, Tier Upgrades & Young Moni","",""
"","170","Pay Schedule Early - Missing Required Field","Personal Banking APIs - QA Test Suite","2026-09-24","passed","2026-09-24","Pay Schedule Early","Scheduled Payments","",""
"","160","Get Suggestions - No Auth","Personal Banking APIs - QA Test Suite","2026-09-24","passed","2026-09-24","Get Suggestions","Customer Profile, Accounts & Beneficiaries","",""
"","248","Create Sub Account - Valid","Personal Banking APIs - QA Test Suite","2026-09-24","failed","2026-09-24","Create Sub Account","Customer Profile, Accounts & Beneficiaries","",""
"","162","Update Communication Preference - No Auth","Personal Banking APIs - QA Test Suite","2026-09-24","passed","2026-09-24","Update Communication Preference","Customer Profile, Accounts & Beneficiaries","",""
"","194","Approve Single Bulk Recipient - Valid","Personal Banking APIs - QA Test Suite","2026-09-24","failed","2026-09-24","Approve Single Bulk Recipient","Wallets, Transfers, Transactions & Fund Requests","",""
"","172","Retrieve - Invalid ID","Personal Banking APIs - QA Test Suite","2026-09-24","failed","2026-09-24","Retrieve","Wallets, Transfers, Transactions & Fund Requests","",""
"","169","Withdraw Cashback - Invalid Amount","Personal Banking APIs - QA Test Suite","2026-09-24","failed","2026-09-24","Withdraw Cashback","Wallets, Transfers, Transactions & Fund Requests","",""
"","170","Update Gender - Empty Fields","Personal Banking APIs - QA Test Suite","2026-09-24","passed","2026-09-24","Update Gender","Login, Credentials, Security & Devices","",""
"","161","Transactions - No Auth","Personal Banking APIs - QA Test Suite","2026-09-24","passed","2026-09-24","Transactions","SWAG Savings","",""
"","165","Transactions Create Wallet - Invalid Token Or PIN","Personal Banking APIs - QA Test Suite","2026-09-24","passed","2026-09-24","Transactions Create Wallet","Target Savings","",""
"","169","Transactions Create Plan - Valid","Personal Banking APIs - QA Test Suite","2026-09-24","failed","2026-09-24","Transactions Create Plan","SWAG Savings","",""
"","474","Leaderboard - Valid","Personal Banking APIs - QA Test Suite","2026-09-24","passed","2026-09-24","Leaderboard","Customer Profile, Accounts & Beneficiaries","",""
"","168","Setup Liveness Image - No Auth","Personal Banking APIs - QA Test Suite","2026-09-24","failed","2026-09-24","Setup Liveness Image","Login, Credentials, Security & Devices","",""
"","312","Admin Games Sessions - Invalid Query","Personal Banking APIs - QA Test Suite","2026-09-24","failed","2026-09-24","Admin Games Sessions","Rewards, Cash Tokens & Wishlists","",""
"","183","Retrieve - Valid","Personal Banking APIs - QA Test Suite","2026-09-24","failed","2026-09-24","Retrieve","Airtime, Data, Bills & VAS Beneficiaries","",""
"","167","Item - Invalid Query","Personal Banking APIs - QA Test Suite","2026-09-24","failed","2026-09-24","Item","Rewards, Cash Tokens & Wishlists","",""
"","168","Requests - Invalid ID","Personal Banking APIs - QA Test Suite","2026-09-24","passed","2026-09-24","Requests","Customer Cards","",""
"","184","Partial - Valid","Personal Banking APIs - QA Test Suite","2026-09-24","failed","2026-09-24","Partial","Airtime, Data, Bills & VAS Beneficiaries","",""
"","167","Winner Dismiss Action - Empty Fields","Personal Banking APIs - QA Test Suite","2026-09-24","failed","2026-09-24","Winner Dismiss Action","Rewards, Cash Tokens & Wishlists","",""
"","179","List Documents - Valid","Personal Banking APIs - QA Test Suite","2026-09-24","failed","2026-09-24","List Documents","KYC, Tier Upgrades & Young Moni","",""
"","170","Requests Get Delivery Cost - Missing Required Field","Personal Banking APIs - QA Test Suite","2026-09-24","passed","2026-09-24","Requests Get Delivery Cost","Customer Cards","",""
"","164","Login With Pin - Empty Fields","Personal Banking APIs - QA Test Suite","2026-09-24","passed","2026-09-24","Login With Pin","Login, Credentials, Security & Devices","",""
"","191","Add Account Alias - Valid","Personal Banking APIs - QA Test Suite","2026-09-24","failed","2026-09-24","Add Account Alias","Customer Profile, Accounts & Beneficiaries","",""
"","162","Channel Settings - No Auth","Personal Banking APIs - QA Test Suite","2026-09-24","passed","2026-09-24","Channel Settings","Customer Cards","",""
"","186","Download Statement - Valid","Personal Banking APIs - QA Test Suite","2026-09-24","failed","2026-09-24","Download Statement","Wallets, Transfers, Transactions & Fund Requests","",""
"","162","Intra Account Transfer - Invalid Amount","Personal Banking APIs - QA Test Suite","2026-09-24","passed","2026-09-24","Intra Account Transfer","Wallets, Transfers, Transactions & Fund Requests","",""
"","187","Block - Empty Fields","Personal Banking APIs - QA Test Suite","2026-09-24","failed","2026-09-24","Block","Customer Cards","",""
"","178","Admin Games Rewards - Valid","Personal Banking APIs - QA Test Suite","2026-09-24","failed","2026-09-24","Admin Games Rewards","Rewards, Cash Tokens & Wishlists","",""
"","175","Wallet Total Balance - Valid","Personal Banking APIs - QA Test Suite","2026-09-24","failed","2026-09-24","Wallet Total Balance","Save & Spend","",""
"","184","Young Moni Documents - Valid","Personal Banking APIs - QA Test Suite","2026-09-24","failed","2026-09-24","Young Moni Documents","KYC, Tier Upgrades & Young Moni","",""
"","168","Initiate Email Update - Invalid Email","Personal Banking APIs - QA Test Suite","2026-09-24","passed","2026-09-24","Initiate Email Update","KYC, Tier Upgrades & Young Moni","",""
"","165","Create Transaction Pin - Missing Required Field","Personal Banking APIs - QA Test Suite","2026-09-24","failed","2026-09-24","Create Transaction Pin","Login, Credentials, Security & Devices","",""
"","180","Toolkit Accounts - Invalid ID","Personal Banking APIs - QA Test Suite","2026-09-24","failed","2026-09-24","Toolkit Accounts","Customer Profile, Accounts & Beneficiaries","",""
"","230","Retrieve - Valid","Personal Banking APIs - QA Test Suite","2026-09-24","failed","2026-09-24","Retrieve","Rewards, Cash Tokens & Wishlists","",""
"","166","Wallet Download Swag Statement - Missing Required Field","Personal Banking APIs - QA Test Suite","2026-09-24","failed","2026-09-24","Wallet Download Swag Statement","SWAG Savings","",""
"","169","Admin Coins Rules - Nonexistent ID","Personal Banking APIs - QA Test Suite","2026-09-24","failed","2026-09-24","Admin Coins Rules","Rewards, Cash Tokens & Wishlists","",""
"","318","Admin - Invalid Query","Personal Banking APIs - QA Test Suite","2026-09-24","failed","2026-09-24","Admin","KYC, Tier Upgrades & Young Moni","",""
"","174","Channel Settings - Invalid ID","Personal Banking APIs - QA Test Suite","2026-09-24","passed","2026-09-24","Channel Settings","Customer Cards","",""
"","186","Verify Phone OTP - Valid","Personal Banking APIs - QA Test Suite","2026-09-24","failed","2026-09-24","Verify Phone OTP","Customer Onboarding","",""
"","168","Retrieve - Invalid ID","Personal Banking APIs - QA Test Suite","2026-09-24","passed","2026-09-24","Retrieve","Rewards, Cash Tokens & Wishlists","",""
"","410","Retrieve - No Auth","Personal Banking APIs - QA Test Suite","2026-09-24","passed","2026-09-24","Retrieve","Supalock Savings","",""
"","389","Fetch Balance - Invalid ID","Personal Banking APIs - QA Test Suite","2026-09-24","passed","2026-09-24","Fetch Balance","Customer Profile, Accounts & Beneficiaries","",""
"","171","Reject Single Bulk Recipient - Missing Required Field","Personal Banking APIs - QA Test Suite","2026-09-24","failed","2026-09-24","Reject Single Bulk Recipient","Wallets, Transfers, Transactions & Fund Requests","",""
"","163","Purchase Waec - Valid","Personal Banking APIs - QA Test Suite","2026-09-24","failed","2026-09-24","Purchase Waec","Airtime, Data, Bills & VAS Beneficiaries","",""
"","173","Wallet - Nonexistent ID","Personal Banking APIs - QA Test Suite","2026-09-24","failed","2026-09-24","Wallet","SWAG Savings","",""
"","161","Request Alias Phone Verification - No Auth","Personal Banking APIs - QA Test Suite","2026-09-24","passed","2026-09-24","Request Alias Phone Verification","Customer Profile, Accounts & Beneficiaries","",""
"","199","Get Suggestions - Valid","Personal Banking APIs - QA Test Suite","2026-09-24","passed","2026-09-24","Get Suggestions","Customer Profile, Accounts & Beneficiaries","",""
"","168","Data - Invalid Token Or PIN","Personal Banking APIs - QA Test Suite","2026-09-24","passed","2026-09-24","Data","Scheduled Payments","",""
"","302","Admin Coins Rules - No Auth","Personal Banking APIs - QA Test Suite","2026-09-24","passed","2026-09-24","Admin Coins Rules","Rewards, Cash Tokens & Wishlists","",""
"","186","Update Credit Stage - Invalid Status Or Type","Personal Banking APIs - QA Test Suite","2026-09-24","failed","2026-09-24","Update Credit Stage","Wallets, Transfers, Transactions & Fund Requests","",""
"","199","Initiate Email Update - Valid","Personal Banking APIs - QA Test Suite","2026-09-24","failed","2026-09-24","Initiate Email Update","KYC, Tier Upgrades & Young Moni","",""
"","164","Reward With Airtime - No Auth","Personal Banking APIs - QA Test Suite","2026-09-24","passed","2026-09-24","Reward With Airtime","Rewards, Cash Tokens & Wishlists","",""
"","169","Create Supalock - Empty Fields","Personal Banking APIs - QA Test Suite","2026-09-24","failed","2026-09-24","Create Supalock","Supalock Savings","",""
"","168","Tier One Upgrade With BVN - Empty Fields","Personal Banking APIs - QA Test Suite","2026-09-24","passed","2026-09-24","Tier One Upgrade With BVN","KYC, Tier Upgrades & Young Moni","",""
"","165","Transactions Break Target - Valid","Personal Banking APIs - QA Test Suite","2026-09-24","failed","2026-09-24","Transactions Break Target","Target Savings","",""
"","187","Types - Missing Required Field","Personal Banking APIs - QA Test Suite","2026-09-24","failed","2026-09-24","Types","Supalock Savings","",""
"","173","Admin Games Rewards - No Auth","Personal Banking APIs - QA Test Suite","2026-09-24","passed","2026-09-24","Admin Games Rewards","Rewards, Cash Tokens & Wishlists","",""
"","201","List - Invalid Query","Personal Banking APIs - QA Test Suite","2026-09-24","failed","2026-09-24","List","Wallets, Transfers, Transactions & Fund Requests","",""
"","171","Reset Pin - Nonexistent ID","Personal Banking APIs - QA Test Suite","2026-09-24","passed","2026-09-24","Reset Pin","Customer Cards","",""
"","182","Recipients - Valid","Personal Banking APIs - QA Test Suite","2026-09-24","failed","2026-09-24","Recipients","Wallets, Transfers, Transactions & Fund Requests","",""
"","180","Admin Admin Upgrade To Merchant - Valid","Personal Banking APIs - QA Test Suite","2026-09-24","failed","2026-09-24","Admin Admin Upgrade To Merchant","KYC, Tier Upgrades & Young Moni","",""
"","622","Partial - Missing Required Field","Personal Banking APIs - QA Test Suite","2026-09-24","failed","2026-09-24","Partial","Airtime, Data, Bills & VAS Beneficiaries","",""
"","176","Verify BVN (Choose BVN or NIN) - Empty Fields","Personal Banking APIs - QA Test Suite","2026-09-24","passed","2026-09-24","Verify BVN (Choose BVN or NIN)","Customer Onboarding","",""
"","162","Update Daily Transfer Limit - No Auth","Personal Banking APIs - QA Test Suite","2026-09-24","passed","2026-09-24","Update Daily Transfer Limit","Customer Profile, Accounts & Beneficiaries","",""
"","169","Redeem Coins - Missing Required Field","Personal Banking APIs - QA Test Suite","2026-09-24","passed","2026-09-24","Redeem Coins","Rewards, Cash Tokens & Wishlists","",""
"","158","List Schedule Payments - No Auth","Personal Banking APIs - QA Test Suite","2026-09-24","passed","2026-09-24","List Schedule Payments","Scheduled Payments","",""
"","171","Verify Email OTP - Empty Fields","Personal Banking APIs - QA Test Suite","2026-09-24","passed","2026-09-24","Verify Email OTP","Customer Onboarding","",""
"","172","Update - Nonexistent ID","Personal Banking APIs - QA Test Suite","2026-09-24","failed","2026-09-24","Update","Scheduled Payments","",""
"","170","Admin Coins Rules - Empty Fields","Personal Banking APIs - QA Test Suite","2026-09-24","failed","2026-09-24","Admin Coins Rules","Rewards, Cash Tokens & Wishlists","",""
"","176","Update Request Recipients - Missing Required Field","Personal Banking APIs - QA Test Suite","2026-09-24","failed","2026-09-24","Update Request Recipients","Wallets, Transfers, Transactions & Fund Requests","",""
"","164","Transactions Create Wallet Product Specific - Valid","Personal Banking APIs - QA Test Suite","2026-09-24","failed","2026-09-24","Transactions Create Wallet Product Specific","Target Savings","",""
"","168","Retry Payment Schedule - Missing Required Field","Personal Banking APIs - QA Test Suite","2026-09-24","passed","2026-09-24","Retry Payment Schedule","Scheduled Payments","",""
"","170","Update Daily Transfer Limit - Empty Fields","Personal Banking APIs - QA Test Suite","2026-09-24","failed","2026-09-24","Update Daily Transfer Limit","Customer Profile, Accounts & Beneficiaries","",""
"","169","Retrieve - Invalid ID","Personal Banking APIs - QA Test Suite","2026-09-24","failed","2026-09-24","Retrieve","Airtime, Data, Bills & VAS Beneficiaries","",""
"","180","Transaction - Valid","Personal Banking APIs - QA Test Suite","2026-09-24","failed","2026-09-24","Transaction","Airtime, Data, Bills & VAS Beneficiaries","",""
"","171","Verify Email Update - Invalid Email","Personal Banking APIs - QA Test Suite","2026-09-24","passed","2026-09-24","Verify Email Update","KYC, Tier Upgrades & Young Moni","",""
"","416","List - Invalid Query","Personal Banking APIs - QA Test Suite","2026-09-24","failed","2026-09-24","List","Customer Profile, Accounts & Beneficiaries","",""
"","172","Channel Settings - Invalid Query","Personal Banking APIs - QA Test Suite","2026-09-24","failed","2026-09-24","Channel Settings","Customer Cards","",""
"","306","Total Supalock Amount - Valid","Personal Banking APIs - QA Test Suite","2026-09-24","passed","2026-09-24","Total Supalock Amount","Supalock Savings","",""
"","182","Admin Reject Upgrade Request - Valid","Personal Banking APIs - QA Test Suite","2026-09-24","failed","2026-09-24","Admin Reject Upgrade Request","KYC, Tier Upgrades & Young Moni","",""
"","159","Retrieve - No Auth","Personal Banking APIs - QA Test Suite","2026-09-24","passed","2026-09-24","Retrieve","Airtime, Data, Bills & VAS Beneficiaries","",""
"","159","Withdraw - No Auth","Personal Banking APIs - QA Test Suite","2026-09-24","passed","2026-09-24","Withdraw","Rewards, Cash Tokens & Wishlists","",""
"","160","Tier Two Upgrade - No Auth","Personal Banking APIs - QA Test Suite","2026-09-24","passed","2026-09-24","Tier Two Upgrade","KYC, Tier Upgrades & Young Moni","",""
"","176","Update Identity - Valid","Personal Banking APIs - QA Test Suite","2026-09-24","failed","2026-09-24","Update Identity","KYC, Tier Upgrades & Young Moni","",""
"","162","Purchase Cable - Empty Fields","Personal Banking APIs - QA Test Suite","2026-09-24","passed","2026-09-24","Purchase Cable","Airtime, Data, Bills & VAS Beneficiaries","",""
"","183","Unblock - Nonexistent ID","Personal Banking APIs - QA Test Suite","2026-09-24","passed","2026-09-24","Unblock","Customer Cards","",""
"","170","Partial - Empty Fields","Personal Banking APIs - QA Test Suite","2026-09-24","failed","2026-09-24","Partial","Airtime, Data, Bills & VAS Beneficiaries","",""
"","180","Setup Liveness Image - Valid","Personal Banking APIs - QA Test Suite","2026-09-24","failed","2026-09-24","Setup Liveness Image","Login, Credentials, Security & Devices","",""
"","160","Tier One Upgrade - No Auth","Personal Banking APIs - QA Test Suite","2026-09-24","passed","2026-09-24","Tier One Upgrade","KYC, Tier Upgrades & Young Moni","",""
"","192","Reject Single Fund Request - Valid","Personal Banking APIs - QA Test Suite","2026-09-24","failed","2026-09-24","Reject Single Fund Request","Wallets, Transfers, Transactions & Fund Requests","",""
"","160","Redeem Insurance - No Auth","Personal Banking APIs - QA Test Suite","2026-09-24","passed","2026-09-24","Redeem Insurance","Insurance","",""
"","166","Create Password - Valid","Personal Banking APIs - QA Test Suite","2026-09-24","failed","2026-09-24","Create Password","Login, Credentials, Security & Devices","",""
"","162","Admin Update Documents - No Auth","Personal Banking APIs - QA Test Suite","2026-09-24","passed","2026-09-24","Admin Update Documents","KYC, Tier Upgrades & Young Moni","",""
"","163","Terms Draw Details - No Auth","Personal Banking APIs - QA Test Suite","2026-09-24","passed","2026-09-24","Terms Draw Details","Rewards, Cash Tokens & Wishlists","",""
"","170","Young Moni Initiate Account Without Identity - Empty Fields","Personal Banking APIs - QA Test Suite","2026-09-24","failed","2026-09-24","Young Moni Initiate Account Without Identity","Customer Profile, Accounts & Beneficiaries","",""
"","162","Purchase Epin - Empty Fields","Personal Banking APIs - QA Test Suite","2026-09-24","passed","2026-09-24","Purchase Epin","Airtime, Data, Bills & VAS Beneficiaries","",""
"","245","Verify Phone OTP - Invalid Token Or PIN","Personal Banking APIs - QA Test Suite","2026-09-24","passed","2026-09-24","Verify Phone OTP","Customer Onboarding","",""
"","165","Retrieve - Nonexistent ID","Personal Banking APIs - QA Test Suite","2026-09-24","passed","2026-09-24","Retrieve","Scheduled Payments","",""
"","165","Purchase Epin - Valid","Personal Banking APIs - QA Test Suite","2026-09-24","failed","2026-09-24","Purchase Epin","Airtime, Data, Bills & VAS Beneficiaries","",""
"","160","Transactions - No Auth","Personal Banking APIs - QA Test Suite","2026-09-24","passed","2026-09-24","Transactions","Supalock Savings","",""
"","163","Intra Account Transfer - Empty Fields","Personal Banking APIs - QA Test Suite","2026-09-24","passed","2026-09-24","Intra Account Transfer","Wallets, Transfers, Transactions & Fund Requests","",""
"","160","Enable - No Auth","Personal Banking APIs - QA Test Suite","2026-09-24","passed","2026-09-24","Enable","Wallets, Transfers, Transactions & Fund Requests","",""
"","178","Verify Token - Valid","Personal Banking APIs - QA Test Suite","2026-09-24","failed","2026-09-24","Verify Token","Login, Credentials, Security & Devices","",""
"","182","Withdraw Cashback - Empty Fields","Personal Banking APIs - QA Test Suite","2026-09-24","passed","2026-09-24","Withdraw Cashback","Wallets, Transfers, Transactions & Fund Requests","",""
"","177","Admin Admin Upgrade To Merchant - Empty Fields","Personal Banking APIs - QA Test Suite","2026-09-24","failed","2026-09-24","Admin Admin Upgrade To Merchant","KYC, Tier Upgrades & Young Moni","",""
"","177","Kyc Level Count - Invalid Query","Personal Banking APIs - QA Test Suite","2026-09-24","failed","2026-09-24","Kyc Level Count","Customer Profile, Accounts & Beneficiaries","",""
"","177","Update Documents - Invalid Status Or Type","Personal Banking APIs - QA Test Suite","2026-09-24","passed","2026-09-24","Update Documents","KYC, Tier Upgrades & Young Moni","",""
"","208","Get Item Edit - Nonexistent ID","Personal Banking APIs - QA Test Suite","2026-09-24","failed","2026-09-24","Get Item Edit","Rewards, Cash Tokens & Wishlists","",""
"","168","Wallet Total Balance - Invalid Query","Personal Banking APIs - QA Test Suite","2026-09-24","failed","2026-09-24","Wallet Total Balance","Target Savings","",""
"","184","Dismiss Action - Nonexistent ID","Personal Banking APIs - QA Test Suite","2026-09-24","passed","2026-09-24","Dismiss Action","KYC, Tier Upgrades & Young Moni","",""
"","173","Channel Settings - Invalid Token Or PIN","Personal Banking APIs - QA Test Suite","2026-09-24","failed","2026-09-24","Channel Settings","Customer Cards","",""
"","162","Create Login Pin - Missing Required Field","Personal Banking APIs - QA Test Suite","2026-09-24","failed","2026-09-24","Create Login Pin","Login, Credentials, Security & Devices","",""
"","184","Withdraw - Nonexistent ID","Personal Banking APIs - QA Test Suite","2026-09-24","passed","2026-09-24","Withdraw","Rewards, Cash Tokens & Wishlists","",""
"","161","Admin Devices Deactivate - Empty Fields","Personal Banking APIs - QA Test Suite","2026-09-24","failed","2026-09-24","Admin Devices Deactivate","Login, Credentials, Security & Devices","",""
"","229","Coin Redemption Rules - Valid","Personal Banking APIs - QA Test Suite","2026-09-24","failed","2026-09-24","Coin Redemption Rules","Rewards, Cash Tokens & Wishlists","",""
"","162","Verify Phone Number - Missing Required Field","Personal Banking APIs - QA Test Suite","2026-09-24","failed","2026-09-24","Verify Phone Number","Login, Credentials, Security & Devices","",""
"","329","Admin Games Sessions - No Auth","Personal Banking APIs - QA Test Suite","2026-09-24","passed","2026-09-24","Admin Games Sessions","Rewards, Cash Tokens & Wishlists","",""
"","169","Channel Settings - Invalid ID","Personal Banking APIs - QA Test Suite","2026-09-24","passed","2026-09-24","Channel Settings","Customer Cards","",""
"","159","Providers - No Auth","Personal Banking APIs - QA Test Suite","2026-09-24","passed","2026-09-24","Providers","Insurance","",""
"","184","Transactions - Valid","Personal Banking APIs - QA Test Suite","2026-09-24","failed","2026-09-24","Transactions","SWAG Savings","",""
"","167","Item - Invalid ID","Personal Banking APIs - QA Test Suite","2026-09-24","passed","2026-09-24","Item","Rewards, Cash Tokens & Wishlists","",""
"","161","Topup Supalock - No Auth","Personal Banking APIs - QA Test Suite","2026-09-24","passed","2026-09-24","Topup Supalock","Supalock Savings","",""
"","170","High Value Transactions - Invalid Query","Personal Banking APIs - QA Test Suite","2026-09-24","failed","2026-09-24","High Value Transactions","Wallets, Transfers, Transactions & Fund Requests","",""
"","215","Winner - Valid","Personal Banking APIs - QA Test Suite","2026-09-24","passed","2026-09-24","Winner","Rewards, Cash Tokens & Wishlists","",""
"","197","Reject Bulk Fund Request - Valid","Personal Banking APIs - QA Test Suite","2026-09-24","failed","2026-09-24","Reject Bulk Fund Request","Wallets, Transfers, Transactions & Fund Requests","",""
"","171","Partial - Invalid ID","Personal Banking APIs - QA Test Suite","2026-09-24","failed","2026-09-24","Partial","Customer Profile, Accounts & Beneficiaries","",""
"","167","Transactions Withdraw Principal - Missing Required Field","Personal Banking APIs - QA Test Suite","2026-09-24","passed","2026-09-24","Transactions Withdraw Principal","SWAG Savings","",""
"","164","Purchase Airtime - Invalid Amount","Personal Banking APIs - QA Test Suite","2026-09-24","passed","2026-09-24","Purchase Airtime","Airtime, Data, Bills & VAS Beneficiaries","",""
"","180","Channel Settings - Valid","Personal Banking APIs - QA Test Suite","2026-09-24","failed","2026-09-24","Channel Settings","Customer Cards","",""
"","190","Borrow - Valid","Personal Banking APIs - QA Test Suite","2026-09-24","failed","2026-09-24","Borrow","Kolo Connect Advances","",""
"","248","Item - Invalid ID","Personal Banking APIs - QA Test Suite","2026-09-24","passed","2026-09-24","Item","Rewards, Cash Tokens & Wishlists","",""
"","312","Admin Games Rewards - Nonexistent ID","Personal Banking APIs - QA Test Suite","2026-09-24","failed","2026-09-24","Admin Games Rewards","Rewards, Cash Tokens & Wishlists","",""
"","163","Renew Insurance - No Auth","Personal Banking APIs - QA Test Suite","2026-09-24","passed","2026-09-24","Renew Insurance","Insurance","",""
"","162","Retrieve - No Auth","Personal Banking APIs - QA Test Suite","2026-09-24","passed","2026-09-24","Retrieve","Scheduled Payments","",""
"","182","Kyc Level Distribution - Valid","Personal Banking APIs - QA Test Suite","2026-09-24","failed","2026-09-24","Kyc Level Distribution","Customer Profile, Accounts & Beneficiaries","",""
"","169","List Schedule Payments - Invalid Query","Personal Banking APIs - QA Test Suite","2026-09-24","failed","2026-09-24","List Schedule Payments","Scheduled Payments","",""
"","161","Youngmoni Transfer - Empty Fields","Personal Banking APIs - QA Test Suite","2026-09-24","passed","2026-09-24","Youngmoni Transfer","Scheduled Payments","",""
"","159","List Documents - No Auth","Personal Banking APIs - QA Test Suite","2026-09-24","passed","2026-09-24","List Documents","KYC, Tier Upgrades & Young Moni","",""
"","170","Transactions Create Wallet - Missing Required Field","Personal Banking APIs - QA Test Suite","2026-09-24","passed","2026-09-24","Transactions Create Wallet","Save & Spend","",""
"","185","Profile - No Auth","Personal Banking APIs - QA Test Suite","2026-09-24","passed","2026-09-24","Profile","Customer Profile, Accounts & Beneficiaries","",""
"","230","Terms Draw Details - Valid","Personal Banking APIs - QA Test Suite","2026-09-24","passed","2026-09-24","Terms Draw Details","Rewards, Cash Tokens & Wishlists","",""
"","175","Approve Single Bulk Recipient - Invalid Token Or PIN","Personal Banking APIs - QA Test Suite","2026-09-24","failed","2026-09-24","Approve Single Bulk Recipient","Wallets, Transfers, Transactions & Fund Requests","",""
"","170","Verify NIN (Choose BVN or NIN) - Empty Fields","Personal Banking APIs - QA Test Suite","2026-09-24","passed","2026-09-24","Verify NIN (Choose BVN or NIN)","Customer Onboarding","",""
"","164","Transactions Deposit - Invalid Amount","Personal Banking APIs - QA Test Suite","2026-09-24","passed","2026-09-24","Transactions Deposit","SWAG Savings","",""
"","163","Transactions Create Wallet Product Specific - Invalid Amount","Personal Banking APIs - QA Test Suite","2026-09-24","passed","2026-09-24","Transactions Create Wallet Product Specific","Target Savings","",""
"","188","Update Single Transfer Limit - Valid","Personal Banking APIs - QA Test Suite","2026-09-24","failed","2026-09-24","Update Single Transfer Limit","Customer Profile, Accounts & Beneficiaries","",""
"","168","Admin Coins Redemption Rules - Nonexistent ID","Personal Banking APIs - QA Test Suite","2026-09-24","failed","2026-09-24","Admin Coins Redemption Rules","Rewards, Cash Tokens & Wishlists","",""
"","188","Requests - No Auth","Personal Banking APIs - QA Test Suite","2026-09-24","passed","2026-09-24","Requests","Customer Cards","",""
"","173","Create Supalock - Missing Required Field","Personal Banking APIs - QA Test Suite","2026-09-24","failed","2026-09-24","Create Supalock","Supalock Savings","",""
"","166","Wallet Interest Balance - Invalid Query","Personal Banking APIs - QA Test Suite","2026-09-24","failed","2026-09-24","Wallet Interest Balance","Save & Spend","",""
"","163","Transactions Deposit - Invalid Amount","Personal Banking APIs - QA Test Suite","2026-09-24","passed","2026-09-24","Transactions Deposit","Target Savings","",""
"","181","Inter Transfer - Invalid Token Or PIN","Personal Banking APIs - QA Test Suite","2026-09-24","passed","2026-09-24","Inter Transfer","Wallets, Transfers, Transactions & Fund Requests","",""
"","193","Tier Two Upgrade - Valid","Personal Banking APIs - QA Test Suite","2026-09-24","failed","2026-09-24","Tier Two Upgrade","KYC, Tier Upgrades & Young Moni","",""
"","308","Admin Games Rewards - Invalid Query","Personal Banking APIs - QA Test Suite","2026-09-24","failed","2026-09-24","Admin Games Rewards","Rewards, Cash Tokens & Wishlists","",""
"","160","Update Identity - No Auth","Personal Banking APIs - QA Test Suite","2026-09-24","passed","2026-09-24","Update Identity","KYC, Tier Upgrades & Young Moni","",""
"","328","Admin Games Stats - Valid","Personal Banking APIs - QA Test Suite","2026-09-24","failed","2026-09-24","Admin Games Stats","Rewards, Cash Tokens & Wishlists","",""
"","166","Create Transaction Pin - No Auth","Personal Banking APIs - QA Test Suite","2026-09-24","passed","2026-09-24","Create Transaction Pin","Login, Credentials, Security & Devices","",""
"","160","Requests Get Delivery Cost - No Auth","Personal Banking APIs - QA Test Suite","2026-09-24","passed","2026-09-24","Requests Get Delivery Cost","Customer Cards","",""
"","173","Disable - Invalid Amount","Personal Banking APIs - QA Test Suite","2026-09-24","failed","2026-09-24","Disable","Wallets, Transfers, Transactions & Fund Requests","",""
"","169","Enable - Nonexistent ID","Personal Banking APIs - QA Test Suite","2026-09-24","failed","2026-09-24","Enable","Wallets, Transfers, Transactions & Fund Requests","",""
"","302","Admin Coins Redemption Rules - No Auth","Personal Banking APIs - QA Test Suite","2026-09-24","passed","2026-09-24","Admin Coins Redemption Rules","Rewards, Cash Tokens & Wishlists","",""
"","172","Update Documents - Missing Required Field","Personal Banking APIs - QA Test Suite","2026-09-24","passed","2026-09-24","Update Documents","KYC, Tier Upgrades & Young Moni","",""
"","186","Validate Smart Card - Valid","Personal Banking APIs - QA Test Suite","2026-09-24","failed","2026-09-24","Validate Smart Card","Airtime, Data, Bills & VAS Beneficiaries","",""
"","163","Overview - Invalid Query","Personal Banking APIs - QA Test Suite","2026-09-24","failed","2026-09-24","Overview","Rewards, Cash Tokens & Wishlists","",""
"","180","Admin Upload Documents - Missing Required Field","Personal Banking APIs - QA Test Suite","2026-09-24","passed","2026-09-24","Admin Upload Documents","KYC, Tier Upgrades & Young Moni","",""
"","169","Dismiss Action - Invalid Status Or Type","Personal Banking APIs - QA Test Suite","2026-09-24","failed","2026-09-24","Dismiss Action","KYC, Tier Upgrades & Young Moni","",""
"","168","Repay - Empty Fields","Personal Banking APIs - QA Test Suite","2026-09-24","failed","2026-09-24","Repay","Kolo Connect Advances","",""
"","172","Add Item - Nonexistent ID","Personal Banking APIs - QA Test Suite","2026-09-24","passed","2026-09-24","Add Item","Rewards, Cash Tokens & Wishlists","",""
"","169","Create Supalock - Invalid Token Or PIN","Personal Banking APIs - QA Test Suite","2026-09-24","failed","2026-09-24","Create Supalock","Supalock Savings","",""
"","172","Requests - Nonexistent ID","Personal Banking APIs - QA Test Suite","2026-09-24","passed","2026-09-24","Requests","Customer Cards","",""
"","300","Admin Games Rewards - No Auth","Personal Banking APIs - QA Test Suite","2026-09-24","passed","2026-09-24","Admin Games Rewards","Rewards, Cash Tokens & Wishlists","",""
"","167","Data - Invalid Amount","Personal Banking APIs - QA Test Suite","2026-09-24","passed","2026-09-24","Data","Scheduled Payments","",""
"","171","Retrieve - Invalid Query","Personal Banking APIs - QA Test Suite","2026-09-24","failed","2026-09-24","Retrieve","Insurance","",""
"","164","Create Login Pin - Invalid Token Or PIN","Personal Banking APIs - QA Test Suite","2026-09-24","failed","2026-09-24","Create Login Pin","Login, Credentials, Security & Devices","",""
"","160","Wishlist Config Edit - No Auth","Personal Banking APIs - QA Test Suite","2026-09-24","failed","2026-09-24","Wishlist Config Edit","Rewards, Cash Tokens & Wishlists","",""
"","163","Fund Betting Wallet - Invalid Token Or PIN","Personal Banking APIs - QA Test Suite","2026-09-24","passed","2026-09-24","Fund Betting Wallet","Airtime, Data, Bills & VAS Beneficiaries","",""
"","162","Enabled Setting - No Auth","Personal Banking APIs - QA Test Suite","2026-09-24","passed","2026-09-24","Enabled Setting","Wallets, Transfers, Transactions & Fund Requests","",""
"","161","Games Check Eligibility - No Auth","Personal Banking APIs - QA Test Suite","2026-09-24","passed","2026-09-24","Games Check Eligibility","Rewards, Cash Tokens & Wishlists","",""
"","170","List - Invalid Query","Personal Banking APIs - QA Test Suite","2026-09-24","failed","2026-09-24","List","Wallets, Transfers, Transactions & Fund Requests","",""
"","163","Purchase Waec - Empty Fields","Personal Banking APIs - QA Test Suite","2026-09-24","passed","2026-09-24","Purchase Waec","Airtime, Data, Bills & VAS Beneficiaries","",""
"","203","Fee Settings - Valid","Personal Banking APIs - QA Test Suite","2026-09-24","passed","2026-09-24","Fee Settings","Customer Cards","",""
"","206","Transactions Evaluate Break - Valid","Personal Banking APIs - QA Test Suite","2026-09-24","failed","2026-09-24","Transactions Evaluate Break","Target Savings","",""
"","166","Admin Coins Rules - Invalid ID","Personal Banking APIs - QA Test Suite","2026-09-24","failed","2026-09-24","Admin Coins Rules","Rewards, Cash Tokens & Wishlists","",""
"","162","Export Fund Recipients - No Auth","Personal Banking APIs - QA Test Suite","2026-09-24","passed","2026-09-24","Export Fund Recipients","Wallets, Transfers, Transactions & Fund Requests","",""
"","187","Verify Reset Token - Valid","Personal Banking APIs - QA Test Suite","2026-09-24","failed","2026-09-24","Verify Reset Token","Login, Credentials, Security & Devices","",""
"","200","Withdraw Supalock - Valid","Personal Banking APIs - QA Test Suite","2026-09-24","failed","2026-09-24","Withdraw Supalock","Supalock Savings","",""
"","168","Young Moni Initiate Account Request - Missing Required Field","Personal Banking APIs - QA Test Suite","2026-09-24","passed","2026-09-24","Young Moni Initiate Account Request","Customer Profile, Accounts & Beneficiaries","",""
"","160","Admin Coins Rules - No Auth","Personal Banking APIs - QA Test Suite","2026-09-24","passed","2026-09-24","Admin Coins Rules","Rewards, Cash Tokens & Wishlists","",""
"","171","Redeem Insurance - Invalid Amount","Personal Banking APIs - QA Test Suite","2026-09-24","passed","2026-09-24","Redeem Insurance","Insurance","",""
"","164","Transactions Withdraw Interest - Valid","Personal Banking APIs - QA Test Suite","2026-09-24","failed","2026-09-24","Transactions Withdraw Interest","SWAG Savings","",""
"","181","Enabled Setting - Valid","Personal Banking APIs - QA Test Suite","2026-09-24","failed","2026-09-24","Enabled Setting","Wallets, Transfers, Transactions & Fund Requests","",""
"","167","Purchase Airtime - No Auth","Personal Banking APIs - QA Test Suite","2026-09-24","failed","2026-09-24","Purchase Airtime","Airtime, Data, Bills & VAS Beneficiaries","",""
"","172","Tier Two Upgrade - Missing Required Field","Personal Banking APIs - QA Test Suite","2026-09-24","passed","2026-09-24","Tier Two Upgrade","KYC, Tier Upgrades & Young Moni","",""
"","217","Transactions Update Swag Plan - Invalid Token Or PIN","Personal Banking APIs - QA Test Suite","2026-09-24","passed","2026-09-24","Transactions Update Swag Plan","SWAG Savings","",""
"","292","Transactions - Valid","Personal Banking APIs - QA Test Suite","2026-09-24","passed","2026-09-24","Transactions","Supalock Savings","",""
"","167","Admin Games Rewards - Invalid ID","Personal Banking APIs - QA Test Suite","2026-09-24","failed","2026-09-24","Admin Games Rewards","Rewards, Cash Tokens & Wishlists","",""
"","163","Purchase Cable - Missing Required Field","Personal Banking APIs - QA Test Suite","2026-09-24","passed","2026-09-24","Purchase Cable","Airtime, Data, Bills & VAS Beneficiaries","",""
"","164","Get Item Edit - Missing Required Field","Personal Banking APIs - QA Test Suite","2026-09-24","failed","2026-09-24","Get Item Edit","Rewards, Cash Tokens & Wishlists","",""
"","166","List - No Auth","Personal Banking APIs - QA Test Suite","2026-09-24","passed","2026-09-24","List","Airtime, Data, Bills & VAS Beneficiaries","",""
"","171","Airtime - Invalid Status Or Type","Personal Banking APIs - QA Test Suite","2026-09-24","passed","2026-09-24","Airtime","Scheduled Payments","",""
"","168","Find Customers By Phone - Empty Fields","Personal Banking APIs - QA Test Suite","2026-09-24","passed","2026-09-24","Find Customers By Phone","Customer Profile, Accounts & Beneficiaries","",""
"","159","Admin Games Rewards - No Auth","Personal Banking APIs - QA Test Suite","2026-09-24","passed","2026-09-24","Admin Games Rewards","Rewards, Cash Tokens & Wishlists","",""
"","161","Games Card Match - Empty Fields","Personal Banking APIs - QA Test Suite","2026-09-24","passed","2026-09-24","Games Card Match","Rewards, Cash Tokens & Wishlists","",""
"","197","Channel Settings - Empty Fields","Personal Banking APIs - QA Test Suite","2026-09-24","passed","2026-09-24","Channel Settings","Customer Cards","",""
"","161","Upload Documents - No Auth","Personal Banking APIs - QA Test Suite","2026-09-24","passed","2026-09-24","Upload Documents","KYC, Tier Upgrades & Young Moni","",""
"","722","List - Valid","Personal Banking APIs - QA Test Suite","2026-09-24","failed","2026-09-24","List","Wallets, Transfers, Transactions & Fund Requests","",""
"","192","Account Officer Request Change - Valid","Personal Banking APIs - QA Test Suite","2026-09-24","failed","2026-09-24","Account Officer Request Change","Customer Profile, Accounts & Beneficiaries","",""
"","167","Wallet - Nonexistent ID","Personal Banking APIs - QA Test Suite","2026-09-24","failed","2026-09-24","Wallet","Save & Spend","",""
"","185","Withdraw - Invalid Token Or PIN","Personal Banking APIs - QA Test Suite","2026-09-24","failed","2026-09-24","Withdraw","Rewards, Cash Tokens & Wishlists","",""
"","159","Retrieve - No Auth","Personal Banking APIs - QA Test Suite","2026-09-24","passed","2026-09-24","Retrieve","Insurance","",""
"","162","Account Officer View Rating - No Auth","Personal Banking APIs - QA Test Suite","2026-09-24","passed","2026-09-24","Account Officer View Rating","Customer Profile, Accounts & Beneficiaries","",""
"","199","Overview - Empty Fields","Personal Banking APIs - QA Test Suite","2026-09-24","passed","2026-09-24","Overview","Customer Profile, Accounts & Beneficiaries","",""
"","167","Initiate Reset Login Pin - No Auth","Personal Banking APIs - QA Test Suite","2026-09-24","passed","2026-09-24","Initiate Reset Login Pin","Login, Credentials, Security & Devices","",""
"","232","Encrypt Login - Invalid Email","Personal Banking APIs - QA Test Suite","2026-09-24","failed","2026-09-24","Encrypt Login","Login, Credentials, Security & Devices","",""
"","162","Purchase Data - Invalid Token Or PIN","Personal Banking APIs - QA Test Suite","2026-09-24","passed","2026-09-24","Purchase Data","Airtime, Data, Bills & VAS Beneficiaries","",""
"","174","Account Officer Request Change - Missing Required Field","Personal Banking APIs - QA Test Suite","2026-09-24","passed","2026-09-24","Account Officer Request Change","Customer Profile, Accounts & Beneficiaries","",""
"","181","Unblock - Invalid ID","Personal Banking APIs - QA Test Suite","2026-09-24","passed","2026-09-24","Unblock","Customer Cards","",""
"","171","Account Officer View Rating - Invalid Query","Personal Banking APIs - QA Test Suite","2026-09-24","failed","2026-09-24","Account Officer View Rating","Customer Profile, Accounts & Beneficiaries","",""
"","255","Validate Meter - Valid","Personal Banking APIs - QA Test Suite","2026-09-24","failed","2026-09-24","Validate Meter","Airtime, Data, Bills & VAS Beneficiaries","",""
"","197","Verify Device Changed - Valid","Personal Banking APIs - QA Test Suite","2026-09-24","failed","2026-09-24","Verify Device Changed","Login, Credentials, Security & Devices","",""
"","172","Upload Documents - Invalid Status Or Type","Personal Banking APIs - QA Test Suite","2026-09-24","passed","2026-09-24","Upload Documents","KYC, Tier Upgrades & Young Moni","",""
"","210","Transactions Evaluate Break - Empty Fields","Personal Banking APIs - QA Test Suite","2026-09-24","passed","2026-09-24","Transactions Evaluate Break","Target Savings","",""
"","163","Transactions Break Target - Invalid Token Or PIN","Personal Banking APIs - QA Test Suite","2026-09-24","passed","2026-09-24","Transactions Break Target","Target Savings","",""
"","168","Winner - Invalid Query","Personal Banking APIs - QA Test Suite","2026-09-24","failed","2026-09-24","Winner","Rewards, Cash Tokens & Wishlists","",""
"","171","Terms - Invalid Query","Personal Banking APIs - QA Test Suite","2026-09-24","failed","2026-09-24","Terms","Rewards, Cash Tokens & Wishlists","",""
"","214","Transactions - Valid","Personal Banking APIs - QA Test Suite","2026-09-24","passed","2026-09-24","Transactions","Target Savings","",""
"","160","Wallet - No Auth","Personal Banking APIs - QA Test Suite","2026-09-24","passed","2026-09-24","Wallet","SWAG Savings","",""
"","166","Requests Get Delivery Cost - Empty Fields","Personal Banking APIs - QA Test Suite","2026-09-24","passed","2026-09-24","Requests Get Delivery Cost","Customer Cards","",""
"","168","Transactions Break Target - Missing Required Field","Personal Banking APIs - QA Test Suite","2026-09-24","passed","2026-09-24","Transactions Break Target","Target Savings","",""
"","408","Get Cable Plans - Nonexistent ID","Personal Banking APIs - QA Test Suite","2026-09-24","failed","2026-09-24","Get Cable Plans","Airtime, Data, Bills & VAS Beneficiaries","",""
"","174","Update - Invalid Status Or Type","Personal Banking APIs - QA Test Suite","2026-09-24","passed","2026-09-24","Update","Scheduled Payments","",""
"","337","Retrieve - Nonexistent ID","Personal Banking APIs - QA Test Suite","2026-09-24","failed","2026-09-24","Retrieve","Supalock Savings","",""
"","169","Retrieve - Invalid Query","Personal Banking APIs - QA Test Suite","2026-09-24","failed","2026-09-24","Retrieve","Wallets, Transfers, Transactions & Fund Requests","",""
"","355","Types Get Supa Lock Special Interest - Invalid Query","Personal Banking APIs - QA Test Suite","2026-09-24","failed","2026-09-24","Types Get Supa Lock Special Interest","Supalock Savings","",""
"","248","Withdraw - Valid","Personal Banking APIs - QA Test Suite","2026-09-24","failed","2026-09-24","Withdraw","Rewards, Cash Tokens & Wishlists","",""
"","182","Admin Update Documents - Invalid Status Or Type","Personal Banking APIs - QA Test Suite","2026-09-24","passed","2026-09-24","Admin Update Documents","KYC, Tier Upgrades & Young Moni","",""
"","164","Verify Token - Invalid Token Or PIN","Personal Banking APIs - QA Test Suite","2026-09-24","passed","2026-09-24","Verify Token","Login, Credentials, Security & Devices","",""
"","167","Customer Submit - Missing Required Field","Personal Banking APIs - QA Test Suite","2026-09-24","passed","2026-09-24","Customer Submit","KYC, Tier Upgrades & Young Moni","",""
"","192","Wallet Download Target Statement - Valid","Personal Banking APIs - QA Test Suite","2026-09-24","failed","2026-09-24","Wallet Download Target Statement","Target Savings","",""
"","171","Approve Single Fund Request - Invalid Token Or PIN","Personal Banking APIs - QA Test Suite","2026-09-24","failed","2026-09-24","Approve Single Fund Request","Wallets, Transfers, Transactions & Fund Requests","",""
"","453","Info - Valid","Personal Banking APIs - QA Test Suite","2026-09-24","passed","2026-09-24","Info","Customer Profile, Accounts & Beneficiaries","",""
"","319","Admin Coins Rules Stats - Invalid Query","Personal Banking APIs - QA Test Suite","2026-09-24","failed","2026-09-24","Admin Coins Rules Stats","Rewards, Cash Tokens & Wishlists","",""
"","172","Purchase Data - Invalid Amount","Personal Banking APIs - QA Test Suite","2026-09-24","passed","2026-09-24","Purchase Data","Airtime, Data, Bills & VAS Beneficiaries","",""
"","163","Transactions Update Spend Wallet - Empty Fields","Personal Banking APIs - QA Test Suite","2026-09-24","passed","2026-09-24","Transactions Update Spend Wallet","Save & Spend","",""
"","174","Retrieve - Nonexistent ID","Personal Banking APIs - QA Test Suite","2026-09-24","passed","2026-09-24","Retrieve","Insurance","",""
"","158","Update Location - No Auth","Personal Banking APIs - QA Test Suite","2026-09-24","failed","2026-09-24","Update Location","Login, Credentials, Security & Devices","",""
"","172","Activate - Invalid ID","Personal Banking APIs - QA Test Suite","2026-09-24","passed","2026-09-24","Activate","Customer Cards","",""
"","172","Add Item - Empty Fields","Personal Banking APIs - QA Test Suite","2026-09-24","failed","2026-09-24","Add Item","Rewards, Cash Tokens & Wishlists","",""
"","170","Requests Request Card - Invalid Token Or PIN","Personal Banking APIs - QA Test Suite","2026-09-24","passed","2026-09-24","Requests Request Card","Customer Cards","",""
"","172","Admin Reject Upgrade Request - Invalid ID","Personal Banking APIs - QA Test Suite","2026-09-24","failed","2026-09-24","Admin Reject Upgrade Request","KYC, Tier Upgrades & Young Moni","",""
"","162","Reset Login Pin - No Auth","Personal Banking APIs - QA Test Suite","2026-09-24","passed","2026-09-24","Reset Login Pin","Login, Credentials, Security & Devices","",""
"","171","Reset Transaction Pin - Invalid Token Or PIN","Personal Banking APIs - QA Test Suite","2026-09-24","passed","2026-09-24","Reset Transaction Pin","Login, Credentials, Security & Devices","",""
"","172","Validate Meter - Missing Required Field","Personal Banking APIs - QA Test Suite","2026-09-24","failed","2026-09-24","Validate Meter","Airtime, Data, Bills & VAS Beneficiaries","",""
"","161","Transactions Break Target - Empty Fields","Personal Banking APIs - QA Test Suite","2026-09-24","passed","2026-09-24","Transactions Break Target","Target Savings","",""
"","161","Update Documents - No Auth","Personal Banking APIs - QA Test Suite","2026-09-24","passed","2026-09-24","Update Documents","KYC, Tier Upgrades & Young Moni","",""
"","319","Admin Games Rewards - Valid","Personal Banking APIs - QA Test Suite","2026-09-24","failed","2026-09-24","Admin Games Rewards","Rewards, Cash Tokens & Wishlists","",""
"","170","Get Betting Billers - No Auth","Personal Banking APIs - QA Test Suite","2026-09-24","passed","2026-09-24","Get Betting Billers","Airtime, Data, Bills & VAS Beneficiaries","",""
"","167","Admin Games Rewards - Valid","Personal Banking APIs - QA Test Suite","2026-09-24","failed","2026-09-24","Admin Games Rewards","Rewards, Cash Tokens & Wishlists","",""
"","194","Block - Valid","Personal Banking APIs - QA Test Suite","2026-09-24","failed","2026-09-24","Block","Customer Cards","",""
"","167","Wallet - Invalid Query","Personal Banking APIs - QA Test Suite","2026-09-24","failed","2026-09-24","Wallet","Save & Spend","",""
"","173","Types - Invalid Status Or Type","Personal Banking APIs - QA Test Suite","2026-09-24","failed","2026-09-24","Types","Supalock Savings","",""
"","159","Admin Devices Deactivate - No Auth","Personal Banking APIs - QA Test Suite","2026-09-24","failed","2026-09-24","Admin Devices Deactivate","Login, Credentials, Security & Devices","",""
"","171","Topup Supalock - Nonexistent ID","Personal Banking APIs - QA Test Suite","2026-09-24","failed","2026-09-24","Topup Supalock","Supalock Savings","",""
"","185","Inter Transfer - Valid","Personal Banking APIs - QA Test Suite","2026-09-24","failed","2026-09-24","Inter Transfer","Wallets, Transfers, Transactions & Fund Requests","",""
"","193","Initiate Reset Card Pin - Valid","Personal Banking APIs - QA Test Suite","2026-09-24","passed","2026-09-24","Initiate Reset Card Pin","Customer Cards","",""
"","168","Update Single Transfer Limit - Invalid Token Or PIN","Personal Banking APIs - QA Test Suite","2026-09-24","passed","2026-09-24","Update Single Transfer Limit","Customer Profile, Accounts & Beneficiaries","",""
"","176","Requests Request Card - Empty Fields","Personal Banking APIs - QA Test Suite","2026-09-24","passed","2026-09-24","Requests Request Card","Customer Cards","",""
"","182","Transactions Evaluate Target - Empty Fields","Personal Banking APIs - QA Test Suite","2026-09-24","passed","2026-09-24","Transactions Evaluate Target","Target Savings","",""
"","183","Dismiss Action - Valid","Personal Banking APIs - QA Test Suite","2026-09-24","failed","2026-09-24","Dismiss Action","KYC, Tier Upgrades & Young Moni","",""
"","259","List - Invalid Query","Personal Banking APIs - QA Test Suite","2026-09-24","failed","2026-09-24","List","KYC, Tier Upgrades & Young Moni","",""
"","173","Update Credit Stage - No Auth","Personal Banking APIs - QA Test Suite","2026-09-24","passed","2026-09-24","Update Credit Stage","Wallets, Transfers, Transactions & Fund Requests","",""
"","166","Reward With Airtime - Invalid Amount","Personal Banking APIs - QA Test Suite","2026-09-24","failed","2026-09-24","Reward With Airtime","Rewards, Cash Tokens & Wishlists","",""
"","161","Initiate Liveness Setup - Valid","Personal Banking APIs - QA Test Suite","2026-09-24","failed","2026-09-24","Initiate Liveness Setup","Login, Credentials, Security & Devices","",""
"","191","Wallet - Valid","Personal Banking APIs - QA Test Suite","2026-09-24","failed","2026-09-24","Wallet","Target Savings","",""
"","178","Create Wishlist With Items - Missing Required Field","Personal Banking APIs - QA Test Suite","2026-09-24","passed","2026-09-24","Create Wishlist With Items","Rewards, Cash Tokens & Wishlists","",""
"","164","Inter Transfer - Empty Fields","Personal Banking APIs - QA Test Suite","2026-09-24","passed","2026-09-24","Inter Transfer","Wallets, Transfers, Transactions & Fund Requests","",""
"","173","Verify BVN (Choose BVN or NIN) - Invalid Status Or Type","Personal Banking APIs - QA Test Suite","2026-09-24","passed","2026-09-24","Verify BVN (Choose BVN or NIN)","Customer Onboarding","",""
"","163","Admin Coins Redemption Rules - No Auth","Personal Banking APIs - QA Test Suite","2026-09-24","passed","2026-09-24","Admin Coins Redemption Rules","Rewards, Cash Tokens & Wishlists","",""
"","161","List - No Auth","Personal Banking APIs - QA Test Suite","2026-09-24","passed","2026-09-24","List","Customer Profile, Accounts & Beneficiaries","",""
"","166","Create - Empty Fields","Personal Banking APIs - QA Test Suite","2026-09-24","failed","2026-09-24","Create","Airtime, Data, Bills & VAS Beneficiaries","",""
"","192","Transfer - Valid","Personal Banking APIs - QA Test Suite","2026-09-24","failed","2026-09-24","Transfer","Scheduled Payments","",""
"","158","Remaining Limit Today - No Auth","Personal Banking APIs - QA Test Suite","2026-09-24","passed","2026-09-24","Remaining Limit Today","Wallets, Transfers, Transactions & Fund Requests","",""
"","319","Admin - Valid","Personal Banking APIs - QA Test Suite","2026-09-24","failed","2026-09-24","Admin","KYC, Tier Upgrades & Young Moni","",""
"","198","Youngmoni Transfer - Invalid Token Or PIN","Personal Banking APIs - QA Test Suite","2026-09-24","passed","2026-09-24","Youngmoni Transfer","Scheduled Payments","",""
"","199","List - Valid","Personal Banking APIs - QA Test Suite","2026-09-24","failed","2026-09-24","List","Wallets, Transfers, Transactions & Fund Requests","",""
"","165","Admin Devices Deactivate - Nonexistent ID","Personal Banking APIs - QA Test Suite","2026-09-24","failed","2026-09-24","Admin Devices Deactivate","Login, Credentials, Security & Devices","",""
"","401","Her Wealth Details - Valid","Personal Banking APIs - QA Test Suite","2026-09-24","failed","2026-09-24","Her Wealth Details","Customer Profile, Accounts & Beneficiaries","",""
"","163","Transactions Create Wallet - Invalid Amount","Personal Banking APIs - QA Test Suite","2026-09-24","passed","2026-09-24","Transactions Create Wallet","Target Savings","",""
"","323","Admin Request Stats - Valid","Personal Banking APIs - QA Test Suite","2026-09-24","failed","2026-09-24","Admin Request Stats","KYC, Tier Upgrades & Young Moni","",""
"","181","Update Communication Preference - Empty Fields","Personal Banking APIs - QA Test Suite","2026-09-24","passed","2026-09-24","Update Communication Preference","Customer Profile, Accounts & Beneficiaries","",""
"","172","Intra Name Enquiry By Phone - Empty Fields","Personal Banking APIs - QA Test Suite","2026-09-24","failed","2026-09-24","Intra Name Enquiry By Phone","Wallets, Transfers, Transactions & Fund Requests","",""
"","169","Games Check Eligibility - Invalid Query","Personal Banking APIs - QA Test Suite","2026-09-24","passed","2026-09-24","Games Check Eligibility","Rewards, Cash Tokens & Wishlists","",""
"","171","Proposed Contributor - Empty Fields","Personal Banking APIs - QA Test Suite","2026-09-24","passed","2026-09-24","Proposed Contributor","Rewards, Cash Tokens & Wishlists","",""
"","161","Initiate Reset Transaction Pin - Valid","Personal Banking APIs - QA Test Suite","2026-09-24","failed","2026-09-24","Initiate Reset Transaction Pin","Login, Credentials, Security & Devices","",""
"","160","Games Scratch Card - No Auth","Personal Banking APIs - QA Test Suite","2026-09-24","passed","2026-09-24","Games Scratch Card","Rewards, Cash Tokens & Wishlists","",""
"","169","Toolkit Accounts - Invalid Query","Personal Banking APIs - QA Test Suite","2026-09-24","failed","2026-09-24","Toolkit Accounts","Customer Profile, Accounts & Beneficiaries","",""
"","165","Tier One Upgrade - Invalid Status Or Type","Personal Banking APIs - QA Test Suite","2026-09-24","passed","2026-09-24","Tier One Upgrade","KYC, Tier Upgrades & Young Moni","",""
"","167","Initiate Email Update - Invalid Token Or PIN","Personal Banking APIs - QA Test Suite","2026-09-24","passed","2026-09-24","Initiate Email Update","KYC, Tier Upgrades & Young Moni","",""
"","167","Transactions Update Swag Plan - Invalid Status Or Type","Personal Banking APIs - QA Test Suite","2026-09-24","passed","2026-09-24","Transactions Update Swag Plan","SWAG Savings","",""
"","247","Reset Login Pin - Valid","Personal Banking APIs - QA Test Suite","2026-09-24","failed","2026-09-24","Reset Login Pin","Login, Credentials, Security & Devices","",""
"","309","Admin Games - Invalid Query","Personal Banking APIs - QA Test Suite","2026-09-24","failed","2026-09-24","Admin Games","Rewards, Cash Tokens & Wishlists","",""
"","165","Young Moni Upload Guardian Documents - Nonexistent ID","Personal Banking APIs - QA Test Suite","2026-09-24","passed","2026-09-24","Young Moni Upload Guardian Documents","Customer Profile, Accounts & Beneficiaries","",""
"","183","Tier One Upgrade With BVN - Valid","Personal Banking APIs - QA Test Suite","2026-09-24","failed","2026-09-24","Tier One Upgrade With BVN","KYC, Tier Upgrades & Young Moni","",""
"","172","Reject Bulk Fund Request - Missing Required Field","Personal Banking APIs - QA Test Suite","2026-09-24","failed","2026-09-24","Reject Bulk Fund Request","Wallets, Transfers, Transactions & Fund Requests","",""
"","316","Admin Games - Valid","Personal Banking APIs - QA Test Suite","2026-09-24","failed","2026-09-24","Admin Games","Rewards, Cash Tokens & Wishlists","",""
"","194","List - Invalid Query","Personal Banking APIs - QA Test Suite","2026-09-24","failed","2026-09-24","List","Insurance","",""
"","197","List - Invalid Query","Personal Banking APIs - QA Test Suite","2026-09-24","failed","2026-09-24","List","Airtime, Data, Bills & VAS Beneficiaries","",""
"","169","Find Customers By Phone - Missing Required Field","Personal Banking APIs - QA Test Suite","2026-09-24","passed","2026-09-24","Find Customers By Phone","Customer Profile, Accounts & Beneficiaries","",""
"","186","Reject Single Bulk Recipient - Valid","Personal Banking APIs - QA Test Suite","2026-09-24","failed","2026-09-24","Reject Single Bulk Recipient","Wallets, Transfers, Transactions & Fund Requests","",""
"","161","Wallet - No Auth","Personal Banking APIs - QA Test Suite","2026-09-24","passed","2026-09-24","Wallet","Target Savings","",""
"","168","Young Moni Requests - Invalid ID","Personal Banking APIs - QA Test Suite","2026-09-24","failed","2026-09-24","Young Moni Requests","KYC, Tier Upgrades & Young Moni","",""
"","172","Set Password & Create Pending User - Invalid Token Or PIN","Personal Banking APIs - QA Test Suite","2026-09-24","passed","2026-09-24","Set Password & Create Pending User","Customer Onboarding","",""
"","162","Kyc Level Count - No Auth","Personal Banking APIs - QA Test Suite","2026-09-24","passed","2026-09-24","Kyc Level Count","Customer Profile, Accounts & Beneficiaries","",""
"","162","Wallet Total Balance - No Auth","Personal Banking APIs - QA Test Suite","2026-09-24","passed","2026-09-24","Wallet Total Balance","Target Savings","",""
"","179","Verify NIN (Choose BVN or NIN) - Invalid Status Or Type","Personal Banking APIs - QA Test Suite","2026-09-24","passed","2026-09-24","Verify NIN (Choose BVN or NIN)","Customer Onboarding","",""
"","175","Verify NIN (Choose BVN or NIN) - Missing Required Field","Personal Banking APIs - QA Test Suite","2026-09-24","passed","2026-09-24","Verify NIN (Choose BVN or NIN)","Customer Onboarding","",""
"","159","Validate Smart Card - No Auth","Personal Banking APIs - QA Test Suite","2026-09-24","passed","2026-09-24","Validate Smart Card","Airtime, Data, Bills & VAS Beneficiaries","",""
"","159","Young Moni Requests - No Auth","Personal Banking APIs - QA Test Suite","2026-09-24","passed","2026-09-24","Young Moni Requests","KYC, Tier Upgrades & Young Moni","",""
"","165","Partial - Invalid ID","Personal Banking APIs - QA Test Suite","2026-09-24","passed","2026-09-24","Partial","Airtime, Data, Bills & VAS Beneficiaries","",""
"","160","List - No Auth","Personal Banking APIs - QA Test Suite","2026-09-24","passed","2026-09-24","List","Scheduled Payments","",""
"","167","Fund Betting Wallet - Valid","Personal Banking APIs - QA Test Suite","2026-09-24","failed","2026-09-24","Fund Betting Wallet","Airtime, Data, Bills & VAS Beneficiaries","",""
"","190","List - Invalid Query","Personal Banking APIs - QA Test Suite","2026-09-24","failed","2026-09-24","List","Customer Profile, Accounts & Beneficiaries","",""
"","162","Partial - No Auth","Personal Banking APIs - QA Test Suite","2026-09-24","passed","2026-09-24","Partial","Airtime, Data, Bills & VAS Beneficiaries","",""
"","183","Enable - Valid","Personal Banking APIs - QA Test Suite","2026-09-24","failed","2026-09-24","Enable","Wallets, Transfers, Transactions & Fund Requests","",""
"","160","Create Wishlist - No Auth","Personal Banking APIs - QA Test Suite","2026-09-24","passed","2026-09-24","Create Wishlist","Rewards, Cash Tokens & Wishlists","",""
"","173","Transactions Deposit - No Auth","Personal Banking APIs - QA Test Suite","2026-09-24","failed","2026-09-24","Transactions Deposit","Target Savings","",""
"","170","Setup Liveness Image - Missing Required Field","Personal Banking APIs - QA Test Suite","2026-09-24","passed","2026-09-24","Setup Liveness Image","Login, Credentials, Security & Devices","",""
"","164","Young Moni Documents - No Auth","Personal Banking APIs - QA Test Suite","2026-09-24","passed","2026-09-24","Young Moni Documents","KYC, Tier Upgrades & Young Moni","",""
"","172","Retrieve - Nonexistent ID","Personal Banking APIs - QA Test Suite","2026-09-24","failed","2026-09-24","Retrieve","Airtime, Data, Bills & VAS Beneficiaries","",""
"","159","Wishlist Config Edit - Empty Fields","Personal Banking APIs - QA Test Suite","2026-09-24","failed","2026-09-24","Wishlist Config Edit","Rewards, Cash Tokens & Wishlists","",""
"","248","Unblock - Empty Fields","Personal Banking APIs - QA Test Suite","2026-09-24","failed","2026-09-24","Unblock","Customer Cards","",""
"","178","Redeem Insurance - Missing Required Field","Personal Banking APIs - QA Test Suite","2026-09-24","passed","2026-09-24","Redeem Insurance","Insurance","",""
"","160","Retrieve - No Auth","Personal Banking APIs - QA Test Suite","2026-09-24","passed","2026-09-24","Retrieve","Airtime, Data, Bills & VAS Beneficiaries","",""
"","160","Tier Progress - No Auth","Personal Banking APIs - QA Test Suite","2026-09-24","passed","2026-09-24","Tier Progress","Rewards, Cash Tokens & Wishlists","",""
"","197","Retrieve - Valid","Personal Banking APIs - QA Test Suite","2026-09-24","failed","2026-09-24","Retrieve","Customer Profile, Accounts & Beneficiaries","",""
"","166","Admin Coins Rules - Invalid Amount","Personal Banking APIs - QA Test Suite","2026-09-24","failed","2026-09-24","Admin Coins Rules","Rewards, Cash Tokens & Wishlists","",""
"","258","List - No Auth","Personal Banking APIs - QA Test Suite","2026-09-24","passed","2026-09-24","List","Kolo Connect Advances","",""
"","163","Repay - No Auth","Personal Banking APIs - QA Test Suite","2026-09-24","passed","2026-09-24","Repay","Kolo Connect Advances","",""
"","172","Tier One Upgrade - Empty Fields","Personal Banking APIs - QA Test Suite","2026-09-24","passed","2026-09-24","Tier One Upgrade","KYC, Tier Upgrades & Young Moni","",""
"","305","Reset Transaction Pin - Valid","Personal Banking APIs - QA Test Suite","2026-09-24","failed","2026-09-24","Reset Transaction Pin","Login, Credentials, Security & Devices","",""
"","191","Winner Dismiss Action - Valid","Personal Banking APIs - QA Test Suite","2026-09-24","failed","2026-09-24","Winner Dismiss Action","Rewards, Cash Tokens & Wishlists","",""
"","169","Create Password - Invalid Token Or PIN","Personal Banking APIs - QA Test Suite","2026-09-24","passed","2026-09-24","Create Password","Login, Credentials, Security & Devices","",""
"","232","Disable - Nonexistent ID","Personal Banking APIs - QA Test Suite","2026-09-24","failed","2026-09-24","Disable","Wallets, Transfers, Transactions & Fund Requests","",""
"","177","Verify Phone OTP - Empty Fields","Personal Banking APIs - QA Test Suite","2026-09-24","passed","2026-09-24","Verify Phone OTP","Customer Onboarding","",""
"","168","Intra Name Enquiry By Phone - No Auth","Personal Banking APIs - QA Test Suite","2026-09-24","passed","2026-09-24","Intra Name Enquiry By Phone","Wallets, Transfers, Transactions & Fund Requests","",""
"","164","Wishlist Config Edit - Invalid Amount","Personal Banking APIs - QA Test Suite","2026-09-24","failed","2026-09-24","Wishlist Config Edit","Rewards, Cash Tokens & Wishlists","",""
"","176","Reward With Cashback - Missing Required Field","Personal Banking APIs - QA Test Suite","2026-09-24","failed","2026-09-24","Reward With Cashback","Rewards, Cash Tokens & Wishlists","",""
"","168","Partial - Missing Required Field","Personal Banking APIs - QA Test Suite","2026-09-24","failed","2026-09-24","Partial","Wallets, Transfers, Transactions & Fund Requests","",""
"","257","Topup Supalock - Valid","Personal Banking APIs - QA Test Suite","2026-09-24","failed","2026-09-24","Topup Supalock","Supalock Savings","",""
"","178","Tier One Upgrade - Valid","Personal Banking APIs - QA Test Suite","2026-09-24","failed","2026-09-24","Tier One Upgrade","KYC, Tier Upgrades & Young Moni","",""
"","179","Transaction - Invalid ID","Personal Banking APIs - QA Test Suite","2026-09-24","failed","2026-09-24","Transaction","Airtime, Data, Bills & VAS Beneficiaries","",""
"","172","Topup Supalock - Invalid Amount","Personal Banking APIs - QA Test Suite","2026-09-24","failed","2026-09-24","Topup Supalock","Supalock Savings","",""
"","163","Fund Betting Wallet - Empty Fields","Personal Banking APIs - QA Test Suite","2026-09-24","passed","2026-09-24","Fund Betting Wallet","Airtime, Data, Bills & VAS Beneficiaries","",""
"","164","Transactions Break Wallet - Valid","Personal Banking APIs - QA Test Suite","2026-09-24","failed","2026-09-24","Transactions Break Wallet","Save & Spend","",""
"","534","Profile - Valid","Personal Banking APIs - QA Test Suite","2026-09-24","passed","2026-09-24","Profile","Customer Profile, Accounts & Beneficiaries","",""
"","170","Get Item - No Auth","Personal Banking APIs - QA Test Suite","2026-09-24","failed","2026-09-24","Get Item","Rewards, Cash Tokens & Wishlists","",""
"","180","Admin Coins Redemption Rules - Valid","Personal Banking APIs - QA Test Suite","2026-09-24","failed","2026-09-24","Admin Coins Redemption Rules","Rewards, Cash Tokens & Wishlists","",""
"","172","Verify Email Update - Missing Required Field","Personal Banking APIs - QA Test Suite","2026-09-24","passed","2026-09-24","Verify Email Update","KYC, Tier Upgrades & Young Moni","",""
"","202","Create - Valid","Personal Banking APIs - QA Test Suite","2026-09-24","passed","2026-09-24","Create","Airtime, Data, Bills & VAS Beneficiaries","",""
"","169","Document Delete - Nonexistent ID","Personal Banking APIs - QA Test Suite","2026-09-24","failed","2026-09-24","Document Delete","KYC, Tier Upgrades & Young Moni","",""
"","250","List - Valid","Personal Banking APIs - QA Test Suite","2026-09-24","failed","2026-09-24","List","Supalock Savings","",""
"","162","Transactions Create Wallet Product Specific - Invalid Token Or PIN","Personal Banking APIs - QA Test Suite","2026-09-24","passed","2026-09-24","Transactions Create Wallet Product Specific","Target Savings","",""
"","174","Withdraw Cashback - Nonexistent ID","Personal Banking APIs - QA Test Suite","2026-09-24","failed","2026-09-24","Withdraw Cashback","Wallets, Transfers, Transactions & Fund Requests","",""
"","400","Total Young Moni Balance - Valid","Personal Banking APIs - QA Test Suite","2026-09-24","passed","2026-09-24","Total Young Moni Balance","Customer Profile, Accounts & Beneficiaries","",""
"","171","Validate Jamb Profile - Empty Fields","Personal Banking APIs - QA Test Suite","2026-09-24","failed","2026-09-24","Validate Jamb Profile","Airtime, Data, Bills & VAS Beneficiaries","",""
"","169","Activate - Invalid Token Or PIN","Personal Banking APIs - QA Test Suite","2026-09-24","failed","2026-09-24","Activate","Customer Cards","",""
"","174","Cancel Schedule Payment - Empty Fields","Personal Banking APIs - QA Test Suite","2026-09-24","passed","2026-09-24","Cancel Schedule Payment","Scheduled Payments","",""
"","186","Admin Admin Tier Two Upgrade - Valid","Personal Banking APIs - QA Test Suite","2026-09-24","failed","2026-09-24","Admin Admin Tier Two Upgrade","KYC, Tier Upgrades & Young Moni","",""
"","161","Young Moni - No Auth","Personal Banking APIs - QA Test Suite","2026-09-24","passed","2026-09-24","Young Moni","Customer Profile, Accounts & Beneficiaries","",""
"","178","Reset Transaction Pin - Empty Fields","Personal Banking APIs - QA Test Suite","2026-09-24","passed","2026-09-24","Reset Transaction Pin","Login, Credentials, Security & Devices","",""
"","164","Create Transaction Pin - Empty Fields","Personal Banking APIs - QA Test Suite","2026-09-24","failed","2026-09-24","Create Transaction Pin","Login, Credentials, Security & Devices","",""
"","168","Create Insurance - Missing Required Field","Personal Banking APIs - QA Test Suite","2026-09-24","passed","2026-09-24","Create Insurance","Insurance","",""
"","199","Dismiss Action - Missing Required Field","Personal Banking APIs - QA Test Suite","2026-09-24","failed","2026-09-24","Dismiss Action","KYC, Tier Upgrades & Young Moni","",""
"","211","Account Officer View Rating - Valid","Personal Banking APIs - QA Test Suite","2026-09-24","passed","2026-09-24","Account Officer View Rating","Customer Profile, Accounts & Beneficiaries","",""
"","160","Young Moni Documents Action Document - No Auth","Personal Banking APIs - QA Test Suite","2026-09-24","passed","2026-09-24","Young Moni Documents Action Document","KYC, Tier Upgrades & Young Moni","",""
"","180","Wallet - Valid","Personal Banking APIs - QA Test Suite","2026-09-24","failed","2026-09-24","Wallet","Save & Spend","",""
"","244","List - Valid","Personal Banking APIs - QA Test Suite","2026-09-24","passed","2026-09-24","List","KYC, Tier Upgrades & Young Moni","",""
"","158","Winner - No Auth","Personal Banking APIs - QA Test Suite","2026-09-24","passed","2026-09-24","Winner","Rewards, Cash Tokens & Wishlists","",""
"","170","Redeem Insurance - Invalid Email","Personal Banking APIs - QA Test Suite","2026-09-24","passed","2026-09-24","Redeem Insurance","Insurance","",""
"","179","Retrieve - Invalid Query","Personal Banking APIs - QA Test Suite","2026-09-24","failed","2026-09-24","Retrieve","Wallets, Transfers, Transactions & Fund Requests","",""
"","186","Types - Nonexistent ID","Personal Banking APIs - QA Test Suite","2026-09-24","passed","2026-09-24","Types","Supalock Savings","",""
"","167","Download Statement - No Auth","Personal Banking APIs - QA Test Suite","2026-09-24","passed","2026-09-24","Download Statement","Wallets, Transfers, Transactions & Fund Requests","",""
"","178","Transactions - Invalid Query","Personal Banking APIs - QA Test Suite","2026-09-24","failed","2026-09-24","Transactions","Wallets, Transfers, Transactions & Fund Requests","",""
"","164","Create Login Pin - Empty Fields","Personal Banking APIs - QA Test Suite","2026-09-24","failed","2026-09-24","Create Login Pin","Login, Credentials, Security & Devices","",""
"","461","Create Wishlist - Valid","Personal Banking APIs - QA Test Suite","2026-09-24","failed","2026-09-24","Create Wishlist","Rewards, Cash Tokens & Wishlists","",""
"","167","Admin Coins Rules - Invalid Status Or Type","Personal Banking APIs - QA Test Suite","2026-09-24","failed","2026-09-24","Admin Coins Rules","Rewards, Cash Tokens & Wishlists","",""
"","186","Approve Single Fund Request - Valid","Personal Banking APIs - QA Test Suite","2026-09-24","failed","2026-09-24","Approve Single Fund Request","Wallets, Transfers, Transactions & Fund Requests","",""
"","168","Games Card Match - Missing Required Field","Personal Banking APIs - QA Test Suite","2026-09-24","passed","2026-09-24","Games Card Match","Rewards, Cash Tokens & Wishlists","",""
"","175","Create Her Wealth - Missing Required Field","Personal Banking APIs - QA Test Suite","2026-09-24","passed","2026-09-24","Create Her Wealth","Customer Profile, Accounts & Beneficiaries","",""
"","170","Reject Bulk Fund Request - Invalid Token Or PIN","Personal Banking APIs - QA Test Suite","2026-09-24","failed","2026-09-24","Reject Bulk Fund Request","Wallets, Transfers, Transactions & Fund Requests","",""
"","180","Transactions Evaluate Target - Invalid Amount","Personal Banking APIs - QA Test Suite","2026-09-24","passed","2026-09-24","Transactions Evaluate Target","Target Savings","",""
"","170","Verify Reset Token - Invalid Status Or Type","Personal Banking APIs - QA Test Suite","2026-09-24","passed","2026-09-24","Verify Reset Token","Login, Credentials, Security & Devices","",""
"","182","Young Moni Requests - Valid","Personal Banking APIs - QA Test Suite","2026-09-24","failed","2026-09-24","Young Moni Requests","KYC, Tier Upgrades & Young Moni","",""
"","401","Her Wealth Details - Invalid Query","Personal Banking APIs - QA Test Suite","2026-09-24","passed","2026-09-24","Her Wealth Details","Customer Profile, Accounts & Beneficiaries","",""
"","173","Winner Dismiss Action - Nonexistent ID","Personal Banking APIs - QA Test Suite","2026-09-24","passed","2026-09-24","Winner Dismiss Action","Rewards, Cash Tokens & Wishlists","",""
"","170","Reject Single Fund Request - Missing Required Field","Personal Banking APIs - QA Test Suite","2026-09-24","failed","2026-09-24","Reject Single Fund Request","Wallets, Transfers, Transactions & Fund Requests","",""
"","170","Partial - Missing Required Field","Personal Banking APIs - QA Test Suite","2026-09-24","failed","2026-09-24","Partial","Airtime, Data, Bills & VAS Beneficiaries","",""
"","175","Validate Jamb Profile - Missing Required Field","Personal Banking APIs - QA Test Suite","2026-09-24","failed","2026-09-24","Validate Jamb Profile","Airtime, Data, Bills & VAS Beneficiaries","",""
"","176","Retrieve - Invalid ID","Personal Banking APIs - QA Test Suite","2026-09-24","passed","2026-09-24","Retrieve","Airtime, Data, Bills & VAS Beneficiaries","",""
"","159","Transactions - No Auth","Personal Banking APIs - QA Test Suite","2026-09-24","passed","2026-09-24","Transactions","SWAG Savings","",""
"","158","List - No Auth","Personal Banking APIs - QA Test Suite","2026-09-24","passed","2026-09-24","List","Wallets, Transfers, Transactions & Fund Requests","",""
"","173","Recipients - Invalid ID","Personal Banking APIs - QA Test Suite","2026-09-24","failed","2026-09-24","Recipients","Wallets, Transfers, Transactions & Fund Requests","",""
"","168","Request Account Reactivation - Empty Fields","Personal Banking APIs - QA Test Suite","2026-09-24","passed","2026-09-24","Request Account Reactivation","KYC, Tier Upgrades & Young Moni","",""
"","171","Verify Device Changed - Invalid Token Or PIN","Personal Banking APIs - QA Test Suite","2026-09-24","passed","2026-09-24","Verify Device Changed","Login, Credentials, Security & Devices","",""
"","158","Games - No Auth","Personal Banking APIs - QA Test Suite","2026-09-24","passed","2026-09-24","Games","Rewards, Cash Tokens & Wishlists","",""
"","161","Find Account Banks - No Auth","Personal Banking APIs - QA Test Suite","2026-09-24","passed","2026-09-24","Find Account Banks","Customer Profile, Accounts & Beneficiaries","",""
"","174","Airtime - Invalid Amount","Personal Banking APIs - QA Test Suite","2026-09-24","passed","2026-09-24","Airtime","Scheduled Payments","",""
"","171","Retrieve - Invalid Query","Personal Banking APIs - QA Test Suite","2026-09-24","failed","2026-09-24","Retrieve","Airtime, Data, Bills & VAS Beneficiaries","",""
"","168","Upload Documents - Missing Required Field","Personal Banking APIs - QA Test Suite","2026-09-24","passed","2026-09-24","Upload Documents","KYC, Tier Upgrades & Young Moni","",""
"","168","Document Update Status - Empty Fields","Personal Banking APIs - QA Test Suite","2026-09-24","failed","2026-09-24","Document Update Status","KYC, Tier Upgrades & Young Moni","",""
"","183","Admin Coins Rules - Invalid Amount","Personal Banking APIs - QA Test Suite","2026-09-24","failed","2026-09-24","Admin Coins Rules","Rewards, Cash Tokens & Wishlists","",""
"","182","Retrieve - Valid","Personal Banking APIs - QA Test Suite","2026-09-24","failed","2026-09-24","Retrieve","Wallets, Transfers, Transactions & Fund Requests","",""
"","186","Reset Pin - Valid","Personal Banking APIs - QA Test Suite","2026-09-24","failed","2026-09-24","Reset Pin","Customer Cards","",""
"","174","List - Valid","Personal Banking APIs - QA Test Suite","2026-09-24","failed","2026-09-24","List","Wallets, Transfers, Transactions & Fund Requests","",""
"","161","Customer Submit - No Auth","Personal Banking APIs - QA Test Suite","2026-09-24","passed","2026-09-24","Customer Submit","KYC, Tier Upgrades & Young Moni","",""
"","178","Retrieve - Valid","Personal Banking APIs - QA Test Suite","2026-09-24","failed","2026-09-24","Retrieve","Wallets, Transfers, Transactions & Fund Requests","",""
"","163","Transactions Update Swag Plan - No Auth","Personal Banking APIs - QA Test Suite","2026-09-24","failed","2026-09-24","Transactions Update Swag Plan","SWAG Savings","",""
"","166","Create - Missing Required Field","Personal Banking APIs - QA Test Suite","2026-09-24","failed","2026-09-24","Create","Airtime, Data, Bills & VAS Beneficiaries","",""
"","178","Inter Transfer - No Auth","Personal Banking APIs - QA Test Suite","2026-09-24","failed","2026-09-24","Inter Transfer","Wallets, Transfers, Transactions & Fund Requests","",""
"","310","Admin - Nonexistent ID","Personal Banking APIs - QA Test Suite","2026-09-24","failed","2026-09-24","Admin","KYC, Tier Upgrades & Young Moni","",""
"","309","Admin - Invalid ID","Personal Banking APIs - QA Test Suite","2026-09-24","failed","2026-09-24","Admin","KYC, Tier Upgrades & Young Moni","",""
"","192","Partial - Valid","Personal Banking APIs - QA Test Suite","2026-09-24","passed","2026-09-24","Partial","Airtime, Data, Bills & VAS Beneficiaries","",""
"","186","Types - Invalid ID","Personal Banking APIs - QA Test Suite","2026-09-24","passed","2026-09-24","Types","Supalock Savings","",""
"","167","Upload Bulk Fund Request - Empty Fields","Personal Banking APIs - QA Test Suite","2026-09-24","passed","2026-09-24","Upload Bulk Fund Request","Wallets, Transfers, Transactions & Fund Requests","",""
"","161","Reject Bulk Fund Request - No Auth","Personal Banking APIs - QA Test Suite","2026-09-24","passed","2026-09-24","Reject Bulk Fund Request","Wallets, Transfers, Transactions & Fund Requests","",""
"","181","Repayment Plan - Valid","Personal Banking APIs - QA Test Suite","2026-09-24","failed","2026-09-24","Repayment Plan","Kolo Connect Advances","",""
"","178","Retrieve - Nonexistent ID","Personal Banking APIs - QA Test Suite","2026-09-24","failed","2026-09-24","Retrieve","Kolo Connect Advances","",""
"","168","List - No Auth","Personal Banking APIs - QA Test Suite","2026-09-24","passed","2026-09-24","List","Customer Cards","",""
"","166","Admin Coins Rules - Invalid ID","Personal Banking APIs - QA Test Suite","2026-09-24","failed","2026-09-24","Admin Coins Rules","Rewards, Cash Tokens & Wishlists","",""
"","171","Customer Submit - Empty Fields","Personal Banking APIs - QA Test Suite","2026-09-24","passed","2026-09-24","Customer Submit","KYC, Tier Upgrades & Young Moni","",""
"","160","List - No Auth","Personal Banking APIs - QA Test Suite","2026-09-24","passed","2026-09-24","List","Airtime, Data, Bills & VAS Beneficiaries","",""
"","173","List - Invalid Query","Personal Banking APIs - QA Test Suite","2026-09-24","failed","2026-09-24","List","Wallets, Transfers, Transactions & Fund Requests","",""
"","187","Account Officer Change Request - Nonexistent ID","Personal Banking APIs - QA Test Suite","2026-09-24","passed","2026-09-24","Account Officer Change Request","Customer Profile, Accounts & Beneficiaries","",""
"","162","Types - No Auth","Personal Banking APIs - QA Test Suite","2026-09-24","passed","2026-09-24","Types","Supalock Savings","",""
"","168","Update Identity - Invalid Status Or Type","Personal Banking APIs - QA Test Suite","2026-09-24","passed","2026-09-24","Update Identity","KYC, Tier Upgrades & Young Moni","",""
"","182","Transactions Update Swag Monthly Rollover - Valid","Personal Banking APIs - QA Test Suite","2026-09-24","failed","2026-09-24","Transactions Update Swag Monthly Rollover","SWAG Savings","",""
"","172","Update Location - Nonexistent ID","Personal Banking APIs - QA Test Suite","2026-09-24","failed","2026-09-24","Update Location","Login, Credentials, Security & Devices","",""
"","167","Young Moni Requests Complete Review - Nonexistent ID","Personal Banking APIs - QA Test Suite","2026-09-24","failed","2026-09-24","Young Moni Requests Complete Review","KYC, Tier Upgrades & Young Moni","",""
"","190","Unblock - Valid","Personal Banking APIs - QA Test Suite","2026-09-24","failed","2026-09-24","Unblock","Customer Cards","",""
"","185","Perform Action - Valid","Personal Banking APIs - QA Test Suite","2026-09-24","failed","2026-09-24","Perform Action","Rewards, Cash Tokens & Wishlists","",""
"","166","Verify Token - Empty Fields","Personal Banking APIs - QA Test Suite","2026-09-24","passed","2026-09-24","Verify Token","Login, Credentials, Security & Devices","",""
"","166","Get Item Edit - Empty Fields","Personal Banking APIs - QA Test Suite","2026-09-24","failed","2026-09-24","Get Item Edit","Rewards, Cash Tokens & Wishlists","",""
"","163","Purchase Epin - Invalid Amount","Personal Banking APIs - QA Test Suite","2026-09-24","passed","2026-09-24","Purchase Epin","Airtime, Data, Bills & VAS Beneficiaries","",""
"","230","Terms - Valid","Personal Banking APIs - QA Test Suite","2026-09-24","passed","2026-09-24","Terms","Rewards, Cash Tokens & Wishlists","",""
"","187","Account Officer Rate Officer - Valid","Personal Banking APIs - QA Test Suite","2026-09-24","failed","2026-09-24","Account Officer Rate Officer","Customer Profile, Accounts & Beneficiaries","",""
"","161","Verify Alias Phone Number - No Auth","Personal Banking APIs - QA Test Suite","2026-09-24","passed","2026-09-24","Verify Alias Phone Number","Customer Profile, Accounts & Beneficiaries","",""
"","168","Get Item - Invalid ID","Personal Banking APIs - QA Test Suite","2026-09-24","passed","2026-09-24","Get Item","Rewards, Cash Tokens & Wishlists","",""
"","206","List - Invalid Query","Personal Banking APIs - QA Test Suite","2026-09-24","failed","2026-09-24","List","Kolo Connect Advances","",""
"","161","Verify Phone Number - Invalid Token Or PIN","Personal Banking APIs - QA Test Suite","2026-09-24","failed","2026-09-24","Verify Phone Number","Login, Credentials, Security & Devices","",""
"","165","Purchase Waec - Invalid Token Or PIN","Personal Banking APIs - QA Test Suite","2026-09-24","passed","2026-09-24","Purchase Waec","Airtime, Data, Bills & VAS Beneficiaries","",""
"","166","Create Wishlist - Empty Fields","Personal Banking APIs - QA Test Suite","2026-09-24","passed","2026-09-24","Create Wishlist","Rewards, Cash Tokens & Wishlists","",""
"","161","Channel Settings - No Auth","Personal Banking APIs - QA Test Suite","2026-09-24","passed","2026-09-24","Channel Settings","Customer Cards","",""
"","163","Login With Pin - Missing Required Field","Personal Banking APIs - QA Test Suite","2026-09-24","passed","2026-09-24","Login With Pin","Login, Credentials, Security & Devices","",""
"","161","Disable - No Auth","Personal Banking APIs - QA Test Suite","2026-09-24","passed","2026-09-24","Disable","Wallets, Transfers, Transactions & Fund Requests","",""
"","190","Pay Schedule Early - Valid","Personal Banking APIs - QA Test Suite","2026-09-24","failed","2026-09-24","Pay Schedule Early","Scheduled Payments","",""
"","161","Withdraw Cashback - No Auth","Personal Banking APIs - QA Test Suite","2026-09-24","passed","2026-09-24","Withdraw Cashback","Wallets, Transfers, Transactions & Fund Requests","",""
"","168","Airtime - Missing Required Field","Personal Banking APIs - QA Test Suite","2026-09-24","passed","2026-09-24","Airtime","Scheduled Payments","",""
"","165","Create - Invalid Amount","Personal Banking APIs - QA Test Suite","2026-09-24","passed","2026-09-24","Create","Wallets, Transfers, Transactions & Fund Requests","",""
"","161","Payment Merchant - No Auth","Personal Banking APIs - QA Test Suite","2026-09-24","passed","2026-09-24","Payment Merchant","Customer Cards","",""
"","159","List - No Auth","Personal Banking APIs - QA Test Suite","2026-09-24","passed","2026-09-24","List","Airtime, Data, Bills & VAS Beneficiaries","",""
"","192","Request Alias Phone Verification - Valid","Personal Banking APIs - QA Test Suite","2026-09-24","failed","2026-09-24","Request Alias Phone Verification","Customer Profile, Accounts & Beneficiaries","",""
"","163","Transactions Deposit - Invalid Token Or PIN","Personal Banking APIs - QA Test Suite","2026-09-24","passed","2026-09-24","Transactions Deposit","Target Savings","",""
"","164","Single Fund Request - Empty Fields","Personal Banking APIs - QA Test Suite","2026-09-24","passed","2026-09-24","Single Fund Request","Wallets, Transfers, Transactions & Fund Requests","",""
"","165","Reset Password - Empty Fields","Personal Banking APIs - QA Test Suite","2026-09-24","passed","2026-09-24","Reset Password","Login, Credentials, Security & Devices","",""
"","168","List Documents - Invalid Query","Personal Banking APIs - QA Test Suite","2026-09-24","failed","2026-09-24","List Documents","KYC, Tier Upgrades & Young Moni","",""
"","172","Repay - Missing Required Field","Personal Banking APIs - QA Test Suite","2026-09-24","failed","2026-09-24","Repay","Kolo Connect Advances","",""
"","162","Create Wishlist With Items - Empty Fields","Personal Banking APIs - QA Test Suite","2026-09-24","passed","2026-09-24","Create Wishlist With Items","Rewards, Cash Tokens & Wishlists","",""
"","308","Admin Coins Redemption Rules - Invalid ID","Personal Banking APIs - QA Test Suite","2026-09-24","failed","2026-09-24","Admin Coins Redemption Rules","Rewards, Cash Tokens & Wishlists","",""
"","260","Youngmoni Transfer - Invalid Amount","Personal Banking APIs - QA Test Suite","2026-09-24","passed","2026-09-24","Youngmoni Transfer","Scheduled Payments","",""
"","308","Admin Games Sessions - Invalid ID","Personal Banking APIs - QA Test Suite","2026-09-24","failed","2026-09-24","Admin Games Sessions","Rewards, Cash Tokens & Wishlists","",""
"","164","Young Moni Upload Guardian Documents - Valid","Personal Banking APIs - QA Test Suite","2026-09-24","failed","2026-09-24","Young Moni Upload Guardian Documents","Customer Profile, Accounts & Beneficiaries","",""
"","164","Verify Token - Invalid Status Or Type","Personal Banking APIs - QA Test Suite","2026-09-24","passed","2026-09-24","Verify Token","Login, Credentials, Security & Devices","",""
"","167","Wallet - Invalid Query","Personal Banking APIs - QA Test Suite","2026-09-24","failed","2026-09-24","Wallet","Target Savings","",""
"","181","Continue With Email - Missing Required Field","Personal Banking APIs - QA Test Suite","2026-09-24","passed","2026-09-24","Continue With Email","Customer Onboarding","",""
"","162","Purchase Electricity - No Auth","Personal Banking APIs - QA Test Suite","2026-09-24","failed","2026-09-24","Purchase Electricity","Airtime, Data, Bills & VAS Beneficiaries","",""
"","162","Providers - No Auth","Personal Banking APIs - QA Test Suite","2026-09-24","passed","2026-09-24","Providers","Insurance","",""
"","161","Partial - No Auth","Personal Banking APIs - QA Test Suite","2026-09-24","passed","2026-09-24","Partial","Airtime, Data, Bills & VAS Beneficiaries","",""
"","182","Admin Admin Tier Zero Upgrade - Valid","Personal Banking APIs - QA Test Suite","2026-09-24","failed","2026-09-24","Admin Admin Tier Zero Upgrade","KYC, Tier Upgrades & Young Moni","",""
"","251","List - Valid","Personal Banking APIs - QA Test Suite","2026-09-24","failed","2026-09-24","List","Kolo Connect Advances","",""
"","162","Transactions Update Spend Wallet - Invalid ID","Personal Banking APIs - QA Test Suite","2026-09-24","passed","2026-09-24","Transactions Update Spend Wallet","Save & Spend","",""
"","220","Add Item - Valid","Personal Banking APIs - QA Test Suite","2026-09-24","failed","2026-09-24","Add Item","Rewards, Cash Tokens & Wishlists","",""
"","162","Young Moni Upload Guardian Documents - Empty Fields","Personal Banking APIs - QA Test Suite","2026-09-24","failed","2026-09-24","Young Moni Upload Guardian Documents","Customer Profile, Accounts & Beneficiaries","",""
"","689","List - Valid","Personal Banking APIs - QA Test Suite","2026-09-24","passed","2026-09-24","List","Customer Profile, Accounts & Beneficiaries","",""
"","167","Games Get Rewards - Invalid Query","Personal Banking APIs - QA Test Suite","2026-09-24","passed","2026-09-24","Games Get Rewards","Rewards, Cash Tokens & Wishlists","",""
"","165","Intra Transfer - No Auth","Personal Banking APIs - QA Test Suite","2026-09-24","failed","2026-09-24","Intra Transfer","Wallets, Transfers, Transactions & Fund Requests","",""
"","169","Transactions - Invalid Query","Personal Banking APIs - QA Test Suite","2026-09-24","failed","2026-09-24","Transactions","SWAG Savings","",""
"","184","Disable - Valid","Personal Banking APIs - QA Test Suite","2026-09-24","failed","2026-09-24","Disable","Wallets, Transfers, Transactions & Fund Requests","",""
"","189","List - Valid","Personal Banking APIs - QA Test Suite","2026-09-24","failed","2026-09-24","List","Airtime, Data, Bills & VAS Beneficiaries","",""
"","160","Retrieve - No Auth","Personal Banking APIs - QA Test Suite","2026-09-24","passed","2026-09-24","Retrieve","Wallets, Transfers, Transactions & Fund Requests","",""
"","167","Retrieve - Invalid Query","Personal Banking APIs - QA Test Suite","2026-09-24","failed","2026-09-24","Retrieve","Airtime, Data, Bills & VAS Beneficiaries","",""
"","180","Requests Get Delivery Cost - Valid","Personal Banking APIs - QA Test Suite","2026-09-24","failed","2026-09-24","Requests Get Delivery Cost","Customer Cards","",""
"","168","Tier Zero Upgrade - Missing Required Field","Personal Banking APIs - QA Test Suite","2026-09-24","passed","2026-09-24","Tier Zero Upgrade","KYC, Tier Upgrades & Young Moni","",""
"","195","Upload Documents - Valid","Personal Banking APIs - QA Test Suite","2026-09-24","failed","2026-09-24","Upload Documents","KYC, Tier Upgrades & Young Moni","",""
"","172","Renew Insurance - Missing Required Field","Personal Banking APIs - QA Test Suite","2026-09-24","passed","2026-09-24","Renew Insurance","Insurance","",""
"","185","Account Officer - Invalid Query","Personal Banking APIs - QA Test Suite","2026-09-24","failed","2026-09-24","Account Officer","Customer Profile, Accounts & Beneficiaries","",""
"","161","Young Moni Requests - No Auth","Personal Banking APIs - QA Test Suite","2026-09-24","passed","2026-09-24","Young Moni Requests","KYC, Tier Upgrades & Young Moni","",""
"","216","Transactions - Valid","Personal Banking APIs - QA Test Suite","2026-09-24","failed","2026-09-24","Transactions","Target Savings","",""
"","204","Requests - Valid","Personal Banking APIs - QA Test Suite","2026-09-24","failed","2026-09-24","Requests","Customer Cards","",""
"","172","Partial - Invalid Amount","Personal Banking APIs - QA Test Suite","2026-09-24","failed","2026-09-24","Partial","Customer Profile, Accounts & Beneficiaries","",""
"","170","Channel Settings - Nonexistent ID","Personal Banking APIs - QA Test Suite","2026-09-24","passed","2026-09-24","Channel Settings","Customer Cards","",""
"","163","Purchase Jamb - Invalid Token Or PIN","Personal Banking APIs - QA Test Suite","2026-09-24","passed","2026-09-24","Purchase Jamb","Airtime, Data, Bills & VAS Beneficiaries","",""
"","171","Young Moni Upload Child Documents - Empty Fields","Personal Banking APIs - QA Test Suite","2026-09-24","failed","2026-09-24","Young Moni Upload Child Documents","Customer Profile, Accounts & Beneficiaries","",""
"","167","Setup Liveness Image - Empty Fields","Personal Banking APIs - QA Test Suite","2026-09-24","passed","2026-09-24","Setup Liveness Image","Login, Credentials, Security & Devices","",""
"","159","Transactions Update Swag Monthly Rollover - No Auth","Personal Banking APIs - QA Test Suite","2026-09-24","passed","2026-09-24","Transactions Update Swag Monthly Rollover","SWAG Savings","",""
"","312","Admin Games Rewards - Invalid ID","Personal Banking APIs - QA Test Suite","2026-09-24","failed","2026-09-24","Admin Games Rewards","Rewards, Cash Tokens & Wishlists","",""
"","172","Young Moni Documents Action Document - Missing Required Field","Personal Banking APIs - QA Test Suite","2026-09-24","failed","2026-09-24","Young Moni Documents Action Document","KYC, Tier Upgrades & Young Moni","",""
"","169","Document Delete - Invalid ID","Personal Banking APIs - QA Test Suite","2026-09-24","failed","2026-09-24","Document Delete","KYC, Tier Upgrades & Young Moni","",""
"","160","Young Moni Upload Guardian Documents - No Auth","Personal Banking APIs - QA Test Suite","2026-09-24","failed","2026-09-24","Young Moni Upload Guardian Documents","Customer Profile, Accounts & Beneficiaries","",""
"","198","Transactions - Valid","Personal Banking APIs - QA Test Suite","2026-09-24","failed","2026-09-24","Transactions","Supalock Savings","",""
"","243","Wallet - Invalid Query","Personal Banking APIs - QA Test Suite","2026-09-24","failed","2026-09-24","Wallet","Save & Spend","",""
"","176","Transactions Update Swag Plan - Invalid Amount","Personal Banking APIs - QA Test Suite","2026-09-24","passed","2026-09-24","Transactions Update Swag Plan","SWAG Savings","",""
"","159","Wallet - No Auth","Personal Banking APIs - QA Test Suite","2026-09-24","passed","2026-09-24","Wallet","Save & Spend","",""
"","175","Types - Empty Fields","Personal Banking APIs - QA Test Suite","2026-09-24","failed","2026-09-24","Types","Supalock Savings","",""
"","305","Types Get Supa Lock Special Interest - Invalid ID","Personal Banking APIs - QA Test Suite","2026-09-24","failed","2026-09-24","Types Get Supa Lock Special Interest","Supalock Savings","",""
"","171","Verify Token - Missing Required Field","Personal Banking APIs - QA Test Suite","2026-09-24","passed","2026-09-24","Verify Token","Login, Credentials, Security & Devices","",""
"","168","Update Daily Transfer Limit - Invalid Token Or PIN","Personal Banking APIs - QA Test Suite","2026-09-24","passed","2026-09-24","Update Daily Transfer Limit","Customer Profile, Accounts & Beneficiaries","",""
"","162","Admin Devices Reactivate - Invalid ID","Personal Banking APIs - QA Test Suite","2026-09-24","failed","2026-09-24","Admin Devices Reactivate","Login, Credentials, Security & Devices","",""
"","190","Redeem Coins - Valid","Personal Banking APIs - QA Test Suite","2026-09-24","failed","2026-09-24","Redeem Coins","Rewards, Cash Tokens & Wishlists","",""
"","198","Terms - Valid","Personal Banking APIs - QA Test Suite","2026-09-24","failed","2026-09-24","Terms","Rewards, Cash Tokens & Wishlists","",""
"","166","Admin Games Rewards - Nonexistent ID","Personal Banking APIs - QA Test Suite","2026-09-24","failed","2026-09-24","Admin Games Rewards","Rewards, Cash Tokens & Wishlists","",""
"","173","Disable - Invalid ID","Personal Banking APIs - QA Test Suite","2026-09-24","failed","2026-09-24","Disable","Wallets, Transfers, Transactions & Fund Requests","",""
"","164","Intra Account Transfer - Valid","Personal Banking APIs - QA Test Suite","2026-09-24","failed","2026-09-24","Intra Account Transfer","Wallets, Transfers, Transactions & Fund Requests","",""
"","177","Total Supalock Amount - Invalid Query","Personal Banking APIs - QA Test Suite","2026-09-24","failed","2026-09-24","Total Supalock Amount","Supalock Savings","",""
"","171","Intra Name Enquiry - Empty Fields","Personal Banking APIs - QA Test Suite","2026-09-24","passed","2026-09-24","Intra Name Enquiry","Wallets, Transfers, Transactions & Fund Requests","",""
"","169","Destroy - Nonexistent ID","Personal Banking APIs - QA Test Suite","2026-09-24","passed","2026-09-24","Destroy","Customer Profile, Accounts & Beneficiaries","",""
"","161","Coin Redemption Rules - No Auth","Personal Banking APIs - QA Test Suite","2026-09-24","passed","2026-09-24","Coin Redemption Rules","Rewards, Cash Tokens & Wishlists","",""
"","177","Proposed Contributor - Missing Required Field","Personal Banking APIs - QA Test Suite","2026-09-24","passed","2026-09-24","Proposed Contributor","Rewards, Cash Tokens & Wishlists","",""
"","174","Reset Login Pin - Missing Required Field","Personal Banking APIs - QA Test Suite","2026-09-24","passed","2026-09-24","Reset Login Pin","Login, Credentials, Security & Devices","",""
"","168","Admin Admin Tier One Upgrade - Empty Fields","Personal Banking APIs - QA Test Suite","2026-09-24","failed","2026-09-24","Admin Admin Tier One Upgrade","KYC, Tier Upgrades & Young Moni","",""
"","939","Admin Coins Redemption Rules - Valid","Personal Banking APIs - QA Test Suite","2026-09-24","failed","2026-09-24","Admin Coins Redemption Rules","Rewards, Cash Tokens & Wishlists","",""
"","255","Notify Of Missed Inward - No Auth","Personal Banking APIs - QA Test Suite","2026-09-24","passed","2026-09-24","Notify Of Missed Inward","Wallets, Transfers, Transactions & Fund Requests","",""
"","169","Fee Settings - Invalid Query","Personal Banking APIs - QA Test Suite","2026-09-24","failed","2026-09-24","Fee Settings","Customer Cards","",""
"","162","Unblock - No Auth","Personal Banking APIs - QA Test Suite","2026-09-24","passed","2026-09-24","Unblock","Customer Cards","",""
"","171","Transaction - Invalid Query","Personal Banking APIs - QA Test Suite","2026-09-24","failed","2026-09-24","Transaction","Airtime, Data, Bills & VAS Beneficiaries","",""
"","170","Retrieve - Invalid Query","Personal Banking APIs - QA Test Suite","2026-09-24","failed","2026-09-24","Retrieve","Scheduled Payments","",""
"","179","Account Officer Change Request - Invalid Query","Personal Banking APIs - QA Test Suite","2026-09-24","failed","2026-09-24","Account Officer Change Request","Customer Profile, Accounts & Beneficiaries","",""
"","185","Details - Missing Required Field","Personal Banking APIs - QA Test Suite","2026-09-24","failed","2026-09-24","Details","Customer Profile, Accounts & Beneficiaries","",""
"","160","Transactions - No Auth","Personal Banking APIs - QA Test Suite","2026-09-24","passed","2026-09-24","Transactions","Save & Spend","",""
"","159","Deals Active - No Auth","Personal Banking APIs - QA Test Suite","2026-09-24","passed","2026-09-24","Deals Active","Rewards, Cash Tokens & Wishlists","",""
"","192","List - Invalid Query","Personal Banking APIs - QA Test Suite","2026-09-24","failed","2026-09-24","List","Supalock Savings","",""
"","167","List - Invalid Query","Personal Banking APIs - QA Test Suite","2026-09-24","failed","2026-09-24","List","Airtime, Data, Bills & VAS Beneficiaries","",""
"","172","Activate - Missing Required Field","Personal Banking APIs - QA Test Suite","2026-09-24","failed","2026-09-24","Activate","Customer Cards","",""
"","163","Transactions Withdraw Interest - No Auth","Personal Banking APIs - QA Test Suite","2026-09-24","failed","2026-09-24","Transactions Withdraw Interest","SWAG Savings","",""
"","182","Admin Coins Redemption Rules - Valid","Personal Banking APIs - QA Test Suite","2026-09-24","failed","2026-09-24","Admin Coins Redemption Rules","Rewards, Cash Tokens & Wishlists","",""
"","161","Admin Devices Reactivate - No Auth","Personal Banking APIs - QA Test Suite","2026-09-24","failed","2026-09-24","Admin Devices Reactivate","Login, Credentials, Security & Devices","",""
"","183","Intra Transfer - Invalid Amount","Personal Banking APIs - QA Test Suite","2026-09-24","passed","2026-09-24","Intra Transfer","Wallets, Transfers, Transactions & Fund Requests","",""
"","173","Document Delete - Missing Required Field","Personal Banking APIs - QA Test Suite","2026-09-24","failed","2026-09-24","Document Delete","KYC, Tier Upgrades & Young Moni","",""
"","189","Block - Missing Required Field","Personal Banking APIs - QA Test Suite","2026-09-24","failed","2026-09-24","Block","Customer Cards","",""
"","168","Document Delete - Empty Fields","Personal Banking APIs - QA Test Suite","2026-09-24","failed","2026-09-24","Document Delete","KYC, Tier Upgrades & Young Moni","",""
"","181","Games Check Eligibility - Valid","Personal Banking APIs - QA Test Suite","2026-09-24","failed","2026-09-24","Games Check Eligibility","Rewards, Cash Tokens & Wishlists","",""
"","166","Purchase Cable - Valid","Personal Banking APIs - QA Test Suite","2026-09-24","failed","2026-09-24","Purchase Cable","Airtime, Data, Bills & VAS Beneficiaries","",""
"","167","Admin Coins Redemption Rules - Missing Required Field","Personal Banking APIs - QA Test Suite","2026-09-24","failed","2026-09-24","Admin Coins Redemption Rules","Rewards, Cash Tokens & Wishlists","",""
"","159","Admin Coins Redemption Rules - No Auth","Personal Banking APIs - QA Test Suite","2026-09-24","passed","2026-09-24","Admin Coins Redemption Rules","Rewards, Cash Tokens & Wishlists","",""
"","172","Partial - Nonexistent ID","Personal Banking APIs - QA Test Suite","2026-09-24","failed","2026-09-24","Partial","Airtime, Data, Bills & VAS Beneficiaries","",""
"","181","Jamb Lookup - Valid","Personal Banking APIs - QA Test Suite","2026-09-24","failed","2026-09-24","Jamb Lookup","Airtime, Data, Bills & VAS Beneficiaries","",""
"","252","Data Plans - Invalid ID","Personal Banking APIs - QA Test Suite","2026-09-24","passed","2026-09-24","Data Plans","Airtime, Data, Bills & VAS Beneficiaries","",""
"","211","Types - Valid","Personal Banking APIs - QA Test Suite","2026-09-24","failed","2026-09-24","Types","Supalock Savings","",""
"","205","Retrieve - Valid","Personal Banking APIs - QA Test Suite","2026-09-24","failed","2026-09-24","Retrieve","Insurance","",""
"","178","Details - No Auth","Personal Banking APIs - QA Test Suite","2026-09-24","passed","2026-09-24","Details","Customer Profile, Accounts & Beneficiaries","",""
"","164","Transactions Break Wallet - No Auth","Personal Banking APIs - QA Test Suite","2026-09-24","failed","2026-09-24","Transactions Break Wallet","Save & Spend","",""
"","159","Jamb Lookup - No Auth","Personal Banking APIs - QA Test Suite","2026-09-24","passed","2026-09-24","Jamb Lookup","Airtime, Data, Bills & VAS Beneficiaries","",""
"","187","Complete Registration - Valid","Personal Banking APIs - QA Test Suite","2026-09-24","failed","2026-09-24","Complete Registration","Customer Onboarding","",""
"","170","Young Moni Initiate Account Without Identity - Missing Required Field","Personal Banking APIs - QA Test Suite","2026-09-24","passed","2026-09-24","Young Moni Initiate Account Without Identity","Customer Profile, Accounts & Beneficiaries","",""
"","174","Transactions - Invalid ID","Personal Banking APIs - QA Test Suite","2026-09-24","passed","2026-09-24","Transactions","Target Savings","",""
"","199","Intra Name Enquiry By Phone - Valid","Personal Banking APIs - QA Test Suite","2026-09-24","failed","2026-09-24","Intra Name Enquiry By Phone","Wallets, Transfers, Transactions & Fund Requests","",""
"","177","Validate Smart Card - Missing Required Field","Personal Banking APIs - QA Test Suite","2026-09-24","failed","2026-09-24","Validate Smart Card","Airtime, Data, Bills & VAS Beneficiaries","",""
"","176","Admin Coins Rules - Valid","Personal Banking APIs - QA Test Suite","2026-09-24","failed","2026-09-24","Admin Coins Rules","Rewards, Cash Tokens & Wishlists","",""
"","219","Channel Settings - Valid","Personal Banking APIs - QA Test Suite","2026-09-24","failed","2026-09-24","Channel Settings","Customer Cards","",""
"","160","List - No Auth","Personal Banking APIs - QA Test Suite","2026-09-24","passed","2026-09-24","List","Wallets, Transfers, Transactions & Fund Requests","",""
"","160","Overview - No Auth","Personal Banking APIs - QA Test Suite","2026-09-24","passed","2026-09-24","Overview","Rewards, Cash Tokens & Wishlists","",""
"","176","Wallet - Valid","Personal Banking APIs - QA Test Suite","2026-09-24","failed","2026-09-24","Wallet","SWAG Savings","",""
"","161","Create Supalock - No Auth","Personal Banking APIs - QA Test Suite","2026-09-24","passed","2026-09-24","Create Supalock","Supalock Savings","",""
"","163","Purchase Electricity - Invalid Token Or PIN","Personal Banking APIs - QA Test Suite","2026-09-24","passed","2026-09-24","Purchase Electricity","Airtime, Data, Bills & VAS Beneficiaries","",""
"","164","Young Moni Initiate Account Request - No Auth","Personal Banking APIs - QA Test Suite","2026-09-24","passed","2026-09-24","Young Moni Initiate Account Request","Customer Profile, Accounts & Beneficiaries","",""
"","171","Winner Dismiss Action - Invalid Amount","Personal Banking APIs - QA Test Suite","2026-09-24","failed","2026-09-24","Winner Dismiss Action","Rewards, Cash Tokens & Wishlists","",""
"","179","Wallet Interest Balance - Valid","Personal Banking APIs - QA Test Suite","2026-09-24","failed","2026-09-24","Wallet Interest Balance","Save & Spend","",""
"","196","Account Officer Change Request - Invalid ID","Personal Banking APIs - QA Test Suite","2026-09-24","passed","2026-09-24","Account Officer Change Request","Customer Profile, Accounts & Beneficiaries","",""
"","171","Topup Supalock - Empty Fields","Personal Banking APIs - QA Test Suite","2026-09-24","failed","2026-09-24","Topup Supalock","Supalock Savings","",""
"","177","Transactions Evaluate Target - Missing Required Field","Personal Banking APIs - QA Test Suite","2026-09-24","passed","2026-09-24","Transactions Evaluate Target","Target Savings","",""
"","180","Deals Active - Valid","Personal Banking APIs - QA Test Suite","2026-09-24","failed","2026-09-24","Deals Active","Rewards, Cash Tokens & Wishlists","",""
"","167","Tier One Upgrade With BVN - Missing Required Field","Personal Banking APIs - QA Test Suite","2026-09-24","passed","2026-09-24","Tier One Upgrade With BVN","KYC, Tier Upgrades & Young Moni","",""
"","184","Games Get Rewards - Valid","Personal Banking APIs - QA Test Suite","2026-09-24","failed","2026-09-24","Games Get Rewards","Rewards, Cash Tokens & Wishlists","",""
"","170","Young Moni Initiate Account Request - Empty Fields","Personal Banking APIs - QA Test Suite","2026-09-24","passed","2026-09-24","Young Moni Initiate Account Request","Customer Profile, Accounts & Beneficiaries","",""
"","168","Channel Settings - Nonexistent ID","Personal Banking APIs - QA Test Suite","2026-09-24","passed","2026-09-24","Channel Settings","Customer Cards","",""
"","164","Upload Bulk Fund Request - Invalid Status Or Type","Personal Banking APIs - QA Test Suite","2026-09-24","passed","2026-09-24","Upload Bulk Fund Request","Wallets, Transfers, Transactions & Fund Requests","",""
"","161","Update Location - Missing Required Field","Personal Banking APIs - QA Test Suite","2026-09-24","failed","2026-09-24","Update Location","Login, Credentials, Security & Devices","",""
"","167","Reward With Airtime - Empty Fields","Personal Banking APIs - QA Test Suite","2026-09-24","passed","2026-09-24","Reward With Airtime","Rewards, Cash Tokens & Wishlists","",""
"","175","Waec Lookup - Valid","Personal Banking APIs - QA Test Suite","2026-09-24","failed","2026-09-24","Waec Lookup","Airtime, Data, Bills & VAS Beneficiaries","",""
"","165","Transactions Update Swag Plan - Valid","Personal Banking APIs - QA Test Suite","2026-09-24","failed","2026-09-24","Transactions Update Swag Plan","SWAG Savings","",""
"","160","Fetch Balance - No Auth","Personal Banking APIs - QA Test Suite","2026-09-24","passed","2026-09-24","Fetch Balance","Customer Profile, Accounts & Beneficiaries","",""
"","165","Get Cable Providers - No Auth","Personal Banking APIs - QA Test Suite","2026-09-24","passed","2026-09-24","Get Cable Providers","Airtime, Data, Bills & VAS Beneficiaries","",""
"","303","Admin - No Auth","Personal Banking APIs - QA Test Suite","2026-09-24","passed","2026-09-24","Admin","KYC, Tier Upgrades & Young Moni","",""
"","168","Partial - Empty Fields","Personal Banking APIs - QA Test Suite","2026-09-24","failed","2026-09-24","Partial","Airtime, Data, Bills & VAS Beneficiaries","",""
"","170","Create - Missing Required Field","Personal Banking APIs - QA Test Suite","2026-09-24","passed","2026-09-24","Create","Customer Profile, Accounts & Beneficiaries","",""
"","170","Document Delete - Invalid Token Or PIN","Personal Banking APIs - QA Test Suite","2026-09-24","failed","2026-09-24","Document Delete","KYC, Tier Upgrades & Young Moni","",""
"","182","Dismiss Action - Empty Fields","Personal Banking APIs - QA Test Suite","2026-09-24","failed","2026-09-24","Dismiss Action","KYC, Tier Upgrades & Young Moni","",""
"","165","Fund Betting Wallet - Invalid Amount","Personal Banking APIs - QA Test Suite","2026-09-24","passed","2026-09-24","Fund Betting Wallet","Airtime, Data, Bills & VAS Beneficiaries","",""
"","169","Reward With Cashback - No Auth","Personal Banking APIs - QA Test Suite","2026-09-24","passed","2026-09-24","Reward With Cashback","Rewards, Cash Tokens & Wishlists","",""
"","172","Wallet - No Auth","Personal Banking APIs - QA Test Suite","2026-09-24","passed","2026-09-24","Wallet","Save & Spend","",""
"","161","Admin Games Rewards - No Auth","Personal Banking APIs - QA Test Suite","2026-09-24","passed","2026-09-24","Admin Games Rewards","Rewards, Cash Tokens & Wishlists","",""
"","162","Requests Request Card - No Auth","Personal Banking APIs - QA Test Suite","2026-09-24","passed","2026-09-24","Requests Request Card","Customer Cards","",""
"","212","Item - Valid","Personal Banking APIs - QA Test Suite","2026-09-24","failed","2026-09-24","Item","Rewards, Cash Tokens & Wishlists","",""
"","163","Verify Phone Number - Empty Fields","Personal Banking APIs - QA Test Suite","2026-09-24","failed","2026-09-24","Verify Phone Number","Login, Credentials, Security & Devices","",""
"","176","Complete Registration - Empty Fields","Personal Banking APIs - QA Test Suite","2026-09-24","passed","2026-09-24","Complete Registration","Customer Onboarding","",""
"","303","Admin Request Stats - No Auth","Personal Banking APIs - QA Test Suite","2026-09-24","passed","2026-09-24","Admin Request Stats","KYC, Tier Upgrades & Young Moni","",""
"","170","Transactions - Invalid Query","Personal Banking APIs - QA Test Suite","2026-09-24","failed","2026-09-24","Transactions","Save & Spend","",""
"","196","Update Request Recipients - Valid","Personal Banking APIs - QA Test Suite","2026-09-24","failed","2026-09-24","Update Request Recipients","Wallets, Transfers, Transactions & Fund Requests","",""
"","162","Young Moni Upload Guardian Documents - Missing Required Field","Personal Banking APIs - QA Test Suite","2026-09-24","failed","2026-09-24","Young Moni Upload Guardian Documents","Customer Profile, Accounts & Beneficiaries","",""
"","161","Initiate Email Update - No Auth","Personal Banking APIs - QA Test Suite","2026-09-24","passed","2026-09-24","Initiate Email Update","KYC, Tier Upgrades & Young Moni","",""
"","163","Account Officer Change Request - No Auth","Personal Banking APIs - QA Test Suite","2026-09-24","passed","2026-09-24","Account Officer Change Request","Customer Profile, Accounts & Beneficiaries","",""
"","158","Coin Wallet Transactions - No Auth","Personal Banking APIs - QA Test Suite","2026-09-24","passed","2026-09-24","Coin Wallet Transactions","Rewards, Cash Tokens & Wishlists","",""
"","325","Admin Coins Redemption Rules - Valid","Personal Banking APIs - QA Test Suite","2026-09-24","failed","2026-09-24","Admin Coins Redemption Rules","Rewards, Cash Tokens & Wishlists","",""
"","168","Young Moni Requests - Invalid Query","Personal Banking APIs - QA Test Suite","2026-09-24","failed","2026-09-24","Young Moni Requests","KYC, Tier Upgrades & Young Moni","",""
"","171","Electricity - Invalid Amount","Personal Banking APIs - QA Test Suite","2026-09-24","passed","2026-09-24","Electricity","Scheduled Payments","",""
"","536","Get Cable Providers - Valid","Personal Banking APIs - QA Test Suite","2026-09-24","passed","2026-09-24","Get Cable Providers","Airtime, Data, Bills & VAS Beneficiaries","",""
"","164","List Schedule Payments - Nonexistent ID","Personal Banking APIs - QA Test Suite","2026-09-24","failed","2026-09-24","List Schedule Payments","Scheduled Payments","",""
"","163","Purchase Cable - Invalid Status Or Type","Personal Banking APIs - QA Test Suite","2026-09-24","passed","2026-09-24","Purchase Cable","Airtime, Data, Bills & VAS Beneficiaries","",""
"","304","Admin Games - No Auth","Personal Banking APIs - QA Test Suite","2026-09-24","passed","2026-09-24","Admin Games","Rewards, Cash Tokens & Wishlists","",""
"","174","Games Spin Wheel - Invalid Query","Personal Banking APIs - QA Test Suite","2026-09-24","passed","2026-09-24","Games Spin Wheel","Rewards, Cash Tokens & Wishlists","",""
"","158","Retrieve - No Auth","Personal Banking APIs - QA Test Suite","2026-09-24","passed","2026-09-24","Retrieve","Wallets, Transfers, Transactions & Fund Requests","",""
"","167","Wallet - Invalid Query","Personal Banking APIs - QA Test Suite","2026-09-24","failed","2026-09-24","Wallet","Target Savings","",""
"","211","Notify Of Missed Inward - Valid","Personal Banking APIs - QA Test Suite","2026-09-24","failed","2026-09-24","Notify Of Missed Inward","Wallets, Transfers, Transactions & Fund Requests","",""
"","272","Add Account Alias - Missing Required Field","Personal Banking APIs - QA Test Suite","2026-09-24","passed","2026-09-24","Add Account Alias","Customer Profile, Accounts & Beneficiaries","",""
"","168","Retrieve - Nonexistent ID","Personal Banking APIs - QA Test Suite","2026-09-24","passed","2026-09-24","Retrieve","Rewards, Cash Tokens & Wishlists","",""
"","161","Admin Admin Tier One Upgrade - No Auth","Personal Banking APIs - QA Test Suite","2026-09-24","passed","2026-09-24","Admin Admin Tier One Upgrade","KYC, Tier Upgrades & Young Moni","",""
"","179","Update Documents - Empty Fields","Personal Banking APIs - QA Test Suite","2026-09-24","passed","2026-09-24","Update Documents","KYC, Tier Upgrades & Young Moni","",""
"","168","Validate Betting Id - Invalid Status Or Type","Personal Banking APIs - QA Test Suite","2026-09-24","passed","2026-09-24","Validate Betting Id","Airtime, Data, Bills & VAS Beneficiaries","",""
"","165","Single Fund Request - Invalid Amount","Personal Banking APIs - QA Test Suite","2026-09-24","passed","2026-09-24","Single Fund Request","Wallets, Transfers, Transactions & Fund Requests","",""
"","177","Eligibility - Invalid Query","Personal Banking APIs - QA Test Suite","2026-09-24","failed","2026-09-24","Eligibility","Kolo Connect Advances","",""
"","190","Admin Update Documents - Missing Required Field","Personal Banking APIs - QA Test Suite","2026-09-24","passed","2026-09-24","Admin Update Documents","KYC, Tier Upgrades & Young Moni","",""
"","172","Transactions Deposit - Valid","Personal Banking APIs - QA Test Suite","2026-09-24","failed","2026-09-24","Transactions Deposit","Target Savings","",""
"","164","Request Phone Verification - Empty Fields","Personal Banking APIs - QA Test Suite","2026-09-24","failed","2026-09-24","Request Phone Verification","Login, Credentials, Security & Devices","",""
"","184","Validate Face Match - Missing Required Field","Personal Banking APIs - QA Test Suite","2026-09-24","passed","2026-09-24","Validate Face Match","Login, Credentials, Security & Devices","",""
"","170","Purchase Jamb - Empty Fields","Personal Banking APIs - QA Test Suite","2026-09-24","passed","2026-09-24","Purchase Jamb","Airtime, Data, Bills & VAS Beneficiaries","",""
"","174","Payment Merchant - Missing Required Field","Personal Banking APIs - QA Test Suite","2026-09-24","failed","2026-09-24","Payment Merchant","Customer Cards","",""
"","166","Requests Fetch Agents - No Auth","Personal Banking APIs - QA Test Suite","2026-09-24","passed","2026-09-24","Requests Fetch Agents","Customer Cards","",""
"","166","Transactions Create Wallet - Valid","Personal Banking APIs - QA Test Suite","2026-09-24","failed","2026-09-24","Transactions Create Wallet","Save & Spend","",""
"","177","Get Betting Billers - Invalid Query","Personal Banking APIs - QA Test Suite","2026-09-24","failed","2026-09-24","Get Betting Billers","Airtime, Data, Bills & VAS Beneficiaries","",""
"","170","Retrieve - Invalid ID","Personal Banking APIs - QA Test Suite","2026-09-24","failed","2026-09-24","Retrieve","Wallets, Transfers, Transactions & Fund Requests","",""
"","222","List - Valid","Personal Banking APIs - QA Test Suite","2026-09-24","passed","2026-09-24","List","Airtime, Data, Bills & VAS Beneficiaries","",""
"","159","Inflow Outflow Analytics - No Auth","Personal Banking APIs - QA Test Suite","2026-09-24","passed","2026-09-24","Inflow Outflow Analytics","Wallets, Transfers, Transactions & Fund Requests","",""
"","184","Tenors - Valid","Personal Banking APIs - QA Test Suite","2026-09-24","failed","2026-09-24","Tenors","Kolo Connect Advances","",""
"","165","Login With Pin - Invalid Email","Personal Banking APIs - QA Test Suite","2026-09-24","passed","2026-09-24","Login With Pin","Login, Credentials, Security & Devices","",""
"","160","Winner Dismiss Action - No Auth","Personal Banking APIs - QA Test Suite","2026-09-24","passed","2026-09-24","Winner Dismiss Action","Rewards, Cash Tokens & Wishlists","",""
"","209","Retrieve - Invalid Query","Personal Banking APIs - QA Test Suite","2026-09-24","failed","2026-09-24","Retrieve","Rewards, Cash Tokens & Wishlists","",""
"","344","Admin List Documents - Valid","Personal Banking APIs - QA Test Suite","2026-09-24","failed","2026-09-24","Admin List Documents","KYC, Tier Upgrades & Young Moni","",""
"","179","Initiate Reset Login Pin - Valid","Personal Banking APIs - QA Test Suite","2026-09-24","failed","2026-09-24","Initiate Reset Login Pin","Login, Credentials, Security & Devices","",""
"","158","Fee Settings - No Auth","Personal Banking APIs - QA Test Suite","2026-09-24","passed","2026-09-24","Fee Settings","Customer Cards","",""
"","164","Transactions Deposit - Missing Required Field","Personal Banking APIs - QA Test Suite","2026-09-24","passed","2026-09-24","Transactions Deposit","SWAG Savings","",""
"","169","Young Moni Documents Action Document - Invalid ID","Personal Banking APIs - QA Test Suite","2026-09-24","failed","2026-09-24","Young Moni Documents Action Document","KYC, Tier Upgrades & Young Moni","",""
"","401","Get Cable Plans - Invalid ID","Personal Banking APIs - QA Test Suite","2026-09-24","failed","2026-09-24","Get Cable Plans","Airtime, Data, Bills & VAS Beneficiaries","",""
"","164","Transactions Create Wallet Product Specific - Invalid Status Or Type","Personal Banking APIs - QA Test Suite","2026-09-24","passed","2026-09-24","Transactions Create Wallet Product Specific","Target Savings","",""
"","169","Partial - Nonexistent ID","Personal Banking APIs - QA Test Suite","2026-09-24","failed","2026-09-24","Partial","Customer Profile, Accounts & Beneficiaries","",""
"","166","Young Moni Upload Guardian Documents - Invalid ID","Personal Banking APIs - QA Test Suite","2026-09-24","passed","2026-09-24","Young Moni Upload Guardian Documents","Customer Profile, Accounts & Beneficiaries","",""
"","284","List - Valid","Personal Banking APIs - QA Test Suite","2026-09-24","passed","2026-09-24","List","Airtime, Data, Bills & VAS Beneficiaries","",""
"","194","Update Gender - Valid","Personal Banking APIs - QA Test Suite","2026-09-24","failed","2026-09-24","Update Gender","Login, Credentials, Security & Devices","",""
"","172","Dismiss Action - Invalid Email","Personal Banking APIs - QA Test Suite","2026-09-24","failed","2026-09-24","Dismiss Action","KYC, Tier Upgrades & Young Moni","",""
"","403","Get Cable Plans - Invalid Query","Personal Banking APIs - QA Test Suite","2026-09-24","failed","2026-09-24","Get Cable Plans","Airtime, Data, Bills & VAS Beneficiaries","",""
"","183","Inter Name Enquiry - Valid","Personal Banking APIs - QA Test Suite","2026-09-24","failed","2026-09-24","Inter Name Enquiry","Wallets, Transfers, Transactions & Fund Requests","",""
"","215","Update Credit Stage - Valid","Personal Banking APIs - QA Test Suite","2026-09-24","failed","2026-09-24","Update Credit Stage","Wallets, Transfers, Transactions & Fund Requests","",""
"","159","Total Young Moni Balance - No Auth","Personal Banking APIs - QA Test Suite","2026-09-24","passed","2026-09-24","Total Young Moni Balance","Customer Profile, Accounts & Beneficiaries","",""
"","169","Admin Coins Redemption Rules - Invalid Status Or Type","Personal Banking APIs - QA Test Suite","2026-09-24","failed","2026-09-24","Admin Coins Redemption Rules","Rewards, Cash Tokens & Wishlists","",""
"","169","Providers - Invalid ID","Personal Banking APIs - QA Test Suite","2026-09-24","passed","2026-09-24","Providers","Insurance","",""
"","169","Cancel Schedule Payment - Missing Required Field","Personal Banking APIs - QA Test Suite","2026-09-24","passed","2026-09-24","Cancel Schedule Payment","Scheduled Payments","",""
"","174","Activate - Nonexistent ID","Personal Banking APIs - QA Test Suite","2026-09-24","passed","2026-09-24","Activate","Customer Cards","",""
"","309","Admin Request Stats - Invalid Query","Personal Banking APIs - QA Test Suite","2026-09-24","failed","2026-09-24","Admin Request Stats","KYC, Tier Upgrades & Young Moni","",""
"","309","Admin Coins Transactions - Invalid Query","Personal Banking APIs - QA Test Suite","2026-09-24","failed","2026-09-24","Admin Coins Transactions","Rewards, Cash Tokens & Wishlists","",""
"","166","Create Transaction Pin - Valid","Personal Banking APIs - QA Test Suite","2026-09-24","failed","2026-09-24","Create Transaction Pin","Login, Credentials, Security & Devices","",""
"","161","Document Update Status - No Auth","Personal Banking APIs - QA Test Suite","2026-09-24","passed","2026-09-24","Document Update Status","KYC, Tier Upgrades & Young Moni","",""
"","300","Admin Games Stats - No Auth","Personal Banking APIs - QA Test Suite","2026-09-24","passed","2026-09-24","Admin Games Stats","Rewards, Cash Tokens & Wishlists","",""
"","177","Verify Phone OTP - Missing Required Field","Personal Banking APIs - QA Test Suite","2026-09-24","passed","2026-09-24","Verify Phone OTP","Customer Onboarding","",""
"","187","Transactions - Valid","Personal Banking APIs - QA Test Suite","2026-09-24","failed","2026-09-24","Transactions","Save & Spend","",""
"","170","Admin Admin Tier Two Upgrade - Missing Required Field","Personal Banking APIs - QA Test Suite","2026-09-24","failed","2026-09-24","Admin Admin Tier Two Upgrade","KYC, Tier Upgrades & Young Moni","",""
"","161","Transactions Create Plan - Empty Fields","Personal Banking APIs - QA Test Suite","2026-09-24","passed","2026-09-24","Transactions Create Plan","SWAG Savings","",""
"","170","Download Statement - Invalid Status Or Type","Personal Banking APIs - QA Test Suite","2026-09-24","failed","2026-09-24","Download Statement","Wallets, Transfers, Transactions & Fund Requests","",""
"","171","Add Item - Missing Required Field","Personal Banking APIs - QA Test Suite","2026-09-24","failed","2026-09-24","Add Item","Rewards, Cash Tokens & Wishlists","",""
"","386","Total Young Moni Balance - Invalid Query","Personal Banking APIs - QA Test Suite","2026-09-24","failed","2026-09-24","Total Young Moni Balance","Customer Profile, Accounts & Beneficiaries","",""
"","172","Repay - Invalid ID","Personal Banking APIs - QA Test Suite","2026-09-24","failed","2026-09-24","Repay","Kolo Connect Advances","",""
"","172","Providers - Invalid Query","Personal Banking APIs - QA Test Suite","2026-09-24","failed","2026-09-24","Providers","Insurance","",""
"","165","Update - No Auth","Personal Banking APIs - QA Test Suite","2026-09-24","passed","2026-09-24","Update","Scheduled Payments","",""
"","220","Activate - Valid","Personal Banking APIs - QA Test Suite","2026-09-24","failed","2026-09-24","Activate","Customer Cards","",""
"","172","Reset Login Pin - Empty Fields","Personal Banking APIs - QA Test Suite","2026-09-24","passed","2026-09-24","Reset Login Pin","Login, Credentials, Security & Devices","",""
"","170","Young Moni Upload Child Documents - Invalid Status Or Type","Personal Banking APIs - QA Test Suite","2026-09-24","failed","2026-09-24","Young Moni Upload Child Documents","Customer Profile, Accounts & Beneficiaries","",""
"","164","Intra Transfer - Valid","Personal Banking APIs - QA Test Suite","2026-09-24","failed","2026-09-24","Intra Transfer","Wallets, Transfers, Transactions & Fund Requests","",""
"","160","Terms Terms And Rewards - No Auth","Personal Banking APIs - QA Test Suite","2026-09-24","passed","2026-09-24","Terms Terms And Rewards","Rewards, Cash Tokens & Wishlists","",""
"","173","Find Account Banks - Missing Required Field","Personal Banking APIs - QA Test Suite","2026-09-24","passed","2026-09-24","Find Account Banks","Customer Profile, Accounts & Beneficiaries","",""
"","160","Transfer - No Auth","Personal Banking APIs - QA Test Suite","2026-09-24","passed","2026-09-24","Transfer","Scheduled Payments","",""
"","195","Customer Submit - Valid","Personal Banking APIs - QA Test Suite","2026-09-24","failed","2026-09-24","Customer Submit","KYC, Tier Upgrades & Young Moni","",""
"","175","Set Password & Create Pending User - Empty Fields","Personal Banking APIs - QA Test Suite","2026-09-24","passed","2026-09-24","Set Password & Create Pending User","Customer Onboarding","",""
"","174","Document Update Status - Invalid ID","Personal Banking APIs - QA Test Suite","2026-09-24","failed","2026-09-24","Document Update Status","KYC, Tier Upgrades & Young Moni","",""
"","169","Login - Invalid Token Or PIN","Personal Banking APIs - QA Test Suite","2026-09-24","passed","2026-09-24","Login","Login, Credentials, Security & Devices","",""
"","226","Register With Phone - Valid","Personal Banking APIs - QA Test Suite","2026-09-24","failed","2026-09-24","Register With Phone","Customer Onboarding","",""
"","162","Redeem Coins - Empty Fields","Personal Banking APIs - QA Test Suite","2026-09-24","passed","2026-09-24","Redeem Coins","Rewards, Cash Tokens & Wishlists","",""
"","160","Wishlist Config - No Auth","Personal Banking APIs - QA Test Suite","2026-09-24","passed","2026-09-24","Wishlist Config","Rewards, Cash Tokens & Wishlists","",""
"","173","Wallet Total Balance - Invalid Query","Personal Banking APIs - QA Test Suite","2026-09-24","failed","2026-09-24","Wallet Total Balance","Save & Spend","",""
"","183","Intra Name Enquiry - Valid","Personal Banking APIs - QA Test Suite","2026-09-24","failed","2026-09-24","Intra Name Enquiry","Wallets, Transfers, Transactions & Fund Requests","",""
"","181","Remaining Limit Today - Invalid Query","Personal Banking APIs - QA Test Suite","2026-09-24","failed","2026-09-24","Remaining Limit Today","Wallets, Transfers, Transactions & Fund Requests","",""
"","171","Perform Action - Missing Required Field","Personal Banking APIs - QA Test Suite","2026-09-24","failed","2026-09-24","Perform Action","Rewards, Cash Tokens & Wishlists","",""
"","162","Purchase Cable - No Auth","Personal Banking APIs - QA Test Suite","2026-09-24","failed","2026-09-24","Purchase Cable","Airtime, Data, Bills & VAS Beneficiaries","",""
"","175","Tenors - Invalid Query","Personal Banking APIs - QA Test Suite","2026-09-24","failed","2026-09-24","Tenors","Kolo Connect Advances","",""
"","168","Update Daily Transfer Limit - Missing Required Field","Personal Banking APIs - QA Test Suite","2026-09-24","passed","2026-09-24","Update Daily Transfer Limit","Customer Profile, Accounts & Beneficiaries","",""
"","319","Admin - Invalid Query","Personal Banking APIs - QA Test Suite","2026-09-24","failed","2026-09-24","Admin","KYC, Tier Upgrades & Young Moni","",""
"","185","Youngmoni Transfer - Valid","Personal Banking APIs - QA Test Suite","2026-09-24","failed","2026-09-24","Youngmoni Transfer","Scheduled Payments","",""
"","176","Account Officer Request Change - Empty Fields","Personal Banking APIs - QA Test Suite","2026-09-24","passed","2026-09-24","Account Officer Request Change","Customer Profile, Accounts & Beneficiaries","",""
"","161","Update Single Transfer Limit - No Auth","Personal Banking APIs - QA Test Suite","2026-09-24","passed","2026-09-24","Update Single Transfer Limit","Customer Profile, Accounts & Beneficiaries","",""
"","182","Retrieve - Invalid Query","Personal Banking APIs - QA Test Suite","2026-09-24","failed","2026-09-24","Retrieve","Supalock Savings","",""
"","171","Verify Device Changed - Empty Fields","Personal Banking APIs - QA Test Suite","2026-09-24","passed","2026-09-24","Verify Device Changed","Login, Credentials, Security & Devices","",""
"","234","Initiate Reset Transaction Pin - No Auth","Personal Banking APIs - QA Test Suite","2026-09-24","passed","2026-09-24","Initiate Reset Transaction Pin","Login, Credentials, Security & Devices","",""
"","186","Data - Valid","Personal Banking APIs - QA Test Suite","2026-09-24","failed","2026-09-24","Data","Scheduled Payments","",""
"","170","Borrow - Invalid Token Or PIN","Personal Banking APIs - QA Test Suite","2026-09-24","failed","2026-09-24","Borrow","Kolo Connect Advances","",""
"","417","Get Cable Plans - Valid","Personal Banking APIs - QA Test Suite","2026-09-24","passed","2026-09-24","Get Cable Plans","Airtime, Data, Bills & VAS Beneficiaries","",""
"","174","Recipients - Invalid Query","Personal Banking APIs - QA Test Suite","2026-09-24","failed","2026-09-24","Recipients","Wallets, Transfers, Transactions & Fund Requests","",""
"","185","Set Password & Create Pending User - Valid","Personal Banking APIs - QA Test Suite","2026-09-24","failed","2026-09-24","Set Password & Create Pending User","Customer Onboarding","",""
"","179","Transaction - Nonexistent ID","Personal Banking APIs - QA Test Suite","2026-09-24","failed","2026-09-24","Transaction","Airtime, Data, Bills & VAS Beneficiaries","",""
"","166","Admin Games Rewards - Nonexistent ID","Personal Banking APIs - QA Test Suite","2026-09-24","failed","2026-09-24","Admin Games Rewards","Rewards, Cash Tokens & Wishlists","",""
"","160","Terms - No Auth","Personal Banking APIs - QA Test Suite","2026-09-24","passed","2026-09-24","Terms","Rewards, Cash Tokens & Wishlists","",""
"","302","Admin List Documents - No Auth","Personal Banking APIs - QA Test Suite","2026-09-24","passed","2026-09-24","Admin List Documents","KYC, Tier Upgrades & Young Moni","",""
"","192","Update Location - Invalid ID","Personal Banking APIs - QA Test Suite","2026-09-24","failed","2026-09-24","Update Location","Login, Credentials, Security & Devices","",""
"","168","Admin Coins Redemption Rules - Invalid Status Or Type","Personal Banking APIs - QA Test Suite","2026-09-24","failed","2026-09-24","Admin Coins Redemption Rules","Rewards, Cash Tokens & Wishlists","",""
"","171","Admin Coins Rules - Missing Required Field","Personal Banking APIs - QA Test Suite","2026-09-24","failed","2026-09-24","Admin Coins Rules","Rewards, Cash Tokens & Wishlists","",""
"","163","Purchase Epin - Missing Required Field","Personal Banking APIs - QA Test Suite","2026-09-24","passed","2026-09-24","Purchase Epin","Airtime, Data, Bills & VAS Beneficiaries","",""
"","320","Admin Games Rewards - Valid","Personal Banking APIs - QA Test Suite","2026-09-24","failed","2026-09-24","Admin Games Rewards","Rewards, Cash Tokens & Wishlists","",""
"","168","Transactions Withdraw Interest - Invalid Amount","Personal Banking APIs - QA Test Suite","2026-09-24","passed","2026-09-24","Transactions Withdraw Interest","SWAG Savings","",""
"","175","Admin Coins Redemption Rules - Valid","Personal Banking APIs - QA Test Suite","2026-09-24","failed","2026-09-24","Admin Coins Redemption Rules","Rewards, Cash Tokens & Wishlists","",""
"","169","Wallet - Invalid Query","Personal Banking APIs - QA Test Suite","2026-09-24","failed","2026-09-24","Wallet","SWAG Savings","",""
"","175","Perform Action - Empty Fields","Personal Banking APIs - QA Test Suite","2026-09-24","failed","2026-09-24","Perform Action","Rewards, Cash Tokens & Wishlists","",""
"","165","Single Fund Request - Missing Required Field","Personal Banking APIs - QA Test Suite","2026-09-24","passed","2026-09-24","Single Fund Request","Wallets, Transfers, Transactions & Fund Requests","",""
"","201","Create Her Wealth - Valid","Personal Banking APIs - QA Test Suite","2026-09-24","failed","2026-09-24","Create Her Wealth","Customer Profile, Accounts & Beneficiaries","",""
"","407","Get Cable Providers - Invalid Query","Personal Banking APIs - QA Test Suite","2026-09-24","failed","2026-09-24","Get Cable Providers","Airtime, Data, Bills & VAS Beneficiaries","",""
"","162","Create Her Wealth - No Auth","Personal Banking APIs - QA Test Suite","2026-09-24","passed","2026-09-24","Create Her Wealth","Customer Profile, Accounts & Beneficiaries","",""
"","176","Purchase Waec - No Auth","Personal Banking APIs - QA Test Suite","2026-09-24","failed","2026-09-24","Purchase Waec","Airtime, Data, Bills & VAS Beneficiaries","",""
"","169","Retrieve - Nonexistent ID","Personal Banking APIs - QA Test Suite","2026-09-24","passed","2026-09-24","Retrieve","KYC, Tier Upgrades & Young Moni","",""
"","188","List Schedule Payments - Valid","Personal Banking APIs - QA Test Suite","2026-09-24","failed","2026-09-24","List Schedule Payments","Scheduled Payments","",""
"","171","Channel Settings - Empty Fields","Personal Banking APIs - QA Test Suite","2026-09-24","passed","2026-09-24","Channel Settings","Customer Cards","",""
"","172","Create Password - Empty Fields","Personal Banking APIs - QA Test Suite","2026-09-24","passed","2026-09-24","Create Password","Login, Credentials, Security & Devices","",""
"","160","Young Moni Requests Complete Review - No Auth","Personal Banking APIs - QA Test Suite","2026-09-24","passed","2026-09-24","Young Moni Requests Complete Review","KYC, Tier Upgrades & Young Moni","",""
"","182","Verify Device Changed - No Auth","Personal Banking APIs - QA Test Suite","2026-09-24","failed","2026-09-24","Verify Device Changed","Login, Credentials, Security & Devices","",""
"","178","List - Invalid Query","Personal Banking APIs - QA Test Suite","2026-09-24","failed","2026-09-24","List","Customer Cards","",""
"","177","Transactions Evaluate Target - Invalid Status Or Type","Personal Banking APIs - QA Test Suite","2026-09-24","passed","2026-09-24","Transactions Evaluate Target","Target Savings","",""
"","162","Transfer - Empty Fields","Personal Banking APIs - QA Test Suite","2026-09-24","passed","2026-09-24","Transfer","Scheduled Payments","",""
"","163","Get Item Edit - Invalid ID","Personal Banking APIs - QA Test Suite","2026-09-24","failed","2026-09-24","Get Item Edit","Rewards, Cash Tokens & Wishlists","",""
"","167","Admin Coins Redemption Rules - Empty Fields","Personal Banking APIs - QA Test Suite","2026-09-24","failed","2026-09-24","Admin Coins Redemption Rules","Rewards, Cash Tokens & Wishlists","",""
"","163","Get Item Edit - Invalid Amount","Personal Banking APIs - QA Test Suite","2026-09-24","failed","2026-09-24","Get Item Edit","Rewards, Cash Tokens & Wishlists","",""
"","903","Disable - Empty Fields","Personal Banking APIs - QA Test Suite","2026-09-24","failed","2026-09-24","Disable","Wallets, Transfers, Transactions & Fund Requests","",""
"","171","Retrieve - Nonexistent ID","Personal Banking APIs - QA Test Suite","2026-09-24","passed","2026-09-24","Retrieve","Airtime, Data, Bills & VAS Beneficiaries","",""
"","163","Young Moni Upload Guardian Documents - Invalid Status Or Type","Personal Banking APIs - QA Test Suite","2026-09-24","failed","2026-09-24","Young Moni Upload Guardian Documents","Customer Profile, Accounts & Beneficiaries","",""
"","158","Admin Coins Rules - No Auth","Personal Banking APIs - QA Test Suite","2026-09-24","passed","2026-09-24","Admin Coins Rules","Rewards, Cash Tokens & Wishlists","",""
"","180","Wallet Total Balance - Valid","Personal Banking APIs - QA Test Suite","2026-09-24","failed","2026-09-24","Wallet Total Balance","Target Savings","",""
"","200","Admin Complete Upgrade Request - Invalid ID","Personal Banking APIs - QA Test Suite","2026-09-24","failed","2026-09-24","Admin Complete Upgrade Request","KYC, Tier Upgrades & Young Moni","",""
"","169","Withdraw Cashback - Invalid ID","Personal Banking APIs - QA Test Suite","2026-09-24","failed","2026-09-24","Withdraw Cashback","Wallets, Transfers, Transactions & Fund Requests","",""
"","160","Document Delete - No Auth","Personal Banking APIs - QA Test Suite","2026-09-24","passed","2026-09-24","Document Delete","KYC, Tier Upgrades & Young Moni","",""
"","166","Wallet - Invalid ID","Personal Banking APIs - QA Test Suite","2026-09-24","failed","2026-09-24","Wallet","SWAG Savings","",""
"","171","Dismiss Action - Invalid ID","Personal Banking APIs - QA Test Suite","2026-09-24","passed","2026-09-24","Dismiss Action","KYC, Tier Upgrades & Young Moni","",""
"","162","Wallet - No Auth","Personal Banking APIs - QA Test Suite","2026-09-24","passed","2026-09-24","Wallet","SWAG Savings","",""
"","161","Create Insurance - No Auth","Personal Banking APIs - QA Test Suite","2026-09-24","passed","2026-09-24","Create Insurance","Insurance","",""
"","171","Admin Coins Redemption Rules - Invalid ID","Personal Banking APIs - QA Test Suite","2026-09-24","failed","2026-09-24","Admin Coins Redemption Rules","Rewards, Cash Tokens & Wishlists","",""
"","169","Request Alias Phone Verification - Missing Required Field","Personal Banking APIs - QA Test Suite","2026-09-24","passed","2026-09-24","Request Alias Phone Verification","Customer Profile, Accounts & Beneficiaries","",""
"","161","Block - No Auth","Personal Banking APIs - QA Test Suite","2026-09-24","passed","2026-09-24","Block","Customer Cards","",""
"","162","Admin Reject Upgrade Request - No Auth","Personal Banking APIs - QA Test Suite","2026-09-24","passed","2026-09-24","Admin Reject Upgrade Request","KYC, Tier Upgrades & Young Moni","",""
"","170","Withdraw Supalock - Invalid ID","Personal Banking APIs - QA Test Suite","2026-09-24","failed","2026-09-24","Withdraw Supalock","Supalock Savings","",""
"","176","Withdraw - Invalid ID","Personal Banking APIs - QA Test Suite","2026-09-24","passed","2026-09-24","Withdraw","Rewards, Cash Tokens & Wishlists","",""
"","189","High Value Transactions - Valid","Personal Banking APIs - QA Test Suite","2026-09-24","passed","2026-09-24","High Value Transactions","Wallets, Transfers, Transactions & Fund Requests","",""
"","163","Validate Jamb Profile - No Auth","Personal Banking APIs - QA Test Suite","2026-09-24","passed","2026-09-24","Validate Jamb Profile","Airtime, Data, Bills & VAS Beneficiaries","",""
"","170","Tenors - No Auth","Personal Banking APIs - QA Test Suite","2026-09-24","passed","2026-09-24","Tenors","Kolo Connect Advances","",""
"","160","Admin Devices Reactivate - Empty Fields","Personal Banking APIs - QA Test Suite","2026-09-24","failed","2026-09-24","Admin Devices Reactivate","Login, Credentials, Security & Devices","",""
"","180","Approve Single Bulk Recipient - Empty Fields","Personal Banking APIs - QA Test Suite","2026-09-24","failed","2026-09-24","Approve Single Bulk Recipient","Wallets, Transfers, Transactions & Fund Requests","",""
"","172","Validate Meter - Invalid Status Or Type","Personal Banking APIs - QA Test Suite","2026-09-24","failed","2026-09-24","Validate Meter","Airtime, Data, Bills & VAS Beneficiaries","",""
"","160","Retrieve - No Auth","Personal Banking APIs - QA Test Suite","2026-09-24","passed","2026-09-24","Retrieve","Wallets, Transfers, Transactions & Fund Requests","",""
"","169","Reject Single Fund Request - Invalid Token Or PIN","Personal Banking APIs - QA Test Suite","2026-09-24","failed","2026-09-24","Reject Single Fund Request","Wallets, Transfers, Transactions & Fund Requests","",""
"","175","Retrieve - Invalid ID","Personal Banking APIs - QA Test Suite","2026-09-24","failed","2026-09-24","Retrieve","Airtime, Data, Bills & VAS Beneficiaries","",""
"","195","Validate Liveness (When Required) - Valid","Personal Banking APIs - QA Test Suite","2026-09-24","failed","2026-09-24","Validate Liveness (When Required)","Customer Onboarding","",""
"","163","Purchase Jamb - No Auth","Personal Banking APIs - QA Test Suite","2026-09-24","failed","2026-09-24","Purchase Jamb","Airtime, Data, Bills & VAS Beneficiaries","",""
"","162","Transactions Update Spend Wallet - Missing Required Field","Personal Banking APIs - QA Test Suite","2026-09-24","passed","2026-09-24","Transactions Update Spend Wallet","Save & Spend","",""
"","247","Data Plans - Nonexistent ID","Personal Banking APIs - QA Test Suite","2026-09-24","failed","2026-09-24","Data Plans","Airtime, Data, Bills & VAS Beneficiaries","",""
"","347","Account Officer - Valid","Personal Banking APIs - QA Test Suite","2026-09-24","failed","2026-09-24","Account Officer","Customer Profile, Accounts & Beneficiaries","",""
"","160","Reject Single Bulk Recipient - No Auth","Personal Banking APIs - QA Test Suite","2026-09-24","passed","2026-09-24","Reject Single Bulk Recipient","Wallets, Transfers, Transactions & Fund Requests","",""
"","178","Restrict Accounts By BVN - No Auth","Personal Banking APIs - QA Test Suite","2026-09-24","passed","2026-09-24","Restrict Accounts By BVN","Customer Profile, Accounts & Beneficiaries","",""
"","352","Transactions Evaluate Target - Valid","Personal Banking APIs - QA Test Suite","2026-09-24","failed","2026-09-24","Transactions Evaluate Target","Target Savings","",""
"","160","Wallet Download Target Statement - No Auth","Personal Banking APIs - QA Test Suite","2026-09-24","passed","2026-09-24","Wallet Download Target Statement","Target Savings","",""
"","168","Partial - Missing Required Field","Personal Banking APIs - QA Test Suite","2026-09-24","failed","2026-09-24","Partial","Customer Profile, Accounts & Beneficiaries","",""
"","170","Repay - Nonexistent ID","Personal Banking APIs - QA Test Suite","2026-09-24","failed","2026-09-24","Repay","Kolo Connect Advances","",""
"","162","Purchase Jamb - Valid","Personal Banking APIs - QA Test Suite","2026-09-24","failed","2026-09-24","Purchase Jamb","Airtime, Data, Bills & VAS Beneficiaries","",""
"","159","Initiate Reset Card Pin - No Auth","Personal Banking APIs - QA Test Suite","2026-09-24","passed","2026-09-24","Initiate Reset Card Pin","Customer Cards","",""
"","209","Verify NIN (Choose BVN or NIN) - Valid","Personal Banking APIs - QA Test Suite","2026-09-24","failed","2026-09-24","Verify NIN (Choose BVN or NIN)","Customer Onboarding","",""
"","170","Admin Admin Tier Two Upgrade - Empty Fields","Personal Banking APIs - QA Test Suite","2026-09-24","failed","2026-09-24","Admin Admin Tier Two Upgrade","KYC, Tier Upgrades & Young Moni","",""
"","177","Continue With Email - Invalid Email","Personal Banking APIs - QA Test Suite","2026-09-24","passed","2026-09-24","Continue With Email","Customer Onboarding","",""
"","160","Admin Coins Rules - No Auth","Personal Banking APIs - QA Test Suite","2026-09-24","passed","2026-09-24","Admin Coins Rules","Rewards, Cash Tokens & Wishlists","",""
"","169","Terms - Nonexistent ID","Personal Banking APIs - QA Test Suite","2026-09-24","passed","2026-09-24","Terms","Rewards, Cash Tokens & Wishlists","",""
"","164","Young Moni Validate Details - Empty Fields","Personal Banking APIs - QA Test Suite","2026-09-24","failed","2026-09-24","Young Moni Validate Details","Customer Profile, Accounts & Beneficiaries","",""
"","308","Admin Coins Rules - Invalid Query","Personal Banking APIs - QA Test Suite","2026-09-24","failed","2026-09-24","Admin Coins Rules","Rewards, Cash Tokens & Wishlists","",""
"","181","Young Moni Documents - Valid","Personal Banking APIs - QA Test Suite","2026-09-24","failed","2026-09-24","Young Moni Documents","KYC, Tier Upgrades & Young Moni","",""
"","173","Transactions Update Swag Monthly Rollover - Missing Required Field","Personal Banking APIs - QA Test Suite","2026-09-24","failed","2026-09-24","Transactions Update Swag Monthly Rollover","SWAG Savings","",""
"","177","Admin Coins Redemption Rules - Valid","Personal Banking APIs - QA Test Suite","2026-09-24","failed","2026-09-24","Admin Coins Redemption Rules","Rewards, Cash Tokens & Wishlists","",""
"","183","Young Moni Requests Request Stats - Valid","Personal Banking APIs - QA Test Suite","2026-09-24","failed","2026-09-24","Young Moni Requests Request Stats","KYC, Tier Upgrades & Young Moni","",""
"","167","Admin Games Rewards - Nonexistent ID","Personal Banking APIs - QA Test Suite","2026-09-24","failed","2026-09-24","Admin Games Rewards","Rewards, Cash Tokens & Wishlists","",""
"","161","Admin Admin Tier Two Upgrade - No Auth","Personal Banking APIs - QA Test Suite","2026-09-24","passed","2026-09-24","Admin Admin Tier Two Upgrade","KYC, Tier Upgrades & Young Moni","",""
"","161","Create Sub Account - No Auth","Personal Banking APIs - QA Test Suite","2026-09-24","passed","2026-09-24","Create Sub Account","Customer Profile, Accounts & Beneficiaries","",""
"","177","Create Supalock - Invalid Amount","Personal Banking APIs - QA Test Suite","2026-09-24","failed","2026-09-24","Create Supalock","Supalock Savings","",""
"","168","Upload Bulk Fund Request - Invalid Token Or PIN","Personal Banking APIs - QA Test Suite","2026-09-24","passed","2026-09-24","Upload Bulk Fund Request","Wallets, Transfers, Transactions & Fund Requests","",""
"","176","Admin Coins Redemption Rules - Invalid ID","Personal Banking APIs - QA Test Suite","2026-09-24","failed","2026-09-24","Admin Coins Redemption Rules","Rewards, Cash Tokens & Wishlists","",""
"","177","Admin Coins Rules - Valid","Personal Banking APIs - QA Test Suite","2026-09-24","failed","2026-09-24","Admin Coins Rules","Rewards, Cash Tokens & Wishlists","",""
"","167","Verify Alias Phone Number - Missing Required Field","Personal Banking APIs - QA Test Suite","2026-09-24","passed","2026-09-24","Verify Alias Phone Number","Customer Profile, Accounts & Beneficiaries","",""
"","160","Transfers Left - No Auth","Personal Banking APIs - QA Test Suite","2026-09-24","passed","2026-09-24","Transfers Left","Wallets, Transfers, Transactions & Fund Requests","",""
"","329","Transactions - Valid","Personal Banking APIs - QA Test Suite","2026-09-24","passed","2026-09-24","Transactions","Wallets, Transfers, Transactions & Fund Requests","",""
"","172","Retrieve - Invalid Query","Personal Banking APIs - QA Test Suite","2026-09-24","failed","2026-09-24","Retrieve","Customer Profile, Accounts & Beneficiaries","",""
"","172","Update - Invalid Amount","Personal Banking APIs - QA Test Suite","2026-09-24","passed","2026-09-24","Update","Scheduled Payments","",""
"","171","Payment Merchant - Invalid Status Or Type","Personal Banking APIs - QA Test Suite","2026-09-24","failed","2026-09-24","Payment Merchant","Customer Cards","",""
"","181","Create Insurance - Empty Fields","Personal Banking APIs - QA Test Suite","2026-09-24","passed","2026-09-24","Create Insurance","Insurance","",""
"","305","Admin Games - No Auth","Personal Banking APIs - QA Test Suite","2026-09-24","passed","2026-09-24","Admin Games","Rewards, Cash Tokens & Wishlists","",""
"","161","Daily Spending Summary - No Auth","Personal Banking APIs - QA Test Suite","2026-09-24","passed","2026-09-24","Daily Spending Summary","Wallets, Transfers, Transactions & Fund Requests","",""
"","171","Reset Pin - Empty Fields","Personal Banking APIs - QA Test Suite","2026-09-24","failed","2026-09-24","Reset Pin","Customer Cards","",""
