"DESCRIPTION","DURATION IN MS","NAME","PARENT SUITE","START TIME","STATUS","STOP TIME","SUB SUITE","SUITE","TEST CLASS","TEST METHOD"
"","127","Types Get Supa Lock Special Interest - Nonexistent ID","Personal Banking APIs - QA Test Suite","2026-10-02","failed","2026-10-02","Types Get Supa Lock Special Interest","Supalock Savings","",""
"","119","Approve Bulk Fund Request - No Auth","Personal Banking APIs - QA Test Suite","2026-10-02","passed","2026-10-02","Approve Bulk Fund Request","Wallets, Transfers, Transactions & Fund Requests","",""
"","128","Admin Admin Submit - Missing Required Field","Personal Banking APIs - QA Test Suite","2026-10-02","failed","2026-10-02","Admin Admin Submit","KYC, Tier Upgrades & Young Moni","",""
"","124","Create - Empty Fields","Personal Banking APIs - QA Test Suite","2026-10-02","failed","2026-10-02","Create","Airtime, Data, Bills & VAS Beneficiaries","",""
"","118","Reset Pin - No Auth","Personal Banking APIs - QA Test Suite","2026-10-02","passed","2026-10-02","Reset Pin","Customer Cards","",""
"","126","Verify Alias Phone Number - Empty Fields","Personal Banking APIs - QA Test Suite","2026-10-02","passed","2026-10-02","Verify Alias Phone Number","Customer Profile, Accounts & Beneficiaries","",""
"","322","Data Plans - Valid","Personal Banking APIs - QA Test Suite","2026-10-02","failed","2026-10-02","Data Plans","Airtime, Data, Bills & VAS Beneficiaries","",""
"","128","Retrieve - Nonexistent ID","Personal Banking APIs - QA Test Suite","2026-10-02","passed","2026-10-02","Retrieve","Customer Cards","",""
"","121","Transactions Withdraw Interest - Invalid Token Or PIN","Personal Banking APIs - QA Test Suite","2026-10-02","passed","2026-10-02","Transactions Withdraw Interest","SWAG Savings","",""
"","135","Enable - Nonexistent ID","Personal Banking APIs - QA Test Suite","2026-10-02","failed","2026-10-02","Enable","Wallets, Transfers, Transactions & Fund Requests","",""
"","128","Withdraw - Missing Required Field","Personal Banking APIs - QA Test Suite","2026-10-02","failed","2026-10-02","Withdraw","Rewards, Cash Tokens & Wishlists","",""
"","140","List - Invalid Query","Personal Banking APIs - QA Test Suite","2026-10-02","failed","2026-10-02","List","Customer Profile, Accounts & Beneficiaries","",""
"","137","Retrieve - Invalid ID","Personal Banking APIs - QA Test Suite","2026-10-02","passed","2026-10-02","Retrieve","KYC, Tier Upgrades & Young Moni","",""
"","120","Electricity - Empty Fields","Personal Banking APIs - QA Test Suite","2026-10-02","passed","2026-10-02","Electricity","Scheduled Payments","",""
"","125","Intra Transfer - Valid","Personal Banking APIs - QA Test Suite","2026-10-02","failed","2026-10-02","Intra Transfer","Wallets, Transfers, Transactions & Fund Requests","",""
"","438","Retrieve - Invalid Query","Personal Banking APIs - QA Test Suite","2026-10-02","failed","2026-10-02","Retrieve","Customer Profile, Accounts & Beneficiaries","",""
"","133","Intra Transfer - No Auth","Personal Banking APIs - QA Test Suite","2026-10-02","failed","2026-10-02","Intra Transfer","Wallets, Transfers, Transactions & Fund Requests","",""
"","124","Item - Invalid Query","Personal Banking APIs - QA Test Suite","2026-10-02","failed","2026-10-02","Item","Rewards, Cash Tokens & Wishlists","",""
"","127","Admin Games Rewards - Nonexistent ID","Personal Banking APIs - QA Test Suite","2026-10-02","failed","2026-10-02","Admin Games Rewards","Rewards, Cash Tokens & Wishlists","",""
"","118","Young Moni Documents Action Document - No Auth","Personal Banking APIs - QA Test Suite","2026-10-02","passed","2026-10-02","Young Moni Documents Action Document","KYC, Tier Upgrades & Young Moni","",""
"","244","Admin Coins Transactions - Valid","Personal Banking APIs - QA Test Suite","2026-10-02","failed","2026-10-02","Admin Coins Transactions","Rewards, Cash Tokens & Wishlists","",""
"","136","Games Eligibility Requirements - Invalid Query","Personal Banking APIs - QA Test Suite","2026-10-02","passed","2026-10-02","Games Eligibility Requirements","Rewards, Cash Tokens & Wishlists","",""
"","135","Account Officer Change Request - Invalid Query","Personal Banking APIs - QA Test Suite","2026-10-02","failed","2026-10-02","Account Officer Change Request","Customer Profile, Accounts & Beneficiaries","",""
"","123","Games Check Eligibility - Invalid Query","Personal Banking APIs - QA Test Suite","2026-10-02","passed","2026-10-02","Games Check Eligibility","Rewards, Cash Tokens & Wishlists","",""
"","126","List - Valid","Personal Banking APIs - QA Test Suite","2026-10-02","failed","2026-10-02","List","Supalock Savings","",""
"","132","Verify Phone OTP - Empty Fields","Personal Banking APIs - QA Test Suite","2026-10-02","passed","2026-10-02","Verify Phone OTP","Customer Onboarding","",""
"","128","Types - Invalid Status Or Type","Personal Banking APIs - QA Test Suite","2026-10-02","failed","2026-10-02","Types","Supalock Savings","",""
"","222","Admin Games Stats - Invalid Query","Personal Banking APIs - QA Test Suite","2026-10-02","failed","2026-10-02","Admin Games Stats","Rewards, Cash Tokens & Wishlists","",""
"","129","Requests Request Card - Invalid Token Or PIN","Personal Banking APIs - QA Test Suite","2026-10-02","passed","2026-10-02","Requests Request Card","Customer Cards","",""
"","135","Notify Of Missed Inward - Empty Fields","Personal Banking APIs - QA Test Suite","2026-10-02","failed","2026-10-02","Notify Of Missed Inward","Wallets, Transfers, Transactions & Fund Requests","",""
"","118","Perform Action - No Auth","Personal Banking APIs - QA Test Suite","2026-10-02","passed","2026-10-02","Perform Action","Rewards, Cash Tokens & Wishlists","",""
"","120","Reset Password - Invalid Email","Personal Banking APIs - QA Test Suite","2026-10-02","passed","2026-10-02","Reset Password","Login, Credentials, Security & Devices","",""
"","140","Young Moni Requests Request Stats - Invalid Query","Personal Banking APIs - QA Test Suite","2026-10-02","failed","2026-10-02","Young Moni Requests Request Stats","KYC, Tier Upgrades & Young Moni","",""
"","117","Wallet Interest Balance - No Auth","Personal Banking APIs - QA Test Suite","2026-10-02","passed","2026-10-02","Wallet Interest Balance","Save & Spend","",""
"","129","Validate Smart Card - Empty Fields","Personal Banking APIs - QA Test Suite","2026-10-02","failed","2026-10-02","Validate Smart Card","Airtime, Data, Bills & VAS Beneficiaries","",""
"","134","Set Password & Create Pending User - Empty Fields","Personal Banking APIs - QA Test Suite","2026-10-02","passed","2026-10-02","Set Password & Create Pending User","Customer Onboarding","",""
"","125","List Schedule Payments - Invalid Query","Personal Banking APIs - QA Test Suite","2026-10-02","failed","2026-10-02","List Schedule Payments","Scheduled Payments","",""
"","377","Get Cable Plans - Invalid ID","Personal Banking APIs - QA Test Suite","2026-10-02","failed","2026-10-02","Get Cable Plans","Airtime, Data, Bills & VAS Beneficiaries","",""
"","123","Games Eligibility Requirements - Valid","Personal Banking APIs - QA Test Suite","2026-10-02","failed","2026-10-02","Games Eligibility Requirements","Rewards, Cash Tokens & Wishlists","",""
"","131","Airtime - Invalid Amount","Personal Banking APIs - QA Test Suite","2026-10-02","passed","2026-10-02","Airtime","Scheduled Payments","",""
"","135","Recipients - Nonexistent ID","Personal Banking APIs - QA Test Suite","2026-10-02","failed","2026-10-02","Recipients","Wallets, Transfers, Transactions & Fund Requests","",""
"","233","Admin Games Sessions - Valid","Personal Banking APIs - QA Test Suite","2026-10-02","failed","2026-10-02","Admin Games Sessions","Rewards, Cash Tokens & Wishlists","",""
"","126","Approve Bulk Fund Request - Empty Fields","Personal Banking APIs - QA Test Suite","2026-10-02","failed","2026-10-02","Approve Bulk Fund Request","Wallets, Transfers, Transactions & Fund Requests","",""
"","140","Notify Of Missed Inward - No Auth","Personal Banking APIs - QA Test Suite","2026-10-02","passed","2026-10-02","Notify Of Missed Inward","Wallets, Transfers, Transactions & Fund Requests","",""
"","139","Wallet - Invalid Query","Personal Banking APIs - QA Test Suite","2026-10-02","failed","2026-10-02","Wallet","Save & Spend","",""
"","129","Young Moni Initiate Account Without Identity - Valid","Personal Banking APIs - QA Test Suite","2026-10-02","failed","2026-10-02","Young Moni Initiate Account Without Identity","Customer Profile, Accounts & Beneficiaries","",""
"","118","Initiate Liveness Setup - Valid","Personal Banking APIs - QA Test Suite","2026-10-02","failed","2026-10-02","Initiate Liveness Setup","Login, Credentials, Security & Devices","",""
"","222","Admin Games - Nonexistent ID","Personal Banking APIs - QA Test Suite","2026-10-02","failed","2026-10-02","Admin Games","Rewards, Cash Tokens & Wishlists","",""
"","118","Admin Admin Submit - No Auth","Personal Banking APIs - QA Test Suite","2026-10-02","passed","2026-10-02","Admin Admin Submit","KYC, Tier Upgrades & Young Moni","",""
"","128","Borrow - Empty Fields","Personal Banking APIs - QA Test Suite","2026-10-02","failed","2026-10-02","Borrow","Kolo Connect Advances","",""
"","120","Upload Documents - No Auth","Personal Banking APIs - QA Test Suite","2026-10-02","passed","2026-10-02","Upload Documents","KYC, Tier Upgrades & Young Moni","",""
"","128","Disable - Nonexistent ID","Personal Banking APIs - QA Test Suite","2026-10-02","failed","2026-10-02","Disable","Wallets, Transfers, Transactions & Fund Requests","",""
"","119","Get Item Edit - Missing Required Field","Personal Banking APIs - QA Test Suite","2026-10-02","failed","2026-10-02","Get Item Edit","Rewards, Cash Tokens & Wishlists","",""
"","130","Partial - Valid","Personal Banking APIs - QA Test Suite","2026-10-02","failed","2026-10-02","Partial","Airtime, Data, Bills & VAS Beneficiaries","",""
"","129","Find Customers By Phone - Empty Fields","Personal Banking APIs - QA Test Suite","2026-10-02","passed","2026-10-02","Find Customers By Phone","Customer Profile, Accounts & Beneficiaries","",""
"","123","Reset Password - Empty Fields","Personal Banking APIs - QA Test Suite","2026-10-02","passed","2026-10-02","Reset Password","Login, Credentials, Security & Devices","",""
"","149","Encrypt Login - Invalid Email","Personal Banking APIs - QA Test Suite","2026-10-02","failed","2026-10-02","Encrypt Login","Login, Credentials, Security & Devices","",""
"","126","Download Statement - Missing Required Field","Personal Banking APIs - QA Test Suite","2026-10-02","failed","2026-10-02","Download Statement","Wallets, Transfers, Transactions & Fund Requests","",""
"","122","Create Password - Missing Required Field","Personal Banking APIs - QA Test Suite","2026-10-02","passed","2026-10-02","Create Password","Login, Credentials, Security & Devices","",""
"","118","Reject Bulk Fund Request - No Auth","Personal Banking APIs - QA Test Suite","2026-10-02","passed","2026-10-02","Reject Bulk Fund Request","Wallets, Transfers, Transactions & Fund Requests","",""
"","130","Complete Registration - Empty Fields","Personal Banking APIs - QA Test Suite","2026-10-02","passed","2026-10-02","Complete Registration","Customer Onboarding","",""
"","125","Wallet - Invalid Query","Personal Banking APIs - QA Test Suite","2026-10-02","failed","2026-10-02","Wallet","Save & Spend","",""
"","125","Initiate Email Update - Empty Fields","Personal Banking APIs - QA Test Suite","2026-10-02","passed","2026-10-02","Initiate Email Update","KYC, Tier Upgrades & Young Moni","",""
"","130","Channel Settings - Valid","Personal Banking APIs - QA Test Suite","2026-10-02","failed","2026-10-02","Channel Settings","Customer Cards","",""
"","126","Transactions - Nonexistent ID","Personal Banking APIs - QA Test Suite","2026-10-02","failed","2026-10-02","Transactions","SWAG Savings","",""
"","140","List - Invalid Query","Personal Banking APIs - QA Test Suite","2026-10-02","failed","2026-10-02","List","Wallets, Transfers, Transactions & Fund Requests","",""
"","144","Encrypt Login - Missing Required Field","Personal Banking APIs - QA Test Suite","2026-10-02","failed","2026-10-02","Encrypt Login","Login, Credentials, Security & Devices","",""
"","562","Get Cable Providers - Valid","Personal Banking APIs - QA Test Suite","2026-10-02","passed","2026-10-02","Get Cable Providers","Airtime, Data, Bills & VAS Beneficiaries","",""
"","123","Young Moni Validate Details Without Identity - Valid","Personal Banking APIs - QA Test Suite","2026-10-02","failed","2026-10-02","Young Moni Validate Details Without Identity","Customer Profile, Accounts & Beneficiaries","",""
"","138","Toolkit Accounts - Nonexistent ID","Personal Banking APIs - QA Test Suite","2026-10-02","failed","2026-10-02","Toolkit Accounts","Customer Profile, Accounts & Beneficiaries","",""
"","135","Retrieve - Nonexistent ID","Personal Banking APIs - QA Test Suite","2026-10-02","failed","2026-10-02","Retrieve","Airtime, Data, Bills & VAS Beneficiaries","",""
"","120","Transactions Update Swag Plan - Missing Required Field","Personal Banking APIs - QA Test Suite","2026-10-02","passed","2026-10-02","Transactions Update Swag Plan","SWAG Savings","",""
"","131","Dismiss Action - Valid","Personal Banking APIs - QA Test Suite","2026-10-02","failed","2026-10-02","Dismiss Action","KYC, Tier Upgrades & Young Moni","",""
"","127","Perform Action - Missing Required Field","Personal Banking APIs - QA Test Suite","2026-10-02","failed","2026-10-02","Perform Action","Rewards, Cash Tokens & Wishlists","",""
"","126","Setup Liveness Image - Empty Fields","Personal Banking APIs - QA Test Suite","2026-10-02","passed","2026-10-02","Setup Liveness Image","Login, Credentials, Security & Devices","",""
"","120","Purchase Data - Missing Required Field","Personal Banking APIs - QA Test Suite","2026-10-02","passed","2026-10-02","Purchase Data","Airtime, Data, Bills & VAS Beneficiaries","",""
"","124","Proposed Contributor - No Auth","Personal Banking APIs - QA Test Suite","2026-10-02","failed","2026-10-02","Proposed Contributor","Rewards, Cash Tokens & Wishlists","",""
"","126","Topup Supalock - Missing Required Field","Personal Banking APIs - QA Test Suite","2026-10-02","failed","2026-10-02","Topup Supalock","Supalock Savings","",""
"","120","Airtime - No Auth","Personal Banking APIs - QA Test Suite","2026-10-02","passed","2026-10-02","Airtime","Scheduled Payments","",""
"","233","Admin Games Stats - Valid","Personal Banking APIs - QA Test Suite","2026-10-02","failed","2026-10-02","Admin Games Stats","Rewards, Cash Tokens & Wishlists","",""
"","128","Types Get Supa Lock Special Interest - Valid","Personal Banking APIs - QA Test Suite","2026-10-02","failed","2026-10-02","Types Get Supa Lock Special Interest","Supalock Savings","",""
"","124","Redeem Insurance - Invalid Email","Personal Banking APIs - QA Test Suite","2026-10-02","passed","2026-10-02","Redeem Insurance","Insurance","",""
"","121","Transactions Withdraw Principal - Invalid Token Or PIN","Personal Banking APIs - QA Test Suite","2026-10-02","passed","2026-10-02","Transactions Withdraw Principal","SWAG Savings","",""
"","131","List - Valid","Personal Banking APIs - QA Test Suite","2026-10-02","failed","2026-10-02","List","Airtime, Data, Bills & VAS Beneficiaries","",""
"","122","Transactions Create Plan - Missing Required Field","Personal Banking APIs - QA Test Suite","2026-10-02","passed","2026-10-02","Transactions Create Plan","SWAG Savings","",""
"","130","Terms - Nonexistent ID","Personal Banking APIs - QA Test Suite","2026-10-02","passed","2026-10-02","Terms","Rewards, Cash Tokens & Wishlists","",""
"","127","Retrieve - Nonexistent ID","Personal Banking APIs - QA Test Suite","2026-10-02","failed","2026-10-02","Retrieve","Wallets, Transfers, Transactions & Fund Requests","",""
"","130","Create Her Wealth - Empty Fields","Personal Banking APIs - QA Test Suite","2026-10-02","passed","2026-10-02","Create Her Wealth","Customer Profile, Accounts & Beneficiaries","",""
"","120","Create Transaction Pin - Missing Required Field","Personal Banking APIs - QA Test Suite","2026-10-02","failed","2026-10-02","Create Transaction Pin","Login, Credentials, Security & Devices","",""
"","128","Electricity - Invalid Amount","Personal Banking APIs - QA Test Suite","2026-10-02","passed","2026-10-02","Electricity","Scheduled Payments","",""
"","130","Set Password & Create Pending User - Invalid Token Or PIN","Personal Banking APIs - QA Test Suite","2026-10-02","passed","2026-10-02","Set Password & Create Pending User","Customer Onboarding","",""
"","131","Details - Missing Required Field","Personal Banking APIs - QA Test Suite","2026-10-02","failed","2026-10-02","Details","Customer Profile, Accounts & Beneficiaries","",""
"","137","Admin Admin Upgrade To Merchant - Valid","Personal Banking APIs - QA Test Suite","2026-10-02","failed","2026-10-02","Admin Admin Upgrade To Merchant","KYC, Tier Upgrades & Young Moni","",""
"","144","Daily Income Summary - Valid","Personal Banking APIs - QA Test Suite","2026-10-02","passed","2026-10-02","Daily Income Summary","Wallets, Transfers, Transactions & Fund Requests","",""
"","132","Recipients - Invalid Query","Personal Banking APIs - QA Test Suite","2026-10-02","failed","2026-10-02","Recipients","Wallets, Transfers, Transactions & Fund Requests","",""
"","126","Cancel Schedule Payment - Empty Fields","Personal Banking APIs - QA Test Suite","2026-10-02","passed","2026-10-02","Cancel Schedule Payment","Scheduled Payments","",""
"","136","Remaining Limit Today - Valid","Personal Banking APIs - QA Test Suite","2026-10-02","passed","2026-10-02","Remaining Limit Today","Wallets, Transfers, Transactions & Fund Requests","",""
"","123","Transactions Deposit - Valid","Personal Banking APIs - QA Test Suite","2026-10-02","failed","2026-10-02","Transactions Deposit","Target Savings","",""
"","126","Admin Games Rewards - Nonexistent ID","Personal Banking APIs - QA Test Suite","2026-10-02","failed","2026-10-02","Admin Games Rewards","Rewards, Cash Tokens & Wishlists","",""
"","120","Partial - Invalid Amount","Personal Banking APIs - QA Test Suite","2026-10-02","passed","2026-10-02","Partial","Wallets, Transfers, Transactions & Fund Requests","",""
"","127","Get Item - Valid","Personal Banking APIs - QA Test Suite","2026-10-02","failed","2026-10-02","Get Item","Rewards, Cash Tokens & Wishlists","",""
"","123","Inter Transfer - Valid","Personal Banking APIs - QA Test Suite","2026-10-02","failed","2026-10-02","Inter Transfer","Wallets, Transfers, Transactions & Fund Requests","",""
"","128","Admin Update Documents - Missing Required Field","Personal Banking APIs - QA Test Suite","2026-10-02","passed","2026-10-02","Admin Update Documents","KYC, Tier Upgrades & Young Moni","",""
"","125","Update Documents - Invalid Status Or Type","Personal Banking APIs - QA Test Suite","2026-10-02","passed","2026-10-02","Update Documents","KYC, Tier Upgrades & Young Moni","",""
"","233","Admin Coins Redemption Rules - Invalid ID","Personal Banking APIs - QA Test Suite","2026-10-02","failed","2026-10-02","Admin Coins Redemption Rules","Rewards, Cash Tokens & Wishlists","",""
"","118","Retrieve - No Auth","Personal Banking APIs - QA Test Suite","2026-10-02","passed","2026-10-02","Retrieve","Airtime, Data, Bills & VAS Beneficiaries","",""
"","128","Admin Coins Rules - Empty Fields","Personal Banking APIs - QA Test Suite","2026-10-02","failed","2026-10-02","Admin Coins Rules","Rewards, Cash Tokens & Wishlists","",""
"","131","Get Suggestions - Valid","Personal Banking APIs - QA Test Suite","2026-10-02","passed","2026-10-02","Get Suggestions","Customer Profile, Accounts & Beneficiaries","",""
"","118","Admin Coins Redemption Rules - No Auth","Personal Banking APIs - QA Test Suite","2026-10-02","passed","2026-10-02","Admin Coins Redemption Rules","Rewards, Cash Tokens & Wishlists","",""
"","134","Document Delete - Valid","Personal Banking APIs - QA Test Suite","2026-10-02","failed","2026-10-02","Document Delete","KYC, Tier Upgrades & Young Moni","",""
"","120","Young Moni Upload Guardian Documents - Nonexistent ID","Personal Banking APIs - QA Test Suite","2026-10-02","passed","2026-10-02","Young Moni Upload Guardian Documents","Customer Profile, Accounts & Beneficiaries","",""
"","125","Verify Reset Token - Valid","Personal Banking APIs - QA Test Suite","2026-10-02","failed","2026-10-02","Verify Reset Token","Login, Credentials, Security & Devices","",""
"","260","Account Officer Request Change - Missing Required Field","Personal Banking APIs - QA Test Suite","2026-10-02","passed","2026-10-02","Account Officer Request Change","Customer Profile, Accounts & Beneficiaries","",""
"","117","Retrieve - No Auth","Personal Banking APIs - QA Test Suite","2026-10-02","passed","2026-10-02","Retrieve","Customer Cards","",""
"","380","Get Cable Plans - Valid","Personal Banking APIs - QA Test Suite","2026-10-02","passed","2026-10-02","Get Cable Plans","Airtime, Data, Bills & VAS Beneficiaries","",""
"","131","Reset Login Pin - Empty Fields","Personal Banking APIs - QA Test Suite","2026-10-02","passed","2026-10-02","Reset Login Pin","Login, Credentials, Security & Devices","",""
"","128","Tier Progress - Valid","Personal Banking APIs - QA Test Suite","2026-10-02","failed","2026-10-02","Tier Progress","Rewards, Cash Tokens & Wishlists","",""
"","138","Enabled Setting - Valid","Personal Banking APIs - QA Test Suite","2026-10-02","failed","2026-10-02","Enabled Setting","Wallets, Transfers, Transactions & Fund Requests","",""
"","121","Transactions Update Swag Plan - Empty Fields","Personal Banking APIs - QA Test Suite","2026-10-02","passed","2026-10-02","Transactions Update Swag Plan","SWAG Savings","",""
"","118","Update Single Transfer Limit - No Auth","Personal Banking APIs - QA Test Suite","2026-10-02","passed","2026-10-02","Update Single Transfer Limit","Customer Profile, Accounts & Beneficiaries","",""
"","119","Activate - No Auth","Personal Banking APIs - QA Test Suite","2026-10-02","passed","2026-10-02","Activate","Customer Cards","",""
"","120","Get Item Edit - Empty Fields","Personal Banking APIs - QA Test Suite","2026-10-02","failed","2026-10-02","Get Item Edit","Rewards, Cash Tokens & Wishlists","",""
"","120","Admin Devices Deactivate - Missing Required Field","Personal Banking APIs - QA Test Suite","2026-10-02","failed","2026-10-02","Admin Devices Deactivate","Login, Credentials, Security & Devices","",""
"","132","Enable - Valid","Personal Banking APIs - QA Test Suite","2026-10-02","failed","2026-10-02","Enable","Wallets, Transfers, Transactions & Fund Requests","",""
"","224","Admin Games - Invalid ID","Personal Banking APIs - QA Test Suite","2026-10-02","failed","2026-10-02","Admin Games","Rewards, Cash Tokens & Wishlists","",""
"","223","Admin Coins Rules - Nonexistent ID","Personal Banking APIs - QA Test Suite","2026-10-02","failed","2026-10-02","Admin Coins Rules","Rewards, Cash Tokens & Wishlists","",""
"","127","Retrieve - Nonexistent ID","Personal Banking APIs - QA Test Suite","2026-10-02","passed","2026-10-02","Retrieve","Rewards, Cash Tokens & Wishlists","",""
"","139","Admin Games Rewards - Valid","Personal Banking APIs - QA Test Suite","2026-10-02","failed","2026-10-02","Admin Games Rewards","Rewards, Cash Tokens & Wishlists","",""
"","128","Borrow - Missing Required Field","Personal Banking APIs - QA Test Suite","2026-10-02","failed","2026-10-02","Borrow","Kolo Connect Advances","",""
"","125","Wishlist Config - No Auth","Personal Banking APIs - QA Test Suite","2026-10-02","passed","2026-10-02","Wishlist Config","Rewards, Cash Tokens & Wishlists","",""
"","121","Create Login Pin - Invalid Token Or PIN","Personal Banking APIs - QA Test Suite","2026-10-02","failed","2026-10-02","Create Login Pin","Login, Credentials, Security & Devices","",""
"","128","Partial - Empty Fields","Personal Banking APIs - QA Test Suite","2026-10-02","failed","2026-10-02","Partial","Airtime, Data, Bills & VAS Beneficiaries","",""
"","133","Document Delete - Empty Fields","Personal Banking APIs - QA Test Suite","2026-10-02","failed","2026-10-02","Document Delete","KYC, Tier Upgrades & Young Moni","",""
"","127","Retrieve - Invalid Query","Personal Banking APIs - QA Test Suite","2026-10-02","failed","2026-10-02","Retrieve","Customer Profile, Accounts & Beneficiaries","",""
"","122","Purchase Data - Invalid Amount","Personal Banking APIs - QA Test Suite","2026-10-02","passed","2026-10-02","Purchase Data","Airtime, Data, Bills & VAS Beneficiaries","",""
"","137","Admin Coins Rules - Nonexistent ID","Personal Banking APIs - QA Test Suite","2026-10-02","failed","2026-10-02","Admin Coins Rules","Rewards, Cash Tokens & Wishlists","",""
"","121","Young Moni Upload Guardian Documents - Invalid Status Or Type","Personal Banking APIs - QA Test Suite","2026-10-02","failed","2026-10-02","Young Moni Upload Guardian Documents","Customer Profile, Accounts & Beneficiaries","",""
"","355","Her Wealth Details - Invalid ID","Personal Banking APIs - QA Test Suite","2026-10-02","passed","2026-10-02","Her Wealth Details","Customer Profile, Accounts & Beneficiaries","",""
"","172","Retry Payment Schedule - Valid","Personal Banking APIs - QA Test Suite","2026-10-02","failed","2026-10-02","Retry Payment Schedule","Scheduled Payments","",""
"","131","Partial - Missing Required Field","Personal Banking APIs - QA Test Suite","2026-10-02","failed","2026-10-02","Partial","Airtime, Data, Bills & VAS Beneficiaries","",""
"","119","Young Moni Validate Details - Invalid Email","Personal Banking APIs - QA Test Suite","2026-10-02","failed","2026-10-02","Young Moni Validate Details","Customer Profile, Accounts & Beneficiaries","",""
"","130","Verify BVN (Choose BVN or NIN) - Empty Fields","Personal Banking APIs - QA Test Suite","2026-10-02","passed","2026-10-02","Verify BVN (Choose BVN or NIN)","Customer Onboarding","",""
"","140","Admin Games Rewards - Valid","Personal Banking APIs - QA Test Suite","2026-10-02","failed","2026-10-02","Admin Games Rewards","Rewards, Cash Tokens & Wishlists","",""
"","128","Leaderboard - Valid","Personal Banking APIs - QA Test Suite","2026-10-02","passed","2026-10-02","Leaderboard","Customer Profile, Accounts & Beneficiaries","",""
"","123","Transactions Update Swag Plan - Invalid Status Or Type","Personal Banking APIs - QA Test Suite","2026-10-02","passed","2026-10-02","Transactions Update Swag Plan","SWAG Savings","",""
"","118","Terms - No Auth","Personal Banking APIs - QA Test Suite","2026-10-02","passed","2026-10-02","Terms","Rewards, Cash Tokens & Wishlists","",""
"","134","Winner - Valid","Personal Banking APIs - QA Test Suite","2026-10-02","passed","2026-10-02","Winner","Rewards, Cash Tokens & Wishlists","",""
"","211","Data Plans - Invalid Query","Personal Banking APIs - QA Test Suite","2026-10-02","passed","2026-10-02","Data Plans","Airtime, Data, Bills & VAS Beneficiaries","",""
"","217","Admin Coins Rules Stats - No Auth","Personal Banking APIs - QA Test Suite","2026-10-02","passed","2026-10-02","Admin Coins Rules Stats","Rewards, Cash Tokens & Wishlists","",""
"","126","Deals Active - Valid","Personal Banking APIs - QA Test Suite","2026-10-02","failed","2026-10-02","Deals Active","Rewards, Cash Tokens & Wishlists","",""
"","142","Tier One Upgrade - Valid","Personal Banking APIs - QA Test Suite","2026-10-02","failed","2026-10-02","Tier One Upgrade","KYC, Tier Upgrades & Young Moni","",""
"","157","Transactions - Valid","Personal Banking APIs - QA Test Suite","2026-10-02","passed","2026-10-02","Transactions","Supalock Savings","",""
"","126","Upload Bulk Fund Request - No Auth","Personal Banking APIs - QA Test Suite","2026-10-02","failed","2026-10-02","Upload Bulk Fund Request","Wallets, Transfers, Transactions & Fund Requests","",""
"","127","Create Insurance - Invalid Token Or PIN","Personal Banking APIs - QA Test Suite","2026-10-02","passed","2026-10-02","Create Insurance","Insurance","",""
"","120","Request Phone Verification - Empty Fields","Personal Banking APIs - QA Test Suite","2026-10-02","failed","2026-10-02","Request Phone Verification","Login, Credentials, Security & Devices","",""
"","121","Purchase Airtime - Valid","Personal Banking APIs - QA Test Suite","2026-10-02","failed","2026-10-02","Purchase Airtime","Airtime, Data, Bills & VAS Beneficiaries","",""
"","216","Verify Phone OTP - Invalid Token Or PIN","Personal Banking APIs - QA Test Suite","2026-10-02","passed","2026-10-02","Verify Phone OTP","Customer Onboarding","",""
"","117","Requests - No Auth","Personal Banking APIs - QA Test Suite","2026-10-02","passed","2026-10-02","Requests","Customer Cards","",""
"","127","Wallet - Invalid Query","Personal Banking APIs - QA Test Suite","2026-10-02","failed","2026-10-02","Wallet","Target Savings","",""
"","119","Intra Name Enquiry By Phone - No Auth","Personal Banking APIs - QA Test Suite","2026-10-02","passed","2026-10-02","Intra Name Enquiry By Phone","Wallets, Transfers, Transactions & Fund Requests","",""
"","124","Update Identity - Missing Required Field","Personal Banking APIs - QA Test Suite","2026-10-02","passed","2026-10-02","Update Identity","KYC, Tier Upgrades & Young Moni","",""
"","119","Tier One Upgrade - No Auth","Personal Banking APIs - QA Test Suite","2026-10-02","passed","2026-10-02","Tier One Upgrade","KYC, Tier Upgrades & Young Moni","",""
"","129","Electricity - Invalid Status Or Type","Personal Banking APIs - QA Test Suite","2026-10-02","passed","2026-10-02","Electricity","Scheduled Payments","",""
"","129","Repay - Nonexistent ID","Personal Banking APIs - QA Test Suite","2026-10-02","failed","2026-10-02","Repay","Kolo Connect Advances","",""
"","213","Payment Merchant - Invalid Status Or Type","Personal Banking APIs - QA Test Suite","2026-10-02","failed","2026-10-02","Payment Merchant","Customer Cards","",""
"","133","Young Moni Upload Child Documents - Invalid ID","Personal Banking APIs - QA Test Suite","2026-10-02","passed","2026-10-02","Young Moni Upload Child Documents","Customer Profile, Accounts & Beneficiaries","",""
"","129","Unblock - Missing Required Field","Personal Banking APIs - QA Test Suite","2026-10-02","failed","2026-10-02","Unblock","Customer Cards","",""
"","138","Transactions - Valid","Personal Banking APIs - QA Test Suite","2026-10-02","passed","2026-10-02","Transactions","Target Savings","",""
"","125","Continue With Email - Empty Fields","Personal Banking APIs - QA Test Suite","2026-10-02","passed","2026-10-02","Continue With Email","Customer Onboarding","",""
"","124","Document Update Status - Missing Required Field","Personal Banking APIs - QA Test Suite","2026-10-02","failed","2026-10-02","Document Update Status","KYC, Tier Upgrades & Young Moni","",""
"","158","Transactions - Valid","Personal Banking APIs - QA Test Suite","2026-10-02","passed","2026-10-02","Transactions","Save & Spend","",""
"","131","Retrieve - Valid","Personal Banking APIs - QA Test Suite","2026-10-02","failed","2026-10-02","Retrieve","Wallets, Transfers, Transactions & Fund Requests","",""
"","129","Reset Pin - Valid","Personal Banking APIs - QA Test Suite","2026-10-02","failed","2026-10-02","Reset Pin","Customer Cards","",""
"","134","Transactions Create Wallet - Empty Fields","Personal Banking APIs - QA Test Suite","2026-10-02","passed","2026-10-02","Transactions Create Wallet","Target Savings","",""
"","122","Create Login Pin - No Auth","Personal Banking APIs - QA Test Suite","2026-10-02","passed","2026-10-02","Create Login Pin","Login, Credentials, Security & Devices","",""
"","119","Transactions Update Swag Plan - No Auth","Personal Banking APIs - QA Test Suite","2026-10-02","failed","2026-10-02","Transactions Update Swag Plan","SWAG Savings","",""
"","132","Approve Single Bulk Recipient - Missing Required Field","Personal Banking APIs - QA Test Suite","2026-10-02","failed","2026-10-02","Approve Single Bulk Recipient","Wallets, Transfers, Transactions & Fund Requests","",""
"","128","Young Moni Upload Child Documents - Nonexistent ID","Personal Banking APIs - QA Test Suite","2026-10-02","passed","2026-10-02","Young Moni Upload Child Documents","Customer Profile, Accounts & Beneficiaries","",""
"","153","Types - Missing Required Field","Personal Banking APIs - QA Test Suite","2026-10-02","failed","2026-10-02","Types","Supalock Savings","",""
"","126","Single Fund Request - Empty Fields","Personal Banking APIs - QA Test Suite","2026-10-02","passed","2026-10-02","Single Fund Request","Wallets, Transfers, Transactions & Fund Requests","",""
"","119","Wallet - No Auth","Personal Banking APIs - QA Test Suite","2026-10-02","passed","2026-10-02","Wallet","SWAG Savings","",""
"","133","Tier One Upgrade - Empty Fields","Personal Banking APIs - QA Test Suite","2026-10-02","passed","2026-10-02","Tier One Upgrade","KYC, Tier Upgrades & Young Moni","",""
"","137","Young Moni Upload Child Documents - Valid","Personal Banking APIs - QA Test Suite","2026-10-02","failed","2026-10-02","Young Moni Upload Child Documents","Customer Profile, Accounts & Beneficiaries","",""
"","128","Admin Complete Upgrade Request - Nonexistent ID","Personal Banking APIs - QA Test Suite","2026-10-02","failed","2026-10-02","Admin Complete Upgrade Request","KYC, Tier Upgrades & Young Moni","",""
"","142","Update Credit Stage - Invalid Status Or Type","Personal Banking APIs - QA Test Suite","2026-10-02","failed","2026-10-02","Update Credit Stage","Wallets, Transfers, Transactions & Fund Requests","",""
"","238","Admin Coins Redemption Rules - Valid","Personal Banking APIs - QA Test Suite","2026-10-02","failed","2026-10-02","Admin Coins Redemption Rules","Rewards, Cash Tokens & Wishlists","",""
"","122","Young Moni - No Auth","Personal Banking APIs - QA Test Suite","2026-10-02","passed","2026-10-02","Young Moni","Customer Profile, Accounts & Beneficiaries","",""
"","227","Admin - Invalid Query","Personal Banking APIs - QA Test Suite","2026-10-02","failed","2026-10-02","Admin","KYC, Tier Upgrades & Young Moni","",""
"","139","Update Single Transfer Limit - Valid","Personal Banking APIs - QA Test Suite","2026-10-02","failed","2026-10-02","Update Single Transfer Limit","Customer Profile, Accounts & Beneficiaries","",""
"","160","Update Communication Preference - Valid","Personal Banking APIs - QA Test Suite","2026-10-02","failed","2026-10-02","Update Communication Preference","Customer Profile, Accounts & Beneficiaries","",""
"","130","Types - Invalid Query","Personal Banking APIs - QA Test Suite","2026-10-02","failed","2026-10-02","Types","Supalock Savings","",""
"","118","Cancel Schedule Payment - No Auth","Personal Banking APIs - QA Test Suite","2026-10-02","passed","2026-10-02","Cancel Schedule Payment","Scheduled Payments","",""
"","136","Tier One Upgrade With BVN - Empty Fields","Personal Banking APIs - QA Test Suite","2026-10-02","passed","2026-10-02","Tier One Upgrade With BVN","KYC, Tier Upgrades & Young Moni","",""
"","128","Get Item - Invalid Query","Personal Banking APIs - QA Test Suite","2026-10-02","failed","2026-10-02","Get Item","Rewards, Cash Tokens & Wishlists","",""
"","119","Get Transaction Overview - No Auth","Personal Banking APIs - QA Test Suite","2026-10-02","passed","2026-10-02","Get Transaction Overview","Wallets, Transfers, Transactions & Fund Requests","",""
"","129","Disable - Valid","Personal Banking APIs - QA Test Suite","2026-10-02","failed","2026-10-02","Disable","Wallets, Transfers, Transactions & Fund Requests","",""
"","119","Requests Get Delivery Cost - No Auth","Personal Banking APIs - QA Test Suite","2026-10-02","passed","2026-10-02","Requests Get Delivery Cost","Customer Cards","",""
"","127","Restrict Accounts By BVN - No Auth","Personal Banking APIs - QA Test Suite","2026-10-02","passed","2026-10-02","Restrict Accounts By BVN","Customer Profile, Accounts & Beneficiaries","",""
"","120","Create Wishlist With Items - Empty Fields","Personal Banking APIs - QA Test Suite","2026-10-02","passed","2026-10-02","Create Wishlist With Items","Rewards, Cash Tokens & Wishlists","",""
"","119","Admin Admin Tier One Upgrade - No Auth","Personal Banking APIs - QA Test Suite","2026-10-02","passed","2026-10-02","Admin Admin Tier One Upgrade","KYC, Tier Upgrades & Young Moni","",""
"","130","Add Item - Missing Required Field","Personal Banking APIs - QA Test Suite","2026-10-02","failed","2026-10-02","Add Item","Rewards, Cash Tokens & Wishlists","",""
"","223","Admin Coins Rules Stats - Invalid Query","Personal Banking APIs - QA Test Suite","2026-10-02","failed","2026-10-02","Admin Coins Rules Stats","Rewards, Cash Tokens & Wishlists","",""
"","144","Types - Valid","Personal Banking APIs - QA Test Suite","2026-10-02","passed","2026-10-02","Types","Supalock Savings","",""
"","129","Create - Missing Required Field","Personal Banking APIs - QA Test Suite","2026-10-02","passed","2026-10-02","Create","Customer Profile, Accounts & Beneficiaries","",""
"","206","Add Account Alias - Missing Required Field","Personal Banking APIs - QA Test Suite","2026-10-02","passed","2026-10-02","Add Account Alias","Customer Profile, Accounts & Beneficiaries","",""
"","118","Daily Income Summary - No Auth","Personal Banking APIs - QA Test Suite","2026-10-02","passed","2026-10-02","Daily Income Summary","Wallets, Transfers, Transactions & Fund Requests","",""
"","119","Verify Phone Number - Missing Required Field","Personal Banking APIs - QA Test Suite","2026-10-02","failed","2026-10-02","Verify Phone Number","Login, Credentials, Security & Devices","",""
"","124","Admin Coins Rules - Invalid ID","Personal Banking APIs - QA Test Suite","2026-10-02","failed","2026-10-02","Admin Coins Rules","Rewards, Cash Tokens & Wishlists","",""
"","121","Transactions Create Wallet Product Specific - Invalid Token Or PIN","Personal Banking APIs - QA Test Suite","2026-10-02","passed","2026-10-02","Transactions Create Wallet Product Specific","Target Savings","",""
"","134","Export Fund Recipients - Valid","Personal Banking APIs - QA Test Suite","2026-10-02","failed","2026-10-02","Export Fund Recipients","Wallets, Transfers, Transactions & Fund Requests","",""
"","253","Admin List Documents - Valid","Personal Banking APIs - QA Test Suite","2026-10-02","failed","2026-10-02","Admin List Documents","KYC, Tier Upgrades & Young Moni","",""
"","119","List Documents - No Auth","Personal Banking APIs - QA Test Suite","2026-10-02","passed","2026-10-02","List Documents","KYC, Tier Upgrades & Young Moni","",""
"","120","Reward With Airtime - Empty Fields","Personal Banking APIs - QA Test Suite","2026-10-02","passed","2026-10-02","Reward With Airtime","Rewards, Cash Tokens & Wishlists","",""
"","125","Item - Invalid ID","Personal Banking APIs - QA Test Suite","2026-10-02","passed","2026-10-02","Item","Rewards, Cash Tokens & Wishlists","",""
"","119","Retrieve - No Auth","Personal Banking APIs - QA Test Suite","2026-10-02","passed","2026-10-02","Retrieve","Airtime, Data, Bills & VAS Beneficiaries","",""
"","119","Initiate Liveness Setup - No Auth","Personal Banking APIs - QA Test Suite","2026-10-02","passed","2026-10-02","Initiate Liveness Setup","Login, Credentials, Security & Devices","",""
"","131","Reject Single Fund Request - Invalid Token Or PIN","Personal Banking APIs - QA Test Suite","2026-10-02","failed","2026-10-02","Reject Single Fund Request","Wallets, Transfers, Transactions & Fund Requests","",""
"","125","Tenors - Invalid Query","Personal Banking APIs - QA Test Suite","2026-10-02","failed","2026-10-02","Tenors","Kolo Connect Advances","",""
"","120","Wishlist Config Edit - Valid","Personal Banking APIs - QA Test Suite","2026-10-02","failed","2026-10-02","Wishlist Config Edit","Rewards, Cash Tokens & Wishlists","",""
"","130","Disable - Invalid ID","Personal Banking APIs - QA Test Suite","2026-10-02","failed","2026-10-02","Disable","Wallets, Transfers, Transactions & Fund Requests","",""
"","116","Wallet - No Auth","Personal Banking APIs - QA Test Suite","2026-10-02","passed","2026-10-02","Wallet","Save & Spend","",""
"","120","Verify Email Update - No Auth","Personal Banking APIs - QA Test Suite","2026-10-02","passed","2026-10-02","Verify Email Update","KYC, Tier Upgrades & Young Moni","",""
"","127","Admin Coins Redemption Rules - Invalid Status Or Type","Personal Banking APIs - QA Test Suite","2026-10-02","failed","2026-10-02","Admin Coins Redemption Rules","Rewards, Cash Tokens & Wishlists","",""
"","130","Retrieve - Invalid Query","Personal Banking APIs - QA Test Suite","2026-10-02","failed","2026-10-02","Retrieve","KYC, Tier Upgrades & Young Moni","",""
"","128","Update Communication Preference - Invalid ID","Personal Banking APIs - QA Test Suite","2026-10-02","passed","2026-10-02","Update Communication Preference","Customer Profile, Accounts & Beneficiaries","",""
"","129","Validate Betting Id - Invalid Status Or Type","Personal Banking APIs - QA Test Suite","2026-10-02","passed","2026-10-02","Validate Betting Id","Airtime, Data, Bills & VAS Beneficiaries","",""
"","123","Purchase Jamb - Empty Fields","Personal Banking APIs - QA Test Suite","2026-10-02","passed","2026-10-02","Purchase Jamb","Airtime, Data, Bills & VAS Beneficiaries","",""
"","132","Eligibility - Valid","Personal Banking APIs - QA Test Suite","2026-10-02","failed","2026-10-02","Eligibility","Kolo Connect Advances","",""
"","117","High Value Transactions - No Auth","Personal Banking APIs - QA Test Suite","2026-10-02","passed","2026-10-02","High Value Transactions","Wallets, Transfers, Transactions & Fund Requests","",""
"","160","Coin Redemption Rules - Valid","Personal Banking APIs - QA Test Suite","2026-10-02","failed","2026-10-02","Coin Redemption Rules","Rewards, Cash Tokens & Wishlists","",""
"","232","Admin Games Rewards - Valid","Personal Banking APIs - QA Test Suite","2026-10-02","failed","2026-10-02","Admin Games Rewards","Rewards, Cash Tokens & Wishlists","",""
"","120","Leaderboard - No Auth","Personal Banking APIs - QA Test Suite","2026-10-02","passed","2026-10-02","Leaderboard","Customer Profile, Accounts & Beneficiaries","",""
"","144","Enabled Setting - No Auth","Personal Banking APIs - QA Test Suite","2026-10-02","passed","2026-10-02","Enabled Setting","Wallets, Transfers, Transactions & Fund Requests","",""
"","119","Customer Submit - No Auth","Personal Banking APIs - QA Test Suite","2026-10-02","passed","2026-10-02","Customer Submit","KYC, Tier Upgrades & Young Moni","",""
"","146","Retrieve - Invalid ID","Personal Banking APIs - QA Test Suite","2026-10-02","failed","2026-10-02","Retrieve","Wallets, Transfers, Transactions & Fund Requests","",""
"","127","Update Communication Preference - Invalid Token Or PIN","Personal Banking APIs - QA Test Suite","2026-10-02","passed","2026-10-02","Update Communication Preference","Customer Profile, Accounts & Beneficiaries","",""
"","134","Young Moni Requests Complete Review - Valid","Personal Banking APIs - QA Test Suite","2026-10-02","failed","2026-10-02","Young Moni Requests Complete Review","KYC, Tier Upgrades & Young Moni","",""
"","131","Recipients - Valid","Personal Banking APIs - QA Test Suite","2026-10-02","failed","2026-10-02","Recipients","Wallets, Transfers, Transactions & Fund Requests","",""
"","119","List - No Auth","Personal Banking APIs - QA Test Suite","2026-10-02","passed","2026-10-02","List","Wallets, Transfers, Transactions & Fund Requests","",""
"","128","Verify Email OTP - Missing Required Field","Personal Banking APIs - QA Test Suite","2026-10-02","passed","2026-10-02","Verify Email OTP","Customer Onboarding","",""
"","127","Transactions Break Target - Empty Fields","Personal Banking APIs - QA Test Suite","2026-10-02","passed","2026-10-02","Transactions Break Target","Target Savings","",""
"","140","Block - No Auth","Personal Banking APIs - QA Test Suite","2026-10-02","passed","2026-10-02","Block","Customer Cards","",""
"","119","Winner - No Auth","Personal Banking APIs - QA Test Suite","2026-10-02","passed","2026-10-02","Winner","Rewards, Cash Tokens & Wishlists","",""
"","121","Withdraw Cashback - Empty Fields","Personal Banking APIs - QA Test Suite","2026-10-02","passed","2026-10-02","Withdraw Cashback","Wallets, Transfers, Transactions & Fund Requests","",""
"","127","Create - Empty Fields","Personal Banking APIs - QA Test Suite","2026-10-02","passed","2026-10-02","Create","Customer Profile, Accounts & Beneficiaries","",""
"","120","Create Transaction Pin - Empty Fields","Personal Banking APIs - QA Test Suite","2026-10-02","failed","2026-10-02","Create Transaction Pin","Login, Credentials, Security & Devices","",""
"","124","Retrieve - Invalid ID","Personal Banking APIs - QA Test Suite","2026-10-02","failed","2026-10-02","Retrieve","Wallets, Transfers, Transactions & Fund Requests","",""
"","157","List - Valid","Personal Banking APIs - QA Test Suite","2026-10-02","passed","2026-10-02","List","Scheduled Payments","",""
"","126","Create Wishlist With Items - Invalid Amount","Personal Banking APIs - QA Test Suite","2026-10-02","passed","2026-10-02","Create Wishlist With Items","Rewards, Cash Tokens & Wishlists","",""
"","129","Wallet - Invalid ID","Personal Banking APIs - QA Test Suite","2026-10-02","failed","2026-10-02","Wallet","Save & Spend","",""
"","146","Encrypt Login - Invalid Token Or PIN","Personal Banking APIs - QA Test Suite","2026-10-02","failed","2026-10-02","Encrypt Login","Login, Credentials, Security & Devices","",""
"","144","Withdraw Supalock - Invalid Token Or PIN","Personal Banking APIs - QA Test Suite","2026-10-02","failed","2026-10-02","Withdraw Supalock","Supalock Savings","",""
"","143","Verify NIN (Choose BVN or NIN) - Invalid Status Or Type","Personal Banking APIs - QA Test Suite","2026-10-02","passed","2026-10-02","Verify NIN (Choose BVN or NIN)","Customer Onboarding","",""
"","130","Export Fund Recipients - Missing Required Field","Personal Banking APIs - QA Test Suite","2026-10-02","failed","2026-10-02","Export Fund Recipients","Wallets, Transfers, Transactions & Fund Requests","",""
"","121","Validate Jamb Profile - No Auth","Personal Banking APIs - QA Test Suite","2026-10-02","passed","2026-10-02","Validate Jamb Profile","Airtime, Data, Bills & VAS Beneficiaries","",""
"","128","Validate Meter - Invalid Status Or Type","Personal Banking APIs - QA Test Suite","2026-10-02","failed","2026-10-02","Validate Meter","Airtime, Data, Bills & VAS Beneficiaries","",""
"","121","Create - Invalid Status Or Type","Personal Banking APIs - QA Test Suite","2026-10-02","passed","2026-10-02","Create","Airtime, Data, Bills & VAS Beneficiaries","",""
"","127","Renew Insurance - Valid","Personal Banking APIs - QA Test Suite","2026-10-02","failed","2026-10-02","Renew Insurance","Insurance","",""
"","122","Update Documents - No Auth","Personal Banking APIs - QA Test Suite","2026-10-02","passed","2026-10-02","Update Documents","KYC, Tier Upgrades & Young Moni","",""
"","117","List - No Auth","Personal Banking APIs - QA Test Suite","2026-10-02","passed","2026-10-02","List","Insurance","",""
"","129","Retrieve - Invalid Query","Personal Banking APIs - QA Test Suite","2026-10-02","failed","2026-10-02","Retrieve","Wallets, Transfers, Transactions & Fund Requests","",""
"","127","Dismiss Action - Invalid Status Or Type","Personal Banking APIs - QA Test Suite","2026-10-02","failed","2026-10-02","Dismiss Action","KYC, Tier Upgrades & Young Moni","",""
"","125","Webhook Cashtoken Webhook - Empty Fields","Personal Banking APIs - QA Test Suite","2026-10-02","failed","2026-10-02","Webhook Cashtoken Webhook","Rewards, Cash Tokens & Wishlists","",""
"","135","Retry Payment Schedule - Missing Required Field","Personal Banking APIs - QA Test Suite","2026-10-02","passed","2026-10-02","Retry Payment Schedule","Scheduled Payments","",""
"","621","List - Valid","Personal Banking APIs - QA Test Suite","2026-10-02","passed","2026-10-02","List","Customer Profile, Accounts & Beneficiaries","",""
"","122","Create Password - Empty Fields","Personal Banking APIs - QA Test Suite","2026-10-02","passed","2026-10-02","Create Password","Login, Credentials, Security & Devices","",""
"","121","Intra Transfer - Invalid Token Or PIN","Personal Banking APIs - QA Test Suite","2026-10-02","passed","2026-10-02","Intra Transfer","Wallets, Transfers, Transactions & Fund Requests","",""
"","572","Fetch Balance - Valid","Personal Banking APIs - QA Test Suite","2026-10-02","passed","2026-10-02","Fetch Balance","Customer Profile, Accounts & Beneficiaries","",""
"","133","Admin Coins Redemption Rules - Valid","Personal Banking APIs - QA Test Suite","2026-10-02","failed","2026-10-02","Admin Coins Redemption Rules","Rewards, Cash Tokens & Wishlists","",""
"","123","Purchase Epin - Valid","Personal Banking APIs - QA Test Suite","2026-10-02","failed","2026-10-02","Purchase Epin","Airtime, Data, Bills & VAS Beneficiaries","",""
"","237","Admin - Valid","Personal Banking APIs - QA Test Suite","2026-10-02","failed","2026-10-02","Admin","KYC, Tier Upgrades & Young Moni","",""
"","220","Admin Games Rewards - No Auth","Personal Banking APIs - QA Test Suite","2026-10-02","passed","2026-10-02","Admin Games Rewards","Rewards, Cash Tokens & Wishlists","",""
"","128","Document Update Status - Invalid ID","Personal Banking APIs - QA Test Suite","2026-10-02","failed","2026-10-02","Document Update Status","KYC, Tier Upgrades & Young Moni","",""
"","128","Wallet Download Target Statement - Valid","Personal Banking APIs - QA Test Suite","2026-10-02","failed","2026-10-02","Wallet Download Target Statement","Target Savings","",""
"","116","Admin Coins Redemption Rules - No Auth","Personal Banking APIs - QA Test Suite","2026-10-02","passed","2026-10-02","Admin Coins Redemption Rules","Rewards, Cash Tokens & Wishlists","",""
"","132","Request Account Reactivation - Invalid Status Or Type","Personal Banking APIs - QA Test Suite","2026-10-02","passed","2026-10-02","Request Account Reactivation","KYC, Tier Upgrades & Young Moni","",""
"","120","Purchase Electricity - Invalid Token Or PIN","Personal Banking APIs - QA Test Suite","2026-10-02","passed","2026-10-02","Purchase Electricity","Airtime, Data, Bills & VAS Beneficiaries","",""
"","128","Partial - Valid","Personal Banking APIs - QA Test Suite","2026-10-02","failed","2026-10-02","Partial","Customer Profile, Accounts & Beneficiaries","",""
"","126","Winner Dismiss Action - Invalid Amount","Personal Banking APIs - QA Test Suite","2026-10-02","failed","2026-10-02","Winner Dismiss Action","Rewards, Cash Tokens & Wishlists","",""
"","126","Initiate Reset Login Pin - Valid","Personal Banking APIs - QA Test Suite","2026-10-02","failed","2026-10-02","Initiate Reset Login Pin","Login, Credentials, Security & Devices","",""
"","191","Transfers Left - Valid","Personal Banking APIs - QA Test Suite","2026-10-02","passed","2026-10-02","Transfers Left","Wallets, Transfers, Transactions & Fund Requests","",""
"","118","Wallet - No Auth","Personal Banking APIs - QA Test Suite","2026-10-02","passed","2026-10-02","Wallet","Target Savings","",""
"","231","Admin Coins Redemption Rules - Invalid Query","Personal Banking APIs - QA Test Suite","2026-10-02","failed","2026-10-02","Admin Coins Redemption Rules","Rewards, Cash Tokens & Wishlists","",""
"","127","Young Moni Requests - Invalid Query","Personal Banking APIs - QA Test Suite","2026-10-02","failed","2026-10-02","Young Moni Requests","KYC, Tier Upgrades & Young Moni","",""
"","126","Eligibility - Invalid Query","Personal Banking APIs - QA Test Suite","2026-10-02","failed","2026-10-02","Eligibility","Kolo Connect Advances","",""
"","126","Types - Invalid ID","Personal Banking APIs - QA Test Suite","2026-10-02","passed","2026-10-02","Types","Supalock Savings","",""
"","130","Retrieve - Invalid ID","Personal Banking APIs - QA Test Suite","2026-10-02","passed","2026-10-02","Retrieve","Scheduled Payments","",""
"","116","Details - No Auth","Personal Banking APIs - QA Test Suite","2026-10-02","passed","2026-10-02","Details","Customer Profile, Accounts & Beneficiaries","",""
"","127","Borrow - Valid","Personal Banking APIs - QA Test Suite","2026-10-02","failed","2026-10-02","Borrow","Kolo Connect Advances","",""
"","132","Account Officer Change Request - Valid","Personal Banking APIs - QA Test Suite","2026-10-02","failed","2026-10-02","Account Officer Change Request","Customer Profile, Accounts & Beneficiaries","",""
"","130","Create - Valid","Personal Banking APIs - QA Test Suite","2026-10-02","failed","2026-10-02","Create","Airtime, Data, Bills & VAS Beneficiaries","",""
"","128","Export Fund Recipients - Empty Fields","Personal Banking APIs - QA Test Suite","2026-10-02","failed","2026-10-02","Export Fund Recipients","Wallets, Transfers, Transactions & Fund Requests","",""
"","118","Games - No Auth","Personal Banking APIs - QA Test Suite","2026-10-02","passed","2026-10-02","Games","Rewards, Cash Tokens & Wishlists","",""
"","131","Dismiss Action - Missing Required Field","Personal Banking APIs - QA Test Suite","2026-10-02","failed","2026-10-02","Dismiss Action","KYC, Tier Upgrades & Young Moni","",""
"","127","Update Location - Nonexistent ID","Personal Banking APIs - QA Test Suite","2026-10-02","failed","2026-10-02","Update Location","Login, Credentials, Security & Devices","",""
"","127","Create - Valid","Personal Banking APIs - QA Test Suite","2026-10-02","passed","2026-10-02","Create","Airtime, Data, Bills & VAS Beneficiaries","",""
"","117","Admin Coins Rules - No Auth","Personal Banking APIs - QA Test Suite","2026-10-02","passed","2026-10-02","Admin Coins Rules","Rewards, Cash Tokens & Wishlists","",""
"","127","Repay - Invalid Amount","Personal Banking APIs - QA Test Suite","2026-10-02","failed","2026-10-02","Repay","Kolo Connect Advances","",""
"","125","Games Card Match - Missing Required Field","Personal Banking APIs - QA Test Suite","2026-10-02","passed","2026-10-02","Games Card Match","Rewards, Cash Tokens & Wishlists","",""
"","126","Admin Games Rewards - Invalid ID","Personal Banking APIs - QA Test Suite","2026-10-02","failed","2026-10-02","Admin Games Rewards","Rewards, Cash Tokens & Wishlists","",""
"","126","Coin Wallet - Valid","Personal Banking APIs - QA Test Suite","2026-10-02","failed","2026-10-02","Coin Wallet","Rewards, Cash Tokens & Wishlists","",""
"","121","Verify Phone Number - No Auth","Personal Banking APIs - QA Test Suite","2026-10-02","passed","2026-10-02","Verify Phone Number","Login, Credentials, Security & Devices","",""
"","119","Toolkit Accounts - No Auth","Personal Banking APIs - QA Test Suite","2026-10-02","passed","2026-10-02","Toolkit Accounts","Customer Profile, Accounts & Beneficiaries","",""
"","118","Add Item - No Auth","Personal Banking APIs - QA Test Suite","2026-10-02","passed","2026-10-02","Add Item","Rewards, Cash Tokens & Wishlists","",""
"","130","Admin Coins Rules - Invalid Amount","Personal Banking APIs - QA Test Suite","2026-10-02","failed","2026-10-02","Admin Coins Rules","Rewards, Cash Tokens & Wishlists","",""
"","246","Admin Coins Redemption Rules - Valid","Personal Banking APIs - QA Test Suite","2026-10-02","failed","2026-10-02","Admin Coins Redemption Rules","Rewards, Cash Tokens & Wishlists","",""
"","136","Wallet - Nonexistent ID","Personal Banking APIs - QA Test Suite","2026-10-02","failed","2026-10-02","Wallet","SWAG Savings","",""
"","128","Youngmoni Transfer - Invalid Amount","Personal Banking APIs - QA Test Suite","2026-10-02","passed","2026-10-02","Youngmoni Transfer","Scheduled Payments","",""
"","127","Admin Upload Documents - Empty Fields","Personal Banking APIs - QA Test Suite","2026-10-02","passed","2026-10-02","Admin Upload Documents","KYC, Tier Upgrades & Young Moni","",""
"","119","Intra Account Transfer - No Auth","Personal Banking APIs - QA Test Suite","2026-10-02","failed","2026-10-02","Intra Account Transfer","Wallets, Transfers, Transactions & Fund Requests","",""
"","128","Redeem Insurance - Invalid Status Or Type","Personal Banking APIs - QA Test Suite","2026-10-02","passed","2026-10-02","Redeem Insurance","Insurance","",""
"","132","Retrieve - Valid","Personal Banking APIs - QA Test Suite","2026-10-02","failed","2026-10-02","Retrieve","Customer Cards","",""
"","158","Withdraw Supalock - Missing Required Field","Personal Banking APIs - QA Test Suite","2026-10-02","failed","2026-10-02","Withdraw Supalock","Supalock Savings","",""
"","118","Retrieve - No Auth","Personal Banking APIs - QA Test Suite","2026-10-02","passed","2026-10-02","Retrieve","KYC, Tier Upgrades & Young Moni","",""
"","118","Admin Coins Rules - No Auth","Personal Banking APIs - QA Test Suite","2026-10-02","passed","2026-10-02","Admin Coins Rules","Rewards, Cash Tokens & Wishlists","",""
"","135","Approve Single Bulk Recipient - Invalid Token Or PIN","Personal Banking APIs - QA Test Suite","2026-10-02","failed","2026-10-02","Approve Single Bulk Recipient","Wallets, Transfers, Transactions & Fund Requests","",""
"","201","Data Plans - Invalid ID","Personal Banking APIs - QA Test Suite","2026-10-02","passed","2026-10-02","Data Plans","Airtime, Data, Bills & VAS Beneficiaries","",""
"","127","Types Get Supa Lock Special Interest - Invalid ID","Personal Banking APIs - QA Test Suite","2026-10-02","failed","2026-10-02","Types Get Supa Lock Special Interest","Supalock Savings","",""
"","139","Upload Documents - Valid","Personal Banking APIs - QA Test Suite","2026-10-02","failed","2026-10-02","Upload Documents","KYC, Tier Upgrades & Young Moni","",""
"","405","Her Wealth Details - Valid","Personal Banking APIs - QA Test Suite","2026-10-02","failed","2026-10-02","Her Wealth Details","Customer Profile, Accounts & Beneficiaries","",""
"","223","Admin Coins Rules - Invalid Query","Personal Banking APIs - QA Test Suite","2026-10-02","failed","2026-10-02","Admin Coins Rules","Rewards, Cash Tokens & Wishlists","",""
"","126","Retrieve - Invalid ID","Personal Banking APIs - QA Test Suite","2026-10-02","failed","2026-10-02","Retrieve","Kolo Connect Advances","",""
"","131","Admin Coins Rules - Nonexistent ID","Personal Banking APIs - QA Test Suite","2026-10-02","failed","2026-10-02","Admin Coins Rules","Rewards, Cash Tokens & Wishlists","",""
"","129","Partial - Invalid ID","Personal Banking APIs - QA Test Suite","2026-10-02","failed","2026-10-02","Partial","Customer Profile, Accounts & Beneficiaries","",""
"","128","Wallet - Valid","Personal Banking APIs - QA Test Suite","2026-10-02","failed","2026-10-02","Wallet","Save & Spend","",""
"","118","Proposed Contributor - Empty Fields","Personal Banking APIs - QA Test Suite","2026-10-02","passed","2026-10-02","Proposed Contributor","Rewards, Cash Tokens & Wishlists","",""
"","127","Retrieve - Nonexistent ID","Personal Banking APIs - QA Test Suite","2026-10-02","failed","2026-10-02","Retrieve","Airtime, Data, Bills & VAS Beneficiaries","",""
"","145","Get Betting Billers - Valid","Personal Banking APIs - QA Test Suite","2026-10-02","passed","2026-10-02","Get Betting Billers","Airtime, Data, Bills & VAS Beneficiaries","",""
"","255","Profile - Valid","Personal Banking APIs - QA Test Suite","2026-10-02","passed","2026-10-02","Profile","Customer Profile, Accounts & Beneficiaries","",""
"","128","Wallet - Invalid ID","Personal Banking APIs - QA Test Suite","2026-10-02","failed","2026-10-02","Wallet","SWAG Savings","",""
"","117","Wallet - No Auth","Personal Banking APIs - QA Test Suite","2026-10-02","passed","2026-10-02","Wallet","Save & Spend","",""
"","126","Young Moni Initiate Account Without Identity - Missing Required Field","Personal Banking APIs - QA Test Suite","2026-10-02","passed","2026-10-02","Young Moni Initiate Account Without Identity","Customer Profile, Accounts & Beneficiaries","",""
"","120","Transactions Create Plan - Empty Fields","Personal Banking APIs - QA Test Suite","2026-10-02","passed","2026-10-02","Transactions Create Plan","SWAG Savings","",""
"","118","Games Check Eligibility - No Auth","Personal Banking APIs - QA Test Suite","2026-10-02","passed","2026-10-02","Games Check Eligibility","Rewards, Cash Tokens & Wishlists","",""
"","149","Terms - Valid","Personal Banking APIs - QA Test Suite","2026-10-02","passed","2026-10-02","Terms","Rewards, Cash Tokens & Wishlists","",""
"","117","Transactions - No Auth","Personal Banking APIs - QA Test Suite","2026-10-02","passed","2026-10-02","Transactions","Supalock Savings","",""
"","128","Get Electricity Billers - Invalid Query","Personal Banking APIs - QA Test Suite","2026-10-02","failed","2026-10-02","Get Electricity Billers","Airtime, Data, Bills & VAS Beneficiaries","",""
"","116","List - No Auth","Personal Banking APIs - QA Test Suite","2026-10-02","passed","2026-10-02","List","Airtime, Data, Bills & VAS Beneficiaries","",""
"","117","Transfers Left - No Auth","Personal Banking APIs - QA Test Suite","2026-10-02","passed","2026-10-02","Transfers Left","Wallets, Transfers, Transactions & Fund Requests","",""
"","140","Admin Update Documents - Valid","Personal Banking APIs - QA Test Suite","2026-10-02","failed","2026-10-02","Admin Update Documents","KYC, Tier Upgrades & Young Moni","",""
"","126","Providers - Invalid ID","Personal Banking APIs - QA Test Suite","2026-10-02","passed","2026-10-02","Providers","Insurance","",""
"","161","Document Delete - Missing Required Field","Personal Banking APIs - QA Test Suite","2026-10-02","failed","2026-10-02","Document Delete","KYC, Tier Upgrades & Young Moni","",""
"","124","Young Moni Initiate Account Request - No Auth","Personal Banking APIs - QA Test Suite","2026-10-02","passed","2026-10-02","Young Moni Initiate Account Request","Customer Profile, Accounts & Beneficiaries","",""
"","122","Update Location - Valid","Personal Banking APIs - QA Test Suite","2026-10-02","failed","2026-10-02","Update Location","Login, Credentials, Security & Devices","",""
"","130","Renew Insurance - Invalid Token Or PIN","Personal Banking APIs - QA Test Suite","2026-10-02","passed","2026-10-02","Renew Insurance","Insurance","",""
"","125","Retrieve - Nonexistent ID","Personal Banking APIs - QA Test Suite","2026-10-02","failed","2026-10-02","Retrieve","Wallets, Transfers, Transactions & Fund Requests","",""
"","125","Wallet - Invalid Query","Personal Banking APIs - QA Test Suite","2026-10-02","failed","2026-10-02","Wallet","Target Savings","",""
"","130","Borrow - Invalid Status Or Type","Personal Banking APIs - QA Test Suite","2026-10-02","failed","2026-10-02","Borrow","Kolo Connect Advances","",""
"","120","Retrieve - No Auth","Personal Banking APIs - QA Test Suite","2026-10-02","passed","2026-10-02","Retrieve","Airtime, Data, Bills & VAS Beneficiaries","",""
"","125","Transactions Create Wallet - No Auth","Personal Banking APIs - QA Test Suite","2026-10-02","failed","2026-10-02","Transactions Create Wallet","Save & Spend","",""
"","119","Games Eligibility Requirements - No Auth","Personal Banking APIs - QA Test Suite","2026-10-02","passed","2026-10-02","Games Eligibility Requirements","Rewards, Cash Tokens & Wishlists","",""
"","221","Admin - No Auth","Personal Banking APIs - QA Test Suite","2026-10-02","passed","2026-10-02","Admin","KYC, Tier Upgrades & Young Moni","",""
"","129","Requests Fetch Agents - Missing Required Field","Personal Banking APIs - QA Test Suite","2026-10-02","passed","2026-10-02","Requests Fetch Agents","Customer Cards","",""
"","129","Admin Coins Redemption Rules - Empty Fields","Personal Banking APIs - QA Test Suite","2026-10-02","failed","2026-10-02","Admin Coins Redemption Rules","Rewards, Cash Tokens & Wishlists","",""
"","216","Admin Coins Rules - No Auth","Personal Banking APIs - QA Test Suite","2026-10-02","passed","2026-10-02","Admin Coins Rules","Rewards, Cash Tokens & Wishlists","",""
"","131","Upload Documents - Empty Fields","Personal Banking APIs - QA Test Suite","2026-10-02","passed","2026-10-02","Upload Documents","KYC, Tier Upgrades & Young Moni","",""
"","131","Cancel Schedule Payment - Missing Required Field","Personal Banking APIs - QA Test Suite","2026-10-02","passed","2026-10-02","Cancel Schedule Payment","Scheduled Payments","",""
"","132","Overview - Valid","Personal Banking APIs - QA Test Suite","2026-10-02","passed","2026-10-02","Overview","Rewards, Cash Tokens & Wishlists","",""
"","128","Inflow Outflow Analytics - Invalid Query","Personal Banking APIs - QA Test Suite","2026-10-02","failed","2026-10-02","Inflow Outflow Analytics","Wallets, Transfers, Transactions & Fund Requests","",""
"","129","Games - Valid","Personal Banking APIs - QA Test Suite","2026-10-02","failed","2026-10-02","Games","Rewards, Cash Tokens & Wishlists","",""
"","121","Wallet Total Balance - No Auth","Personal Banking APIs - QA Test Suite","2026-10-02","passed","2026-10-02","Wallet Total Balance","Target Savings","",""
"","124","Transactions Update Swag Monthly Rollover - Valid","Personal Banking APIs - QA Test Suite","2026-10-02","failed","2026-10-02","Transactions Update Swag Monthly Rollover","SWAG Savings","",""
"","134","Complete Registration - Valid","Personal Banking APIs - QA Test Suite","2026-10-02","failed","2026-10-02","Complete Registration","Customer Onboarding","",""
"","131","Requests - Nonexistent ID","Personal Banking APIs - QA Test Suite","2026-10-02","passed","2026-10-02","Requests","Customer Cards","",""
"","136","Tier Two Upgrade - Valid","Personal Banking APIs - QA Test Suite","2026-10-02","failed","2026-10-02","Tier Two Upgrade","KYC, Tier Upgrades & Young Moni","",""
"","131","Validate Betting Id - Missing Required Field","Personal Banking APIs - QA Test Suite","2026-10-02","passed","2026-10-02","Validate Betting Id","Airtime, Data, Bills & VAS Beneficiaries","",""
"","116","Document Delete - No Auth","Personal Banking APIs - QA Test Suite","2026-10-02","passed","2026-10-02","Document Delete","KYC, Tier Upgrades & Young Moni","",""
"","128","Initiate Reset Card Pin - Valid","Personal Banking APIs - QA Test Suite","2026-10-02","passed","2026-10-02","Initiate Reset Card Pin","Customer Cards","",""
"","118","Recipients - No Auth","Personal Banking APIs - QA Test Suite","2026-10-02","passed","2026-10-02","Recipients","Wallets, Transfers, Transactions & Fund Requests","",""
"","120","Transactions Deposit - Invalid Token Or PIN","Personal Banking APIs - QA Test Suite","2026-10-02","passed","2026-10-02","Transactions Deposit","SWAG Savings","",""
"","227","Admin Coins Redemption Rules - Invalid Query","Personal Banking APIs - QA Test Suite","2026-10-02","failed","2026-10-02","Admin Coins Redemption Rules","Rewards, Cash Tokens & Wishlists","",""
"","143","List Documents - Nonexistent ID","Personal Banking APIs - QA Test Suite","2026-10-02","passed","2026-10-02","List Documents","KYC, Tier Upgrades & Young Moni","",""
"","120","Transactions Create Plan - Invalid Status Or Type","Personal Banking APIs - QA Test Suite","2026-10-02","passed","2026-10-02","Transactions Create Plan","SWAG Savings","",""
"","221","Admin Games Sessions - Invalid ID","Personal Banking APIs - QA Test Suite","2026-10-02","failed","2026-10-02","Admin Games Sessions","Rewards, Cash Tokens & Wishlists","",""
"","140","Unblock - Invalid ID","Personal Banking APIs - QA Test Suite","2026-10-02","passed","2026-10-02","Unblock","Customer Cards","",""
"","121","Single Fund Request - Invalid Token Or PIN","Personal Banking APIs - QA Test Suite","2026-10-02","passed","2026-10-02","Single Fund Request","Wallets, Transfers, Transactions & Fund Requests","",""
"","129","Validate Betting Id - Valid","Personal Banking APIs - QA Test Suite","2026-10-02","failed","2026-10-02","Validate Betting Id","Airtime, Data, Bills & VAS Beneficiaries","",""
"","118","Games Get Rewards - No Auth","Personal Banking APIs - QA Test Suite","2026-10-02","passed","2026-10-02","Games Get Rewards","Rewards, Cash Tokens & Wishlists","",""
"","128","Admin Reject Upgrade Request - Missing Required Field","Personal Banking APIs - QA Test Suite","2026-10-02","failed","2026-10-02","Admin Reject Upgrade Request","KYC, Tier Upgrades & Young Moni","",""
"","239","Admin Request Stats - Valid","Personal Banking APIs - QA Test Suite","2026-10-02","failed","2026-10-02","Admin Request Stats","KYC, Tier Upgrades & Young Moni","",""
"","141","Wallet - Valid","Personal Banking APIs - QA Test Suite","2026-10-02","failed","2026-10-02","Wallet","Save & Spend","",""
"","119","Requests Fetch Agents - No Auth","Personal Banking APIs - QA Test Suite","2026-10-02","passed","2026-10-02","Requests Fetch Agents","Customer Cards","",""
"","224","Add Account Alias - Empty Fields","Personal Banking APIs - QA Test Suite","2026-10-02","passed","2026-10-02","Add Account Alias","Customer Profile, Accounts & Beneficiaries","",""
"","123","Item - Invalid ID","Personal Banking APIs - QA Test Suite","2026-10-02","passed","2026-10-02","Item","Rewards, Cash Tokens & Wishlists","",""
"","129","Validate Jamb Profile - Invalid Status Or Type","Personal Banking APIs - QA Test Suite","2026-10-02","failed","2026-10-02","Validate Jamb Profile","Airtime, Data, Bills & VAS Beneficiaries","",""
"","314","List - Invalid Query","Personal Banking APIs - QA Test Suite","2026-10-02","failed","2026-10-02","List","Customer Profile, Accounts & Beneficiaries","",""
"","130","Retrieve - Invalid Query","Personal Banking APIs - QA Test Suite","2026-10-02","failed","2026-10-02","Retrieve","Kolo Connect Advances","",""
"","121","Intra Transfer - Missing Required Field","Personal Banking APIs - QA Test Suite","2026-10-02","passed","2026-10-02","Intra Transfer","Wallets, Transfers, Transactions & Fund Requests","",""
"","125","Games Check Eligibility - Valid","Personal Banking APIs - QA Test Suite","2026-10-02","failed","2026-10-02","Games Check Eligibility","Rewards, Cash Tokens & Wishlists","",""
"","118","Transactions - No Auth","Personal Banking APIs - QA Test Suite","2026-10-02","passed","2026-10-02","Transactions","SWAG Savings","",""
"","130","Create Wishlist - No Auth","Personal Banking APIs - QA Test Suite","2026-10-02","passed","2026-10-02","Create Wishlist","Rewards, Cash Tokens & Wishlists","",""
"","138","Young Moni Initiate Account Request - Missing Required Field","Personal Banking APIs - QA Test Suite","2026-10-02","passed","2026-10-02","Young Moni Initiate Account Request","Customer Profile, Accounts & Beneficiaries","",""
"","125","Document Delete - Invalid Token Or PIN","Personal Banking APIs - QA Test Suite","2026-10-02","failed","2026-10-02","Document Delete","KYC, Tier Upgrades & Young Moni","",""
"","117","Types Get Supa Lock Special Interest - No Auth","Personal Banking APIs - QA Test Suite","2026-10-02","passed","2026-10-02","Types Get Supa Lock Special Interest","Supalock Savings","",""
"","141","Account Officer - Invalid Query","Personal Banking APIs - QA Test Suite","2026-10-02","failed","2026-10-02","Account Officer","Customer Profile, Accounts & Beneficiaries","",""
"","130","Winner Dismiss Action - Nonexistent ID","Personal Banking APIs - QA Test Suite","2026-10-02","passed","2026-10-02","Winner Dismiss Action","Rewards, Cash Tokens & Wishlists","",""
"","130","List Documents - Invalid ID","Personal Banking APIs - QA Test Suite","2026-10-02","passed","2026-10-02","List Documents","KYC, Tier Upgrades & Young Moni","",""
"","127","Update Communication Preference - Nonexistent ID","Personal Banking APIs - QA Test Suite","2026-10-02","passed","2026-10-02","Update Communication Preference","Customer Profile, Accounts & Beneficiaries","",""
"","131","Total Supalock Amount - Invalid Query","Personal Banking APIs - QA Test Suite","2026-10-02","failed","2026-10-02","Total Supalock Amount","Supalock Savings","",""
"","131","Young Moni Upload Child Documents - Missing Required Field","Personal Banking APIs - QA Test Suite","2026-10-02","failed","2026-10-02","Young Moni Upload Child Documents","Customer Profile, Accounts & Beneficiaries","",""
"","129","List - Invalid Query","Personal Banking APIs - QA Test Suite","2026-10-02","failed","2026-10-02","List","Rewards, Cash Tokens & Wishlists","",""
"","130","List - Invalid Query","Personal Banking APIs - QA Test Suite","2026-10-02","failed","2026-10-02","List","Wallets, Transfers, Transactions & Fund Requests","",""
"","129","Unblock - Valid","Personal Banking APIs - QA Test Suite","2026-10-02","failed","2026-10-02","Unblock","Customer Cards","",""
"","129","Block - Invalid ID","Personal Banking APIs - QA Test Suite","2026-10-02","passed","2026-10-02","Block","Customer Cards","",""
"","130","Admin Coins Redemption Rules - Empty Fields","Personal Banking APIs - QA Test Suite","2026-10-02","failed","2026-10-02","Admin Coins Redemption Rules","Rewards, Cash Tokens & Wishlists","",""
"","124","Verify Email OTP - Invalid Email","Personal Banking APIs - QA Test Suite","2026-10-02","passed","2026-10-02","Verify Email OTP","Customer Onboarding","",""
"","233","Create Wishlist - Missing Required Field","Personal Banking APIs - QA Test Suite","2026-10-02","passed","2026-10-02","Create Wishlist","Rewards, Cash Tokens & Wishlists","",""
"","126","Document Update Status - Empty Fields","Personal Banking APIs - QA Test Suite","2026-10-02","failed","2026-10-02","Document Update Status","KYC, Tier Upgrades & Young Moni","",""
"","124","Retrieve - Valid","Personal Banking APIs - QA Test Suite","2026-10-02","failed","2026-10-02","Retrieve","Supalock Savings","",""
"","137","Account Officer View Rating - Valid","Personal Banking APIs - QA Test Suite","2026-10-02","passed","2026-10-02","Account Officer View Rating","Customer Profile, Accounts & Beneficiaries","",""
"","127","Retrieve - Nonexistent ID","Personal Banking APIs - QA Test Suite","2026-10-02","failed","2026-10-02","Retrieve","Kolo Connect Advances","",""
"","123","Initiate Reset Card Pin - Invalid Query","Personal Banking APIs - QA Test Suite","2026-10-02","failed","2026-10-02","Initiate Reset Card Pin","Customer Cards","",""
"","131","Retrieve - Nonexistent ID","Personal Banking APIs - QA Test Suite","2026-10-02","passed","2026-10-02","Retrieve","KYC, Tier Upgrades & Young Moni","",""
"","125","Games Get Rewards - Invalid Query","Personal Banking APIs - QA Test Suite","2026-10-02","passed","2026-10-02","Games Get Rewards","Rewards, Cash Tokens & Wishlists","",""
"","125","Wallet - Invalid Query","Personal Banking APIs - QA Test Suite","2026-10-02","failed","2026-10-02","Wallet","SWAG Savings","",""
"","126","Young Moni Documents - Nonexistent ID","Personal Banking APIs - QA Test Suite","2026-10-02","failed","2026-10-02","Young Moni Documents","KYC, Tier Upgrades & Young Moni","",""
"","117","Account Officer Rate Officer - No Auth","Personal Banking APIs - QA Test Suite","2026-10-02","passed","2026-10-02","Account Officer Rate Officer","Customer Profile, Accounts & Beneficiaries","",""
"","127","Update Identity - Valid","Personal Banking APIs - QA Test Suite","2026-10-02","failed","2026-10-02","Update Identity","KYC, Tier Upgrades & Young Moni","",""
"","134","Admin Coins Redemption Rules - Nonexistent ID","Personal Banking APIs - QA Test Suite","2026-10-02","failed","2026-10-02","Admin Coins Redemption Rules","Rewards, Cash Tokens & Wishlists","",""
"","143","Create Wishlist With Items - No Auth","Personal Banking APIs - QA Test Suite","2026-10-02","passed","2026-10-02","Create Wishlist With Items","Rewards, Cash Tokens & Wishlists","",""
"","117","Types - No Auth","Personal Banking APIs - QA Test Suite","2026-10-02","passed","2026-10-02","Types","Supalock Savings","",""
"","125","Redeem Coins - Missing Required Field","Personal Banking APIs - QA Test Suite","2026-10-02","passed","2026-10-02","Redeem Coins","Rewards, Cash Tokens & Wishlists","",""
"","133","Games Get Rewards - Valid","Personal Banking APIs - QA Test Suite","2026-10-02","failed","2026-10-02","Games Get Rewards","Rewards, Cash Tokens & Wishlists","",""
"","126","Partial - Empty Fields","Personal Banking APIs - QA Test Suite","2026-10-02","failed","2026-10-02","Partial","Airtime, Data, Bills & VAS Beneficiaries","",""
"","127","Admin Reject Upgrade Request - Invalid ID","Personal Banking APIs - QA Test Suite","2026-10-02","failed","2026-10-02","Admin Reject Upgrade Request","KYC, Tier Upgrades & Young Moni","",""
"","131","Transactions - Invalid ID","Personal Banking APIs - QA Test Suite","2026-10-02","passed","2026-10-02","Transactions","Save & Spend","",""
"","130","Verify Device Changed - Valid","Personal Banking APIs - QA Test Suite","2026-10-02","failed","2026-10-02","Verify Device Changed","Login, Credentials, Security & Devices","",""
"","123","Retrieve - Invalid ID","Personal Banking APIs - QA Test Suite","2026-10-02","failed","2026-10-02","Retrieve","Supalock Savings","",""
"","123","Transactions Update Spend Wallet - Valid","Personal Banking APIs - QA Test Suite","2026-10-02","failed","2026-10-02","Transactions Update Spend Wallet","Save & Spend","",""
"","127","Admin Coins Redemption Rules - Invalid Status Or Type","Personal Banking APIs - QA Test Suite","2026-10-02","failed","2026-10-02","Admin Coins Redemption Rules","Rewards, Cash Tokens & Wishlists","",""
"","125","Update Daily Transfer Limit - Invalid Amount","Personal Banking APIs - QA Test Suite","2026-10-02","passed","2026-10-02","Update Daily Transfer Limit","Customer Profile, Accounts & Beneficiaries","",""
"","131","Requests - Invalid ID","Personal Banking APIs - QA Test Suite","2026-10-02","passed","2026-10-02","Requests","Customer Cards","",""
"","126","Winner Dismiss Action - Invalid ID","Personal Banking APIs - QA Test Suite","2026-10-02","passed","2026-10-02","Winner Dismiss Action","Rewards, Cash Tokens & Wishlists","",""
"","116","List - No Auth","Personal Banking APIs - QA Test Suite","2026-10-02","passed","2026-10-02","List","Wallets, Transfers, Transactions & Fund Requests","",""
"","130","Requests - Valid","Personal Banking APIs - QA Test Suite","2026-10-02","failed","2026-10-02","Requests","Customer Cards","",""
"","116","Tier Progress - No Auth","Personal Banking APIs - QA Test Suite","2026-10-02","passed","2026-10-02","Tier Progress","Rewards, Cash Tokens & Wishlists","",""
"","131","Account Officer Rate Officer - Empty Fields","Personal Banking APIs - QA Test Suite","2026-10-02","failed","2026-10-02","Account Officer Rate Officer","Customer Profile, Accounts & Beneficiaries","",""
"","323","Total Young Moni Balance - Invalid Query","Personal Banking APIs - QA Test Suite","2026-10-02","failed","2026-10-02","Total Young Moni Balance","Customer Profile, Accounts & Beneficiaries","",""
"","116","Requests - No Auth","Personal Banking APIs - QA Test Suite","2026-10-02","passed","2026-10-02","Requests","Customer Cards","",""
"","131","Continue With Email - Invalid Email","Personal Banking APIs - QA Test Suite","2026-10-02","passed","2026-10-02","Continue With Email","Customer Onboarding","",""
"","124","Airtime - Missing Required Field","Personal Banking APIs - QA Test Suite","2026-10-02","passed","2026-10-02","Airtime","Scheduled Payments","",""
"","128","Transactions - Valid","Personal Banking APIs - QA Test Suite","2026-10-02","failed","2026-10-02","Transactions","SWAG Savings","",""
"","122","Login - Invalid Token Or PIN","Personal Banking APIs - QA Test Suite","2026-10-02","passed","2026-10-02","Login","Login, Credentials, Security & Devices","",""
"","129","Withdraw - Valid","Personal Banking APIs - QA Test Suite","2026-10-02","failed","2026-10-02","Withdraw","Rewards, Cash Tokens & Wishlists","",""
"","120","Transactions Update Spend Wallet - Invalid Status Or Type","Personal Banking APIs - QA Test Suite","2026-10-02","passed","2026-10-02","Transactions Update Spend Wallet","Save & Spend","",""
"","117","Get Suggestions - No Auth","Personal Banking APIs - QA Test Suite","2026-10-02","passed","2026-10-02","Get Suggestions","Customer Profile, Accounts & Beneficiaries","",""
"","131","Transactions Evaluate Target - Missing Required Field","Personal Banking APIs - QA Test Suite","2026-10-02","passed","2026-10-02","Transactions Evaluate Target","Target Savings","",""
"","120","Wishlist Config Edit - Missing Required Field","Personal Banking APIs - QA Test Suite","2026-10-02","failed","2026-10-02","Wishlist Config Edit","Rewards, Cash Tokens & Wishlists","",""
"","122","Purchase Waec - No Auth","Personal Banking APIs - QA Test Suite","2026-10-02","failed","2026-10-02","Purchase Waec","Airtime, Data, Bills & VAS Beneficiaries","",""
"","125","Repay - Missing Required Field","Personal Banking APIs - QA Test Suite","2026-10-02","failed","2026-10-02","Repay","Kolo Connect Advances","",""
"","128","Withdraw Cashback - Invalid Amount","Personal Banking APIs - QA Test Suite","2026-10-02","failed","2026-10-02","Withdraw Cashback","Wallets, Transfers, Transactions & Fund Requests","",""
"","125","Transactions Withdraw Principal - Invalid Amount","Personal Banking APIs - QA Test Suite","2026-10-02","passed","2026-10-02","Transactions Withdraw Principal","SWAG Savings","",""
"","128","Toolkit Accounts - Valid","Personal Banking APIs - QA Test Suite","2026-10-02","failed","2026-10-02","Toolkit Accounts","Customer Profile, Accounts & Beneficiaries","",""
"","131","Renew Insurance - Empty Fields","Personal Banking APIs - QA Test Suite","2026-10-02","passed","2026-10-02","Renew Insurance","Insurance","",""
"","487","Retrieve - Nonexistent ID","Personal Banking APIs - QA Test Suite","2026-10-02","passed","2026-10-02","Retrieve","Customer Profile, Accounts & Beneficiaries","",""
"","129","Transactions - Nonexistent ID","Personal Banking APIs - QA Test Suite","2026-10-02","passed","2026-10-02","Transactions","Target Savings","",""
"","131","Retrieve - Invalid Query","Personal Banking APIs - QA Test Suite","2026-10-02","failed","2026-10-02","Retrieve","Wallets, Transfers, Transactions & Fund Requests","",""
"","133","Add Account Alias - Valid","Personal Banking APIs - QA Test Suite","2026-10-02","failed","2026-10-02","Add Account Alias","Customer Profile, Accounts & Beneficiaries","",""
"","130","Update Gender - Valid","Personal Banking APIs - QA Test Suite","2026-10-02","failed","2026-10-02","Update Gender","Login, Credentials, Security & Devices","",""
"","128","Remaining Limit Today - Invalid Query","Personal Banking APIs - QA Test Suite","2026-10-02","failed","2026-10-02","Remaining Limit Today","Wallets, Transfers, Transactions & Fund Requests","",""
"","123","Create Login Pin - Valid","Personal Banking APIs - QA Test Suite","2026-10-02","failed","2026-10-02","Create Login Pin","Login, Credentials, Security & Devices","",""
"","128","Find Account Banks - Valid","Personal Banking APIs - QA Test Suite","2026-10-02","failed","2026-10-02","Find Account Banks","Customer Profile, Accounts & Beneficiaries","",""
"","175","List - Valid","Personal Banking APIs - QA Test Suite","2026-10-02","passed","2026-10-02","List","KYC, Tier Upgrades & Young Moni","",""
"","128","List - No Auth","Personal Banking APIs - QA Test Suite","2026-10-02","passed","2026-10-02","List","Customer Profile, Accounts & Beneficiaries","",""
"","128","Inter Transfer - Empty Fields","Personal Banking APIs - QA Test Suite","2026-10-02","passed","2026-10-02","Inter Transfer","Wallets, Transfers, Transactions & Fund Requests","",""
"","124","Verify Reset Token - Invalid Status Or Type","Personal Banking APIs - QA Test Suite","2026-10-02","passed","2026-10-02","Verify Reset Token","Login, Credentials, Security & Devices","",""
"","119","Update Daily Transfer Limit - No Auth","Personal Banking APIs - QA Test Suite","2026-10-02","passed","2026-10-02","Update Daily Transfer Limit","Customer Profile, Accounts & Beneficiaries","",""
"","121","Channel Settings - Empty Fields","Personal Banking APIs - QA Test Suite","2026-10-02","passed","2026-10-02","Channel Settings","Customer Cards","",""
"","120","Validate Meter - No Auth","Personal Banking APIs - QA Test Suite","2026-10-02","passed","2026-10-02","Validate Meter","Airtime, Data, Bills & VAS Beneficiaries","",""
"","126","Update Single Transfer Limit - Invalid Token Or PIN","Personal Banking APIs - QA Test Suite","2026-10-02","passed","2026-10-02","Update Single Transfer Limit","Customer Profile, Accounts & Beneficiaries","",""
"","136","List - Valid","Personal Banking APIs - QA Test Suite","2026-10-02","failed","2026-10-02","List","Wallets, Transfers, Transactions & Fund Requests","",""
"","129","Verify Phone OTP - Valid","Personal Banking APIs - QA Test Suite","2026-10-02","failed","2026-10-02","Verify Phone OTP","Customer Onboarding","",""
"","117","Transactions - No Auth","Personal Banking APIs - QA Test Suite","2026-10-02","passed","2026-10-02","Transactions","Save & Spend","",""
"","117","Admin Games Rewards - No Auth","Personal Banking APIs - QA Test Suite","2026-10-02","passed","2026-10-02","Admin Games Rewards","Rewards, Cash Tokens & Wishlists","",""
"","127","Transactions - Invalid Query","Personal Banking APIs - QA Test Suite","2026-10-02","failed","2026-10-02","Transactions","Target Savings","",""
"","138","Types - Valid","Personal Banking APIs - QA Test Suite","2026-10-02","failed","2026-10-02","Types","Supalock Savings","",""
"","122","Purchase Epin - Empty Fields","Personal Banking APIs - QA Test Suite","2026-10-02","passed","2026-10-02","Purchase Epin","Airtime, Data, Bills & VAS Beneficiaries","",""
"","120","Transactions Create Plan - Invalid Amount","Personal Banking APIs - QA Test Suite","2026-10-02","passed","2026-10-02","Transactions Create Plan","SWAG Savings","",""
"","131","Admin Reject Upgrade Request - Empty Fields","Personal Banking APIs - QA Test Suite","2026-10-02","failed","2026-10-02","Admin Reject Upgrade Request","KYC, Tier Upgrades & Young Moni","",""
"","120","Retrieve - No Auth","Personal Banking APIs - QA Test Suite","2026-10-02","passed","2026-10-02","Retrieve","Scheduled Payments","",""
"","118","Terms Terms And Rewards - No Auth","Personal Banking APIs - QA Test Suite","2026-10-02","passed","2026-10-02","Terms Terms And Rewards","Rewards, Cash Tokens & Wishlists","",""
"","188","Young Moni - Valid","Personal Banking APIs - QA Test Suite","2026-10-02","passed","2026-10-02","Young Moni","Customer Profile, Accounts & Beneficiaries","",""
"","125","Partial - Invalid ID","Personal Banking APIs - QA Test Suite","2026-10-02","passed","2026-10-02","Partial","Airtime, Data, Bills & VAS Beneficiaries","",""
"","135","Daily Spending Summary - Valid","Personal Banking APIs - QA Test Suite","2026-10-02","passed","2026-10-02","Daily Spending Summary","Wallets, Transfers, Transactions & Fund Requests","",""
"","129","Winner Dismiss Action - Empty Fields","Personal Banking APIs - QA Test Suite","2026-10-02","failed","2026-10-02","Winner Dismiss Action","Rewards, Cash Tokens & Wishlists","",""
"","139","Update Daily Transfer Limit - Valid","Personal Banking APIs - QA Test Suite","2026-10-02","failed","2026-10-02","Update Daily Transfer Limit","Customer Profile, Accounts & Beneficiaries","",""
"","126","Find Account Banks - Empty Fields","Personal Banking APIs - QA Test Suite","2026-10-02","passed","2026-10-02","Find Account Banks","Customer Profile, Accounts & Beneficiaries","",""
"","120","Initiate Reset Transaction Pin - Valid","Personal Banking APIs - QA Test Suite","2026-10-02","failed","2026-10-02","Initiate Reset Transaction Pin","Login, Credentials, Security & Devices","",""
"","125","Initiate Email Update - Invalid Email","Personal Banking APIs - QA Test Suite","2026-10-02","passed","2026-10-02","Initiate Email Update","KYC, Tier Upgrades & Young Moni","",""
"","129","Transactions - Invalid ID","Personal Banking APIs - QA Test Suite","2026-10-02","passed","2026-10-02","Transactions","Target Savings","",""
"","117","Wishlist Config Edit - No Auth","Personal Banking APIs - QA Test Suite","2026-10-02","failed","2026-10-02","Wishlist Config Edit","Rewards, Cash Tokens & Wishlists","",""
"","127","Restrict Accounts By BVN - Missing Required Field","Personal Banking APIs - QA Test Suite","2026-10-02","failed","2026-10-02","Restrict Accounts By BVN","Customer Profile, Accounts & Beneficiaries","",""
"","134","Enabled Setting - Invalid Query","Personal Banking APIs - QA Test Suite","2026-10-02","failed","2026-10-02","Enabled Setting","Wallets, Transfers, Transactions & Fund Requests","",""
"","123","Transactions Update Swag Plan - Invalid Token Or PIN","Personal Banking APIs - QA Test Suite","2026-10-02","passed","2026-10-02","Transactions Update Swag Plan","SWAG Savings","",""
"","119","Admin Devices Reactivate - Empty Fields","Personal Banking APIs - QA Test Suite","2026-10-02","failed","2026-10-02","Admin Devices Reactivate","Login, Credentials, Security & Devices","",""
"","130","Types - Nonexistent ID","Personal Banking APIs - QA Test Suite","2026-10-02","passed","2026-10-02","Types","Supalock Savings","",""
"","127","Wallet Total Balance - Invalid Query","Personal Banking APIs - QA Test Suite","2026-10-02","failed","2026-10-02","Wallet Total Balance","Target Savings","",""
"","130","Reset Transaction Pin - Invalid Token Or PIN","Personal Banking APIs - QA Test Suite","2026-10-02","passed","2026-10-02","Reset Transaction Pin","Login, Credentials, Security & Devices","",""
"","118","Validate Betting Id - No Auth","Personal Banking APIs - QA Test Suite","2026-10-02","passed","2026-10-02","Validate Betting Id","Airtime, Data, Bills & VAS Beneficiaries","",""
"","234","Admin - Nonexistent ID","Personal Banking APIs - QA Test Suite","2026-10-02","failed","2026-10-02","Admin","KYC, Tier Upgrades & Young Moni","",""
"","127","Get Item - Invalid ID","Personal Banking APIs - QA Test Suite","2026-10-02","passed","2026-10-02","Get Item","Rewards, Cash Tokens & Wishlists","",""
"","117","Tenors - No Auth","Personal Banking APIs - QA Test Suite","2026-10-02","passed","2026-10-02","Tenors","Kolo Connect Advances","",""
"","125","Restrict Accounts By BVN - Empty Fields","Personal Banking APIs - QA Test Suite","2026-10-02","failed","2026-10-02","Restrict Accounts By BVN","Customer Profile, Accounts & Beneficiaries","",""
"","122","Intra Account Transfer - Empty Fields","Personal Banking APIs - QA Test Suite","2026-10-02","passed","2026-10-02","Intra Account Transfer","Wallets, Transfers, Transactions & Fund Requests","",""
"","122","Transactions Create Wallet Product Specific - Invalid Amount","Personal Banking APIs - QA Test Suite","2026-10-02","passed","2026-10-02","Transactions Create Wallet Product Specific","Target Savings","",""
"","131","Document Update Status - Valid","Personal Banking APIs - QA Test Suite","2026-10-02","failed","2026-10-02","Document Update Status","KYC, Tier Upgrades & Young Moni","",""
"","133","Toolkit Accounts - Invalid Query","Personal Banking APIs - QA Test Suite","2026-10-02","failed","2026-10-02","Toolkit Accounts","Customer Profile, Accounts & Beneficiaries","",""
"","119","Verify Phone Number - Valid","Personal Banking APIs - QA Test Suite","2026-10-02","failed","2026-10-02","Verify Phone Number","Login, Credentials, Security & Devices","",""
"","119","Repay - No Auth","Personal Banking APIs - QA Test Suite","2026-10-02","passed","2026-10-02","Repay","Kolo Connect Advances","",""
"","129","Disable - Missing Required Field","Personal Banking APIs - QA Test Suite","2026-10-02","failed","2026-10-02","Disable","Wallets, Transfers, Transactions & Fund Requests","",""
"","118","Get Cable Providers - No Auth","Personal Banking APIs - QA Test Suite","2026-10-02","passed","2026-10-02","Get Cable Providers","Airtime, Data, Bills & VAS Beneficiaries","",""
"","126","Validate Smart Card - Missing Required Field","Personal Banking APIs - QA Test Suite","2026-10-02","failed","2026-10-02","Validate Smart Card","Airtime, Data, Bills & VAS Beneficiaries","",""
"","126","Types - Invalid ID","Personal Banking APIs - QA Test Suite","2026-10-02","passed","2026-10-02","Types","Supalock Savings","",""
"","120","Purchase Airtime - Missing Required Field","Personal Banking APIs - QA Test Suite","2026-10-02","passed","2026-10-02","Purchase Airtime","Airtime, Data, Bills & VAS Beneficiaries","",""
"","136","Admin Admin Tier Zero Upgrade - Valid","Personal Banking APIs - QA Test Suite","2026-10-02","failed","2026-10-02","Admin Admin Tier Zero Upgrade","KYC, Tier Upgrades & Young Moni","",""
"","129","Tier One Upgrade With BVN - Valid","Personal Banking APIs - QA Test Suite","2026-10-02","failed","2026-10-02","Tier One Upgrade With BVN","KYC, Tier Upgrades & Young Moni","",""
"","327","Info - Invalid Query","Personal Banking APIs - QA Test Suite","2026-10-02","failed","2026-10-02","Info","Customer Profile, Accounts & Beneficiaries","",""
"","121","Transactions Break Target - Invalid Token Or PIN","Personal Banking APIs - QA Test Suite","2026-10-02","passed","2026-10-02","Transactions Break Target","Target Savings","",""
"","123","List Schedule Payments - Nonexistent ID","Personal Banking APIs - QA Test Suite","2026-10-02","failed","2026-10-02","List Schedule Payments","Scheduled Payments","",""
"","125","Admin Coins Redemption Rules - Empty Fields","Personal Banking APIs - QA Test Suite","2026-10-02","failed","2026-10-02","Admin Coins Redemption Rules","Rewards, Cash Tokens & Wishlists","",""
"","122","Purchase Waec - Empty Fields","Personal Banking APIs - QA Test Suite","2026-10-02","passed","2026-10-02","Purchase Waec","Airtime, Data, Bills & VAS Beneficiaries","",""
"","133","Intra Name Enquiry - Missing Required Field","Personal Banking APIs - QA Test Suite","2026-10-02","passed","2026-10-02","Intra Name Enquiry","Wallets, Transfers, Transactions & Fund Requests","",""
"","136","Request Alias Phone Verification - Valid","Personal Banking APIs - QA Test Suite","2026-10-02","failed","2026-10-02","Request Alias Phone Verification","Customer Profile, Accounts & Beneficiaries","",""
"","130","Upload Documents - Invalid Status Or Type","Personal Banking APIs - QA Test Suite","2026-10-02","passed","2026-10-02","Upload Documents","KYC, Tier Upgrades & Young Moni","",""
"","140","Create Sub Account - Valid","Personal Banking APIs - QA Test Suite","2026-10-02","failed","2026-10-02","Create Sub Account","Customer Profile, Accounts & Beneficiaries","",""
"","119","Admin Coins Rules - No Auth","Personal Banking APIs - QA Test Suite","2026-10-02","passed","2026-10-02","Admin Coins Rules","Rewards, Cash Tokens & Wishlists","",""
"","138","Transaction - Invalid ID","Personal Banking APIs - QA Test Suite","2026-10-02","failed","2026-10-02","Transaction","Airtime, Data, Bills & VAS Beneficiaries","",""
"","130","List - Valid","Personal Banking APIs - QA Test Suite","2026-10-02","passed","2026-10-02","List","Customer Profile, Accounts & Beneficiaries","",""
"","132","Requests - Invalid Query","Personal Banking APIs - QA Test Suite","2026-10-02","failed","2026-10-02","Requests","Customer Cards","",""
"","117","Partial - No Auth","Personal Banking APIs - QA Test Suite","2026-10-02","passed","2026-10-02","Partial","Airtime, Data, Bills & VAS Beneficiaries","",""
"","120","Dismiss Action - No Auth","Personal Banking APIs - QA Test Suite","2026-10-02","passed","2026-10-02","Dismiss Action","KYC, Tier Upgrades & Young Moni","",""
"","133","Reset Pin - Missing Required Field","Personal Banking APIs - QA Test Suite","2026-10-02","failed","2026-10-02","Reset Pin","Customer Cards","",""
"","118","Redeem Insurance - No Auth","Personal Banking APIs - QA Test Suite","2026-10-02","passed","2026-10-02","Redeem Insurance","Insurance","",""
"","138","Reject Single Bulk Recipient - Valid","Personal Banking APIs - QA Test Suite","2026-10-02","failed","2026-10-02","Reject Single Bulk Recipient","Wallets, Transfers, Transactions & Fund Requests","",""
"","133","Account Officer Rate Officer - Valid","Personal Banking APIs - QA Test Suite","2026-10-02","failed","2026-10-02","Account Officer Rate Officer","Customer Profile, Accounts & Beneficiaries","",""
"","132","Retrieve - Invalid Query","Personal Banking APIs - QA Test Suite","2026-10-02","failed","2026-10-02","Retrieve","Scheduled Payments","",""
"","127","Create Wishlist - Empty Fields","Personal Banking APIs - QA Test Suite","2026-10-02","passed","2026-10-02","Create Wishlist","Rewards, Cash Tokens & Wishlists","",""
"","132","Reset Pin - Nonexistent ID","Personal Banking APIs - QA Test Suite","2026-10-02","passed","2026-10-02","Reset Pin","Customer Cards","",""
"","140","List Schedule Payments - Valid","Personal Banking APIs - QA Test Suite","2026-10-02","failed","2026-10-02","List Schedule Payments","Scheduled Payments","",""
"","124","Young Moni Documents - Invalid ID","Personal Banking APIs - QA Test Suite","2026-10-02","failed","2026-10-02","Young Moni Documents","KYC, Tier Upgrades & Young Moni","",""
"","118","Get Electricity Billers - No Auth","Personal Banking APIs - QA Test Suite","2026-10-02","passed","2026-10-02","Get Electricity Billers","Airtime, Data, Bills & VAS Beneficiaries","",""
"","132","Reject Bulk Fund Request - Invalid Token Or PIN","Personal Banking APIs - QA Test Suite","2026-10-02","failed","2026-10-02","Reject Bulk Fund Request","Wallets, Transfers, Transactions & Fund Requests","",""
"","130","Get Betting Billers - Invalid Query","Personal Banking APIs - QA Test Suite","2026-10-02","failed","2026-10-02","Get Betting Billers","Airtime, Data, Bills & VAS Beneficiaries","",""
"","152","Admin Coins Rules - Valid","Personal Banking APIs - QA Test Suite","2026-10-02","failed","2026-10-02","Admin Coins Rules","Rewards, Cash Tokens & Wishlists","",""
"","119","Enable - No Auth","Personal Banking APIs - QA Test Suite","2026-10-02","passed","2026-10-02","Enable","Wallets, Transfers, Transactions & Fund Requests","",""
"","133","Admin Upload Documents - Invalid Status Or Type","Personal Banking APIs - QA Test Suite","2026-10-02","passed","2026-10-02","Admin Upload Documents","KYC, Tier Upgrades & Young Moni","",""
"","119","Purchase Cable - Invalid Amount","Personal Banking APIs - QA Test Suite","2026-10-02","passed","2026-10-02","Purchase Cable","Airtime, Data, Bills & VAS Beneficiaries","",""
"","121","Transactions Break Target - No Auth","Personal Banking APIs - QA Test Suite","2026-10-02","failed","2026-10-02","Transactions Break Target","Target Savings","",""
"","250","List - Valid","Personal Banking APIs - QA Test Suite","2026-10-02","passed","2026-10-02","List","Customer Cards","",""
"","119","Borrow - No Auth","Personal Banking APIs - QA Test Suite","2026-10-02","passed","2026-10-02","Borrow","Kolo Connect Advances","",""
"","126","Admin Coins Rules - Empty Fields","Personal Banking APIs - QA Test Suite","2026-10-02","failed","2026-10-02","Admin Coins Rules","Rewards, Cash Tokens & Wishlists","",""
"","118","Redeem Coins - Empty Fields","Personal Banking APIs - QA Test Suite","2026-10-02","passed","2026-10-02","Redeem Coins","Rewards, Cash Tokens & Wishlists","",""
"","129","Channel Settings - Invalid Amount","Personal Banking APIs - QA Test Suite","2026-10-02","failed","2026-10-02","Channel Settings","Customer Cards","",""
"","125","Withdraw Cashback - No Auth","Personal Banking APIs - QA Test Suite","2026-10-02","passed","2026-10-02","Withdraw Cashback","Wallets, Transfers, Transactions & Fund Requests","",""
"","137","Admin Games Rewards - Valid","Personal Banking APIs - QA Test Suite","2026-10-02","failed","2026-10-02","Admin Games Rewards","Rewards, Cash Tokens & Wishlists","",""
"","132","Create - Missing Required Field","Personal Banking APIs - QA Test Suite","2026-10-02","failed","2026-10-02","Create","Wallets, Transfers, Transactions & Fund Requests","",""
"","118","Inter Name Enquiry - No Auth","Personal Banking APIs - QA Test Suite","2026-10-02","passed","2026-10-02","Inter Name Enquiry","Wallets, Transfers, Transactions & Fund Requests","",""
"","128","Create Wishlist With Items - Missing Required Field","Personal Banking APIs - QA Test Suite","2026-10-02","passed","2026-10-02","Create Wishlist With Items","Rewards, Cash Tokens & Wishlists","",""
"","343","Fetch Balance - Invalid ID","Personal Banking APIs - QA Test Suite","2026-10-02","passed","2026-10-02","Fetch Balance","Customer Profile, Accounts & Beneficiaries","",""
"","123","Initiate Reset Login Pin - No Auth","Personal Banking APIs - QA Test Suite","2026-10-02","passed","2026-10-02","Initiate Reset Login Pin","Login, Credentials, Security & Devices","",""
"","126","Partial - Missing Required Field","Personal Banking APIs - QA Test Suite","2026-10-02","failed","2026-10-02","Partial","Customer Profile, Accounts & Beneficiaries","",""
"","120","Export Fund Recipients - No Auth","Personal Banking APIs - QA Test Suite","2026-10-02","passed","2026-10-02","Export Fund Recipients","Wallets, Transfers, Transactions & Fund Requests","",""
"","120","Purchase Data - Invalid Token Or PIN","Personal Banking APIs - QA Test Suite","2026-10-02","passed","2026-10-02","Purchase Data","Airtime, Data, Bills & VAS Beneficiaries","",""
"","128","Admin Admin Tier One Upgrade - Missing Required Field","Personal Banking APIs - QA Test Suite","2026-10-02","failed","2026-10-02","Admin Admin Tier One Upgrade","KYC, Tier Upgrades & Young Moni","",""
"","165","High Value Transactions - Valid","Personal Banking APIs - QA Test Suite","2026-10-02","passed","2026-10-02","High Value Transactions","Wallets, Transfers, Transactions & Fund Requests","",""
"","118","Account Officer View Rating - No Auth","Personal Banking APIs - QA Test Suite","2026-10-02","passed","2026-10-02","Account Officer View Rating","Customer Profile, Accounts & Beneficiaries","",""
"","128","Setup Liveness Image - Missing Required Field","Personal Banking APIs - QA Test Suite","2026-10-02","passed","2026-10-02","Setup Liveness Image","Login, Credentials, Security & Devices","",""
"","120","Youngmoni Transfer - Empty Fields","Personal Banking APIs - QA Test Suite","2026-10-02","passed","2026-10-02","Youngmoni Transfer","Scheduled Payments","",""
"","122","Purchase Cable - Missing Required Field","Personal Banking APIs - QA Test Suite","2026-10-02","passed","2026-10-02","Purchase Cable","Airtime, Data, Bills & VAS Beneficiaries","",""
"","128","Coin Wallet Transactions - Invalid Query","Personal Banking APIs - QA Test Suite","2026-10-02","passed","2026-10-02","Coin Wallet Transactions","Rewards, Cash Tokens & Wishlists","",""
"","130","Admin Admin Upgrade To Merchant - Empty Fields","Personal Banking APIs - QA Test Suite","2026-10-02","failed","2026-10-02","Admin Admin Upgrade To Merchant","KYC, Tier Upgrades & Young Moni","",""
"","133","Check Email / Phone Availability - Invalid Email","Personal Banking APIs - QA Test Suite","2026-10-02","passed","2026-10-02","Check Email / Phone Availability","Customer Onboarding","",""
"","121","Fund Betting Wallet - Empty Fields","Personal Banking APIs - QA Test Suite","2026-10-02","passed","2026-10-02","Fund Betting Wallet","Airtime, Data, Bills & VAS Beneficiaries","",""
"","410","Fetch Balance - Nonexistent ID","Personal Banking APIs - QA Test Suite","2026-10-02","passed","2026-10-02","Fetch Balance","Customer Profile, Accounts & Beneficiaries","",""
"","134","Young Moni Documents - Valid","Personal Banking APIs - QA Test Suite","2026-10-02","failed","2026-10-02","Young Moni Documents","KYC, Tier Upgrades & Young Moni","",""
"","346","Her Wealth Details - Invalid Query","Personal Banking APIs - QA Test Suite","2026-10-02","passed","2026-10-02","Her Wealth Details","Customer Profile, Accounts & Beneficiaries","",""
"","132","Customer Submit - Valid","Personal Banking APIs - QA Test Suite","2026-10-02","failed","2026-10-02","Customer Submit","KYC, Tier Upgrades & Young Moni","",""
"","133","Channel Settings - Invalid Token Or PIN","Personal Banking APIs - QA Test Suite","2026-10-02","failed","2026-10-02","Channel Settings","Customer Cards","",""
"","129","Transaction - Invalid Query","Personal Banking APIs - QA Test Suite","2026-10-02","failed","2026-10-02","Transaction","Airtime, Data, Bills & VAS Beneficiaries","",""
"","148","Reset Transaction Pin - Missing Required Field","Personal Banking APIs - QA Test Suite","2026-10-02","passed","2026-10-02","Reset Transaction Pin","Login, Credentials, Security & Devices","",""
"","126","Create - Invalid Amount","Personal Banking APIs - QA Test Suite","2026-10-02","passed","2026-10-02","Create","Wallets, Transfers, Transactions & Fund Requests","",""
"","125","Reward With Airtime - Invalid Amount","Personal Banking APIs - QA Test Suite","2026-10-02","failed","2026-10-02","Reward With Airtime","Rewards, Cash Tokens & Wishlists","",""
"","132","Terms Draw Details - Invalid Query","Personal Banking APIs - QA Test Suite","2026-10-02","failed","2026-10-02","Terms Draw Details","Rewards, Cash Tokens & Wishlists","",""
"","117","List - No Auth","Personal Banking APIs - QA Test Suite","2026-10-02","passed","2026-10-02","List","Scheduled Payments","",""
"","128","Transfer - Invalid Token Or PIN","Personal Banking APIs - QA Test Suite","2026-10-02","passed","2026-10-02","Transfer","Scheduled Payments","",""
"","215","Admin Games Rewards - No Auth","Personal Banking APIs - QA Test Suite","2026-10-02","passed","2026-10-02","Admin Games Rewards","Rewards, Cash Tokens & Wishlists","",""
"","128","Payment Merchant - Nonexistent ID","Personal Banking APIs - QA Test Suite","2026-10-02","passed","2026-10-02","Payment Merchant","Customer Cards","",""
"","134","Young Moni Requests - Invalid Query","Personal Banking APIs - QA Test Suite","2026-10-02","failed","2026-10-02","Young Moni Requests","KYC, Tier Upgrades & Young Moni","",""
"","125","Tier Zero Upgrade - Missing Required Field","Personal Banking APIs - QA Test Suite","2026-10-02","passed","2026-10-02","Tier Zero Upgrade","KYC, Tier Upgrades & Young Moni","",""
"","127","Requests Request Card - Empty Fields","Personal Banking APIs - QA Test Suite","2026-10-02","passed","2026-10-02","Requests Request Card","Customer Cards","",""
"","121","Purchase Epin - Missing Required Field","Personal Banking APIs - QA Test Suite","2026-10-02","passed","2026-10-02","Purchase Epin","Airtime, Data, Bills & VAS Beneficiaries","",""
"","118","Toolkit Accounts - No Auth","Personal Banking APIs - QA Test Suite","2026-10-02","passed","2026-10-02","Toolkit Accounts","Customer Profile, Accounts & Beneficiaries","",""
"","131","Download Statement - Empty Fields","Personal Banking APIs - QA Test Suite","2026-10-02","failed","2026-10-02","Download Statement","Wallets, Transfers, Transactions & Fund Requests","",""
"","126","Wallet Interest Balance - Invalid Query","Personal Banking APIs - QA Test Suite","2026-10-02","failed","2026-10-02","Wallet Interest Balance","Save & Spend","",""
"","145","List - Valid","Personal Banking APIs - QA Test Suite","2026-10-02","failed","2026-10-02","List","Airtime, Data, Bills & VAS Beneficiaries","",""
"","147","Account Officer Change Request - Invalid ID","Personal Banking APIs - QA Test Suite","2026-10-02","passed","2026-10-02","Account Officer Change Request","Customer Profile, Accounts & Beneficiaries","",""
"","126","Kyc Level Count - Valid","Personal Banking APIs - QA Test Suite","2026-10-02","failed","2026-10-02","Kyc Level Count","Customer Profile, Accounts & Beneficiaries","",""
"","134","Verify BVN (Choose BVN or NIN) - Missing Required Field","Personal Banking APIs - QA Test Suite","2026-10-02","passed","2026-10-02","Verify BVN (Choose BVN or NIN)","Customer Onboarding","",""
"","129","Wallet Download Swag Statement - Valid","Personal Banking APIs - QA Test Suite","2026-10-02","failed","2026-10-02","Wallet Download Swag Statement","SWAG Savings","",""
"","128","Enable - Invalid ID","Personal Banking APIs - QA Test Suite","2026-10-02","failed","2026-10-02","Enable","Wallets, Transfers, Transactions & Fund Requests","",""
"","119","Wishlist Config Edit - Empty Fields","Personal Banking APIs - QA Test Suite","2026-10-02","failed","2026-10-02","Wishlist Config Edit","Rewards, Cash Tokens & Wishlists","",""
"","161","Admin Upload Documents - Valid","Personal Banking APIs - QA Test Suite","2026-10-02","failed","2026-10-02","Admin Upload Documents","KYC, Tier Upgrades & Young Moni","",""
"","409","Get Cable Plans - Invalid Query","Personal Banking APIs - QA Test Suite","2026-10-02","failed","2026-10-02","Get Cable Plans","Airtime, Data, Bills & VAS Beneficiaries","",""
"","127","Get Electricity Billers - Valid","Personal Banking APIs - QA Test Suite","2026-10-02","failed","2026-10-02","Get Electricity Billers","Airtime, Data, Bills & VAS Beneficiaries","",""
"","120","Transactions Break Wallet - Empty Fields","Personal Banking APIs - QA Test Suite","2026-10-02","passed","2026-10-02","Transactions Break Wallet","Save & Spend","",""
"","121","Intra Name Enquiry - No Auth","Personal Banking APIs - QA Test Suite","2026-10-02","passed","2026-10-02","Intra Name Enquiry","Wallets, Transfers, Transactions & Fund Requests","",""
"","136","Redeem Insurance - Valid","Personal Banking APIs - QA Test Suite","2026-10-02","failed","2026-10-02","Redeem Insurance","Insurance","",""
"","132","Admin Coins Redemption Rules - Invalid ID","Personal Banking APIs - QA Test Suite","2026-10-02","failed","2026-10-02","Admin Coins Redemption Rules","Rewards, Cash Tokens & Wishlists","",""
"","133","Validate Jamb Profile - Valid","Personal Banking APIs - QA Test Suite","2026-10-02","failed","2026-10-02","Validate Jamb Profile","Airtime, Data, Bills & VAS Beneficiaries","",""
"","133","Coin Redemption Rules - Invalid Query","Personal Banking APIs - QA Test Suite","2026-10-02","passed","2026-10-02","Coin Redemption Rules","Rewards, Cash Tokens & Wishlists","",""
"","119","Create - No Auth","Personal Banking APIs - QA Test Suite","2026-10-02","passed","2026-10-02","Create","Wallets, Transfers, Transactions & Fund Requests","",""
"","133","Add Item - Valid","Personal Banking APIs - QA Test Suite","2026-10-02","failed","2026-10-02","Add Item","Rewards, Cash Tokens & Wishlists","",""
"","118","List - No Auth","Personal Banking APIs - QA Test Suite","2026-10-02","passed","2026-10-02","List","Supalock Savings","",""
"","131","Block - Missing Required Field","Personal Banking APIs - QA Test Suite","2026-10-02","failed","2026-10-02","Block","Customer Cards","",""
"","127","Transactions - Invalid ID","Personal Banking APIs - QA Test Suite","2026-10-02","passed","2026-10-02","Transactions","Supalock Savings","",""
"","124","Wallet Total Balance - Valid","Personal Banking APIs - QA Test Suite","2026-10-02","failed","2026-10-02","Wallet Total Balance","Save & Spend","",""
"","117","Terms - No Auth","Personal Banking APIs - QA Test Suite","2026-10-02","passed","2026-10-02","Terms","Rewards, Cash Tokens & Wishlists","",""
"","128","Approve Bulk Fund Request - Missing Required Field","Personal Banking APIs - QA Test Suite","2026-10-02","failed","2026-10-02","Approve Bulk Fund Request","Wallets, Transfers, Transactions & Fund Requests","",""
"","117","Withdraw Supalock - No Auth","Personal Banking APIs - QA Test Suite","2026-10-02","passed","2026-10-02","Withdraw Supalock","Supalock Savings","",""
"","129","Pay Schedule Early - Valid","Personal Banking APIs - QA Test Suite","2026-10-02","failed","2026-10-02","Pay Schedule Early","Scheduled Payments","",""
"","126","Create Insurance - Missing Required Field","Personal Banking APIs - QA Test Suite","2026-10-02","passed","2026-10-02","Create Insurance","Insurance","",""
"","120","Transactions Withdraw Interest - Missing Required Field","Personal Banking APIs - QA Test Suite","2026-10-02","passed","2026-10-02","Transactions Withdraw Interest","SWAG Savings","",""
"","128","Payment Merchant - Invalid Query","Personal Banking APIs - QA Test Suite","2026-10-02","failed","2026-10-02","Payment Merchant","Customer Cards","",""
"","127","Reject Bulk Fund Request - Missing Required Field","Personal Banking APIs - QA Test Suite","2026-10-02","failed","2026-10-02","Reject Bulk Fund Request","Wallets, Transfers, Transactions & Fund Requests","",""
"","118","Create Login Pin - Empty Fields","Personal Banking APIs - QA Test Suite","2026-10-02","failed","2026-10-02","Create Login Pin","Login, Credentials, Security & Devices","",""
"","118","Retrieve - No Auth","Personal Banking APIs - QA Test Suite","2026-10-02","passed","2026-10-02","Retrieve","Wallets, Transfers, Transactions & Fund Requests","",""
"","117","List - No Auth","Personal Banking APIs - QA Test Suite","2026-10-02","passed","2026-10-02","List","KYC, Tier Upgrades & Young Moni","",""
"","221","Admin Coins Redemption Rules - No Auth","Personal Banking APIs - QA Test Suite","2026-10-02","passed","2026-10-02","Admin Coins Redemption Rules","Rewards, Cash Tokens & Wishlists","",""
"","132","Verify Phone Number - Empty Fields","Personal Banking APIs - QA Test Suite","2026-10-02","failed","2026-10-02","Verify Phone Number","Login, Credentials, Security & Devices","",""
"","118","Young Moni Initiate Account Without Identity - No Auth","Personal Banking APIs - QA Test Suite","2026-10-02","passed","2026-10-02","Young Moni Initiate Account Without Identity","Customer Profile, Accounts & Beneficiaries","",""
"","133","Retrieve - Invalid ID","Personal Banking APIs - QA Test Suite","2026-10-02","passed","2026-10-02","Retrieve","Rewards, Cash Tokens & Wishlists","",""
"","126","Verify Device Changed - Empty Fields","Personal Banking APIs - QA Test Suite","2026-10-02","passed","2026-10-02","Verify Device Changed","Login, Credentials, Security & Devices","",""
"","119","Create - No Auth","Personal Banking APIs - QA Test Suite","2026-10-02","passed","2026-10-02","Create","Customer Profile, Accounts & Beneficiaries","",""
"","134","Verify BVN (Choose BVN or NIN) - Valid","Personal Banking APIs - QA Test Suite","2026-10-02","failed","2026-10-02","Verify BVN (Choose BVN or NIN)","Customer Onboarding","",""
"","134","List - Invalid Query","Personal Banking APIs - QA Test Suite","2026-10-02","failed","2026-10-02","List","Wallets, Transfers, Transactions & Fund Requests","",""
"","121","Purchase Airtime - No Auth","Personal Banking APIs - QA Test Suite","2026-10-02","failed","2026-10-02","Purchase Airtime","Airtime, Data, Bills & VAS Beneficiaries","",""
"","131","Electricity - Invalid Token Or PIN","Personal Banking APIs - QA Test Suite","2026-10-02","passed","2026-10-02","Electricity","Scheduled Payments","",""
"","129","Youngmoni Transfer - Valid","Personal Banking APIs - QA Test Suite","2026-10-02","failed","2026-10-02","Youngmoni Transfer","Scheduled Payments","",""
"","130","Redeem Insurance - Empty Fields","Personal Banking APIs - QA Test Suite","2026-10-02","passed","2026-10-02","Redeem Insurance","Insurance","",""
"","122","Transactions Update Swag Plan - Valid","Personal Banking APIs - QA Test Suite","2026-10-02","failed","2026-10-02","Transactions Update Swag Plan","SWAG Savings","",""
"","125","Transactions - Invalid Query","Personal Banking APIs - QA Test Suite","2026-10-02","failed","2026-10-02","Transactions","Target Savings","",""
"","125","Wallet - Invalid ID","Personal Banking APIs - QA Test Suite","2026-10-02","failed","2026-10-02","Wallet","Target Savings","",""
"","129","Retrieve - Invalid Query","Personal Banking APIs - QA Test Suite","2026-10-02","failed","2026-10-02","Retrieve","Airtime, Data, Bills & VAS Beneficiaries","",""
"","182","Admin Coins Rules - Valid","Personal Banking APIs - QA Test Suite","2026-10-02","failed","2026-10-02","Admin Coins Rules","Rewards, Cash Tokens & Wishlists","",""
"","127","Transactions Evaluate Break - Missing Required Field","Personal Banking APIs - QA Test Suite","2026-10-02","passed","2026-10-02","Transactions Evaluate Break","Target Savings","",""
"","130","Wallet Interest Balance - Nonexistent ID","Personal Banking APIs - QA Test Suite","2026-10-02","failed","2026-10-02","Wallet Interest Balance","Save & Spend","",""
"","120","Games Spin Wheel - No Auth","Personal Banking APIs - QA Test Suite","2026-10-02","passed","2026-10-02","Games Spin Wheel","Rewards, Cash Tokens & Wishlists","",""
"","118","Partial - No Auth","Personal Banking APIs - QA Test Suite","2026-10-02","passed","2026-10-02","Partial","Airtime, Data, Bills & VAS Beneficiaries","",""
"","138","Retrieve - Valid","Personal Banking APIs - QA Test Suite","2026-10-02","failed","2026-10-02","Retrieve","Wallets, Transfers, Transactions & Fund Requests","",""
"","215","Admin Games Sessions - No Auth","Personal Banking APIs - QA Test Suite","2026-10-02","passed","2026-10-02","Admin Games Sessions","Rewards, Cash Tokens & Wishlists","",""
"","132","Set Password & Create Pending User - Valid","Personal Banking APIs - QA Test Suite","2026-10-02","failed","2026-10-02","Set Password & Create Pending User","Customer Onboarding","",""
"","131","Reject Single Bulk Recipient - Missing Required Field","Personal Banking APIs - QA Test Suite","2026-10-02","failed","2026-10-02","Reject Single Bulk Recipient","Wallets, Transfers, Transactions & Fund Requests","",""
"","130","Reset Login Pin - Valid","Personal Banking APIs - QA Test Suite","2026-10-02","failed","2026-10-02","Reset Login Pin","Login, Credentials, Security & Devices","",""
"","125","Admin Coins Rules - Invalid Amount","Personal Banking APIs - QA Test Suite","2026-10-02","failed","2026-10-02","Admin Coins Rules","Rewards, Cash Tokens & Wishlists","",""
"","127","Winner Dismiss Action - Invalid Token Or PIN","Personal Banking APIs - QA Test Suite","2026-10-02","failed","2026-10-02","Winner Dismiss Action","Rewards, Cash Tokens & Wishlists","",""
"","130","Channel Settings - Missing Required Field","Personal Banking APIs - QA Test Suite","2026-10-02","failed","2026-10-02","Channel Settings","Customer Cards","",""
"","225","Admin Request Stats - Invalid Query","Personal Banking APIs - QA Test Suite","2026-10-02","failed","2026-10-02","Admin Request Stats","KYC, Tier Upgrades & Young Moni","",""
"","124","Airtime - Invalid Token Or PIN","Personal Banking APIs - QA Test Suite","2026-10-02","passed","2026-10-02","Airtime","Scheduled Payments","",""
"","126","Games - Invalid Query","Personal Banking APIs - QA Test Suite","2026-10-02","passed","2026-10-02","Games","Rewards, Cash Tokens & Wishlists","",""
"","129","Validate Jamb Profile - Missing Required Field","Personal Banking APIs - QA Test Suite","2026-10-02","failed","2026-10-02","Validate Jamb Profile","Airtime, Data, Bills & VAS Beneficiaries","",""
"","120","Intra Account Transfer - Valid","Personal Banking APIs - QA Test Suite","2026-10-02","failed","2026-10-02","Intra Account Transfer","Wallets, Transfers, Transactions & Fund Requests","",""
"","125","Get Suggestions - Invalid Query","Personal Banking APIs - QA Test Suite","2026-10-02","failed","2026-10-02","Get Suggestions","Customer Profile, Accounts & Beneficiaries","",""
"","124","Verify Reset Token - Invalid Email","Personal Banking APIs - QA Test Suite","2026-10-02","passed","2026-10-02","Verify Reset Token","Login, Credentials, Security & Devices","",""
"","120","Admin Reject Upgrade Request - No Auth","Personal Banking APIs - QA Test Suite","2026-10-02","passed","2026-10-02","Admin Reject Upgrade Request","KYC, Tier Upgrades & Young Moni","",""
"","230","Admin - Invalid Query","Personal Banking APIs - QA Test Suite","2026-10-02","failed","2026-10-02","Admin","KYC, Tier Upgrades & Young Moni","",""
"","227","Admin Coins Rules - Invalid Query","Personal Banking APIs - QA Test Suite","2026-10-02","failed","2026-10-02","Admin Coins Rules","Rewards, Cash Tokens & Wishlists","",""
"","132","Games Scratch Card - Valid","Personal Banking APIs - QA Test Suite","2026-10-02","failed","2026-10-02","Games Scratch Card","Rewards, Cash Tokens & Wishlists","",""
"","133","Retrieve - Nonexistent ID","Personal Banking APIs - QA Test Suite","2026-10-02","failed","2026-10-02","Retrieve","Wallets, Transfers, Transactions & Fund Requests","",""
"","138","Partial - Invalid ID","Personal Banking APIs - QA Test Suite","2026-10-02","failed","2026-10-02","Partial","Airtime, Data, Bills & VAS Beneficiaries","",""
"","118","Retry Payment Schedule - No Auth","Personal Banking APIs - QA Test Suite","2026-10-02","passed","2026-10-02","Retry Payment Schedule","Scheduled Payments","",""
"","123","Account Officer Request Change - No Auth","Personal Banking APIs - QA Test Suite","2026-10-02","passed","2026-10-02","Account Officer Request Change","Customer Profile, Accounts & Beneficiaries","",""
"","118","Update Communication Preference - No Auth","Personal Banking APIs - QA Test Suite","2026-10-02","passed","2026-10-02","Update Communication Preference","Customer Profile, Accounts & Beneficiaries","",""
"","127","Types Get Supa Lock Special Interest - Invalid Query","Personal Banking APIs - QA Test Suite","2026-10-02","failed","2026-10-02","Types Get Supa Lock Special Interest","Supalock Savings","",""
"","129","Wishlist Config Edit - Nonexistent ID","Personal Banking APIs - QA Test Suite","2026-10-02","failed","2026-10-02","Wishlist Config Edit","Rewards, Cash Tokens & Wishlists","",""
"","131","Verify Reset Token - Empty Fields","Personal Banking APIs - QA Test Suite","2026-10-02","passed","2026-10-02","Verify Reset Token","Login, Credentials, Security & Devices","",""
"","123","Purchase Data - Empty Fields","Personal Banking APIs - QA Test Suite","2026-10-02","passed","2026-10-02","Purchase Data","Airtime, Data, Bills & VAS Beneficiaries","",""
"","125","Admin Devices Deactivate - Invalid Token Or PIN","Personal Banking APIs - QA Test Suite","2026-10-02","failed","2026-10-02","Admin Devices Deactivate","Login, Credentials, Security & Devices","",""
"","136","Update Credit Stage - Valid","Personal Banking APIs - QA Test Suite","2026-10-02","failed","2026-10-02","Update Credit Stage","Wallets, Transfers, Transactions & Fund Requests","",""
"","126","Reward With Airtime - Valid","Personal Banking APIs - QA Test Suite","2026-10-02","failed","2026-10-02","Reward With Airtime","Rewards, Cash Tokens & Wishlists","",""
"","127","Wallet - Nonexistent ID","Personal Banking APIs - QA Test Suite","2026-10-02","failed","2026-10-02","Wallet","Target Savings","",""
"","136","Initiate Email Update - Valid","Personal Banking APIs - QA Test Suite","2026-10-02","failed","2026-10-02","Initiate Email Update","KYC, Tier Upgrades & Young Moni","",""
"","128","Young Moni Documents Action Document - Valid","Personal Banking APIs - QA Test Suite","2026-10-02","failed","2026-10-02","Young Moni Documents Action Document","KYC, Tier Upgrades & Young Moni","",""
"","122","Young Moni Documents - Invalid Query","Personal Banking APIs - QA Test Suite","2026-10-02","failed","2026-10-02","Young Moni Documents","KYC, Tier Upgrades & Young Moni","",""
"","121","Tier Zero Upgrade - No Auth","Personal Banking APIs - QA Test Suite","2026-10-02","passed","2026-10-02","Tier Zero Upgrade","KYC, Tier Upgrades & Young Moni","",""
"","119","Airtime - Empty Fields","Personal Banking APIs - QA Test Suite","2026-10-02","passed","2026-10-02","Airtime","Scheduled Payments","",""
"","131","Data - No Auth","Personal Banking APIs - QA Test Suite","2026-10-02","passed","2026-10-02","Data","Scheduled Payments","",""
"","127","Update Tin - Empty Fields","Personal Banking APIs - QA Test Suite","2026-10-02","passed","2026-10-02","Update Tin","Customer Profile, Accounts & Beneficiaries","",""
"","131","Reject Bulk Fund Request - Empty Fields","Personal Banking APIs - QA Test Suite","2026-10-02","failed","2026-10-02","Reject Bulk Fund Request","Wallets, Transfers, Transactions & Fund Requests","",""
"","222","Admin Coins Rules - Invalid ID","Personal Banking APIs - QA Test Suite","2026-10-02","failed","2026-10-02","Admin Coins Rules","Rewards, Cash Tokens & Wishlists","",""
"","217","Admin Games - No Auth","Personal Banking APIs - QA Test Suite","2026-10-02","passed","2026-10-02","Admin Games","Rewards, Cash Tokens & Wishlists","",""
"","130","Topup Supalock - Nonexistent ID","Personal Banking APIs - QA Test Suite","2026-10-02","failed","2026-10-02","Topup Supalock","Supalock Savings","",""
"","128","Validate Meter - Empty Fields","Personal Banking APIs - QA Test Suite","2026-10-02","failed","2026-10-02","Validate Meter","Airtime, Data, Bills & VAS Beneficiaries","",""
"","467","Retrieve - Valid","Personal Banking APIs - QA Test Suite","2026-10-02","passed","2026-10-02","Retrieve","Customer Profile, Accounts & Beneficiaries","",""
"","152","Payment Merchant - Valid","Personal Banking APIs - QA Test Suite","2026-10-02","passed","2026-10-02","Payment Merchant","Customer Cards","",""
"","119","Wallet Total Balance - No Auth","Personal Banking APIs - QA Test Suite","2026-10-02","passed","2026-10-02","Wallet Total Balance","Save & Spend","",""
"","175","Account Officer Change Request - Valid","Personal Banking APIs - QA Test Suite","2026-10-02","passed","2026-10-02","Account Officer Change Request","Customer Profile, Accounts & Beneficiaries","",""
"","120","List - No Auth","Personal Banking APIs - QA Test Suite","2026-10-02","passed","2026-10-02","List","Airtime, Data, Bills & VAS Beneficiaries","",""
"","138","Update Request Recipients - No Auth","Personal Banking APIs - QA Test Suite","2026-10-02","passed","2026-10-02","Update Request Recipients","Wallets, Transfers, Transactions & Fund Requests","",""
"","128","Destroy - Valid","Personal Banking APIs - QA Test Suite","2026-10-02","failed","2026-10-02","Destroy","Customer Profile, Accounts & Beneficiaries","",""
"","120","Add Account Alias - No Auth","Personal Banking APIs - QA Test Suite","2026-10-02","passed","2026-10-02","Add Account Alias","Customer Profile, Accounts & Beneficiaries","",""
"","129","Requests Get Delivery Cost - Empty Fields","Personal Banking APIs - QA Test Suite","2026-10-02","passed","2026-10-02","Requests Get Delivery Cost","Customer Cards","",""
"","131","Update Tin - Missing Required Field","Personal Banking APIs - QA Test Suite","2026-10-02","passed","2026-10-02","Update Tin","Customer Profile, Accounts & Beneficiaries","",""
"","124","Young Moni Documents Action Document - Empty Fields","Personal Banking APIs - QA Test Suite","2026-10-02","failed","2026-10-02","Young Moni Documents Action Document","KYC, Tier Upgrades & Young Moni","",""
"","128","Retrieve - Valid","Personal Banking APIs - QA Test Suite","2026-10-02","failed","2026-10-02","Retrieve","Rewards, Cash Tokens & Wishlists","",""
"","118","List - No Auth","Personal Banking APIs - QA Test Suite","2026-10-02","passed","2026-10-02","List","Wallets, Transfers, Transactions & Fund Requests","",""
"","119","Request Account Reactivation - No Auth","Personal Banking APIs - QA Test Suite","2026-10-02","passed","2026-10-02","Request Account Reactivation","KYC, Tier Upgrades & Young Moni","",""
"","118","Wallet Download Swag Statement - No Auth","Personal Banking APIs - QA Test Suite","2026-10-02","passed","2026-10-02","Wallet Download Swag Statement","SWAG Savings","",""
"","122","Login With Pin - Invalid Email","Personal Banking APIs - QA Test Suite","2026-10-02","passed","2026-10-02","Login With Pin","Login, Credentials, Security & Devices","",""
"","141","Approve Single Bulk Recipient - Valid","Personal Banking APIs - QA Test Suite","2026-10-02","failed","2026-10-02","Approve Single Bulk Recipient","Wallets, Transfers, Transactions & Fund Requests","",""
"","121","Purchase Airtime - Invalid Amount","Personal Banking APIs - QA Test Suite","2026-10-02","passed","2026-10-02","Purchase Airtime","Airtime, Data, Bills & VAS Beneficiaries","",""
"","130","Continue With Email - Missing Required Field","Personal Banking APIs - QA Test Suite","2026-10-02","passed","2026-10-02","Continue With Email","Customer Onboarding","",""
"","120","Transactions Create Wallet Product Specific - Empty Fields","Personal Banking APIs - QA Test Suite","2026-10-02","passed","2026-10-02","Transactions Create Wallet Product Specific","Target Savings","",""
"","123","Verify Token - Empty Fields","Personal Banking APIs - QA Test Suite","2026-10-02","passed","2026-10-02","Verify Token","Login, Credentials, Security & Devices","",""
"","233","Admin Games Sessions - Valid","Personal Banking APIs - QA Test Suite","2026-10-02","failed","2026-10-02","Admin Games Sessions","Rewards, Cash Tokens & Wishlists","",""
"","127","Young Moni Documents Action Document - Invalid ID","Personal Banking APIs - QA Test Suite","2026-10-02","failed","2026-10-02","Young Moni Documents Action Document","KYC, Tier Upgrades & Young Moni","",""
"","133","Update Communication Preference - Missing Required Field","Personal Banking APIs - QA Test Suite","2026-10-02","passed","2026-10-02","Update Communication Preference","Customer Profile, Accounts & Beneficiaries","",""
"","130","Add Item - Invalid ID","Personal Banking APIs - QA Test Suite","2026-10-02","passed","2026-10-02","Add Item","Rewards, Cash Tokens & Wishlists","",""
"","122","Fund Betting Wallet - Invalid Status Or Type","Personal Banking APIs - QA Test Suite","2026-10-02","passed","2026-10-02","Fund Betting Wallet","Airtime, Data, Bills & VAS Beneficiaries","",""
"","136","Young Moni Initiate Account Request - Invalid Status Or Type","Personal Banking APIs - QA Test Suite","2026-10-02","passed","2026-10-02","Young Moni Initiate Account Request","Customer Profile, Accounts & Beneficiaries","",""
"","119","Create Insurance - No Auth","Personal Banking APIs - QA Test Suite","2026-10-02","passed","2026-10-02","Create Insurance","Insurance","",""
"","126","Channel Settings - Invalid ID","Personal Banking APIs - QA Test Suite","2026-10-02","passed","2026-10-02","Channel Settings","Customer Cards","",""
"","170","Admin Coins Redemption Rules - Invalid ID","Personal Banking APIs - QA Test Suite","2026-10-02","failed","2026-10-02","Admin Coins Redemption Rules","Rewards, Cash Tokens & Wishlists","",""
"","132","Create Her Wealth - Valid","Personal Banking APIs - QA Test Suite","2026-10-02","failed","2026-10-02","Create Her Wealth","Customer Profile, Accounts & Beneficiaries","",""
"","138","Check Email / Phone Availability - Empty Fields","Personal Banking APIs - QA Test Suite","2026-10-02","failed","2026-10-02","Check Email / Phone Availability","Customer Onboarding","",""
"","125","Get Item - No Auth","Personal Banking APIs - QA Test Suite","2026-10-02","failed","2026-10-02","Get Item","Rewards, Cash Tokens & Wishlists","",""
"","129","Reset Login Pin - Missing Required Field","Personal Banking APIs - QA Test Suite","2026-10-02","passed","2026-10-02","Reset Login Pin","Login, Credentials, Security & Devices","",""
"","121","Initiate Reset Transaction Pin - Invalid Query","Personal Banking APIs - QA Test Suite","2026-10-02","failed","2026-10-02","Initiate Reset Transaction Pin","Login, Credentials, Security & Devices","",""
"","119","Create - No Auth","Personal Banking APIs - QA Test Suite","2026-10-02","passed","2026-10-02","Create","Airtime, Data, Bills & VAS Beneficiaries","",""
"","118","Transactions - No Auth","Personal Banking APIs - QA Test Suite","2026-10-02","passed","2026-10-02","Transactions","Target Savings","",""
"","118","Transactions - No Auth","Personal Banking APIs - QA Test Suite","2026-10-02","passed","2026-10-02","Transactions","Target Savings","",""
"","121","Verify Token - Missing Required Field","Personal Banking APIs - QA Test Suite","2026-10-02","passed","2026-10-02","Verify Token","Login, Credentials, Security & Devices","",""
"","134","Admin Coins Redemption Rules - Nonexistent ID","Personal Banking APIs - QA Test Suite","2026-10-02","failed","2026-10-02","Admin Coins Redemption Rules","Rewards, Cash Tokens & Wishlists","",""
"","121","Transactions Create Wallet - Invalid Token Or PIN","Personal Banking APIs - QA Test Suite","2026-10-02","passed","2026-10-02","Transactions Create Wallet","Save & Spend","",""
"","124","Upload Bulk Fund Request - Empty Fields","Personal Banking APIs - QA Test Suite","2026-10-02","passed","2026-10-02","Upload Bulk Fund Request","Wallets, Transfers, Transactions & Fund Requests","",""
"","130","Admin Coins Rules - Invalid ID","Personal Banking APIs - QA Test Suite","2026-10-02","failed","2026-10-02","Admin Coins Rules","Rewards, Cash Tokens & Wishlists","",""
"","128","Verify Email Update - Invalid Token Or PIN","Personal Banking APIs - QA Test Suite","2026-10-02","passed","2026-10-02","Verify Email Update","KYC, Tier Upgrades & Young Moni","",""
"","139","Verify NIN (Choose BVN or NIN) - Empty Fields","Personal Banking APIs - QA Test Suite","2026-10-02","passed","2026-10-02","Verify NIN (Choose BVN or NIN)","Customer Onboarding","",""
"","140","Transactions Create Wallet Product Specific - No Auth","Personal Banking APIs - QA Test Suite","2026-10-02","failed","2026-10-02","Transactions Create Wallet Product Specific","Target Savings","",""
"","126","Admin Coins Redemption Rules - Invalid ID","Personal Banking APIs - QA Test Suite","2026-10-02","failed","2026-10-02","Admin Coins Redemption Rules","Rewards, Cash Tokens & Wishlists","",""
"","230","Admin Games - Valid","Personal Banking APIs - QA Test Suite","2026-10-02","failed","2026-10-02","Admin Games","Rewards, Cash Tokens & Wishlists","",""
"","120","Transactions Update Spend Wallet - Missing Required Field","Personal Banking APIs - QA Test Suite","2026-10-02","passed","2026-10-02","Transactions Update Spend Wallet","Save & Spend","",""
"","128","Wallet Total Balance - Valid","Personal Banking APIs - QA Test Suite","2026-10-02","failed","2026-10-02","Wallet Total Balance","Target Savings","",""
"","124","Validate Face Match - Empty Fields","Personal Banking APIs - QA Test Suite","2026-10-02","passed","2026-10-02","Validate Face Match","Login, Credentials, Security & Devices","",""
"","130","Channel Settings - Invalid Amount","Personal Banking APIs - QA Test Suite","2026-10-02","failed","2026-10-02","Channel Settings","Customer Cards","",""
"","126","Single Fund Request - Invalid Amount","Personal Banking APIs - QA Test Suite","2026-10-02","passed","2026-10-02","Single Fund Request","Wallets, Transfers, Transactions & Fund Requests","",""
"","127","Providers - Invalid Query","Personal Banking APIs - QA Test Suite","2026-10-02","failed","2026-10-02","Providers","Insurance","",""
"","139","Tier Two Upgrade - Missing Required Field","Personal Banking APIs - QA Test Suite","2026-10-02","passed","2026-10-02","Tier Two Upgrade","KYC, Tier Upgrades & Young Moni","",""
"","129","Activate - Empty Fields","Personal Banking APIs - QA Test Suite","2026-10-02","failed","2026-10-02","Activate","Customer Cards","",""
"","126","Customer Submit - Missing Required Field","Personal Banking APIs - QA Test Suite","2026-10-02","passed","2026-10-02","Customer Submit","KYC, Tier Upgrades & Young Moni","",""
"","126","Pay Schedule Early - Missing Required Field","Personal Banking APIs - QA Test Suite","2026-10-02","passed","2026-10-02","Pay Schedule Early","Scheduled Payments","",""
"","128","Channel Settings - Nonexistent ID","Personal Banking APIs - QA Test Suite","2026-10-02","passed","2026-10-02","Channel Settings","Customer Cards","",""
"","121","Transactions Deposit - Empty Fields","Personal Banking APIs - QA Test Suite","2026-10-02","passed","2026-10-02","Transactions Deposit","SWAG Savings","",""
"","131","Tier One Upgrade With BVN - Missing Required Field","Personal Banking APIs - QA Test Suite","2026-10-02","passed","2026-10-02","Tier One Upgrade With BVN","KYC, Tier Upgrades & Young Moni","",""
"","118","Young Moni Documents - No Auth","Personal Banking APIs - QA Test Suite","2026-10-02","passed","2026-10-02","Young Moni Documents","KYC, Tier Upgrades & Young Moni","",""
"","129","Kyc Level Distribution - Valid","Personal Banking APIs - QA Test Suite","2026-10-02","failed","2026-10-02","Kyc Level Distribution","Customer Profile, Accounts & Beneficiaries","",""
"","130","Kyc Level Count - Invalid Query","Personal Banking APIs - QA Test Suite","2026-10-02","failed","2026-10-02","Kyc Level Count","Customer Profile, Accounts & Beneficiaries","",""
"","119","Young Moni Upload Guardian Documents - Invalid ID","Personal Banking APIs - QA Test Suite","2026-10-02","passed","2026-10-02","Young Moni Upload Guardian Documents","Customer Profile, Accounts & Beneficiaries","",""
"","126","Partial - Valid","Personal Banking APIs - QA Test Suite","2026-10-02","passed","2026-10-02","Partial","Airtime, Data, Bills & VAS Beneficiaries","",""
"","125","Wallet - Valid","Personal Banking APIs - QA Test Suite","2026-10-02","failed","2026-10-02","Wallet","Target Savings","",""
"","122","Inter Transfer - No Auth","Personal Banking APIs - QA Test Suite","2026-10-02","failed","2026-10-02","Inter Transfer","Wallets, Transfers, Transactions & Fund Requests","",""
"","297","Block - Valid","Personal Banking APIs - QA Test Suite","2026-10-02","failed","2026-10-02","Block","Customer Cards","",""
"","119","Coin Wallet Transactions - No Auth","Personal Banking APIs - QA Test Suite","2026-10-02","passed","2026-10-02","Coin Wallet Transactions","Rewards, Cash Tokens & Wishlists","",""
"","117","Retrieve - No Auth","Personal Banking APIs - QA Test Suite","2026-10-02","passed","2026-10-02","Retrieve","Insurance","",""
"","116","Admin Games Rewards - No Auth","Personal Banking APIs - QA Test Suite","2026-10-02","passed","2026-10-02","Admin Games Rewards","Rewards, Cash Tokens & Wishlists","",""
"","133","Wallet Download Target Statement - Invalid Status Or Type","Personal Banking APIs - QA Test Suite","2026-10-02","failed","2026-10-02","Wallet Download Target Statement","Target Savings","",""
"","128","Repay - Invalid ID","Personal Banking APIs - QA Test Suite","2026-10-02","failed","2026-10-02","Repay","Kolo Connect Advances","",""
"","132","Activate - Missing Required Field","Personal Banking APIs - QA Test Suite","2026-10-02","failed","2026-10-02","Activate","Customer Cards","",""
"","131","Find Customers By Phone - Missing Required Field","Personal Banking APIs - QA Test Suite","2026-10-02","passed","2026-10-02","Find Customers By Phone","Customer Profile, Accounts & Beneficiaries","",""
"","120","Fetch Balance - No Auth","Personal Banking APIs - QA Test Suite","2026-10-02","passed","2026-10-02","Fetch Balance","Customer Profile, Accounts & Beneficiaries","",""
"","1431","Login - Valid","Personal Banking APIs - QA Test Suite","2026-10-02","passed","2026-10-02","Login","Login, Credentials, Security & Devices","",""
"","133","Wallet - Valid","Personal Banking APIs - QA Test Suite","2026-10-02","failed","2026-10-02","Wallet","Target Savings","",""
"","129","Games Card Match - Empty Fields","Personal Banking APIs - QA Test Suite","2026-10-02","passed","2026-10-02","Games Card Match","Rewards, Cash Tokens & Wishlists","",""
"","136","List - Valid","Personal Banking APIs - QA Test Suite","2026-10-02","failed","2026-10-02","List","Wallets, Transfers, Transactions & Fund Requests","",""
"","118","Transactions Update Swag Monthly Rollover - No Auth","Personal Banking APIs - QA Test Suite","2026-10-02","passed","2026-10-02","Transactions Update Swag Monthly Rollover","SWAG Savings","",""
"","129","Get Transaction Overview - Invalid Query","Personal Banking APIs - QA Test Suite","2026-10-02","failed","2026-10-02","Get Transaction Overview","Wallets, Transfers, Transactions & Fund Requests","",""
"","129","Add Item - Nonexistent ID","Personal Banking APIs - QA Test Suite","2026-10-02","passed","2026-10-02","Add Item","Rewards, Cash Tokens & Wishlists","",""
"","136","Partial - Nonexistent ID","Personal Banking APIs - QA Test Suite","2026-10-02","failed","2026-10-02","Partial","Customer Profile, Accounts & Beneficiaries","",""
"","129","Youngmoni Transfer - Missing Required Field","Personal Banking APIs - QA Test Suite","2026-10-02","passed","2026-10-02","Youngmoni Transfer","Scheduled Payments","",""
"","127","Admin Upload Documents - Missing Required Field","Personal Banking APIs - QA Test Suite","2026-10-02","passed","2026-10-02","Admin Upload Documents","KYC, Tier Upgrades & Young Moni","",""
"","138","Transactions Evaluate Target - Invalid Status Or Type","Personal Banking APIs - QA Test Suite","2026-10-02","passed","2026-10-02","Transactions Evaluate Target","Target Savings","",""
"","119","Validate Smart Card - No Auth","Personal Banking APIs - QA Test Suite","2026-10-02","passed","2026-10-02","Validate Smart Card","Airtime, Data, Bills & VAS Beneficiaries","",""
"","126","Data - Missing Required Field","Personal Banking APIs - QA Test Suite","2026-10-02","passed","2026-10-02","Data","Scheduled Payments","",""
"","147","Partial - Valid","Personal Banking APIs - QA Test Suite","2026-10-02","failed","2026-10-02","Partial","Wallets, Transfers, Transactions & Fund Requests","",""
"","125","Admin Coins Rules - Empty Fields","Personal Banking APIs - QA Test Suite","2026-10-02","failed","2026-10-02","Admin Coins Rules","Rewards, Cash Tokens & Wishlists","",""
"","127","Inter Name Enquiry - Empty Fields","Personal Banking APIs - QA Test Suite","2026-10-02","passed","2026-10-02","Inter Name Enquiry","Wallets, Transfers, Transactions & Fund Requests","",""
"","120","Transactions Withdraw Principal - Empty Fields","Personal Banking APIs - QA Test Suite","2026-10-02","passed","2026-10-02","Transactions Withdraw Principal","SWAG Savings","",""
"","117","List Schedule Payments - No Auth","Personal Banking APIs - QA Test Suite","2026-10-02","passed","2026-10-02","List Schedule Payments","Scheduled Payments","",""
"","124","Purchase Airtime - Invalid Token Or PIN","Personal Banking APIs - QA Test Suite","2026-10-02","passed","2026-10-02","Purchase Airtime","Airtime, Data, Bills & VAS Beneficiaries","",""
"","128","Wallet - Valid","Personal Banking APIs - QA Test Suite","2026-10-02","failed","2026-10-02","Wallet","SWAG Savings","",""
"","133","Admin Coins Redemption Rules - Missing Required Field","Personal Banking APIs - QA Test Suite","2026-10-02","failed","2026-10-02","Admin Coins Redemption Rules","Rewards, Cash Tokens & Wishlists","",""
"","131","Young Moni Initiate Account Request - Valid","Personal Banking APIs - QA Test Suite","2026-10-02","failed","2026-10-02","Young Moni Initiate Account Request","Customer Profile, Accounts & Beneficiaries","",""
"","129","Types - Invalid Query","Personal Banking APIs - QA Test Suite","2026-10-02","failed","2026-10-02","Types","Supalock Savings","",""
"","126","Verify Device Changed - Missing Required Field","Personal Banking APIs - QA Test Suite","2026-10-02","passed","2026-10-02","Verify Device Changed","Login, Credentials, Security & Devices","",""
"","129","Terms Draw Details - Valid","Personal Banking APIs - QA Test Suite","2026-10-02","passed","2026-10-02","Terms Draw Details","Rewards, Cash Tokens & Wishlists","",""
"","121","Purchase Airtime - Empty Fields","Personal Banking APIs - QA Test Suite","2026-10-02","passed","2026-10-02","Purchase Airtime","Airtime, Data, Bills & VAS Beneficiaries","",""
"","130","Overview - Missing Required Field","Personal Banking APIs - QA Test Suite","2026-10-02","failed","2026-10-02","Overview","Customer Profile, Accounts & Beneficiaries","",""
"","215","Admin Games Stats - No Auth","Personal Banking APIs - QA Test Suite","2026-10-02","passed","2026-10-02","Admin Games Stats","Rewards, Cash Tokens & Wishlists","",""
"","136","Channel Settings - Invalid Token Or PIN","Personal Banking APIs - QA Test Suite","2026-10-02","failed","2026-10-02","Channel Settings","Customer Cards","",""
"","152","Inflow Outflow Analytics - Valid","Personal Banking APIs - QA Test Suite","2026-10-02","passed","2026-10-02","Inflow Outflow Analytics","Wallets, Transfers, Transactions & Fund Requests","",""
"","125","Admin Devices Deactivate - Valid","Personal Banking APIs - QA Test Suite","2026-10-02","failed","2026-10-02","Admin Devices Deactivate","Login, Credentials, Security & Devices","",""
"","126","Retrieve - Invalid Query","Personal Banking APIs - QA Test Suite","2026-10-02","failed","2026-10-02","Retrieve","Wallets, Transfers, Transactions & Fund Requests","",""
"","125","Transactions - No Auth","Personal Banking APIs - QA Test Suite","2026-10-02","passed","2026-10-02","Transactions","Wallets, Transfers, Transactions & Fund Requests","",""
"","118","Tier One Upgrade With BVN - No Auth","Personal Banking APIs - QA Test Suite","2026-10-02","passed","2026-10-02","Tier One Upgrade With BVN","KYC, Tier Upgrades & Young Moni","",""
"","120","Intra Account Transfer - Invalid Token Or PIN","Personal Banking APIs - QA Test Suite","2026-10-02","passed","2026-10-02","Intra Account Transfer","Wallets, Transfers, Transactions & Fund Requests","",""
"","127","Admin Admin Tier Zero Upgrade - Invalid Status Or Type","Personal Banking APIs - QA Test Suite","2026-10-02","failed","2026-10-02","Admin Admin Tier Zero Upgrade","KYC, Tier Upgrades & Young Moni","",""
"","129","Requests Get Delivery Cost - Missing Required Field","Personal Banking APIs - QA Test Suite","2026-10-02","passed","2026-10-02","Requests Get Delivery Cost","Customer Cards","",""
"","127","Wallet Download Swag Statement - Missing Required Field","Personal Banking APIs - QA Test Suite","2026-10-02","failed","2026-10-02","Wallet Download Swag Statement","SWAG Savings","",""
"","226","Admin List Documents - Invalid ID","Personal Banking APIs - QA Test Suite","2026-10-02","passed","2026-10-02","Admin List Documents","KYC, Tier Upgrades & Young Moni","",""
"","123","Request Account Reactivation - Empty Fields","Personal Banking APIs - QA Test Suite","2026-10-02","passed","2026-10-02","Request Account Reactivation","KYC, Tier Upgrades & Young Moni","",""
"","124","Retrieve - Nonexistent ID","Personal Banking APIs - QA Test Suite","2026-10-02","passed","2026-10-02","Retrieve","Customer Profile, Accounts & Beneficiaries","",""
"","128","Proposed Contributor - Invalid Amount","Personal Banking APIs - QA Test Suite","2026-10-02","passed","2026-10-02","Proposed Contributor","Rewards, Cash Tokens & Wishlists","",""
"","119","Admin Devices Reactivate - No Auth","Personal Banking APIs - QA Test Suite","2026-10-02","failed","2026-10-02","Admin Devices Reactivate","Login, Credentials, Security & Devices","",""
"","129","Reset Login Pin - Invalid Token Or PIN","Personal Banking APIs - QA Test Suite","2026-10-02","passed","2026-10-02","Reset Login Pin","Login, Credentials, Security & Devices","",""
"","129","Get Transaction Overview - Valid","Personal Banking APIs - QA Test Suite","2026-10-02","failed","2026-10-02","Get Transaction Overview","Wallets, Transfers, Transactions & Fund Requests","",""
"","217","Requests Fetch Agents - Valid","Personal Banking APIs - QA Test Suite","2026-10-02","failed","2026-10-02","Requests Fetch Agents","Customer Cards","",""
"","125","Webhook Cashtoken Webhook - No Auth","Personal Banking APIs - QA Test Suite","2026-10-02","passed","2026-10-02","Webhook Cashtoken Webhook","Rewards, Cash Tokens & Wishlists","",""
"","121","Transfer - Empty Fields","Personal Banking APIs - QA Test Suite","2026-10-02","passed","2026-10-02","Transfer","Scheduled Payments","",""
"","135","Transactions - Invalid Query","Personal Banking APIs - QA Test Suite","2026-10-02","failed","2026-10-02","Transactions","Wallets, Transfers, Transactions & Fund Requests","",""
"","133","Transactions - Valid","Personal Banking APIs - QA Test Suite","2026-10-02","failed","2026-10-02","Transactions","Target Savings","",""
"","127","Initiate Email Update - Invalid Token Or PIN","Personal Banking APIs - QA Test Suite","2026-10-02","passed","2026-10-02","Initiate Email Update","KYC, Tier Upgrades & Young Moni","",""
"","225","Admin Games Rewards - Invalid Query","Personal Banking APIs - QA Test Suite","2026-10-02","failed","2026-10-02","Admin Games Rewards","Rewards, Cash Tokens & Wishlists","",""
"","150","Transactions Create Wallet - Valid","Personal Banking APIs - QA Test Suite","2026-10-02","failed","2026-10-02","Transactions Create Wallet","Save & Spend","",""
"","125","Wallet Download Target Statement - Invalid Amount","Personal Banking APIs - QA Test Suite","2026-10-02","failed","2026-10-02","Wallet Download Target Statement","Target Savings","",""
"","177","Account Officer - Valid","Personal Banking APIs - QA Test Suite","2026-10-02","failed","2026-10-02","Account Officer","Customer Profile, Accounts & Beneficiaries","",""
"","128","Young Moni - Invalid Query","Personal Banking APIs - QA Test Suite","2026-10-02","failed","2026-10-02","Young Moni","Customer Profile, Accounts & Beneficiaries","",""
"","127","Purchase Epin - Invalid Token Or PIN","Personal Banking APIs - QA Test Suite","2026-10-02","passed","2026-10-02","Purchase Epin","Airtime, Data, Bills & VAS Beneficiaries","",""
"","126","Intra Name Enquiry By Phone - Valid","Personal Banking APIs - QA Test Suite","2026-10-02","failed","2026-10-02","Intra Name Enquiry By Phone","Wallets, Transfers, Transactions & Fund Requests","",""
"","130","Restrict Accounts By BVN - Valid","Personal Banking APIs - QA Test Suite","2026-10-02","failed","2026-10-02","Restrict Accounts By BVN","Customer Profile, Accounts & Beneficiaries","",""
"","132","Transfer - No Auth","Personal Banking APIs - QA Test Suite","2026-10-02","passed","2026-10-02","Transfer","Scheduled Payments","",""
"","124","Transactions Create Plan - Valid","Personal Banking APIs - QA Test Suite","2026-10-02","failed","2026-10-02","Transactions Create Plan","SWAG Savings","",""
"","130","Retry Payment Schedule - Empty Fields","Personal Banking APIs - QA Test Suite","2026-10-02","passed","2026-10-02","Retry Payment Schedule","Scheduled Payments","",""
"","130","Games Scratch Card - Invalid Query","Personal Banking APIs - QA Test Suite","2026-10-02","passed","2026-10-02","Games Scratch Card","Rewards, Cash Tokens & Wishlists","",""
"","131","Retrieve - Valid","Personal Banking APIs - QA Test Suite","2026-10-02","failed","2026-10-02","Retrieve","Airtime, Data, Bills & VAS Beneficiaries","",""
"","135","Retrieve - Invalid ID","Personal Banking APIs - QA Test Suite","2026-10-02","passed","2026-10-02","Retrieve","Customer Cards","",""
"","130","Intra Name Enquiry By Phone - Empty Fields","Personal Banking APIs - QA Test Suite","2026-10-02","failed","2026-10-02","Intra Name Enquiry By Phone","Wallets, Transfers, Transactions & Fund Requests","",""
"","130","Electricity - Valid","Personal Banking APIs - QA Test Suite","2026-10-02","failed","2026-10-02","Electricity","Scheduled Payments","",""
"","119","Partial - No Auth","Personal Banking APIs - QA Test Suite","2026-10-02","passed","2026-10-02","Partial","Customer Profile, Accounts & Beneficiaries","",""
"","121","Transactions Break Wallet - Missing Required Field","Personal Banking APIs - QA Test Suite","2026-10-02","passed","2026-10-02","Transactions Break Wallet","Save & Spend","",""
"","144","Young Moni Requests - Nonexistent ID","Personal Banking APIs - QA Test Suite","2026-10-02","failed","2026-10-02","Young Moni Requests","KYC, Tier Upgrades & Young Moni","",""
"","127","Perform Action - Nonexistent ID","Personal Banking APIs - QA Test Suite","2026-10-02","failed","2026-10-02","Perform Action","Rewards, Cash Tokens & Wishlists","",""
"","118","Total Supalock Amount - No Auth","Personal Banking APIs - QA Test Suite","2026-10-02","passed","2026-10-02","Total Supalock Amount","Supalock Savings","",""
"","129","Channel Settings - Invalid Query","Personal Banking APIs - QA Test Suite","2026-10-02","failed","2026-10-02","Channel Settings","Customer Cards","",""
"","118","Update - No Auth","Personal Banking APIs - QA Test Suite","2026-10-02","passed","2026-10-02","Update","Scheduled Payments","",""
"","124","Update Documents - Empty Fields","Personal Banking APIs - QA Test Suite","2026-10-02","passed","2026-10-02","Update Documents","KYC, Tier Upgrades & Young Moni","",""
"","120","Admin Devices Deactivate - Invalid ID","Personal Banking APIs - QA Test Suite","2026-10-02","failed","2026-10-02","Admin Devices Deactivate","Login, Credentials, Security & Devices","",""
"","118","Create Her Wealth - No Auth","Personal Banking APIs - QA Test Suite","2026-10-02","passed","2026-10-02","Create Her Wealth","Customer Profile, Accounts & Beneficiaries","",""
"","118","Partial - No Auth","Personal Banking APIs - QA Test Suite","2026-10-02","passed","2026-10-02","Partial","Wallets, Transfers, Transactions & Fund Requests","",""
"","126","Young Moni Requests - Valid","Personal Banking APIs - QA Test Suite","2026-10-02","failed","2026-10-02","Young Moni Requests","KYC, Tier Upgrades & Young Moni","",""
"","132","Setup Liveness Image - No Auth","Personal Banking APIs - QA Test Suite","2026-10-02","failed","2026-10-02","Setup Liveness Image","Login, Credentials, Security & Devices","",""
"","122","Admin Devices Deactivate - Empty Fields","Personal Banking APIs - QA Test Suite","2026-10-02","failed","2026-10-02","Admin Devices Deactivate","Login, Credentials, Security & Devices","",""
"","127","Create Sub Account - Missing Required Field","Personal Banking APIs - QA Test Suite","2026-10-02","passed","2026-10-02","Create Sub Account","Customer Profile, Accounts & Beneficiaries","",""
"","120","Transactions Deposit - Missing Required Field","Personal Banking APIs - QA Test Suite","2026-10-02","passed","2026-10-02","Transactions Deposit","Target Savings","",""
"","132","Games Card Match - Valid","Personal Banking APIs - QA Test Suite","2026-10-02","failed","2026-10-02","Games Card Match","Rewards, Cash Tokens & Wishlists","",""
"","119","Payment Merchant - No Auth","Personal Banking APIs - QA Test Suite","2026-10-02","passed","2026-10-02","Payment Merchant","Customer Cards","",""
"","128","Profile - Invalid Query","Personal Banking APIs - QA Test Suite","2026-10-02","failed","2026-10-02","Profile","Customer Profile, Accounts & Beneficiaries","",""
"","134","Withdraw Cashback - Valid","Personal Banking APIs - QA Test Suite","2026-10-02","failed","2026-10-02","Withdraw Cashback","Wallets, Transfers, Transactions & Fund Requests","",""
"","130","Transactions Evaluate Break - Empty Fields","Personal Banking APIs - QA Test Suite","2026-10-02","passed","2026-10-02","Transactions Evaluate Break","Target Savings","",""
"","120","Intra Account Transfer - Invalid Amount","Personal Banking APIs - QA Test Suite","2026-10-02","passed","2026-10-02","Intra Account Transfer","Wallets, Transfers, Transactions & Fund Requests","",""
"","117","List - No Auth","Personal Banking APIs - QA Test Suite","2026-10-02","passed","2026-10-02","List","Customer Profile, Accounts & Beneficiaries","",""
"","120","Verify Token - Invalid Status Or Type","Personal Banking APIs - QA Test Suite","2026-10-02","passed","2026-10-02","Verify Token","Login, Credentials, Security & Devices","",""
"","120","Transactions Create Wallet - Invalid Status Or Type","Personal Banking APIs - QA Test Suite","2026-10-02","passed","2026-10-02","Transactions Create Wallet","Save & Spend","",""
"","121","Create - Missing Required Field","Personal Banking APIs - QA Test Suite","2026-10-02","failed","2026-10-02","Create","Airtime, Data, Bills & VAS Beneficiaries","",""
"","122","Inter Transfer - Invalid Token Or PIN","Personal Banking APIs - QA Test Suite","2026-10-02","passed","2026-10-02","Inter Transfer","Wallets, Transfers, Transactions & Fund Requests","",""
"","126","Inter Name Enquiry - Valid","Personal Banking APIs - QA Test Suite","2026-10-02","failed","2026-10-02","Inter Name Enquiry","Wallets, Transfers, Transactions & Fund Requests","",""
"","126","Create Supalock - Invalid Amount","Personal Banking APIs - QA Test Suite","2026-10-02","failed","2026-10-02","Create Supalock","Supalock Savings","",""
"","120","Transactions Withdraw Interest - Invalid Amount","Personal Banking APIs - QA Test Suite","2026-10-02","passed","2026-10-02","Transactions Withdraw Interest","SWAG Savings","",""
"","132","Verify Phone OTP - Missing Required Field","Personal Banking APIs - QA Test Suite","2026-10-02","passed","2026-10-02","Verify Phone OTP","Customer Onboarding","",""
"","132","Recipients - Invalid ID","Personal Banking APIs - QA Test Suite","2026-10-02","failed","2026-10-02","Recipients","Wallets, Transfers, Transactions & Fund Requests","",""
"","292","List - Valid","Personal Banking APIs - QA Test Suite","2026-10-02","passed","2026-10-02","List","Rewards, Cash Tokens & Wishlists","",""
"","122","Purchase Waec - Valid","Personal Banking APIs - QA Test Suite","2026-10-02","failed","2026-10-02","Purchase Waec","Airtime, Data, Bills & VAS Beneficiaries","",""
"","183","List - Valid","Personal Banking APIs - QA Test Suite","2026-10-02","passed","2026-10-02","List","Airtime, Data, Bills & VAS Beneficiaries","",""
"","126","Transactions - Invalid Query","Personal Banking APIs - QA Test Suite","2026-10-02","failed","2026-10-02","Transactions","Supalock Savings","",""
"","127","Destroy - Nonexistent ID","Personal Banking APIs - QA Test Suite","2026-10-02","passed","2026-10-02","Destroy","Customer Profile, Accounts & Beneficiaries","",""
"","129","Set Password & Create Pending User - Missing Required Field","Personal Banking APIs - QA Test Suite","2026-10-02","passed","2026-10-02","Set Password & Create Pending User","Customer Onboarding","",""
"","126","Admin Admin Tier One Upgrade - Invalid Status Or Type","Personal Banking APIs - QA Test Suite","2026-10-02","failed","2026-10-02","Admin Admin Tier One Upgrade","KYC, Tier Upgrades & Young Moni","",""
"","117","Overview - No Auth","Personal Banking APIs - QA Test Suite","2026-10-02","passed","2026-10-02","Overview","Rewards, Cash Tokens & Wishlists","",""
"","125","Transactions Evaluate Target - Invalid Amount","Personal Banking APIs - QA Test Suite","2026-10-02","passed","2026-10-02","Transactions Evaluate Target","Target Savings","",""
"","126","Update Documents - Missing Required Field","Personal Banking APIs - QA Test Suite","2026-10-02","passed","2026-10-02","Update Documents","KYC, Tier Upgrades & Young Moni","",""
"","120","Transactions Deposit - Invalid Amount","Personal Banking APIs - QA Test Suite","2026-10-02","passed","2026-10-02","Transactions Deposit","Target Savings","",""
"","132","Reset Pin - Invalid ID","Personal Banking APIs - QA Test Suite","2026-10-02","passed","2026-10-02","Reset Pin","Customer Cards","",""
"","145","Requests - Valid","Personal Banking APIs - QA Test Suite","2026-10-02","passed","2026-10-02","Requests","Customer Cards","",""
"","126","Young Moni Initiate Account Without Identity - Empty Fields","Personal Banking APIs - QA Test Suite","2026-10-02","failed","2026-10-02","Young Moni Initiate Account Without Identity","Customer Profile, Accounts & Beneficiaries","",""
"","124","Admin Coins Redemption Rules - Invalid Status Or Type","Personal Banking APIs - QA Test Suite","2026-10-02","failed","2026-10-02","Admin Coins Redemption Rules","Rewards, Cash Tokens & Wishlists","",""
"","133","Withdraw - Nonexistent ID","Personal Banking APIs - QA Test Suite","2026-10-02","passed","2026-10-02","Withdraw","Rewards, Cash Tokens & Wishlists","",""
"","123","Transactions Deposit - Valid","Personal Banking APIs - QA Test Suite","2026-10-02","failed","2026-10-02","Transactions Deposit","SWAG Savings","",""
"","124","Reward With Airtime - Missing Required Field","Personal Banking APIs - QA Test Suite","2026-10-02","failed","2026-10-02","Reward With Airtime","Rewards, Cash Tokens & Wishlists","",""
"","129","Repay - Valid","Personal Banking APIs - QA Test Suite","2026-10-02","failed","2026-10-02","Repay","Kolo Connect Advances","",""
"","138","Retrieve - Valid","Personal Banking APIs - QA Test Suite","2026-10-02","failed","2026-10-02","Retrieve","Customer Profile, Accounts & Beneficiaries","",""
"","130","Borrow - Invalid Amount","Personal Banking APIs - QA Test Suite","2026-10-02","failed","2026-10-02","Borrow","Kolo Connect Advances","",""
"","123","Single Fund Request - Valid","Personal Banking APIs - QA Test Suite","2026-10-02","failed","2026-10-02","Single Fund Request","Wallets, Transfers, Transactions & Fund Requests","",""
"","131","Reset Transaction Pin - Empty Fields","Personal Banking APIs - QA Test Suite","2026-10-02","passed","2026-10-02","Reset Transaction Pin","Login, Credentials, Security & Devices","",""
"","128","Withdraw - Empty Fields","Personal Banking APIs - QA Test Suite","2026-10-02","failed","2026-10-02","Withdraw","Rewards, Cash Tokens & Wishlists","",""
"","119","Initiate Reset Transaction Pin - No Auth","Personal Banking APIs - QA Test Suite","2026-10-02","passed","2026-10-02","Initiate Reset Transaction Pin","Login, Credentials, Security & Devices","",""
"","117","Data Plans - No Auth","Personal Banking APIs - QA Test Suite","2026-10-02","passed","2026-10-02","Data Plans","Airtime, Data, Bills & VAS Beneficiaries","",""
"","121","Create Transaction Pin - Valid","Personal Banking APIs - QA Test Suite","2026-10-02","failed","2026-10-02","Create Transaction Pin","Login, Credentials, Security & Devices","",""
"","118","List - No Auth","Personal Banking APIs - QA Test Suite","2026-10-02","passed","2026-10-02","List","Customer Cards","",""
"","122","Transactions Create Wallet Product Specific - Valid","Personal Banking APIs - QA Test Suite","2026-10-02","failed","2026-10-02","Transactions Create Wallet Product Specific","Target Savings","",""
"","128","Channel Settings - Nonexistent ID","Personal Banking APIs - QA Test Suite","2026-10-02","passed","2026-10-02","Channel Settings","Customer Cards","",""
"","130","Admin Update Documents - Invalid Status Or Type","Personal Banking APIs - QA Test Suite","2026-10-02","passed","2026-10-02","Admin Update Documents","KYC, Tier Upgrades & Young Moni","",""
"","134","Approve Single Fund Request - Invalid Token Or PIN","Personal Banking APIs - QA Test Suite","2026-10-02","failed","2026-10-02","Approve Single Fund Request","Wallets, Transfers, Transactions & Fund Requests","",""
"","119","Daily Spending Summary - No Auth","Personal Banking APIs - QA Test Suite","2026-10-02","passed","2026-10-02","Daily Spending Summary","Wallets, Transfers, Transactions & Fund Requests","",""
"","144","Admin Admin Tier Two Upgrade - Valid","Personal Banking APIs - QA Test Suite","2026-10-02","failed","2026-10-02","Admin Admin Tier Two Upgrade","KYC, Tier Upgrades & Young Moni","",""
"","122","Create Password - Invalid Email","Personal Banking APIs - QA Test Suite","2026-10-02","passed","2026-10-02","Create Password","Login, Credentials, Security & Devices","",""
"","120","Get Item Edit - Valid","Personal Banking APIs - QA Test Suite","2026-10-02","failed","2026-10-02","Get Item Edit","Rewards, Cash Tokens & Wishlists","",""
"","128","Transactions - Nonexistent ID","Personal Banking APIs - QA Test Suite","2026-10-02","passed","2026-10-02","Transactions","Save & Spend","",""
"","120","Admin Complete Upgrade Request - No Auth","Personal Banking APIs - QA Test Suite","2026-10-02","passed","2026-10-02","Admin Complete Upgrade Request","KYC, Tier Upgrades & Young Moni","",""
"","129","Item - Valid","Personal Banking APIs - QA Test Suite","2026-10-02","failed","2026-10-02","Item","Rewards, Cash Tokens & Wishlists","",""
"","119","Young Moni Validate Details Without Identity - Empty Fields","Personal Banking APIs - QA Test Suite","2026-10-02","failed","2026-10-02","Young Moni Validate Details Without Identity","Customer Profile, Accounts & Beneficiaries","",""
"","130","Unblock - Empty Fields","Personal Banking APIs - QA Test Suite","2026-10-02","failed","2026-10-02","Unblock","Customer Cards","",""
"","144","Dismiss Action - Empty Fields","Personal Banking APIs - QA Test Suite","2026-10-02","failed","2026-10-02","Dismiss Action","KYC, Tier Upgrades & Young Moni","",""
"","121","Admin Devices Reactivate - Invalid ID","Personal Banking APIs - QA Test Suite","2026-10-02","failed","2026-10-02","Admin Devices Reactivate","Login, Credentials, Security & Devices","",""
"","121","Purchase Cable - Empty Fields","Personal Banking APIs - QA Test Suite","2026-10-02","passed","2026-10-02","Purchase Cable","Airtime, Data, Bills & VAS Beneficiaries","",""
"","138","Transfer - Missing Required Field","Personal Banking APIs - QA Test Suite","2026-10-02","passed","2026-10-02","Transfer","Scheduled Payments","",""
"","127","Update Identity - Empty Fields","Personal Banking APIs - QA Test Suite","2026-10-02","passed","2026-10-02","Update Identity","KYC, Tier Upgrades & Young Moni","",""
"","264","Create - Missing Required Field","Personal Banking APIs - QA Test Suite","2026-10-02","failed","2026-10-02","Create","Airtime, Data, Bills & VAS Beneficiaries","",""
"","125","Verify Email Update - Empty Fields","Personal Banking APIs - QA Test Suite","2026-10-02","passed","2026-10-02","Verify Email Update","KYC, Tier Upgrades & Young Moni","",""
"","130","Verify Alias Phone Number - Invalid Token Or PIN","Personal Banking APIs - QA Test Suite","2026-10-02","passed","2026-10-02","Verify Alias Phone Number","Customer Profile, Accounts & Beneficiaries","",""
"","119","Transactions Deposit - Invalid Token Or PIN","Personal Banking APIs - QA Test Suite","2026-10-02","passed","2026-10-02","Transactions Deposit","Target Savings","",""
"","139","Admin Coins Rules - Invalid ID","Personal Banking APIs - QA Test Suite","2026-10-02","failed","2026-10-02","Admin Coins Rules","Rewards, Cash Tokens & Wishlists","",""
"","130","Retrieve - Valid","Personal Banking APIs - QA Test Suite","2026-10-02","failed","2026-10-02","Retrieve","Scheduled Payments","",""
"","118","Wallet Download Target Statement - No Auth","Personal Banking APIs - QA Test Suite","2026-10-02","passed","2026-10-02","Wallet Download Target Statement","Target Savings","",""
"","119","Tier Two Upgrade - No Auth","Personal Banking APIs - QA Test Suite","2026-10-02","passed","2026-10-02","Tier Two Upgrade","KYC, Tier Upgrades & Young Moni","",""
"","121","Purchase Data - Valid","Personal Banking APIs - QA Test Suite","2026-10-02","failed","2026-10-02","Purchase Data","Airtime, Data, Bills & VAS Beneficiaries","",""
"","122","Get Item Edit - Invalid ID","Personal Banking APIs - QA Test Suite","2026-10-02","failed","2026-10-02","Get Item Edit","Rewards, Cash Tokens & Wishlists","",""
"","128","Transfer - Invalid Amount","Personal Banking APIs - QA Test Suite","2026-10-02","passed","2026-10-02","Transfer","Scheduled Payments","",""
"","134","Dismiss Action - Invalid ID","Personal Banking APIs - QA Test Suite","2026-10-02","passed","2026-10-02","Dismiss Action","KYC, Tier Upgrades & Young Moni","",""
"","126","Daily Spending Summary - Invalid Query","Personal Banking APIs - QA Test Suite","2026-10-02","failed","2026-10-02","Daily Spending Summary","Wallets, Transfers, Transactions & Fund Requests","",""
"","119","Account Officer Change Request - No Auth","Personal Banking APIs - QA Test Suite","2026-10-02","passed","2026-10-02","Account Officer Change Request","Customer Profile, Accounts & Beneficiaries","",""
"","130","Update Communication Preference - Empty Fields","Personal Banking APIs - QA Test Suite","2026-10-02","passed","2026-10-02","Update Communication Preference","Customer Profile, Accounts & Beneficiaries","",""
"","123","Login With Pin - Valid","Personal Banking APIs - QA Test Suite","2026-10-02","failed","2026-10-02","Login With Pin","Login, Credentials, Security & Devices","",""
"","849","Transactions Create Wallet - Invalid Status Or Type","Personal Banking APIs - QA Test Suite","2026-10-02","passed","2026-10-02","Transactions Create Wallet","Target Savings","",""
"","138","Update Credit Stage - Empty Fields","Personal Banking APIs - QA Test Suite","2026-10-02","failed","2026-10-02","Update Credit Stage","Wallets, Transfers, Transactions & Fund Requests","",""
"","127","Create Insurance - Empty Fields","Personal Banking APIs - QA Test Suite","2026-10-02","passed","2026-10-02","Create Insurance","Insurance","",""
"","224","Admin Games Sessions - Invalid Query","Personal Banking APIs - QA Test Suite","2026-10-02","failed","2026-10-02","Admin Games Sessions","Rewards, Cash Tokens & Wishlists","",""
"","119","Coin Redemption Rules - No Auth","Personal Banking APIs - QA Test Suite","2026-10-02","passed","2026-10-02","Coin Redemption Rules","Rewards, Cash Tokens & Wishlists","",""
"","128","Young Moni Documents - Invalid Query","Personal Banking APIs - QA Test Suite","2026-10-02","failed","2026-10-02","Young Moni Documents","KYC, Tier Upgrades & Young Moni","",""
"","117","Retrieve - No Auth","Personal Banking APIs - QA Test Suite","2026-10-02","passed","2026-10-02","Retrieve","Kolo Connect Advances","",""
"","120","Transactions Create Wallet - Empty Fields","Personal Banking APIs - QA Test Suite","2026-10-02","passed","2026-10-02","Transactions Create Wallet","Save & Spend","",""
"","329","Total Young Moni Balance - Valid","Personal Banking APIs - QA Test Suite","2026-10-02","passed","2026-10-02","Total Young Moni Balance","Customer Profile, Accounts & Beneficiaries","",""
"","130","Transaction - Valid","Personal Banking APIs - QA Test Suite","2026-10-02","failed","2026-10-02","Transaction","Airtime, Data, Bills & VAS Beneficiaries","",""
"","136","Continue With Email - Valid","Personal Banking APIs - QA Test Suite","2026-10-02","failed","2026-10-02","Continue With Email","Customer Onboarding","",""
"","121","Admin Upload Documents - No Auth","Personal Banking APIs - QA Test Suite","2026-10-02","passed","2026-10-02","Admin Upload Documents","KYC, Tier Upgrades & Young Moni","",""
"","118","Update Location - No Auth","Personal Banking APIs - QA Test Suite","2026-10-02","failed","2026-10-02","Update Location","Login, Credentials, Security & Devices","",""
"","225","Admin List Documents - Invalid Query","Personal Banking APIs - QA Test Suite","2026-10-02","failed","2026-10-02","Admin List Documents","KYC, Tier Upgrades & Young Moni","",""
"","124","Repayment Plan - Nonexistent ID","Personal Banking APIs - QA Test Suite","2026-10-02","failed","2026-10-02","Repayment Plan","Kolo Connect Advances","",""
"","129","Admin Admin Tier Zero Upgrade - Missing Required Field","Personal Banking APIs - QA Test Suite","2026-10-02","failed","2026-10-02","Admin Admin Tier Zero Upgrade","KYC, Tier Upgrades & Young Moni","",""
"","128","Waec Lookup - Invalid Query","Personal Banking APIs - QA Test Suite","2026-10-02","failed","2026-10-02","Waec Lookup","Airtime, Data, Bills & VAS Beneficiaries","",""
"","207","Data Plans - Nonexistent ID","Personal Banking APIs - QA Test Suite","2026-10-02","failed","2026-10-02","Data Plans","Airtime, Data, Bills & VAS Beneficiaries","",""
"","235","Admin Games Rewards - Invalid ID","Personal Banking APIs - QA Test Suite","2026-10-02","failed","2026-10-02","Admin Games Rewards","Rewards, Cash Tokens & Wishlists","",""
"","131","Dismiss Action - Invalid Email","Personal Banking APIs - QA Test Suite","2026-10-02","failed","2026-10-02","Dismiss Action","KYC, Tier Upgrades & Young Moni","",""
"","119","Admin Devices Deactivate - No Auth","Personal Banking APIs - QA Test Suite","2026-10-02","failed","2026-10-02","Admin Devices Deactivate","Login, Credentials, Security & Devices","",""
"","148","List - Invalid Query","Personal Banking APIs - QA Test Suite","2026-10-02","failed","2026-10-02","List","KYC, Tier Upgrades & Young Moni","",""
"","126","Approve Single Fund Request - Valid","Personal Banking APIs - QA Test Suite","2026-10-02","failed","2026-10-02","Approve Single Fund Request","Wallets, Transfers, Transactions & Fund Requests","",""
"","123","Transactions Create Plan - Invalid Token Or PIN","Personal Banking APIs - QA Test Suite","2026-10-02","passed","2026-10-02","Transactions Create Plan","SWAG Savings","",""
"","124","Purchase Jamb - Valid","Personal Banking APIs - QA Test Suite","2026-10-02","failed","2026-10-02","Purchase Jamb","Airtime, Data, Bills & VAS Beneficiaries","",""
"","118","Coin Wallet - No Auth","Personal Banking APIs - QA Test Suite","2026-10-02","passed","2026-10-02","Coin Wallet","Rewards, Cash Tokens & Wishlists","",""
"","120","Reward With Cashback - Empty Fields","Personal Banking APIs - QA Test Suite","2026-10-02","passed","2026-10-02","Reward With Cashback","Rewards, Cash Tokens & Wishlists","",""
"","223","Admin List Documents - Nonexistent ID","Personal Banking APIs - QA Test Suite","2026-10-02","passed","2026-10-02","Admin List Documents","KYC, Tier Upgrades & Young Moni","",""
"","135","Transactions Evaluate Break - Valid","Personal Banking APIs - QA Test Suite","2026-10-02","failed","2026-10-02","Transactions Evaluate Break","Target Savings","",""
"","122","Transactions Withdraw Principal - Valid","Personal Banking APIs - QA Test Suite","2026-10-02","failed","2026-10-02","Transactions Withdraw Principal","SWAG Savings","",""
"","119","Single Fund Request - Missing Required Field","Personal Banking APIs - QA Test Suite","2026-10-02","passed","2026-10-02","Single Fund Request","Wallets, Transfers, Transactions & Fund Requests","",""
"","131","Unblock - Nonexistent ID","Personal Banking APIs - QA Test Suite","2026-10-02","passed","2026-10-02","Unblock","Customer Cards","",""
"","127","Repayment Plan - Valid","Personal Banking APIs - QA Test Suite","2026-10-02","failed","2026-10-02","Repayment Plan","Kolo Connect Advances","",""
"","117","Youngmoni Transfer - No Auth","Personal Banking APIs - QA Test Suite","2026-10-02","passed","2026-10-02","Youngmoni Transfer","Scheduled Payments","",""
"","119","Young Moni Upload Guardian Documents - Missing Required Field","Personal Banking APIs - QA Test Suite","2026-10-02","failed","2026-10-02","Young Moni Upload Guardian Documents","Customer Profile, Accounts & Beneficiaries","",""
"","131","Download Statement - Valid","Personal Banking APIs - QA Test Suite","2026-10-02","failed","2026-10-02","Download Statement","Wallets, Transfers, Transactions & Fund Requests","",""
"","125","Admin Reject Upgrade Request - Nonexistent ID","Personal Banking APIs - QA Test Suite","2026-10-02","failed","2026-10-02","Admin Reject Upgrade Request","KYC, Tier Upgrades & Young Moni","",""
"","128","Upload Bulk Fund Request - Valid","Personal Banking APIs - QA Test Suite","2026-10-02","failed","2026-10-02","Upload Bulk Fund Request","Wallets, Transfers, Transactions & Fund Requests","",""
"","126","Transactions Evaluate Target - Empty Fields","Personal Banking APIs - QA Test Suite","2026-10-02","passed","2026-10-02","Transactions Evaluate Target","Target Savings","",""
"","120","Admin Devices Reactivate - Missing Required Field","Personal Banking APIs - QA Test Suite","2026-10-02","failed","2026-10-02","Admin Devices Reactivate","Login, Credentials, Security & Devices","",""
"","1618","List - Valid","Personal Banking APIs - QA Test Suite","2026-10-02","failed","2026-10-02","List","Wallets, Transfers, Transactions & Fund Requests","",""
"","134","List Documents - Invalid Query","Personal Banking APIs - QA Test Suite","2026-10-02","failed","2026-10-02","List Documents","KYC, Tier Upgrades & Young Moni","",""
"","117","Request Alias Phone Verification - No Auth","Personal Banking APIs - QA Test Suite","2026-10-02","passed","2026-10-02","Request Alias Phone Verification","Customer Profile, Accounts & Beneficiaries","",""
"","128","List - Invalid Query","Personal Banking APIs - QA Test Suite","2026-10-02","failed","2026-10-02","List","Airtime, Data, Bills & VAS Beneficiaries","",""
"","229","Admin Games Rewards - Nonexistent ID","Personal Banking APIs - QA Test Suite","2026-10-02","failed","2026-10-02","Admin Games Rewards","Rewards, Cash Tokens & Wishlists","",""
"","126","Customer Submit - Empty Fields","Personal Banking APIs - QA Test Suite","2026-10-02","passed","2026-10-02","Customer Submit","KYC, Tier Upgrades & Young Moni","",""
"","128","Repayment Plan - Invalid ID","Personal Banking APIs - QA Test Suite","2026-10-02","failed","2026-10-02","Repayment Plan","Kolo Connect Advances","",""
"","122","Create Transaction Pin - No Auth","Personal Banking APIs - QA Test Suite","2026-10-02","passed","2026-10-02","Create Transaction Pin","Login, Credentials, Security & Devices","",""
"","127","Retrieve - Invalid Query","Personal Banking APIs - QA Test Suite","2026-10-02","failed","2026-10-02","Retrieve","Rewards, Cash Tokens & Wishlists","",""
"","148","Payment Merchant - Empty Fields","Personal Banking APIs - QA Test Suite","2026-10-02","failed","2026-10-02","Payment Merchant","Customer Cards","",""
"","138","Transactions Create Wallet - Missing Required Field","Personal Banking APIs - QA Test Suite","2026-10-02","passed","2026-10-02","Transactions Create Wallet","Target Savings","",""
"","125","Admin Games Rewards - Invalid ID","Personal Banking APIs - QA Test Suite","2026-10-02","failed","2026-10-02","Admin Games Rewards","Rewards, Cash Tokens & Wishlists","",""
"","129","Tenors - Valid","Personal Banking APIs - QA Test Suite","2026-10-02","failed","2026-10-02","Tenors","Kolo Connect Advances","",""
"","138","Young Moni Requests Request Stats - Valid","Personal Banking APIs - QA Test Suite","2026-10-02","failed","2026-10-02","Young Moni Requests Request Stats","KYC, Tier Upgrades & Young Moni","",""
"","129","Coin Wallet - Invalid Query","Personal Banking APIs - QA Test Suite","2026-10-02","passed","2026-10-02","Coin Wallet","Rewards, Cash Tokens & Wishlists","",""
"","130","Requests - Invalid Query","Personal Banking APIs - QA Test Suite","2026-10-02","failed","2026-10-02","Requests","Customer Cards","",""
"","120","Create Password - Invalid Token Or PIN","Personal Banking APIs - QA Test Suite","2026-10-02","passed","2026-10-02","Create Password","Login, Credentials, Security & Devices","",""
"","145","List Documents - Valid","Personal Banking APIs - QA Test Suite","2026-10-02","failed","2026-10-02","List Documents","KYC, Tier Upgrades & Young Moni","",""
"","126","Admin Coins Rules - Missing Required Field","Personal Banking APIs - QA Test Suite","2026-10-02","failed","2026-10-02","Admin Coins Rules","Rewards, Cash Tokens & Wishlists","",""
"","145","Admin Reject Upgrade Request - Valid","Personal Banking APIs - QA Test Suite","2026-10-02","failed","2026-10-02","Admin Reject Upgrade Request","KYC, Tier Upgrades & Young Moni","",""
"","138","Verify Email Update - Valid","Personal Banking APIs - QA Test Suite","2026-10-02","failed","2026-10-02","Verify Email Update","KYC, Tier Upgrades & Young Moni","",""
"","121","Request Phone Verification - No Auth","Personal Banking APIs - QA Test Suite","2026-10-02","passed","2026-10-02","Request Phone Verification","Login, Credentials, Security & Devices","",""
"","121","Purchase Waec - Invalid Token Or PIN","Personal Banking APIs - QA Test Suite","2026-10-02","passed","2026-10-02","Purchase Waec","Airtime, Data, Bills & VAS Beneficiaries","",""
"","139","Enable - Missing Required Field","Personal Banking APIs - QA Test Suite","2026-10-02","failed","2026-10-02","Enable","Wallets, Transfers, Transactions & Fund Requests","",""
"","131","Update Single Transfer Limit - Missing Required Field","Personal Banking APIs - QA Test Suite","2026-10-02","passed","2026-10-02","Update Single Transfer Limit","Customer Profile, Accounts & Beneficiaries","",""
"","133","Admin Coins Rules - Invalid Status Or Type","Personal Banking APIs - QA Test Suite","2026-10-02","failed","2026-10-02","Admin Coins Rules","Rewards, Cash Tokens & Wishlists","",""
"","127","List - Valid","Personal Banking APIs - QA Test Suite","2026-10-02","failed","2026-10-02","List","Kolo Connect Advances","",""
"","125","Terms - Invalid ID","Personal Banking APIs - QA Test Suite","2026-10-02","passed","2026-10-02","Terms","Rewards, Cash Tokens & Wishlists","",""
"","121","Transactions Withdraw Interest - Valid","Personal Banking APIs - QA Test Suite","2026-10-02","failed","2026-10-02","Transactions Withdraw Interest","SWAG Savings","",""
"","128","Withdraw - Invalid ID","Personal Banking APIs - QA Test Suite","2026-10-02","passed","2026-10-02","Withdraw","Rewards, Cash Tokens & Wishlists","",""
"","120","Initiate Reset Login Pin - Invalid Query","Personal Banking APIs - QA Test Suite","2026-10-02","failed","2026-10-02","Initiate Reset Login Pin","Login, Credentials, Security & Devices","",""
"","126","Data - Invalid Status Or Type","Personal Banking APIs - QA Test Suite","2026-10-02","passed","2026-10-02","Data","Scheduled Payments","",""
"","122","Admin Coins Rules - No Auth","Personal Banking APIs - QA Test Suite","2026-10-02","passed","2026-10-02","Admin Coins Rules","Rewards, Cash Tokens & Wishlists","",""
"","124","Request Account Reactivation - Missing Required Field","Personal Banking APIs - QA Test Suite","2026-10-02","passed","2026-10-02","Request Account Reactivation","KYC, Tier Upgrades & Young Moni","",""
"","132","Initiate Email Update - No Auth","Personal Banking APIs - QA Test Suite","2026-10-02","passed","2026-10-02","Initiate Email Update","KYC, Tier Upgrades & Young Moni","",""
"","129","Admin Coins Rules - Invalid Amount","Personal Banking APIs - QA Test Suite","2026-10-02","failed","2026-10-02","Admin Coins Rules","Rewards, Cash Tokens & Wishlists","",""
"","125","Find Account Banks - Missing Required Field","Personal Banking APIs - QA Test Suite","2026-10-02","passed","2026-10-02","Find Account Banks","Customer Profile, Accounts & Beneficiaries","",""
"","118","Account Officer - No Auth","Personal Banking APIs - QA Test Suite","2026-10-02","passed","2026-10-02","Account Officer","Customer Profile, Accounts & Beneficiaries","",""
"","125","Fund Betting Wallet - Valid","Personal Banking APIs - QA Test Suite","2026-10-02","failed","2026-10-02","Fund Betting Wallet","Airtime, Data, Bills & VAS Beneficiaries","",""
"","134","Partial - Nonexistent ID","Personal Banking APIs - QA Test Suite","2026-10-02","failed","2026-10-02","Partial","Airtime, Data, Bills & VAS Beneficiaries","",""
"","124","Retrieve - Invalid Query","Personal Banking APIs - QA Test Suite","2026-10-02","failed","2026-10-02","Retrieve","Wallets, Transfers, Transactions & Fund Requests","",""
"","121","Verify Token - Invalid Token Or PIN","Personal Banking APIs - QA Test Suite","2026-10-02","passed","2026-10-02","Verify Token","Login, Credentials, Security & Devices","",""
"","132","Admin Coins Rules - Invalid Status Or Type","Personal Banking APIs - QA Test Suite","2026-10-02","failed","2026-10-02","Admin Coins Rules","Rewards, Cash Tokens & Wishlists","",""
"","126","Young Moni Documents Action Document - Nonexistent ID","Personal Banking APIs - QA Test Suite","2026-10-02","failed","2026-10-02","Young Moni Documents Action Document","KYC, Tier Upgrades & Young Moni","",""
"","118","Channel Settings - No Auth","Personal Banking APIs - QA Test Suite","2026-10-02","passed","2026-10-02","Channel Settings","Customer Cards","",""
"","343","Info - Valid","Personal Banking APIs - QA Test Suite","2026-10-02","passed","2026-10-02","Info","Customer Profile, Accounts & Beneficiaries","",""
"","131","Approve Single Fund Request - Empty Fields","Personal Banking APIs - QA Test Suite","2026-10-02","failed","2026-10-02","Approve Single Fund Request","Wallets, Transfers, Transactions & Fund Requests","",""
"","118","Transactions Update Spend Wallet - No Auth","Personal Banking APIs - QA Test Suite","2026-10-02","passed","2026-10-02","Transactions Update Spend Wallet","Save & Spend","",""
"","133","Complete Registration - Missing Required Field","Personal Banking APIs - QA Test Suite","2026-10-02","passed","2026-10-02","Complete Registration","Customer Onboarding","",""
"","130","List - Invalid Query","Personal Banking APIs - QA Test Suite","2026-10-02","failed","2026-10-02","List","Customer Cards","",""
"","130","Borrow - Invalid Token Or PIN","Personal Banking APIs - QA Test Suite","2026-10-02","failed","2026-10-02","Borrow","Kolo Connect Advances","",""
"","126","Withdraw Cashback - Nonexistent ID","Personal Banking APIs - QA Test Suite","2026-10-02","failed","2026-10-02","Withdraw Cashback","Wallets, Transfers, Transactions & Fund Requests","",""
"","128","Update Communication Preference - Invalid Email","Personal Banking APIs - QA Test Suite","2026-10-02","passed","2026-10-02","Update Communication Preference","Customer Profile, Accounts & Beneficiaries","",""
"","128","Coin Wallet Transactions - Valid","Personal Banking APIs - QA Test Suite","2026-10-02","failed","2026-10-02","Coin Wallet Transactions","Rewards, Cash Tokens & Wishlists","",""
"","129","Withdraw Cashback - Invalid ID","Personal Banking APIs - QA Test Suite","2026-10-02","failed","2026-10-02","Withdraw Cashback","Wallets, Transfers, Transactions & Fund Requests","",""
"","132","Admin Coins Rules - Valid","Personal Banking APIs - QA Test Suite","2026-10-02","failed","2026-10-02","Admin Coins Rules","Rewards, Cash Tokens & Wishlists","",""
"","117","Topup Supalock - No Auth","Personal Banking APIs - QA Test Suite","2026-10-02","passed","2026-10-02","Topup Supalock","Supalock Savings","",""
"","126","Partial - Missing Required Field","Personal Banking APIs - QA Test Suite","2026-10-02","failed","2026-10-02","Partial","Airtime, Data, Bills & VAS Beneficiaries","",""
"","134","Reset Pin - Empty Fields","Personal Banking APIs - QA Test Suite","2026-10-02","failed","2026-10-02","Reset Pin","Customer Cards","",""
"","120","Get Item Edit - Invalid Amount","Personal Banking APIs - QA Test Suite","2026-10-02","failed","2026-10-02","Get Item Edit","Rewards, Cash Tokens & Wishlists","",""
"","118","Wallet - No Auth","Personal Banking APIs - QA Test Suite","2026-10-02","passed","2026-10-02","Wallet","SWAG Savings","",""
"","136","Retrieve - Valid","Personal Banking APIs - QA Test Suite","2026-10-02","failed","2026-10-02","Retrieve","Wallets, Transfers, Transactions & Fund Requests","",""
"","130","Verify Email OTP - Valid","Personal Banking APIs - QA Test Suite","2026-10-02","failed","2026-10-02","Verify Email OTP","Customer Onboarding","",""
"","118","Payment Merchant - No Auth","Personal Banking APIs - QA Test Suite","2026-10-02","passed","2026-10-02","Payment Merchant","Customer Cards","",""
"","139","Enable - Empty Fields","Personal Banking APIs - QA Test Suite","2026-10-02","failed","2026-10-02","Enable","Wallets, Transfers, Transactions & Fund Requests","",""
"","119","Transactions Withdraw Principal - No Auth","Personal Banking APIs - QA Test Suite","2026-10-02","failed","2026-10-02","Transactions Withdraw Principal","SWAG Savings","",""
"","119","Transactions Withdraw Principal - Missing Required Field","Personal Banking APIs - QA Test Suite","2026-10-02","passed","2026-10-02","Transactions Withdraw Principal","SWAG Savings","",""
"","119","Document Update Status - No Auth","Personal Banking APIs - QA Test Suite","2026-10-02","passed","2026-10-02","Document Update Status","KYC, Tier Upgrades & Young Moni","",""
"","129","Transactions - Invalid ID","Personal Banking APIs - QA Test Suite","2026-10-02","failed","2026-10-02","Transactions","SWAG Savings","",""
"","121","Transactions Deposit - Invalid Amount","Personal Banking APIs - QA Test Suite","2026-10-02","passed","2026-10-02","Transactions Deposit","SWAG Savings","",""
"","127","Create Wishlist With Items - Valid","Personal Banking APIs - QA Test Suite","2026-10-02","failed","2026-10-02","Create Wishlist With Items","Rewards, Cash Tokens & Wishlists","",""
"","129","Young Moni Upload Child Documents - Empty Fields","Personal Banking APIs - QA Test Suite","2026-10-02","failed","2026-10-02","Young Moni Upload Child Documents","Customer Profile, Accounts & Beneficiaries","",""
"","124","Tier Zero Upgrade - Invalid Status Or Type","Personal Banking APIs - QA Test Suite","2026-10-02","passed","2026-10-02","Tier Zero Upgrade","KYC, Tier Upgrades & Young Moni","",""
"","121","Login With Pin - Invalid Token Or PIN","Personal Banking APIs - QA Test Suite","2026-10-02","passed","2026-10-02","Login With Pin","Login, Credentials, Security & Devices","",""
"","119","Verify Alias Phone Number - No Auth","Personal Banking APIs - QA Test Suite","2026-10-02","passed","2026-10-02","Verify Alias Phone Number","Customer Profile, Accounts & Beneficiaries","",""
"","216","Admin Games - No Auth","Personal Banking APIs - QA Test Suite","2026-10-02","passed","2026-10-02","Admin Games","Rewards, Cash Tokens & Wishlists","",""
"","138","Transaction - Nonexistent ID","Personal Banking APIs - QA Test Suite","2026-10-02","failed","2026-10-02","Transaction","Airtime, Data, Bills & VAS Beneficiaries","",""
"","127","Retrieve - Nonexistent ID","Personal Banking APIs - QA Test Suite","2026-10-02","passed","2026-10-02","Retrieve","Insurance","",""
"","125","Partial - Invalid Amount","Personal Banking APIs - QA Test Suite","2026-10-02","failed","2026-10-02","Partial","Customer Profile, Accounts & Beneficiaries","",""
"","118","Admin Devices Reactivate - Nonexistent ID","Personal Banking APIs - QA Test Suite","2026-10-02","failed","2026-10-02","Admin Devices Reactivate","Login, Credentials, Security & Devices","",""
"","128","Create - Empty Fields","Personal Banking APIs - QA Test Suite","2026-10-02","failed","2026-10-02","Create","Airtime, Data, Bills & VAS Beneficiaries","",""
"","130","Terms Terms And Rewards - Invalid Query","Personal Banking APIs - QA Test Suite","2026-10-02","failed","2026-10-02","Terms Terms And Rewards","Rewards, Cash Tokens & Wishlists","",""
"","133","Admin Admin Submit - Empty Fields","Personal Banking APIs - QA Test Suite","2026-10-02","failed","2026-10-02","Admin Admin Submit","KYC, Tier Upgrades & Young Moni","",""
"","131","Request Account Reactivation - Valid","Personal Banking APIs - QA Test Suite","2026-10-02","failed","2026-10-02","Request Account Reactivation","KYC, Tier Upgrades & Young Moni","",""
"","119","Overview - No Auth","Personal Banking APIs - QA Test Suite","2026-10-02","passed","2026-10-02","Overview","Customer Profile, Accounts & Beneficiaries","",""
"","123","Transactions Break Wallet - No Auth","Personal Banking APIs - QA Test Suite","2026-10-02","failed","2026-10-02","Transactions Break Wallet","Save & Spend","",""
"","122","Admin Devices Deactivate - Nonexistent ID","Personal Banking APIs - QA Test Suite","2026-10-02","failed","2026-10-02","Admin Devices Deactivate","Login, Credentials, Security & Devices","",""
"","129","Youngmoni Transfer - Invalid Token Or PIN","Personal Banking APIs - QA Test Suite","2026-10-02","passed","2026-10-02","Youngmoni Transfer","Scheduled Payments","",""
"","127","Cancel Schedule Payment - Valid","Personal Banking APIs - QA Test Suite","2026-10-02","failed","2026-10-02","Cancel Schedule Payment","Scheduled Payments","",""
"","125","Partial - Empty Fields","Personal Banking APIs - QA Test Suite","2026-10-02","failed","2026-10-02","Partial","Customer Profile, Accounts & Beneficiaries","",""
"","129","Requests Get Delivery Cost - Valid","Personal Banking APIs - QA Test Suite","2026-10-02","failed","2026-10-02","Requests Get Delivery Cost","Customer Cards","",""
"","128","Winner Dismiss Action - Missing Required Field","Personal Banking APIs - QA Test Suite","2026-10-02","failed","2026-10-02","Winner Dismiss Action","Rewards, Cash Tokens & Wishlists","",""
"","121","Young Moni Validate Details - Missing Required Field","Personal Banking APIs - QA Test Suite","2026-10-02","failed","2026-10-02","Young Moni Validate Details","Customer Profile, Accounts & Beneficiaries","",""
"","130","Update Location - Invalid ID","Personal Banking APIs - QA Test Suite","2026-10-02","failed","2026-10-02","Update Location","Login, Credentials, Security & Devices","",""
"","125","List Schedule Payments - Invalid ID","Personal Banking APIs - QA Test Suite","2026-10-02","failed","2026-10-02","List Schedule Payments","Scheduled Payments","",""
"","196","Details - Valid","Personal Banking APIs - QA Test Suite","2026-10-02","passed","2026-10-02","Details","Customer Profile, Accounts & Beneficiaries","",""
"","129","Waec Lookup - Valid","Personal Banking APIs - QA Test Suite","2026-10-02","failed","2026-10-02","Waec Lookup","Airtime, Data, Bills & VAS Beneficiaries","",""
"","139","Request Alias Phone Verification - Missing Required Field","Personal Banking APIs - QA Test Suite","2026-10-02","passed","2026-10-02","Request Alias Phone Verification","Customer Profile, Accounts & Beneficiaries","",""
"","123","Purchase Waec - Missing Required Field","Personal Banking APIs - QA Test Suite","2026-10-02","passed","2026-10-02","Purchase Waec","Airtime, Data, Bills & VAS Beneficiaries","",""
"","130","Validate Face Match - Missing Required Field","Personal Banking APIs - QA Test Suite","2026-10-02","passed","2026-10-02","Validate Face Match","Login, Credentials, Security & Devices","",""
"","119","Transactions - No Auth","Personal Banking APIs - QA Test Suite","2026-10-02","passed","2026-10-02","Transactions","SWAG Savings","",""
"","146","Toolkit Accounts - Valid","Personal Banking APIs - QA Test Suite","2026-10-02","failed","2026-10-02","Toolkit Accounts","Customer Profile, Accounts & Beneficiaries","",""
"","129","Reset Pin - Invalid Token Or PIN","Personal Banking APIs - QA Test Suite","2026-10-02","failed","2026-10-02","Reset Pin","Customer Cards","",""
"","131","Verify Email OTP - Empty Fields","Personal Banking APIs - QA Test Suite","2026-10-02","passed","2026-10-02","Verify Email OTP","Customer Onboarding","",""
"","128","Transactions Update Swag Monthly Rollover - Empty Fields","Personal Banking APIs - QA Test Suite","2026-10-02","failed","2026-10-02","Transactions Update Swag Monthly Rollover","SWAG Savings","",""
"","121","Fund Betting Wallet - Invalid Token Or PIN","Personal Banking APIs - QA Test Suite","2026-10-02","passed","2026-10-02","Fund Betting Wallet","Airtime, Data, Bills & VAS Beneficiaries","",""
"","123","Admin Games Rewards - Nonexistent ID","Personal Banking APIs - QA Test Suite","2026-10-02","failed","2026-10-02","Admin Games Rewards","Rewards, Cash Tokens & Wishlists","",""
"","119","Admin Devices Reactivate - Valid","Personal Banking APIs - QA Test Suite","2026-10-02","failed","2026-10-02","Admin Devices Reactivate","Login, Credentials, Security & Devices","",""
"","122","Fund Betting Wallet - Invalid Amount","Personal Banking APIs - QA Test Suite","2026-10-02","passed","2026-10-02","Fund Betting Wallet","Airtime, Data, Bills & VAS Beneficiaries","",""
"","117","Wallet - No Auth","Personal Banking APIs - QA Test Suite","2026-10-02","passed","2026-10-02","Wallet","Target Savings","",""
"","126","Verify Token - Valid","Personal Banking APIs - QA Test Suite","2026-10-02","failed","2026-10-02","Verify Token","Login, Credentials, Security & Devices","",""
"","124","Young Moni Requests Complete Review - Nonexistent ID","Personal Banking APIs - QA Test Suite","2026-10-02","failed","2026-10-02","Young Moni Requests Complete Review","KYC, Tier Upgrades & Young Moni","",""
"","119","Young Moni Validate Details Without Identity - Missing Required Field","Personal Banking APIs - QA Test Suite","2026-10-02","failed","2026-10-02","Young Moni Validate Details Without Identity","Customer Profile, Accounts & Beneficiaries","",""
"","127","Retrieve - Invalid ID","Personal Banking APIs - QA Test Suite","2026-10-02","failed","2026-10-02","Retrieve","Airtime, Data, Bills & VAS Beneficiaries","",""
"","127","Withdraw Supalock - Invalid ID","Personal Banking APIs - QA Test Suite","2026-10-02","failed","2026-10-02","Withdraw Supalock","Supalock Savings","",""
"","126","Transactions - Invalid Query","Personal Banking APIs - QA Test Suite","2026-10-02","failed","2026-10-02","Transactions","Save & Spend","",""
"","133","Kyc Level Distribution - Invalid Query","Personal Banking APIs - QA Test Suite","2026-10-02","failed","2026-10-02","Kyc Level Distribution","Customer Profile, Accounts & Beneficiaries","",""
"","146","Admin Coins Redemption Rules - Missing Required Field","Personal Banking APIs - QA Test Suite","2026-10-02","failed","2026-10-02","Admin Coins Redemption Rules","Rewards, Cash Tokens & Wishlists","",""
"","122","Requests Fetch Agents - Empty Fields","Personal Banking APIs - QA Test Suite","2026-10-02","passed","2026-10-02","Requests Fetch Agents","Customer Cards","",""
"","127","Create - Empty Fields","Personal Banking APIs - QA Test Suite","2026-10-02","passed","2026-10-02","Create","Wallets, Transfers, Transactions & Fund Requests","",""
"","362","Admin - Valid","Personal Banking APIs - QA Test Suite","2026-10-02","failed","2026-10-02","Admin","KYC, Tier Upgrades & Young Moni","",""
"","127","Account Officer Rate Officer - Missing Required Field","Personal Banking APIs - QA Test Suite","2026-10-02","failed","2026-10-02","Account Officer Rate Officer","Customer Profile, Accounts & Beneficiaries","",""
"","156","Reset Transaction Pin - Valid","Personal Banking APIs - QA Test Suite","2026-10-02","failed","2026-10-02","Reset Transaction Pin","Login, Credentials, Security & Devices","",""
"","120","Transactions Deposit - Missing Required Field","Personal Banking APIs - QA Test Suite","2026-10-02","passed","2026-10-02","Transactions Deposit","SWAG Savings","",""
"","119","Requests Request Card - No Auth","Personal Banking APIs - QA Test Suite","2026-10-02","passed","2026-10-02","Requests Request Card","Customer Cards","",""
"","133","Transactions - Valid","Personal Banking APIs - QA Test Suite","2026-10-02","failed","2026-10-02","Transactions","Save & Spend","",""
"","126","Create Supalock - Valid","Personal Banking APIs - QA Test Suite","2026-10-02","failed","2026-10-02","Create Supalock","Supalock Savings","",""
"","224","Admin - Invalid ID","Personal Banking APIs - QA Test Suite","2026-10-02","failed","2026-10-02","Admin","KYC, Tier Upgrades & Young Moni","",""
"","129","Item - Valid","Personal Banking APIs - QA Test Suite","2026-10-02","failed","2026-10-02","Item","Rewards, Cash Tokens & Wishlists","",""
"","118","Providers - No Auth","Personal Banking APIs - QA Test Suite","2026-10-02","passed","2026-10-02","Providers","Insurance","",""
"","218","Admin - No Auth","Personal Banking APIs - QA Test Suite","2026-10-02","passed","2026-10-02","Admin","KYC, Tier Upgrades & Young Moni","",""
"","119","Retrieve - No Auth","Personal Banking APIs - QA Test Suite","2026-10-02","passed","2026-10-02","Retrieve","Customer Profile, Accounts & Beneficiaries","",""
"","128","Account Officer View Rating - Invalid Query","Personal Banking APIs - QA Test Suite","2026-10-02","failed","2026-10-02","Account Officer View Rating","Customer Profile, Accounts & Beneficiaries","",""
"","128","Get Item - Nonexistent ID","Personal Banking APIs - QA Test Suite","2026-10-02","passed","2026-10-02","Get Item","Rewards, Cash Tokens & Wishlists","",""
"","161","Update Request Recipients - Missing Required Field","Personal Banking APIs - QA Test Suite","2026-10-02","failed","2026-10-02","Update Request Recipients","Wallets, Transfers, Transactions & Fund Requests","",""
"","128","Disable - Invalid Amount","Personal Banking APIs - QA Test Suite","2026-10-02","failed","2026-10-02","Disable","Wallets, Transfers, Transactions & Fund Requests","",""
"","125","Wallet Download Swag Statement - Invalid Status Or Type","Personal Banking APIs - QA Test Suite","2026-10-02","failed","2026-10-02","Wallet Download Swag Statement","SWAG Savings","",""
"","118","Get Item Edit - No Auth","Personal Banking APIs - QA Test Suite","2026-10-02","passed","2026-10-02","Get Item Edit","Rewards, Cash Tokens & Wishlists","",""
"","123","Transactions Update Spend Wallet - Nonexistent ID","Personal Banking APIs - QA Test Suite","2026-10-02","failed","2026-10-02","Transactions Update Spend Wallet","Save & Spend","",""
"","122","Intra Transfer - Empty Fields","Personal Banking APIs - QA Test Suite","2026-10-02","passed","2026-10-02","Intra Transfer","Wallets, Transfers, Transactions & Fund Requests","",""
"","145","Retrieve - Valid","Personal Banking APIs - QA Test Suite","2026-10-02","failed","2026-10-02","Retrieve","Wallets, Transfers, Transactions & Fund Requests","",""
"","124","Reset Password - Missing Required Field","Personal Banking APIs - QA Test Suite","2026-10-02","passed","2026-10-02","Reset Password","Login, Credentials, Security & Devices","",""
"","133","Activate - Nonexistent ID","Personal Banking APIs - QA Test Suite","2026-10-02","passed","2026-10-02","Activate","Customer Cards","",""
"","121","Login With Pin - Missing Required Field","Personal Banking APIs - QA Test Suite","2026-10-02","passed","2026-10-02","Login With Pin","Login, Credentials, Security & Devices","",""
"","120","Create Transaction Pin - Invalid Token Or PIN","Personal Banking APIs - QA Test Suite","2026-10-02","failed","2026-10-02","Create Transaction Pin","Login, Credentials, Security & Devices","",""
"","134","Retrieve - Invalid Query","Personal Banking APIs - QA Test Suite","2026-10-02","failed","2026-10-02","Retrieve","Airtime, Data, Bills & VAS Beneficiaries","",""
"","119","Admin Coins Redemption Rules - No Auth","Personal Banking APIs - QA Test Suite","2026-10-02","passed","2026-10-02","Admin Coins Redemption Rules","Rewards, Cash Tokens & Wishlists","",""
"","128","Admin Admin Tier Zero Upgrade - Empty Fields","Personal Banking APIs - QA Test Suite","2026-10-02","failed","2026-10-02","Admin Admin Tier Zero Upgrade","KYC, Tier Upgrades & Young Moni","",""
"","129","Proposed Contributor - Missing Required Field","Personal Banking APIs - QA Test Suite","2026-10-02","passed","2026-10-02","Proposed Contributor","Rewards, Cash Tokens & Wishlists","",""
"","126","Disable - No Auth","Personal Banking APIs - QA Test Suite","2026-10-02","passed","2026-10-02","Disable","Wallets, Transfers, Transactions & Fund Requests","",""
"","170","Retrieve - No Auth","Personal Banking APIs - QA Test Suite","2026-10-02","passed","2026-10-02","Retrieve","Wallets, Transfers, Transactions & Fund Requests","",""
"","119","Young Moni Requests Request Stats - No Auth","Personal Banking APIs - QA Test Suite","2026-10-02","passed","2026-10-02","Young Moni Requests Request Stats","KYC, Tier Upgrades & Young Moni","",""
"","120","Her Wealth Details - No Auth","Personal Banking APIs - QA Test Suite","2026-10-02","passed","2026-10-02","Her Wealth Details","Customer Profile, Accounts & Beneficiaries","",""
"","124","List - Invalid Query","Personal Banking APIs - QA Test Suite","2026-10-02","failed","2026-10-02","List","Airtime, Data, Bills & VAS Beneficiaries","",""
"","133","Validate Liveness (When Required) - Missing Required Field","Personal Banking APIs - QA Test Suite","2026-10-02","passed","2026-10-02","Validate Liveness (When Required)","Customer Onboarding","",""
"","117","List - No Auth","Personal Banking APIs - QA Test Suite","2026-10-02","passed","2026-10-02","List","Kolo Connect Advances","",""
"","129","Notify Of Missed Inward - Valid","Personal Banking APIs - QA Test Suite","2026-10-02","failed","2026-10-02","Notify Of Missed Inward","Wallets, Transfers, Transactions & Fund Requests","",""
"","121","Wishlist Config Edit - Invalid Amount","Personal Banking APIs - QA Test Suite","2026-10-02","failed","2026-10-02","Wishlist Config Edit","Rewards, Cash Tokens & Wishlists","",""
"","122","Fund Betting Wallet - Missing Required Field","Personal Banking APIs - QA Test Suite","2026-10-02","passed","2026-10-02","Fund Betting Wallet","Airtime, Data, Bills & VAS Beneficiaries","",""
"","128","Update Daily Transfer Limit - Missing Required Field","Personal Banking APIs - QA Test Suite","2026-10-02","passed","2026-10-02","Update Daily Transfer Limit","Customer Profile, Accounts & Beneficiaries","",""
"","127","Verify Email OTP - Invalid Token Or PIN","Personal Banking APIs - QA Test Suite","2026-10-02","passed","2026-10-02","Verify Email OTP","Customer Onboarding","",""
"","119","Young Moni Upload Guardian Documents - No Auth","Personal Banking APIs - QA Test Suite","2026-10-02","failed","2026-10-02","Young Moni Upload Guardian Documents","Customer Profile, Accounts & Beneficiaries","",""
"","131","Requests Request Card - Valid","Personal Banking APIs - QA Test Suite","2026-10-02","failed","2026-10-02","Requests Request Card","Customer Cards","",""
"","126","Transactions - Nonexistent ID","Personal Banking APIs - QA Test Suite","2026-10-02","passed","2026-10-02","Transactions","Supalock Savings","",""
"","216","Admin Games Sessions - No Auth","Personal Banking APIs - QA Test Suite","2026-10-02","passed","2026-10-02","Admin Games Sessions","Rewards, Cash Tokens & Wishlists","",""
"","169","Retrieve - Invalid ID","Personal Banking APIs - QA Test Suite","2026-10-02","failed","2026-10-02","Retrieve","Wallets, Transfers, Transactions & Fund Requests","",""
"","127","Providers - Nonexistent ID","Personal Banking APIs - QA Test Suite","2026-10-02","passed","2026-10-02","Providers","Insurance","",""
"","132","Repayment Plan - Invalid Query","Personal Banking APIs - QA Test Suite","2026-10-02","failed","2026-10-02","Repayment Plan","Kolo Connect Advances","",""
"","129","Update Credit Stage - Missing Required Field","Personal Banking APIs - QA Test Suite","2026-10-02","failed","2026-10-02","Update Credit Stage","Wallets, Transfers, Transactions & Fund Requests","",""
"","127","List - Invalid Query","Personal Banking APIs - QA Test Suite","2026-10-02","failed","2026-10-02","List","Kolo Connect Advances","",""
"","126","Repay - Empty Fields","Personal Banking APIs - QA Test Suite","2026-10-02","failed","2026-10-02","Repay","Kolo Connect Advances","",""
"","128","Winner - Invalid Query","Personal Banking APIs - QA Test Suite","2026-10-02","failed","2026-10-02","Winner","Rewards, Cash Tokens & Wishlists","",""
"","128","Dismiss Action - Nonexistent ID","Personal Banking APIs - QA Test Suite","2026-10-02","passed","2026-10-02","Dismiss Action","KYC, Tier Upgrades & Young Moni","",""
"","121","Young Moni Upload Guardian Documents - Valid","Personal Banking APIs - QA Test Suite","2026-10-02","failed","2026-10-02","Young Moni Upload Guardian Documents","Customer Profile, Accounts & Beneficiaries","",""
"","121","Reject Single Bulk Recipient - No Auth","Personal Banking APIs - QA Test Suite","2026-10-02","passed","2026-10-02","Reject Single Bulk Recipient","Wallets, Transfers, Transactions & Fund Requests","",""
"","135","Fee Settings - Valid","Personal Banking APIs - QA Test Suite","2026-10-02","passed","2026-10-02","Fee Settings","Customer Cards","",""
"","128","Pay Schedule Early - Empty Fields","Personal Banking APIs - QA Test Suite","2026-10-02","passed","2026-10-02","Pay Schedule Early","Scheduled Payments","",""
"","139","Transfer - Valid","Personal Banking APIs - QA Test Suite","2026-10-02","failed","2026-10-02","Transfer","Scheduled Payments","",""
"","128","Admin Update Documents - Empty Fields","Personal Banking APIs - QA Test Suite","2026-10-02","passed","2026-10-02","Admin Update Documents","KYC, Tier Upgrades & Young Moni","",""
"","130","Payment Merchant - Missing Required Field","Personal Banking APIs - QA Test Suite","2026-10-02","failed","2026-10-02","Payment Merchant","Customer Cards","",""
"","221","Admin Games Rewards - Invalid Query","Personal Banking APIs - QA Test Suite","2026-10-02","failed","2026-10-02","Admin Games Rewards","Rewards, Cash Tokens & Wishlists","",""
"","125","Topup Supalock - Invalid Token Or PIN","Personal Banking APIs - QA Test Suite","2026-10-02","failed","2026-10-02","Topup Supalock","Supalock Savings","",""
"","125","Wallet - Valid","Personal Banking APIs - QA Test Suite","2026-10-02","failed","2026-10-02","Wallet","SWAG Savings","",""
"","119","Update Tin - No Auth","Personal Banking APIs - QA Test Suite","2026-10-02","passed","2026-10-02","Update Tin","Customer Profile, Accounts & Beneficiaries","",""
"","124","Withdraw Cashback - Missing Required Field","Personal Banking APIs - QA Test Suite","2026-10-02","failed","2026-10-02","Withdraw Cashback","Wallets, Transfers, Transactions & Fund Requests","",""
"","151","Retrieve - Nonexistent ID","Personal Banking APIs - QA Test Suite","2026-10-02","passed","2026-10-02","Retrieve","Airtime, Data, Bills & VAS Beneficiaries","",""
"","279","List - Valid","Personal Banking APIs - QA Test Suite","2026-10-02","passed","2026-10-02","List","Customer Profile, Accounts & Beneficiaries","",""
"","119","Admin Admin Upgrade To Merchant - No Auth","Personal Banking APIs - QA Test Suite","2026-10-02","passed","2026-10-02","Admin Admin Upgrade To Merchant","KYC, Tier Upgrades & Young Moni","",""
"","117","Transactions - No Auth","Personal Banking APIs - QA Test Suite","2026-10-02","passed","2026-10-02","Transactions","Supalock Savings","",""
"","128","Retrieve - Valid","Personal Banking APIs - QA Test Suite","2026-10-02","failed","2026-10-02","Retrieve","Insurance","",""
"","135","Redeem Insurance - Missing Required Field","Personal Banking APIs - QA Test Suite","2026-10-02","passed","2026-10-02","Redeem Insurance","Insurance","",""
"","229","Admin Games Sessions - Nonexistent ID","Personal Banking APIs - QA Test Suite","2026-10-02","failed","2026-10-02","Admin Games Sessions","Rewards, Cash Tokens & Wishlists","",""
"","131","Reject Single Fund Request - Empty Fields","Personal Banking APIs - QA Test Suite","2026-10-02","failed","2026-10-02","Reject Single Fund Request","Wallets, Transfers, Transactions & Fund Requests","",""
"","118","Admin Games Rewards - No Auth","Personal Banking APIs - QA Test Suite","2026-10-02","passed","2026-10-02","Admin Games Rewards","Rewards, Cash Tokens & Wishlists","",""
"","118","Jamb Lookup - No Auth","Personal Banking APIs - QA Test Suite","2026-10-02","passed","2026-10-02","Jamb Lookup","Airtime, Data, Bills & VAS Beneficiaries","",""
"","126","List - Invalid Query","Personal Banking APIs - QA Test Suite","2026-10-02","failed","2026-10-02","List","Customer Profile, Accounts & Beneficiaries","",""
"","224","Admin Games - Invalid Query","Personal Banking APIs - QA Test Suite","2026-10-02","failed","2026-10-02","Admin Games","Rewards, Cash Tokens & Wishlists","",""
"","124","Retrieve - Invalid Query","Personal Banking APIs - QA Test Suite","2026-10-02","failed","2026-10-02","Retrieve","Supalock Savings","",""
"","125","Tier Zero Upgrade - Empty Fields","Personal Banking APIs - QA Test Suite","2026-10-02","passed","2026-10-02","Tier Zero Upgrade","KYC, Tier Upgrades & Young Moni","",""
"","125","Upload Bulk Fund Request - Invalid Token Or PIN","Personal Banking APIs - QA Test Suite","2026-10-02","passed","2026-10-02","Upload Bulk Fund Request","Wallets, Transfers, Transactions & Fund Requests","",""
"","134","Update - Valid","Personal Banking APIs - QA Test Suite","2026-10-02","failed","2026-10-02","Update","Scheduled Payments","",""
"","128","Update Gender - Empty Fields","Personal Banking APIs - QA Test Suite","2026-10-02","passed","2026-10-02","Update Gender","Login, Credentials, Security & Devices","",""
"","129","Wishlist Config Edit - Invalid ID","Personal Banking APIs - QA Test Suite","2026-10-02","failed","2026-10-02","Wishlist Config Edit","Rewards, Cash Tokens & Wishlists","",""
"","128","List - Invalid Query","Personal Banking APIs - QA Test Suite","2026-10-02","failed","2026-10-02","List","Airtime, Data, Bills & VAS Beneficiaries","",""
"","128","Young Moni Requests Complete Review - Invalid ID","Personal Banking APIs - QA Test Suite","2026-10-02","failed","2026-10-02","Young Moni Requests Complete Review","KYC, Tier Upgrades & Young Moni","",""
"","129","Transactions - Valid","Personal Banking APIs - QA Test Suite","2026-10-02","failed","2026-10-02","Transactions","Supalock Savings","",""
"","233","Admin Games Rewards - Valid","Personal Banking APIs - QA Test Suite","2026-10-02","failed","2026-10-02","Admin Games Rewards","Rewards, Cash Tokens & Wishlists","",""
"","131","Total Supalock Amount - Valid","Personal Banking APIs - QA Test Suite","2026-10-02","passed","2026-10-02","Total Supalock Amount","Supalock Savings","",""
"","131","Validate Liveness (When Required) - Empty Fields","Personal Banking APIs - QA Test Suite","2026-10-02","passed","2026-10-02","Validate Liveness (When Required)","Customer Onboarding","",""
"","126","Webhook Cashtoken Webhook - Invalid Amount","Personal Banking APIs - QA Test Suite","2026-10-02","failed","2026-10-02","Webhook Cashtoken Webhook","Rewards, Cash Tokens & Wishlists","",""
"","128","Topup Supalock - Valid","Personal Banking APIs - QA Test Suite","2026-10-02","failed","2026-10-02","Topup Supalock","Supalock Savings","",""
"","156","List - Invalid Query","Personal Banking APIs - QA Test Suite","2026-10-02","failed","2026-10-02","List","Airtime, Data, Bills & VAS Beneficiaries","",""
"","236","Admin Coins Rules - Valid","Personal Banking APIs - QA Test Suite","2026-10-02","failed","2026-10-02","Admin Coins Rules","Rewards, Cash Tokens & Wishlists","",""
"","129","Account Officer Change Request - Invalid Query","Personal Banking APIs - QA Test Suite","2026-10-02","failed","2026-10-02","Account Officer Change Request","Customer Profile, Accounts & Beneficiaries","",""
"","128","Validate Face Match - No Auth","Personal Banking APIs - QA Test Suite","2026-10-02","failed","2026-10-02","Validate Face Match","Login, Credentials, Security & Devices","",""
"","118","Transaction - No Auth","Personal Banking APIs - QA Test Suite","2026-10-02","passed","2026-10-02","Transaction","Airtime, Data, Bills & VAS Beneficiaries","",""
"","134","Account Officer Request Change - Valid","Personal Banking APIs - QA Test Suite","2026-10-02","failed","2026-10-02","Account Officer Request Change","Customer Profile, Accounts & Beneficiaries","",""
"","126","Account Officer Request Change - Empty Fields","Personal Banking APIs - QA Test Suite","2026-10-02","passed","2026-10-02","Account Officer Request Change","Customer Profile, Accounts & Beneficiaries","",""
"","118","Electricity - No Auth","Personal Banking APIs - QA Test Suite","2026-10-02","passed","2026-10-02","Electricity","Scheduled Payments","",""
"","145","Update Daily Transfer Limit - Empty Fields","Personal Banking APIs - QA Test Suite","2026-10-02","failed","2026-10-02","Update Daily Transfer Limit","Customer Profile, Accounts & Beneficiaries","",""
"","130","Update Request Recipients - Invalid Amount","Personal Banking APIs - QA Test Suite","2026-10-02","failed","2026-10-02","Update Request Recipients","Wallets, Transfers, Transactions & Fund Requests","",""
"","117","Fee Settings - No Auth","Personal Banking APIs - QA Test Suite","2026-10-02","passed","2026-10-02","Fee Settings","Customer Cards","",""
"","126","Download Statement - Invalid Status Or Type","Personal Banking APIs - QA Test Suite","2026-10-02","failed","2026-10-02","Download Statement","Wallets, Transfers, Transactions & Fund Requests","",""
"","232","Admin Games - Valid","Personal Banking APIs - QA Test Suite","2026-10-02","failed","2026-10-02","Admin Games","Rewards, Cash Tokens & Wishlists","",""
"","130","Block - Invalid Token Or PIN","Personal Banking APIs - QA Test Suite","2026-10-02","failed","2026-10-02","Block","Customer Cards","",""
"","127","Withdraw Supalock - Valid","Personal Banking APIs - QA Test Suite","2026-10-02","failed","2026-10-02","Withdraw Supalock","Supalock Savings","",""
"","125","Create Supalock - Invalid Token Or PIN","Personal Banking APIs - QA Test Suite","2026-10-02","failed","2026-10-02","Create Supalock","Supalock Savings","",""
"","129","Young Moni Requests - Invalid ID","Personal Banking APIs - QA Test Suite","2026-10-02","failed","2026-10-02","Young Moni Requests","KYC, Tier Upgrades & Young Moni","",""
"","130","Admin Admin Tier Two Upgrade - Missing Required Field","Personal Banking APIs - QA Test Suite","2026-10-02","failed","2026-10-02","Admin Admin Tier Two Upgrade","KYC, Tier Upgrades & Young Moni","",""
"","127","Verify BVN (Choose BVN or NIN) - Invalid Status Or Type","Personal Banking APIs - QA Test Suite","2026-10-02","passed","2026-10-02","Verify BVN (Choose BVN or NIN)","Customer Onboarding","",""
"","335","Encrypt Login - Empty Fields","Personal Banking APIs - QA Test Suite","2026-10-02","failed","2026-10-02","Encrypt Login","Login, Credentials, Security & Devices","",""
"","129","Admin Complete Upgrade Request - Invalid ID","Personal Banking APIs - QA Test Suite","2026-10-02","failed","2026-10-02","Admin Complete Upgrade Request","KYC, Tier Upgrades & Young Moni","",""
"","130","Retrieve - Invalid ID","Personal Banking APIs - QA Test Suite","2026-10-02","passed","2026-10-02","Retrieve","Insurance","",""
"","143","Retrieve - Invalid ID","Personal Banking APIs - QA Test Suite","2026-10-02","passed","2026-10-02","Retrieve","Airtime, Data, Bills & VAS Beneficiaries","",""
"","134","Intra Name Enquiry - Empty Fields","Personal Banking APIs - QA Test Suite","2026-10-02","passed","2026-10-02","Intra Name Enquiry","Wallets, Transfers, Transactions & Fund Requests","",""
"","540","Retrieve - Invalid ID","Personal Banking APIs - QA Test Suite","2026-10-02","passed","2026-10-02","Retrieve","Customer Profile, Accounts & Beneficiaries","",""
"","117","Terms Draw Details - No Auth","Personal Banking APIs - QA Test Suite","2026-10-02","passed","2026-10-02","Terms Draw Details","Rewards, Cash Tokens & Wishlists","",""
"","127","Proposed Contributor - Valid","Personal Banking APIs - QA Test Suite","2026-10-02","failed","2026-10-02","Proposed Contributor","Rewards, Cash Tokens & Wishlists","",""
"","120","Young Moni Validate Details - Valid","Personal Banking APIs - QA Test Suite","2026-10-02","failed","2026-10-02","Young Moni Validate Details","Customer Profile, Accounts & Beneficiaries","",""
"","135","Create - Valid","Personal Banking APIs - QA Test Suite","2026-10-02","failed","2026-10-02","Create","Customer Profile, Accounts & Beneficiaries","",""
"","127","Young Moni Initiate Account Request - Empty Fields","Personal Banking APIs - QA Test Suite","2026-10-02","passed","2026-10-02","Young Moni Initiate Account Request","Customer Profile, Accounts & Beneficiaries","",""
"","126","Admin Coins Rules - Invalid Status Or Type","Personal Banking APIs - QA Test Suite","2026-10-02","failed","2026-10-02","Admin Coins Rules","Rewards, Cash Tokens & Wishlists","",""
"","118","Find Customers By Phone - No Auth","Personal Banking APIs - QA Test Suite","2026-10-02","passed","2026-10-02","Find Customers By Phone","Customer Profile, Accounts & Beneficiaries","",""
"","216","Admin Coins Rules - No Auth","Personal Banking APIs - QA Test Suite","2026-10-02","passed","2026-10-02","Admin Coins Rules","Rewards, Cash Tokens & Wishlists","",""
"","141","Check Email / Phone Availability - Missing Required Field","Personal Banking APIs - QA Test Suite","2026-10-02","failed","2026-10-02","Check Email / Phone Availability","Customer Onboarding","",""
"","126","Verify Device Changed - Invalid Token Or PIN","Personal Banking APIs - QA Test Suite","2026-10-02","passed","2026-10-02","Verify Device Changed","Login, Credentials, Security & Devices","",""
"","126","Young Moni Documents Action Document - Missing Required Field","Personal Banking APIs - QA Test Suite","2026-10-02","failed","2026-10-02","Young Moni Documents Action Document","KYC, Tier Upgrades & Young Moni","",""
"","148","Encrypt Login - Valid","Personal Banking APIs - QA Test Suite","2026-10-02","passed","2026-10-02","Encrypt Login","Login, Credentials, Security & Devices","",""
"","131","Tier One Upgrade - Missing Required Field","Personal Banking APIs - QA Test Suite","2026-10-02","passed","2026-10-02","Tier One Upgrade","KYC, Tier Upgrades & Young Moni","",""
"","133","Channel Settings - Missing Required Field","Personal Banking APIs - QA Test Suite","2026-10-02","failed","2026-10-02","Channel Settings","Customer Cards","",""
"","127","Verify Alias Phone Number - Missing Required Field","Personal Banking APIs - QA Test Suite","2026-10-02","passed","2026-10-02","Verify Alias Phone Number","Customer Profile, Accounts & Beneficiaries","",""
"","118","Admin Devices Reactivate - Invalid Token Or PIN","Personal Banking APIs - QA Test Suite","2026-10-02","failed","2026-10-02","Admin Devices Reactivate","Login, Credentials, Security & Devices","",""
"","127","Redeem Coins - Valid","Personal Banking APIs - QA Test Suite","2026-10-02","failed","2026-10-02","Redeem Coins","Rewards, Cash Tokens & Wishlists","",""
"","119","Admin Admin Tier Two Upgrade - No Auth","Personal Banking APIs - QA Test Suite","2026-10-02","passed","2026-10-02","Admin Admin Tier Two Upgrade","KYC, Tier Upgrades & Young Moni","",""
"","121","Types - No Auth","Personal Banking APIs - QA Test Suite","2026-10-02","passed","2026-10-02","Types","Supalock Savings","",""
"","121","Purchase Jamb - Invalid Status Or Type","Personal Banking APIs - QA Test Suite","2026-10-02","passed","2026-10-02","Purchase Jamb","Airtime, Data, Bills & VAS Beneficiaries","",""
"","121","Transactions Deposit - No Auth","Personal Banking APIs - QA Test Suite","2026-10-02","failed","2026-10-02","Transactions Deposit","SWAG Savings","",""
"","126","Partial - Invalid Status Or Type","Personal Banking APIs - QA Test Suite","2026-10-02","passed","2026-10-02","Partial","Airtime, Data, Bills & VAS Beneficiaries","",""
"","119","Waec Lookup - No Auth","Personal Banking APIs - QA Test Suite","2026-10-02","passed","2026-10-02","Waec Lookup","Airtime, Data, Bills & VAS Beneficiaries","",""
"","127","Fee Settings - Invalid Query","Personal Banking APIs - QA Test Suite","2026-10-02","failed","2026-10-02","Fee Settings","Customer Cards","",""
"","133","Retrieve - Invalid Query","Personal Banking APIs - QA Test Suite","2026-10-02","failed","2026-10-02","Retrieve","Insurance","",""
"","125","Types - Valid","Personal Banking APIs - QA Test Suite","2026-10-02","failed","2026-10-02","Types","Supalock Savings","",""
"","121","Transactions Create Wallet - Missing Required Field","Personal Banking APIs - QA Test Suite","2026-10-02","passed","2026-10-02","Transactions Create Wallet","Save & Spend","",""
"","124","Admin Coins Rules - Nonexistent ID","Personal Banking APIs - QA Test Suite","2026-10-02","failed","2026-10-02","Admin Coins Rules","Rewards, Cash Tokens & Wishlists","",""
"","120","Download Statement - No Auth","Personal Banking APIs - QA Test Suite","2026-10-02","passed","2026-10-02","Download Statement","Wallets, Transfers, Transactions & Fund Requests","",""
"","130","Transactions Create Plan - No Auth","Personal Banking APIs - QA Test Suite","2026-10-02","failed","2026-10-02","Transactions Create Plan","SWAG Savings","",""
"","127","Verify Reset Token - Missing Required Field","Personal Banking APIs - QA Test Suite","2026-10-02","passed","2026-10-02","Verify Reset Token","Login, Credentials, Security & Devices","",""
"","133","Add Item - Invalid Amount","Personal Banking APIs - QA Test Suite","2026-10-02","failed","2026-10-02","Add Item","Rewards, Cash Tokens & Wishlists","",""
"","120","Transactions Update Spend Wallet - Invalid ID","Personal Banking APIs - QA Test Suite","2026-10-02","passed","2026-10-02","Transactions Update Spend Wallet","Save & Spend","",""
"","139","Tier Two Upgrade - Empty Fields","Personal Banking APIs - QA Test Suite","2026-10-02","passed","2026-10-02","Tier Two Upgrade","KYC, Tier Upgrades & Young Moni","",""
"","129","Update Identity - Invalid Status Or Type","Personal Banking APIs - QA Test Suite","2026-10-02","passed","2026-10-02","Update Identity","KYC, Tier Upgrades & Young Moni","",""
"","121","Purchase Data - No Auth","Personal Banking APIs - QA Test Suite","2026-10-02","failed","2026-10-02","Purchase Data","Airtime, Data, Bills & VAS Beneficiaries","",""
"","131","Create Sub Account - Empty Fields","Personal Banking APIs - QA Test Suite","2026-10-02","passed","2026-10-02","Create Sub Account","Customer Profile, Accounts & Beneficiaries","",""
"","128","Airtime - Invalid Status Or Type","Personal Banking APIs - QA Test Suite","2026-10-02","passed","2026-10-02","Airtime","Scheduled Payments","",""
"","138","Retrieve - Nonexistent ID","Personal Banking APIs - QA Test Suite","2026-10-02","passed","2026-10-02","Retrieve","Scheduled Payments","",""
"","133","Account Officer - Nonexistent ID","Personal Banking APIs - QA Test Suite","2026-10-02","passed","2026-10-02","Account Officer","Customer Profile, Accounts & Beneficiaries","",""
"","129","Update Tin - Valid","Personal Banking APIs - QA Test Suite","2026-10-02","passed","2026-10-02","Update Tin","Customer Profile, Accounts & Beneficiaries","",""
"","126","Retrieve - Invalid ID","Personal Banking APIs - QA Test Suite","2026-10-02","passed","2026-10-02","Retrieve","Customer Profile, Accounts & Beneficiaries","",""
"","128","Data - Invalid Amount","Personal Banking APIs - QA Test Suite","2026-10-02","passed","2026-10-02","Data","Scheduled Payments","",""
"","151","Account Officer Change Request - Nonexistent ID","Personal Banking APIs - QA Test Suite","2026-10-02","passed","2026-10-02","Account Officer Change Request","Customer Profile, Accounts & Beneficiaries","",""
"","118","List - No Auth","Personal Banking APIs - QA Test Suite","2026-10-02","passed","2026-10-02","List","Airtime, Data, Bills & VAS Beneficiaries","",""
"","121","Purchase Cable - No Auth","Personal Banking APIs - QA Test Suite","2026-10-02","failed","2026-10-02","Purchase Cable","Airtime, Data, Bills & VAS Beneficiaries","",""
"","120","Request Phone Verification - Valid","Personal Banking APIs - QA Test Suite","2026-10-02","failed","2026-10-02","Request Phone Verification","Login, Credentials, Security & Devices","",""
"","129","Wallet Download Target Statement - Empty Fields","Personal Banking APIs - QA Test Suite","2026-10-02","failed","2026-10-02","Wallet Download Target Statement","Target Savings","",""
"","127","Daily Income Summary - Invalid Query","Personal Banking APIs - QA Test Suite","2026-10-02","failed","2026-10-02","Daily Income Summary","Wallets, Transfers, Transactions & Fund Requests","",""
"","124","Young Moni Documents - Valid","Personal Banking APIs - QA Test Suite","2026-10-02","failed","2026-10-02","Young Moni Documents","KYC, Tier Upgrades & Young Moni","",""
"","123","Partial - Empty Fields","Personal Banking APIs - QA Test Suite","2026-10-02","passed","2026-10-02","Partial","Wallets, Transfers, Transactions & Fund Requests","",""
"","120","Purchase Cable - Invalid Status Or Type","Personal Banking APIs - QA Test Suite","2026-10-02","passed","2026-10-02","Purchase Cable","Airtime, Data, Bills & VAS Beneficiaries","",""
"","121","Transactions Break Target - Missing Required Field","Personal Banking APIs - QA Test Suite","2026-10-02","passed","2026-10-02","Transactions Break Target","Target Savings","",""
"","126","Perform Action - Empty Fields","Personal Banking APIs - QA Test Suite","2026-10-02","failed","2026-10-02","Perform Action","Rewards, Cash Tokens & Wishlists","",""
"","126","Retrieve - Nonexistent ID","Personal Banking APIs - QA Test Suite","2026-10-02","failed","2026-10-02","Retrieve","Supalock Savings","",""
"","131","Retrieve - Invalid ID","Personal Banking APIs - QA Test Suite","2026-10-02","failed","2026-10-02","Retrieve","Airtime, Data, Bills & VAS Beneficiaries","",""
"","126","Perform Action - Invalid ID","Personal Banking APIs - QA Test Suite","2026-10-02","failed","2026-10-02","Perform Action","Rewards, Cash Tokens & Wishlists","",""
"","127","Intra Name Enquiry By Phone - Missing Required Field","Personal Banking APIs - QA Test Suite","2026-10-02","failed","2026-10-02","Intra Name Enquiry By Phone","Wallets, Transfers, Transactions & Fund Requests","",""
"","144","Initiate Email Update - Missing Required Field","Personal Banking APIs - QA Test Suite","2026-10-02","passed","2026-10-02","Initiate Email Update","KYC, Tier Upgrades & Young Moni","",""
"","133","Channel Settings - Valid","Personal Banking APIs - QA Test Suite","2026-10-02","failed","2026-10-02","Channel Settings","Customer Cards","",""
"","122","Retrieve - No Auth","Personal Banking APIs - QA Test Suite","2026-10-02","passed","2026-10-02","Retrieve","Wallets, Transfers, Transactions & Fund Requests","",""
"","122","Get Item Edit - Nonexistent ID","Personal Banking APIs - QA Test Suite","2026-10-02","failed","2026-10-02","Get Item Edit","Rewards, Cash Tokens & Wishlists","",""
"","121","Transactions Break Wallet - Invalid Token Or PIN","Personal Banking APIs - QA Test Suite","2026-10-02","passed","2026-10-02","Transactions Break Wallet","Save & Spend","",""
"","118","Young Moni Requests - No Auth","Personal Banking APIs - QA Test Suite","2026-10-02","passed","2026-10-02","Young Moni Requests","KYC, Tier Upgrades & Young Moni","",""
"","128","Validate Face Match - Valid","Personal Banking APIs - QA Test Suite","2026-10-02","failed","2026-10-02","Validate Face Match","Login, Credentials, Security & Devices","",""
"","120","Transactions Withdraw Interest - Empty Fields","Personal Banking APIs - QA Test Suite","2026-10-02","passed","2026-10-02","Transactions Withdraw Interest","SWAG Savings","",""
"","123","Transactions Create Wallet - Valid","Personal Banking APIs - QA Test Suite","2026-10-02","failed","2026-10-02","Transactions Create Wallet","Target Savings","",""
"","122","Purchase Electricity - Invalid Amount","Personal Banking APIs - QA Test Suite","2026-10-02","passed","2026-10-02","Purchase Electricity","Airtime, Data, Bills & VAS Beneficiaries","",""
"","129","Games Spin Wheel - Valid","Personal Banking APIs - QA Test Suite","2026-10-02","failed","2026-10-02","Games Spin Wheel","Rewards, Cash Tokens & Wishlists","",""
"","123","Purchase Epin - Invalid Amount","Personal Banking APIs - QA Test Suite","2026-10-02","passed","2026-10-02","Purchase Epin","Airtime, Data, Bills & VAS Beneficiaries","",""
"","216","Reset Password - Valid","Personal Banking APIs - QA Test Suite","2026-10-02","passed","2026-10-02","Reset Password","Login, Credentials, Security & Devices","",""
"","126","Withdraw Supalock - Nonexistent ID","Personal Banking APIs - QA Test Suite","2026-10-02","failed","2026-10-02","Withdraw Supalock","Supalock Savings","",""
"","128","Providers - Valid","Personal Banking APIs - QA Test Suite","2026-10-02","failed","2026-10-02","Providers","Insurance","",""
"","136","Details - Empty Fields","Personal Banking APIs - QA Test Suite","2026-10-02","passed","2026-10-02","Details","Customer Profile, Accounts & Beneficiaries","",""
"","118","Channel Settings - No Auth","Personal Banking APIs - QA Test Suite","2026-10-02","passed","2026-10-02","Channel Settings","Customer Cards","",""
"","118","Kyc Level Distribution - No Auth","Personal Banking APIs - QA Test Suite","2026-10-02","passed","2026-10-02","Kyc Level Distribution","Customer Profile, Accounts & Beneficiaries","",""
"","135","Transactions - Invalid Query","Personal Banking APIs - QA Test Suite","2026-10-02","failed","2026-10-02","Transactions","Save & Spend","",""
"","116","Get Cable Plans - No Auth","Personal Banking APIs - QA Test Suite","2026-10-02","passed","2026-10-02","Get Cable Plans","Airtime, Data, Bills & VAS Beneficiaries","",""
"","125","Document Delete - Invalid ID","Personal Banking APIs - QA Test Suite","2026-10-02","failed","2026-10-02","Document Delete","KYC, Tier Upgrades & Young Moni","",""
"","133","Transactions Break Target - Valid","Personal Banking APIs - QA Test Suite","2026-10-02","failed","2026-10-02","Transactions Break Target","Target Savings","",""
"","119","Young Moni Requests Complete Review - No Auth","Personal Banking APIs - QA Test Suite","2026-10-02","passed","2026-10-02","Young Moni Requests Complete Review","KYC, Tier Upgrades & Young Moni","",""
"","121","Young Moni Upload Guardian Documents - Empty Fields","Personal Banking APIs - QA Test Suite","2026-10-02","failed","2026-10-02","Young Moni Upload Guardian Documents","Customer Profile, Accounts & Beneficiaries","",""
"","126","Repay - Invalid Token Or PIN","Personal Banking APIs - QA Test Suite","2026-10-02","failed","2026-10-02","Repay","Kolo Connect Advances","",""
"","221","Admin Coins Redemption Rules - No Auth","Personal Banking APIs - QA Test Suite","2026-10-02","passed","2026-10-02","Admin Coins Redemption Rules","Rewards, Cash Tokens & Wishlists","",""
"","118","Games Card Match - No Auth","Personal Banking APIs - QA Test Suite","2026-10-02","passed","2026-10-02","Games Card Match","Rewards, Cash Tokens & Wishlists","",""
"","132","Toolkit Accounts - Invalid ID","Personal Banking APIs - QA Test Suite","2026-10-02","failed","2026-10-02","Toolkit Accounts","Customer Profile, Accounts & Beneficiaries","",""
"","118","Item - No Auth","Personal Banking APIs - QA Test Suite","2026-10-02","passed","2026-10-02","Item","Rewards, Cash Tokens & Wishlists","",""
"","150","Admin Admin Submit - Valid","Personal Banking APIs - QA Test Suite","2026-10-02","failed","2026-10-02","Admin Admin Submit","KYC, Tier Upgrades & Young Moni","",""
"","129","Airtime - Valid","Personal Banking APIs - QA Test Suite","2026-10-02","failed","2026-10-02","Airtime","Scheduled Payments","",""
"","131","Activate - Invalid Token Or PIN","Personal Banking APIs - QA Test Suite","2026-10-02","failed","2026-10-02","Activate","Customer Cards","",""
"","141","List - Valid","Personal Banking APIs - QA Test Suite","2026-10-02","passed","2026-10-02","List","Airtime, Data, Bills & VAS Beneficiaries","",""
"","129","Admin Coins Rules - Missing Required Field","Personal Banking APIs - QA Test Suite","2026-10-02","failed","2026-10-02","Admin Coins Rules","Rewards, Cash Tokens & Wishlists","",""
"","122","Inter Transfer - Invalid Amount","Personal Banking APIs - QA Test Suite","2026-10-02","passed","2026-10-02","Inter Transfer","Wallets, Transfers, Transactions & Fund Requests","",""
"","124","Young Moni Requests - Valid","Personal Banking APIs - QA Test Suite","2026-10-02","failed","2026-10-02","Young Moni Requests","KYC, Tier Upgrades & Young Moni","",""
"","125","Create Supalock - Empty Fields","Personal Banking APIs - QA Test Suite","2026-10-02","failed","2026-10-02","Create Supalock","Supalock Savings","",""
"","128","Admin Games Rewards - Valid","Personal Banking APIs - QA Test Suite","2026-10-02","failed","2026-10-02","Admin Games Rewards","Rewards, Cash Tokens & Wishlists","",""
"","141","Admin Coins Rules - Valid","Personal Banking APIs - QA Test Suite","2026-10-02","failed","2026-10-02","Admin Coins Rules","Rewards, Cash Tokens & Wishlists","",""
"","129","Admin Coins Redemption Rules - Missing Required Field","Personal Banking APIs - QA Test Suite","2026-10-02","failed","2026-10-02","Admin Coins Redemption Rules","Rewards, Cash Tokens & Wishlists","",""
"","129","Channel Settings - Invalid ID","Personal Banking APIs - QA Test Suite","2026-10-02","passed","2026-10-02","Channel Settings","Customer Cards","",""
"","120","List - No Auth","Personal Banking APIs - QA Test Suite","2026-10-02","passed","2026-10-02","List","Airtime, Data, Bills & VAS Beneficiaries","",""
"","122","Transactions Update Spend Wallet - Invalid Token Or PIN","Personal Banking APIs - QA Test Suite","2026-10-02","passed","2026-10-02","Transactions Update Spend Wallet","Save & Spend","",""
"","120","Create Supalock - No Auth","Personal Banking APIs - QA Test Suite","2026-10-02","passed","2026-10-02","Create Supalock","Supalock Savings","",""
"","119","Transactions Deposit - No Auth","Personal Banking APIs - QA Test Suite","2026-10-02","failed","2026-10-02","Transactions Deposit","Target Savings","",""
"","131","Types - Empty Fields","Personal Banking APIs - QA Test Suite","2026-10-02","failed","2026-10-02","Types","Supalock Savings","",""
"","130","Transactions Deposit - Empty Fields","Personal Banking APIs - QA Test Suite","2026-10-02","passed","2026-10-02","Transactions Deposit","Target Savings","",""
"","118","Get Betting Billers - No Auth","Personal Banking APIs - QA Test Suite","2026-10-02","passed","2026-10-02","Get Betting Billers","Airtime, Data, Bills & VAS Beneficiaries","",""
"","122","Transactions Break Wallet - Valid","Personal Banking APIs - QA Test Suite","2026-10-02","failed","2026-10-02","Transactions Break Wallet","Save & Spend","",""
"","118","List - No Auth","Personal Banking APIs - QA Test Suite","2026-10-02","passed","2026-10-02","List","Wallets, Transfers, Transactions & Fund Requests","",""
"","120","Purchase Electricity - Missing Required Field","Personal Banking APIs - QA Test Suite","2026-10-02","passed","2026-10-02","Purchase Electricity","Airtime, Data, Bills & VAS Beneficiaries","",""
"","130","Update - Nonexistent ID","Personal Banking APIs - QA Test Suite","2026-10-02","failed","2026-10-02","Update","Scheduled Payments","",""
"","124","Overview - Empty Fields","Personal Banking APIs - QA Test Suite","2026-10-02","passed","2026-10-02","Overview","Customer Profile, Accounts & Beneficiaries","",""
"","125","Purchase Jamb - Invalid Amount","Personal Banking APIs - QA Test Suite","2026-10-02","passed","2026-10-02","Purchase Jamb","Airtime, Data, Bills & VAS Beneficiaries","",""
"","120","Purchase Waec - Invalid Amount","Personal Banking APIs - QA Test Suite","2026-10-02","passed","2026-10-02","Purchase Waec","Airtime, Data, Bills & VAS Beneficiaries","",""
"","117","Games Scratch Card - No Auth","Personal Banking APIs - QA Test Suite","2026-10-02","passed","2026-10-02","Games Scratch Card","Rewards, Cash Tokens & Wishlists","",""
"","143","Reject Single Bulk Recipient - Invalid Token Or PIN","Personal Banking APIs - QA Test Suite","2026-10-02","failed","2026-10-02","Reject Single Bulk Recipient","Wallets, Transfers, Transactions & Fund Requests","",""
"","126","Webhook Cashtoken Webhook - Valid","Personal Banking APIs - QA Test Suite","2026-10-02","failed","2026-10-02","Webhook Cashtoken Webhook","Rewards, Cash Tokens & Wishlists","",""
"","131","Create Her Wealth - Missing Required Field","Personal Banking APIs - QA Test Suite","2026-10-02","passed","2026-10-02","Create Her Wealth","Customer Profile, Accounts & Beneficiaries","",""
"","120","Profile - No Auth","Personal Banking APIs - QA Test Suite","2026-10-02","passed","2026-10-02","Profile","Customer Profile, Accounts & Beneficiaries","",""
"","131","Wishlist Config - Invalid Query","Personal Banking APIs - QA Test Suite","2026-10-02","failed","2026-10-02","Wishlist Config","Rewards, Cash Tokens & Wishlists","",""
"","120","Single Fund Request - No Auth","Personal Banking APIs - QA Test Suite","2026-10-02","failed","2026-10-02","Single Fund Request","Wallets, Transfers, Transactions & Fund Requests","",""
"","125","Terms - Valid","Personal Banking APIs - QA Test Suite","2026-10-02","failed","2026-10-02","Terms","Rewards, Cash Tokens & Wishlists","",""
"","122","Transactions Create Wallet - Invalid Amount","Personal Banking APIs - QA Test Suite","2026-10-02","passed","2026-10-02","Transactions Create Wallet","Target Savings","",""
"","126","Retrieve - Valid","Personal Banking APIs - QA Test Suite","2026-10-02","failed","2026-10-02","Retrieve","Kolo Connect Advances","",""
"","117","Update Identity - No Auth","Personal Banking APIs - QA Test Suite","2026-10-02","passed","2026-10-02","Update Identity","KYC, Tier Upgrades & Young Moni","",""
"","118","Admin Coins Redemption Rules - No Auth","Personal Banking APIs - QA Test Suite","2026-10-02","passed","2026-10-02","Admin Coins Redemption Rules","Rewards, Cash Tokens & Wishlists","",""
"","138","Admin Complete Upgrade Request - Valid","Personal Banking APIs - QA Test Suite","2026-10-02","failed","2026-10-02","Admin Complete Upgrade Request","KYC, Tier Upgrades & Young Moni","",""
"","116","Remaining Limit Today - No Auth","Personal Banking APIs - QA Test Suite","2026-10-02","passed","2026-10-02","Remaining Limit Today","Wallets, Transfers, Transactions & Fund Requests","",""
"","131","Reward With Cashback - Missing Required Field","Personal Banking APIs - QA Test Suite","2026-10-02","failed","2026-10-02","Reward With Cashback","Rewards, Cash Tokens & Wishlists","",""
"","131","Requests Request Card - Missing Required Field","Personal Banking APIs - QA Test Suite","2026-10-02","passed","2026-10-02","Requests Request Card","Customer Cards","",""
"","235","Admin Coins Rules - Valid","Personal Banking APIs - QA Test Suite","2026-10-02","failed","2026-10-02","Admin Coins Rules","Rewards, Cash Tokens & Wishlists","",""
"","130","Redeem Insurance - Invalid Amount","Personal Banking APIs - QA Test Suite","2026-10-02","passed","2026-10-02","Redeem Insurance","Insurance","",""
"","128","Approve Single Fund Request - Missing Required Field","Personal Banking APIs - QA Test Suite","2026-10-02","failed","2026-10-02","Approve Single Fund Request","Wallets, Transfers, Transactions & Fund Requests","",""
"","119","Transactions Evaluate Break - No Auth","Personal Banking APIs - QA Test Suite","2026-10-02","passed","2026-10-02","Transactions Evaluate Break","Target Savings","",""
"","154","List - Valid","Personal Banking APIs - QA Test Suite","2026-10-02","passed","2026-10-02","List","Insurance","",""
"","118","Deals Active - No Auth","Personal Banking APIs - QA Test Suite","2026-10-02","passed","2026-10-02","Deals Active","Rewards, Cash Tokens & Wishlists","",""
"","127","Transfer - Invalid Status Or Type","Personal Banking APIs - QA Test Suite","2026-10-02","passed","2026-10-02","Transfer","Scheduled Payments","",""
"","117","Create - No Auth","Personal Banking APIs - QA Test Suite","2026-10-02","passed","2026-10-02","Create","Airtime, Data, Bills & VAS Beneficiaries","",""
"","129","Validate Smart Card - Valid","Personal Banking APIs - QA Test Suite","2026-10-02","failed","2026-10-02","Validate Smart Card","Airtime, Data, Bills & VAS Beneficiaries","",""
"","136","Retrieve - Valid","Personal Banking APIs - QA Test Suite","2026-10-02","failed","2026-10-02","Retrieve","Airtime, Data, Bills & VAS Beneficiaries","",""
"","129","Reject Single Fund Request - Missing Required Field","Personal Banking APIs - QA Test Suite","2026-10-02","failed","2026-10-02","Reject Single Fund Request","Wallets, Transfers, Transactions & Fund Requests","",""
"","125","Partial - Nonexistent ID","Personal Banking APIs - QA Test Suite","2026-10-02","passed","2026-10-02","Partial","Airtime, Data, Bills & VAS Beneficiaries","",""
"","133","Notify Of Missed Inward - Missing Required Field","Personal Banking APIs - QA Test Suite","2026-10-02","failed","2026-10-02","Notify Of Missed Inward","Wallets, Transfers, Transactions & Fund Requests","",""
"","133","Retrieve - Nonexistent ID","Personal Banking APIs - QA Test Suite","2026-10-02","failed","2026-10-02","Retrieve","Wallets, Transfers, Transactions & Fund Requests","",""
"","121","Purchase Electricity - Invalid Status Or Type","Personal Banking APIs - QA Test Suite","2026-10-02","passed","2026-10-02","Purchase Electricity","Airtime, Data, Bills & VAS Beneficiaries","",""
"","141","Block - Nonexistent ID","Personal Banking APIs - QA Test Suite","2026-10-02","passed","2026-10-02","Block","Customer Cards","",""
"","136","Unblock - Invalid Token Or PIN","Personal Banking APIs - QA Test Suite","2026-10-02","failed","2026-10-02","Unblock","Customer Cards","",""
"","125","Admin Admin Upgrade To Merchant - Invalid Token Or PIN","Personal Banking APIs - QA Test Suite","2026-10-02","failed","2026-10-02","Admin Admin Upgrade To Merchant","KYC, Tier Upgrades & Young Moni","",""
"","118","Reject Single Fund Request - No Auth","Personal Banking APIs - QA Test Suite","2026-10-02","passed","2026-10-02","Reject Single Fund Request","Wallets, Transfers, Transactions & Fund Requests","",""
"","142","Channel Settings - Valid","Personal Banking APIs - QA Test Suite","2026-10-02","passed","2026-10-02","Channel Settings","Customer Cards","",""
"","124","Wallet Total Balance - Invalid Query","Personal Banking APIs - QA Test Suite","2026-10-02","failed","2026-10-02","Wallet Total Balance","Save & Spend","",""
"","149","Winner Dismiss Action - Valid","Personal Banking APIs - QA Test Suite","2026-10-02","failed","2026-10-02","Winner Dismiss Action","Rewards, Cash Tokens & Wishlists","",""
"","129","Update - Missing Required Field","Personal Banking APIs - QA Test Suite","2026-10-02","passed","2026-10-02","Update","Scheduled Payments","",""
"","118","Young Moni Documents - No Auth","Personal Banking APIs - QA Test Suite","2026-10-02","passed","2026-10-02","Young Moni Documents","KYC, Tier Upgrades & Young Moni","",""
"","130","Request Alias Phone Verification - Empty Fields","Personal Banking APIs - QA Test Suite","2026-10-02","passed","2026-10-02","Request Alias Phone Verification","Customer Profile, Accounts & Beneficiaries","",""
"","134","Approve Single Bulk Recipient - Empty Fields","Personal Banking APIs - QA Test Suite","2026-10-02","failed","2026-10-02","Approve Single Bulk Recipient","Wallets, Transfers, Transactions & Fund Requests","",""
"","412","Get Cable Plans - Nonexistent ID","Personal Banking APIs - QA Test Suite","2026-10-02","failed","2026-10-02","Get Cable Plans","Airtime, Data, Bills & VAS Beneficiaries","",""
"","139","Update Location - Empty Fields","Personal Banking APIs - QA Test Suite","2026-10-02","failed","2026-10-02","Update Location","Login, Credentials, Security & Devices","",""
"","128","Youngmoni Transfer - Invalid Status Or Type","Personal Banking APIs - QA Test Suite","2026-10-02","passed","2026-10-02","Youngmoni Transfer","Scheduled Payments","",""
"","126","Transactions Update Swag Monthly Rollover - Missing Required Field","Personal Banking APIs - QA Test Suite","2026-10-02","failed","2026-10-02","Transactions Update Swag Monthly Rollover","SWAG Savings","",""
"","116","Admin Games Rewards - No Auth","Personal Banking APIs - QA Test Suite","2026-10-02","passed","2026-10-02","Admin Games Rewards","Rewards, Cash Tokens & Wishlists","",""
"","126","Admin Games Rewards - Invalid ID","Personal Banking APIs - QA Test Suite","2026-10-02","failed","2026-10-02","Admin Games Rewards","Rewards, Cash Tokens & Wishlists","",""
"","131","Validate Meter - Missing Required Field","Personal Banking APIs - QA Test Suite","2026-10-02","failed","2026-10-02","Validate Meter","Airtime, Data, Bills & VAS Beneficiaries","",""
"","134","Validate Smart Card - Invalid Status Or Type","Personal Banking APIs - QA Test Suite","2026-10-02","failed","2026-10-02","Validate Smart Card","Airtime, Data, Bills & VAS Beneficiaries","",""
"","129","Payment Merchant - Valid","Personal Banking APIs - QA Test Suite","2026-10-02","failed","2026-10-02","Payment Merchant","Customer Cards","",""
"","122","Transactions Update Swag Plan - Invalid Amount","Personal Banking APIs - QA Test Suite","2026-10-02","passed","2026-10-02","Transactions Update Swag Plan","SWAG Savings","",""
"","117","Young Moni Requests - No Auth","Personal Banking APIs - QA Test Suite","2026-10-02","passed","2026-10-02","Young Moni Requests","KYC, Tier Upgrades & Young Moni","",""
"","121","Young Moni Upload Child Documents - No Auth","Personal Banking APIs - QA Test Suite","2026-10-02","passed","2026-10-02","Young Moni Upload Child Documents","Customer Profile, Accounts & Beneficiaries","",""
"","137","Update - Invalid ID","Personal Banking APIs - QA Test Suite","2026-10-02","passed","2026-10-02","Update","Scheduled Payments","",""
"","370","Her Wealth Details - Nonexistent ID","Personal Banking APIs - QA Test Suite","2026-10-02","passed","2026-10-02","Her Wealth Details","Customer Profile, Accounts & Beneficiaries","",""
"","129","List - Invalid Query","Personal Banking APIs - QA Test Suite","2026-10-02","failed","2026-10-02","List","Wallets, Transfers, Transactions & Fund Requests","",""
"","130","Enable - Invalid Amount","Personal Banking APIs - QA Test Suite","2026-10-02","failed","2026-10-02","Enable","Wallets, Transfers, Transactions & Fund Requests","",""
"","117","Pay Schedule Early - No Auth","Personal Banking APIs - QA Test Suite","2026-10-02","passed","2026-10-02","Pay Schedule Early","Scheduled Payments","",""
"","120","Get Item Edit - Invalid Status Or Type","Personal Banking APIs - QA Test Suite","2026-10-02","failed","2026-10-02","Get Item Edit","Rewards, Cash Tokens & Wishlists","",""
"","132","Activate - Invalid ID","Personal Banking APIs - QA Test Suite","2026-10-02","passed","2026-10-02","Activate","Customer Cards","",""
"","125","Upload Documents - Missing Required Field","Personal Banking APIs - QA Test Suite","2026-10-02","passed","2026-10-02","Upload Documents","KYC, Tier Upgrades & Young Moni","",""
"","122","Transactions Create Wallet - Invalid Token Or PIN","Personal Banking APIs - QA Test Suite","2026-10-02","passed","2026-10-02","Transactions Create Wallet","Target Savings","",""
"","120","Update - Empty Fields","Personal Banking APIs - QA Test Suite","2026-10-02","passed","2026-10-02","Update","Scheduled Payments","",""
"","117","Repayment Plan - No Auth","Personal Banking APIs - QA Test Suite","2026-10-02","passed","2026-10-02","Repayment Plan","Kolo Connect Advances","",""
"","130","Approve Bulk Fund Request - Valid","Personal Banking APIs - QA Test Suite","2026-10-02","failed","2026-10-02","Approve Bulk Fund Request","Wallets, Transfers, Transactions & Fund Requests","",""
"","118","Eligibility - No Auth","Personal Banking APIs - QA Test Suite","2026-10-02","passed","2026-10-02","Eligibility","Kolo Connect Advances","",""
"","121","Transactions Update Spend Wallet - Empty Fields","Personal Banking APIs - QA Test Suite","2026-10-02","passed","2026-10-02","Transactions Update Spend Wallet","Save & Spend","",""
"","119","Create Sub Account - No Auth","Personal Banking APIs - QA Test Suite","2026-10-02","passed","2026-10-02","Create Sub Account","Customer Profile, Accounts & Beneficiaries","",""
"","138","Register With Phone - Valid","Personal Banking APIs - QA Test Suite","2026-10-02","failed","2026-10-02","Register With Phone","Customer Onboarding","",""
"","129","Approve Bulk Fund Request - Invalid Token Or PIN","Personal Banking APIs - QA Test Suite","2026-10-02","failed","2026-10-02","Approve Bulk Fund Request","Wallets, Transfers, Transactions & Fund Requests","",""
"","121","Login With Pin - Empty Fields","Personal Banking APIs - QA Test Suite","2026-10-02","passed","2026-10-02","Login With Pin","Login, Credentials, Security & Devices","",""
"","130","Wallet - Nonexistent ID","Personal Banking APIs - QA Test Suite","2026-10-02","failed","2026-10-02","Wallet","Save & Spend","",""
"","118","Kyc Level Count - No Auth","Personal Banking APIs - QA Test Suite","2026-10-02","passed","2026-10-02","Kyc Level Count","Customer Profile, Accounts & Beneficiaries","",""
"","119","Admin Update Documents - No Auth","Personal Banking APIs - QA Test Suite","2026-10-02","passed","2026-10-02","Admin Update Documents","KYC, Tier Upgrades & Young Moni","",""
"","130","Register With Phone - Missing Required Field","Personal Banking APIs - QA Test Suite","2026-10-02","passed","2026-10-02","Register With Phone","Customer Onboarding","",""
"","118","Total Young Moni Balance - No Auth","Personal Banking APIs - QA Test Suite","2026-10-02","passed","2026-10-02","Total Young Moni Balance","Customer Profile, Accounts & Beneficiaries","",""
"","129","Providers - Invalid Query","Personal Banking APIs - QA Test Suite","2026-10-02","failed","2026-10-02","Providers","Insurance","",""
"","128","Wallet Download Target Statement - Missing Required Field","Personal Banking APIs - QA Test Suite","2026-10-02","failed","2026-10-02","Wallet Download Target Statement","Target Savings","",""
"","122","Reset Login Pin - No Auth","Personal Banking APIs - QA Test Suite","2026-10-02","passed","2026-10-02","Reset Login Pin","Login, Credentials, Security & Devices","",""
"","126","Toolkit Accounts - Invalid Query","Personal Banking APIs - QA Test Suite","2026-10-02","failed","2026-10-02","Toolkit Accounts","Customer Profile, Accounts & Beneficiaries","",""
"","128","Renew Insurance - Missing Required Field","Personal Banking APIs - QA Test Suite","2026-10-02","passed","2026-10-02","Renew Insurance","Insurance","",""
"","138","Overview - Valid","Personal Banking APIs - QA Test Suite","2026-10-02","passed","2026-10-02","Overview","Customer Profile, Accounts & Beneficiaries","",""
"","131","Account Officer - Invalid ID","Personal Banking APIs - QA Test Suite","2026-10-02","passed","2026-10-02","Account Officer","Customer Profile, Accounts & Beneficiaries","",""
"","126","Admin Admin Tier Two Upgrade - Empty Fields","Personal Banking APIs - QA Test Suite","2026-10-02","failed","2026-10-02","Admin Admin Tier Two Upgrade","KYC, Tier Upgrades & Young Moni","",""
"","121","Transactions Create Wallet Product Specific - Missing Required Field","Personal Banking APIs - QA Test Suite","2026-10-02","passed","2026-10-02","Transactions Create Wallet Product Specific","Target Savings","",""
"","119","Retrieve - No Auth","Personal Banking APIs - QA Test Suite","2026-10-02","passed","2026-10-02","Retrieve","Wallets, Transfers, Transactions & Fund Requests","",""
"","136","Admin Admin Upgrade To Merchant - Missing Required Field","Personal Banking APIs - QA Test Suite","2026-10-02","failed","2026-10-02","Admin Admin Upgrade To Merchant","KYC, Tier Upgrades & Young Moni","",""
"","124","Reset Transaction Pin - No Auth","Personal Banking APIs - QA Test Suite","2026-10-02","passed","2026-10-02","Reset Transaction Pin","Login, Credentials, Security & Devices","",""
"","127","Verify Alias Phone Number - Valid","Personal Banking APIs - QA Test Suite","2026-10-02","failed","2026-10-02","Verify Alias Phone Number","Customer Profile, Accounts & Beneficiaries","",""
"","130","Retrieve - Invalid Query","Personal Banking APIs - QA Test Suite","2026-10-02","failed","2026-10-02","Retrieve","Customer Cards","",""
"","126","Setup Liveness Image - Valid","Personal Banking APIs - QA Test Suite","2026-10-02","failed","2026-10-02","Setup Liveness Image","Login, Credentials, Security & Devices","",""
"","123","Document Delete - Nonexistent ID","Personal Banking APIs - QA Test Suite","2026-10-02","failed","2026-10-02","Document Delete","KYC, Tier Upgrades & Young Moni","",""
"","121","Fund Betting Wallet - No Auth","Personal Banking APIs - QA Test Suite","2026-10-02","failed","2026-10-02","Fund Betting Wallet","Airtime, Data, Bills & VAS Beneficiaries","",""
"","127","Types - Invalid Amount","Personal Banking APIs - QA Test Suite","2026-10-02","failed","2026-10-02","Types","Supalock Savings","",""
"","124","Purchase Electricity - Valid","Personal Banking APIs - QA Test Suite","2026-10-02","failed","2026-10-02","Purchase Electricity","Airtime, Data, Bills & VAS Beneficiaries","",""
"","128","High Value Transactions - Invalid Query","Personal Banking APIs - QA Test Suite","2026-10-02","failed","2026-10-02","High Value Transactions","Wallets, Transfers, Transactions & Fund Requests","",""
"","126","Wallet Interest Balance - Invalid ID","Personal Banking APIs - QA Test Suite","2026-10-02","failed","2026-10-02","Wallet Interest Balance","Save & Spend","",""
"","129","Update Single Transfer Limit - Empty Fields","Personal Banking APIs - QA Test Suite","2026-10-02","failed","2026-10-02","Update Single Transfer Limit","Customer Profile, Accounts & Beneficiaries","",""
"","133","Reject Single Bulk Recipient - Empty Fields","Personal Banking APIs - QA Test Suite","2026-10-02","failed","2026-10-02","Reject Single Bulk Recipient","Wallets, Transfers, Transactions & Fund Requests","",""
"","136","Block - Empty Fields","Personal Banking APIs - QA Test Suite","2026-10-02","failed","2026-10-02","Block","Customer Cards","",""
"","129","Update - Invalid Status Or Type","Personal Banking APIs - QA Test Suite","2026-10-02","passed","2026-10-02","Update","Scheduled Payments","",""
"","132","Perform Action - Valid","Personal Banking APIs - QA Test Suite","2026-10-02","failed","2026-10-02","Perform Action","Rewards, Cash Tokens & Wishlists","",""
"","216","Admin Coins Transactions - No Auth","Personal Banking APIs - QA Test Suite","2026-10-02","passed","2026-10-02","Admin Coins Transactions","Rewards, Cash Tokens & Wishlists","",""
"","134","Activate - Valid","Personal Banking APIs - QA Test Suite","2026-10-02","failed","2026-10-02","Activate","Customer Cards","",""
"","119","Create Login Pin - Missing Required Field","Personal Banking APIs - QA Test Suite","2026-10-02","failed","2026-10-02","Create Login Pin","Login, Credentials, Security & Devices","",""
"","118","Find Account Banks - No Auth","Personal Banking APIs - QA Test Suite","2026-10-02","passed","2026-10-02","Find Account Banks","Customer Profile, Accounts & Beneficiaries","",""
"","129","Types - Nonexistent ID","Personal Banking APIs - QA Test Suite","2026-10-02","passed","2026-10-02","Types","Supalock Savings","",""
"","128","Update - Invalid Amount","Personal Banking APIs - QA Test Suite","2026-10-02","passed","2026-10-02","Update","Scheduled Payments","",""
"","123","Verify Reset Token - No Auth","Personal Banking APIs - QA Test Suite","2026-10-02","failed","2026-10-02","Verify Reset Token","Login, Credentials, Security & Devices","",""
"","126","Wallet - Invalid Query","Personal Banking APIs - QA Test Suite","2026-10-02","failed","2026-10-02","Wallet","SWAG Savings","",""
"","128","Wallet Interest Balance - Valid","Personal Banking APIs - QA Test Suite","2026-10-02","failed","2026-10-02","Wallet Interest Balance","Save & Spend","",""
"","124","Unblock - No Auth","Personal Banking APIs - QA Test Suite","2026-10-02","passed","2026-10-02","Unblock","Customer Cards","",""
"","119","Request Phone Verification - Missing Required Field","Personal Banking APIs - QA Test Suite","2026-10-02","failed","2026-10-02","Request Phone Verification","Login, Credentials, Security & Devices","",""
"","132","Create Insurance - Valid","Personal Banking APIs - QA Test Suite","2026-10-02","failed","2026-10-02","Create Insurance","Insurance","",""
"","224","Admin Games - Invalid Query","Personal Banking APIs - QA Test Suite","2026-10-02","failed","2026-10-02","Admin Games","Rewards, Cash Tokens & Wishlists","",""
"","119","Channel Settings - No Auth","Personal Banking APIs - QA Test Suite","2026-10-02","passed","2026-10-02","Channel Settings","Customer Cards","",""
"","126","Destroy - Invalid ID","Personal Banking APIs - QA Test Suite","2026-10-02","passed","2026-10-02","Destroy","Customer Profile, Accounts & Beneficiaries","",""
"","134","Update Documents - Valid","Personal Banking APIs - QA Test Suite","2026-10-02","failed","2026-10-02","Update Documents","KYC, Tier Upgrades & Young Moni","",""
"","136","Validate Liveness (When Required) - Valid","Personal Banking APIs - QA Test Suite","2026-10-02","failed","2026-10-02","Validate Liveness (When Required)","Customer Onboarding","",""
"","127","Terms - Invalid Query","Personal Banking APIs - QA Test Suite","2026-10-02","failed","2026-10-02","Terms","Rewards, Cash Tokens & Wishlists","",""
"","126","Disable - Empty Fields","Personal Banking APIs - QA Test Suite","2026-10-02","failed","2026-10-02","Disable","Wallets, Transfers, Transactions & Fund Requests","",""
"","128","Verify Device Changed - No Auth","Personal Banking APIs - QA Test Suite","2026-10-02","failed","2026-10-02","Verify Device Changed","Login, Credentials, Security & Devices","",""
"","127","Webhook Cashtoken Webhook - Missing Required Field","Personal Banking APIs - QA Test Suite","2026-10-02","failed","2026-10-02","Webhook Cashtoken Webhook","Rewards, Cash Tokens & Wishlists","",""
"","123","Purchase Jamb - No Auth","Personal Banking APIs - QA Test Suite","2026-10-02","failed","2026-10-02","Purchase Jamb","Airtime, Data, Bills & VAS Beneficiaries","",""
"","135","Retrieve - Invalid ID","Personal Banking APIs - QA Test Suite","2026-10-02","failed","2026-10-02","Retrieve","Wallets, Transfers, Transactions & Fund Requests","",""
"","129","Add Item - Invalid Status Or Type","Personal Banking APIs - QA Test Suite","2026-10-02","failed","2026-10-02","Add Item","Rewards, Cash Tokens & Wishlists","",""
"","123","Purchase Epin - No Auth","Personal Banking APIs - QA Test Suite","2026-10-02","failed","2026-10-02","Purchase Epin","Airtime, Data, Bills & VAS Beneficiaries","",""
"","133","Reject Single Fund Request - Valid","Personal Banking APIs - QA Test Suite","2026-10-02","failed","2026-10-02","Reject Single Fund Request","Wallets, Transfers, Transactions & Fund Requests","",""
"","128","Topup Supalock - Invalid ID","Personal Banking APIs - QA Test Suite","2026-10-02","failed","2026-10-02","Topup Supalock","Supalock Savings","",""
"","129","Data - Valid","Personal Banking APIs - QA Test Suite","2026-10-02","failed","2026-10-02","Data","Scheduled Payments","",""
"","128","List - Valid","Personal Banking APIs - QA Test Suite","2026-10-02","failed","2026-10-02","List","Wallets, Transfers, Transactions & Fund Requests","",""
"","117","Inflow Outflow Analytics - No Auth","Personal Banking APIs - QA Test Suite","2026-10-02","passed","2026-10-02","Inflow Outflow Analytics","Wallets, Transfers, Transactions & Fund Requests","",""
"","118","Retrieve - No Auth","Personal Banking APIs - QA Test Suite","2026-10-02","passed","2026-10-02","Retrieve","Customer Profile, Accounts & Beneficiaries","",""
"","128","Reject Bulk Fund Request - Valid","Personal Banking APIs - QA Test Suite","2026-10-02","failed","2026-10-02","Reject Bulk Fund Request","Wallets, Transfers, Transactions & Fund Requests","",""
"","132","Verify Email Update - Invalid Email","Personal Banking APIs - QA Test Suite","2026-10-02","passed","2026-10-02","Verify Email Update","KYC, Tier Upgrades & Young Moni","",""
"","129","Find Customers By Phone - Valid","Personal Banking APIs - QA Test Suite","2026-10-02","passed","2026-10-02","Find Customers By Phone","Customer Profile, Accounts & Beneficiaries","",""
"","118","Young Moni Validate Details - Empty Fields","Personal Banking APIs - QA Test Suite","2026-10-02","failed","2026-10-02","Young Moni Validate Details","Customer Profile, Accounts & Beneficiaries","",""
"","125","Verify Email Update - Missing Required Field","Personal Banking APIs - QA Test Suite","2026-10-02","passed","2026-10-02","Verify Email Update","KYC, Tier Upgrades & Young Moni","",""
"","120","Purchase Cable - Invalid Token Or PIN","Personal Banking APIs - QA Test Suite","2026-10-02","passed","2026-10-02","Purchase Cable","Airtime, Data, Bills & VAS Beneficiaries","",""
"","130","Update Daily Transfer Limit - Invalid Token Or PIN","Personal Banking APIs - QA Test Suite","2026-10-02","passed","2026-10-02","Update Daily Transfer Limit","Customer Profile, Accounts & Beneficiaries","",""
"","985","Providers - Valid","Personal Banking APIs - QA Test Suite","2026-10-02","passed","2026-10-02","Providers","Insurance","",""
"","117","Retrieve - No Auth","Personal Banking APIs - QA Test Suite","2026-10-02","passed","2026-10-02","Retrieve","Supalock Savings","",""
"","152","Partial - Invalid ID","Personal Banking APIs - QA Test Suite","2026-10-02","failed","2026-10-02","Partial","Wallets, Transfers, Transactions & Fund Requests","",""
"","132","Admin Coins Rules - Missing Required Field","Personal Banking APIs - QA Test Suite","2026-10-02","failed","2026-10-02","Admin Coins Rules","Rewards, Cash Tokens & Wishlists","",""
"","131","Validate Meter - Valid","Personal Banking APIs - QA Test Suite","2026-10-02","failed","2026-10-02","Validate Meter","Airtime, Data, Bills & VAS Beneficiaries","",""
"","123","Approve Single Bulk Recipient - No Auth","Personal Banking APIs - QA Test Suite","2026-10-02","passed","2026-10-02","Approve Single Bulk Recipient","Wallets, Transfers, Transactions & Fund Requests","",""
"","131","Jamb Lookup - Valid","Personal Banking APIs - QA Test Suite","2026-10-02","failed","2026-10-02","Jamb Lookup","Airtime, Data, Bills & VAS Beneficiaries","",""
"","127","Admin Coins Redemption Rules - Nonexistent ID","Personal Banking APIs - QA Test Suite","2026-10-02","failed","2026-10-02","Admin Coins Redemption Rules","Rewards, Cash Tokens & Wishlists","",""
"","121","Intra Transfer - Invalid Amount","Personal Banking APIs - QA Test Suite","2026-10-02","passed","2026-10-02","Intra Transfer","Wallets, Transfers, Transactions & Fund Requests","",""
"","132","Admin Coins Redemption Rules - Valid","Personal Banking APIs - QA Test Suite","2026-10-02","failed","2026-10-02","Admin Coins Redemption Rules","Rewards, Cash Tokens & Wishlists","",""
"","124","Login - Empty Fields","Personal Banking APIs - QA Test Suite","2026-10-02","passed","2026-10-02","Login","Login, Credentials, Security & Devices","",""
"","126","Transactions - Invalid Query","Personal Banking APIs - QA Test Suite","2026-10-02","failed","2026-10-02","Transactions","Supalock Savings","",""
"","121","Purchase Electricity - Empty Fields","Personal Banking APIs - QA Test Suite","2026-10-02","passed","2026-10-02","Purchase Electricity","Airtime, Data, Bills & VAS Beneficiaries","",""
"","118","Approve Single Fund Request - No Auth","Personal Banking APIs - QA Test Suite","2026-10-02","passed","2026-10-02","Approve Single Fund Request","Wallets, Transfers, Transactions & Fund Requests","",""
"","227","Admin Coins Redemption Rules - Nonexistent ID","Personal Banking APIs - QA Test Suite","2026-10-02","failed","2026-10-02","Admin Coins Redemption Rules","Rewards, Cash Tokens & Wishlists","",""
"","120","Transactions Withdraw Interest - No Auth","Personal Banking APIs - QA Test Suite","2026-10-02","failed","2026-10-02","Transactions Withdraw Interest","SWAG Savings","",""
"","127","Update Credit Stage - No Auth","Personal Banking APIs - QA Test Suite","2026-10-02","passed","2026-10-02","Update Credit Stage","Wallets, Transfers, Transactions & Fund Requests","",""
"","134","Item - Nonexistent ID","Personal Banking APIs - QA Test Suite","2026-10-02","passed","2026-10-02","Item","Rewards, Cash Tokens & Wishlists","",""
"","122","Reward With Airtime - No Auth","Personal Banking APIs - QA Test Suite","2026-10-02","passed","2026-10-02","Reward With Airtime","Rewards, Cash Tokens & Wishlists","",""
"","117","Initiate Reset Card Pin - No Auth","Personal Banking APIs - QA Test Suite","2026-10-02","passed","2026-10-02","Initiate Reset Card Pin","Customer Cards","",""
"","154","Verify NIN (Choose BVN or NIN) - Valid","Personal Banking APIs - QA Test Suite","2026-10-02","failed","2026-10-02","Verify NIN (Choose BVN or NIN)","Customer Onboarding","",""
"","122","Purchase Jamb - Invalid Token Or PIN","Personal Banking APIs - QA Test Suite","2026-10-02","passed","2026-10-02","Purchase Jamb","Airtime, Data, Bills & VAS Beneficiaries","",""
"","121","Purchase Jamb - Missing Required Field","Personal Banking APIs - QA Test Suite","2026-10-02","passed","2026-10-02","Purchase Jamb","Airtime, Data, Bills & VAS Beneficiaries","",""
"","142","Admin Coins Redemption Rules - Valid","Personal Banking APIs - QA Test Suite","2026-10-02","failed","2026-10-02","Admin Coins Redemption Rules","Rewards, Cash Tokens & Wishlists","",""
"","141","Transfers Left - Invalid Query","Personal Banking APIs - QA Test Suite","2026-10-02","failed","2026-10-02","Transfers Left","Wallets, Transfers, Transactions & Fund Requests","",""
"","133","Games Spin Wheel - Invalid Query","Personal Banking APIs - QA Test Suite","2026-10-02","passed","2026-10-02","Games Spin Wheel","Rewards, Cash Tokens & Wishlists","",""
"","123","Purchase Cable - Valid","Personal Banking APIs - QA Test Suite","2026-10-02","failed","2026-10-02","Purchase Cable","Airtime, Data, Bills & VAS Beneficiaries","",""
"","127","Topup Supalock - Empty Fields","Personal Banking APIs - QA Test Suite","2026-10-02","failed","2026-10-02","Topup Supalock","Supalock Savings","",""
"","120","Verify Phone Number - Invalid Token Or PIN","Personal Banking APIs - QA Test Suite","2026-10-02","failed","2026-10-02","Verify Phone Number","Login, Credentials, Security & Devices","",""
"","128","Tier Progress - Invalid Query","Personal Banking APIs - QA Test Suite","2026-10-02","passed","2026-10-02","Tier Progress","Rewards, Cash Tokens & Wishlists","",""
"","120","Update Location - Missing Required Field","Personal Banking APIs - QA Test Suite","2026-10-02","failed","2026-10-02","Update Location","Login, Credentials, Security & Devices","",""
"","129","Reward With Cashback - Invalid Amount","Personal Banking APIs - QA Test Suite","2026-10-02","failed","2026-10-02","Reward With Cashback","Rewards, Cash Tokens & Wishlists","",""
"","125","Terms - Invalid Query","Personal Banking APIs - QA Test Suite","2026-10-02","failed","2026-10-02","Terms","Rewards, Cash Tokens & Wishlists","",""
"","120","Transactions Create Wallet Product Specific - Invalid Status Or Type","Personal Banking APIs - QA Test Suite","2026-10-02","passed","2026-10-02","Transactions Create Wallet Product Specific","Target Savings","",""
"","133","Retrieve - Invalid Query","Personal Banking APIs - QA Test Suite","2026-10-02","failed","2026-10-02","Retrieve","Airtime, Data, Bills & VAS Beneficiaries","",""
"","121","Upload Bulk Fund Request - Missing Required Field","Personal Banking APIs - QA Test Suite","2026-10-02","passed","2026-10-02","Upload Bulk Fund Request","Wallets, Transfers, Transactions & Fund Requests","",""
"","127","List - Invalid Query","Personal Banking APIs - QA Test Suite","2026-10-02","failed","2026-10-02","List","Insurance","",""
"","125","Overview - Invalid Query","Personal Banking APIs - QA Test Suite","2026-10-02","failed","2026-10-02","Overview","Rewards, Cash Tokens & Wishlists","",""
"","120","Renew Insurance - No Auth","Personal Banking APIs - QA Test Suite","2026-10-02","passed","2026-10-02","Renew Insurance","Insurance","",""
"","224","Admin Coins Transactions - Invalid Query","Personal Banking APIs - QA Test Suite","2026-10-02","failed","2026-10-02","Admin Coins Transactions","Rewards, Cash Tokens & Wishlists","",""
"","124","Update Single Transfer Limit - Invalid Amount","Personal Banking APIs - QA Test Suite","2026-10-02","passed","2026-10-02","Update Single Transfer Limit","Customer Profile, Accounts & Beneficiaries","",""
"","124","Types - No Auth","Personal Banking APIs - QA Test Suite","2026-10-02","passed","2026-10-02","Types","Supalock Savings","",""
"","128","Data - Invalid Token Or PIN","Personal Banking APIs - QA Test Suite","2026-10-02","passed","2026-10-02","Data","Scheduled Payments","",""
"","223","Admin Games Sessions - Invalid Query","Personal Banking APIs - QA Test Suite","2026-10-02","failed","2026-10-02","Admin Games Sessions","Rewards, Cash Tokens & Wishlists","",""
"","121","Admin Admin Tier Zero Upgrade - No Auth","Personal Banking APIs - QA Test Suite","2026-10-02","passed","2026-10-02","Admin Admin Tier Zero Upgrade","KYC, Tier Upgrades & Young Moni","",""
"","124","Transactions - Invalid Query","Personal Banking APIs - QA Test Suite","2026-10-02","failed","2026-10-02","Transactions","SWAG Savings","",""
"","382","Get Cable Providers - Invalid Query","Personal Banking APIs - QA Test Suite","2026-10-02","failed","2026-10-02","Get Cable Providers","Airtime, Data, Bills & VAS Beneficiaries","",""
"","140","Admin Admin Tier One Upgrade - Empty Fields","Personal Banking APIs - QA Test Suite","2026-10-02","failed","2026-10-02","Admin Admin Tier One Upgrade","KYC, Tier Upgrades & Young Moni","",""
"","130","Payment Merchant - Invalid ID","Personal Banking APIs - QA Test Suite","2026-10-02","passed","2026-10-02","Payment Merchant","Customer Cards","",""
"","125","Wishlist Config - Valid","Personal Banking APIs - QA Test Suite","2026-10-02","failed","2026-10-02","Wishlist Config","Rewards, Cash Tokens & Wishlists","",""
"","127","Validate Betting Id - Empty Fields","Personal Banking APIs - QA Test Suite","2026-10-02","passed","2026-10-02","Validate Betting Id","Airtime, Data, Bills & VAS Beneficiaries","",""
"","120","Inter Transfer - Missing Required Field","Personal Banking APIs - QA Test Suite","2026-10-02","passed","2026-10-02","Inter Transfer","Wallets, Transfers, Transactions & Fund Requests","",""
"","217","Admin Request Stats - No Auth","Personal Banking APIs - QA Test Suite","2026-10-02","passed","2026-10-02","Admin Request Stats","KYC, Tier Upgrades & Young Moni","",""
"","121","Channel Settings - Empty Fields","Personal Banking APIs - QA Test Suite","2026-10-02","passed","2026-10-02","Channel Settings","Customer Cards","",""
"","126","Electricity - Missing Required Field","Personal Banking APIs - QA Test Suite","2026-10-02","passed","2026-10-02","Electricity","Scheduled Payments","",""
"","142","Document Update Status - Nonexistent ID","Personal Banking APIs - QA Test Suite","2026-10-02","failed","2026-10-02","Document Update Status","KYC, Tier Upgrades & Young Moni","",""
"","187","Transactions - Valid","Personal Banking APIs - QA Test Suite","2026-10-02","passed","2026-10-02","Transactions","Wallets, Transfers, Transactions & Fund Requests","",""
"","130","Partial - Nonexistent ID","Personal Banking APIs - QA Test Suite","2026-10-02","failed","2026-10-02","Partial","Wallets, Transfers, Transactions & Fund Requests","",""
"","233","Admin Coins Rules Stats - Valid","Personal Banking APIs - QA Test Suite","2026-10-02","failed","2026-10-02","Admin Coins Rules Stats","Rewards, Cash Tokens & Wishlists","",""
"","129","Withdraw Supalock - Empty Fields","Personal Banking APIs - QA Test Suite","2026-10-02","failed","2026-10-02","Withdraw Supalock","Supalock Savings","",""
"","133","Terms Terms And Rewards - Valid","Personal Banking APIs - QA Test Suite","2026-10-02","passed","2026-10-02","Terms Terms And Rewards","Rewards, Cash Tokens & Wishlists","",""
"","123","Item - Nonexistent ID","Personal Banking APIs - QA Test Suite","2026-10-02","passed","2026-10-02","Item","Rewards, Cash Tokens & Wishlists","",""
"","117","Winner Dismiss Action - No Auth","Personal Banking APIs - QA Test Suite","2026-10-02","passed","2026-10-02","Winner Dismiss Action","Rewards, Cash Tokens & Wishlists","",""
"","130","Add Item - Empty Fields","Personal Banking APIs - QA Test Suite","2026-10-02","failed","2026-10-02","Add Item","Rewards, Cash Tokens & Wishlists","",""
"","680","Check Email / Phone Availability - Valid","Personal Banking APIs - QA Test Suite","2026-10-02","failed","2026-10-02","Check Email / Phone Availability","Customer Onboarding","",""
"","120","Data - Empty Fields","Personal Banking APIs - QA Test Suite","2026-10-02","passed","2026-10-02","Data","Scheduled Payments","",""
"","136","Intra Name Enquiry - Valid","Personal Banking APIs - QA Test Suite","2026-10-02","failed","2026-10-02","Intra Name Enquiry","Wallets, Transfers, Transactions & Fund Requests","",""
"","129","Reward With Cashback - Valid","Personal Banking APIs - QA Test Suite","2026-10-02","failed","2026-10-02","Reward With Cashback","Rewards, Cash Tokens & Wishlists","",""
"","133","Withdraw - Invalid Token Or PIN","Personal Banking APIs - QA Test Suite","2026-10-02","failed","2026-10-02","Withdraw","Rewards, Cash Tokens & Wishlists","",""
"","132","Register With Phone - Empty Fields","Personal Banking APIs - QA Test Suite","2026-10-02","passed","2026-10-02","Register With Phone","Customer Onboarding","",""
"","218","Admin List Documents - No Auth","Personal Banking APIs - QA Test Suite","2026-10-02","passed","2026-10-02","Admin List Documents","KYC, Tier Upgrades & Young Moni","",""
"","116","Providers - No Auth","Personal Banking APIs - QA Test Suite","2026-10-02","passed","2026-10-02","Providers","Insurance","",""
"","129","Young Moni Upload Child Documents - Invalid Status Or Type","Personal Banking APIs - QA Test Suite","2026-10-02","failed","2026-10-02","Young Moni Upload Child Documents","Customer Profile, Accounts & Beneficiaries","",""
"","139","Tier One Upgrade - Invalid Status Or Type","Personal Banking APIs - QA Test Suite","2026-10-02","passed","2026-10-02","Tier One Upgrade","KYC, Tier Upgrades & Young Moni","",""
"","122","Transactions Create Wallet - No Auth","Personal Banking APIs - QA Test Suite","2026-10-02","failed","2026-10-02","Transactions Create Wallet","Target Savings","",""
"","123","Wallet Download Swag Statement - Empty Fields","Personal Banking APIs - QA Test Suite","2026-10-02","failed","2026-10-02","Wallet Download Swag Statement","SWAG Savings","",""
"","122","Upload Bulk Fund Request - Invalid Status Or Type","Personal Banking APIs - QA Test Suite","2026-10-02","passed","2026-10-02","Upload Bulk Fund Request","Wallets, Transfers, Transactions & Fund Requests","",""
"","119","List - No Auth","Personal Banking APIs - QA Test Suite","2026-10-02","passed","2026-10-02","List","Customer Profile, Accounts & Beneficiaries","",""
"","117","Transactions Evaluate Target - No Auth","Personal Banking APIs - QA Test Suite","2026-10-02","passed","2026-10-02","Transactions Evaluate Target","Target Savings","",""
"","126","Deals Active - Invalid Query","Personal Banking APIs - QA Test Suite","2026-10-02","passed","2026-10-02","Deals Active","Rewards, Cash Tokens & Wishlists","",""
"","119","Withdraw - No Auth","Personal Banking APIs - QA Test Suite","2026-10-02","passed","2026-10-02","Withdraw","Rewards, Cash Tokens & Wishlists","",""
"","121","Login - Missing Required Field","Personal Banking APIs - QA Test Suite","2026-10-02","passed","2026-10-02","Login","Login, Credentials, Security & Devices","",""
"","149","Transactions Evaluate Target - Valid","Personal Banking APIs - QA Test Suite","2026-10-02","failed","2026-10-02","Transactions Evaluate Target","Target Savings","",""
"","133","Inter Name Enquiry - Missing Required Field","Personal Banking APIs - QA Test Suite","2026-10-02","passed","2026-10-02","Inter Name Enquiry","Wallets, Transfers, Transactions & Fund Requests","",""
"","129","Partial - Missing Required Field","Personal Banking APIs - QA Test Suite","2026-10-02","failed","2026-10-02","Partial","Wallets, Transfers, Transactions & Fund Requests","",""
"","117","Account Officer Change Request - No Auth","Personal Banking APIs - QA Test Suite","2026-10-02","passed","2026-10-02","Account Officer Change Request","Customer Profile, Accounts & Beneficiaries","",""
"","127","Retrieve - Valid","Personal Banking APIs - QA Test Suite","2026-10-02","failed","2026-10-02","Retrieve","Airtime, Data, Bills & VAS Beneficiaries","",""
"","123","Info - No Auth","Personal Banking APIs - QA Test Suite","2026-10-02","passed","2026-10-02","Info","Customer Profile, Accounts & Beneficiaries","",""
"","136","Admin Coins Redemption Rules - Valid","Personal Banking APIs - QA Test Suite","2026-10-02","failed","2026-10-02","Admin Coins Redemption Rules","Rewards, Cash Tokens & Wishlists","",""
"","124","Reward With Cashback - No Auth","Personal Banking APIs - QA Test Suite","2026-10-02","passed","2026-10-02","Reward With Cashback","Rewards, Cash Tokens & Wishlists","",""
"","125","Create Supalock - Missing Required Field","Personal Banking APIs - QA Test Suite","2026-10-02","failed","2026-10-02","Create Supalock","Supalock Savings","",""
"","631","Transactions - No Auth","Personal Banking APIs - QA Test Suite","2026-10-02","passed","2026-10-02","Transactions","Save & Spend","",""
"","120","Purchase Electricity - No Auth","Personal Banking APIs - QA Test Suite","2026-10-02","failed","2026-10-02","Purchase Electricity","Airtime, Data, Bills & VAS Beneficiaries","",""
"","117","Destroy - No Auth","Personal Banking APIs - QA Test Suite","2026-10-02","passed","2026-10-02","Destroy","Customer Profile, Accounts & Beneficiaries","",""
"","129","Transactions - Invalid Query","Personal Banking APIs - QA Test Suite","2026-10-02","failed","2026-10-02","Transactions","SWAG Savings","",""
"","262","Create Wishlist - Valid","Personal Banking APIs - QA Test Suite","2026-10-02","failed","2026-10-02","Create Wishlist","Rewards, Cash Tokens & Wishlists","",""
"","138","Update Request Recipients - Valid","Personal Banking APIs - QA Test Suite","2026-10-02","failed","2026-10-02","Update Request Recipients","Wallets, Transfers, Transactions & Fund Requests","",""
"","134","Update Request Recipients - Empty Fields","Personal Banking APIs - QA Test Suite","2026-10-02","failed","2026-10-02","Update Request Recipients","Wallets, Transfers, Transactions & Fund Requests","",""
"","125","Tier Zero Upgrade - Valid","Personal Banking APIs - QA Test Suite","2026-10-02","failed","2026-10-02","Tier Zero Upgrade","KYC, Tier Upgrades & Young Moni","",""
"","129","Retrieve - Valid","Personal Banking APIs - QA Test Suite","2026-10-02","failed","2026-10-02","Retrieve","KYC, Tier Upgrades & Young Moni","",""
"","153","Admin Admin Tier One Upgrade - Valid","Personal Banking APIs - QA Test Suite","2026-10-02","failed","2026-10-02","Admin Admin Tier One Upgrade","KYC, Tier Upgrades & Young Moni","",""
"","186","Verify Reset Token - Invalid Token Or PIN","Personal Banking APIs - QA Test Suite","2026-10-02","failed","2026-10-02","Verify Reset Token","Login, Credentials, Security & Devices","",""
"","125","Transactions Update Swag Monthly Rollover - Invalid Token Or PIN","Personal Banking APIs - QA Test Suite","2026-10-02","failed","2026-10-02","Transactions Update Swag Monthly Rollover","SWAG Savings","",""
"","125","List - Invalid Query","Personal Banking APIs - QA Test Suite","2026-10-02","failed","2026-10-02","List","Supalock Savings","",""
"","128","Validate Jamb Profile - Empty Fields","Personal Banking APIs - QA Test Suite","2026-10-02","failed","2026-10-02","Validate Jamb Profile","Airtime, Data, Bills & VAS Beneficiaries","",""
"","131","Update Gender - Missing Required Field","Personal Banking APIs - QA Test Suite","2026-10-02","passed","2026-10-02","Update Gender","Login, Credentials, Security & Devices","",""
"","123","Create Password - Valid","Personal Banking APIs - QA Test Suite","2026-10-02","failed","2026-10-02","Create Password","Login, Credentials, Security & Devices","",""
"","128","Young Moni Initiate Account Request - Invalid Email","Personal Banking APIs - QA Test Suite","2026-10-02","passed","2026-10-02","Young Moni Initiate Account Request","Customer Profile, Accounts & Beneficiaries","",""
"","119","Redeem Coins - No Auth","Personal Banking APIs - QA Test Suite","2026-10-02","passed","2026-10-02","Redeem Coins","Rewards, Cash Tokens & Wishlists","",""
"","140","Verify NIN (Choose BVN or NIN) - Missing Required Field","Personal Banking APIs - QA Test Suite","2026-10-02","passed","2026-10-02","Verify NIN (Choose BVN or NIN)","Customer Onboarding","",""
"","126","List - Invalid Query","Personal Banking APIs - QA Test Suite","2026-10-02","failed","2026-10-02","List","Scheduled Payments","",""
"","125","Transactions - Valid","Personal Banking APIs - QA Test Suite","2026-10-02","failed","2026-10-02","Transactions","SWAG Savings","",""
"","132","Create - Valid","Personal Banking APIs - QA Test Suite","2026-10-02","failed","2026-10-02","Create","Wallets, Transfers, Transactions & Fund Requests","",""
"","126","Jamb Lookup - Invalid Query","Personal Banking APIs - QA Test Suite","2026-10-02","failed","2026-10-02","Jamb Lookup","Airtime, Data, Bills & VAS Beneficiaries","",""
"","121","Intra Account Transfer - Missing Required Field","Personal Banking APIs - QA Test Suite","2026-10-02","passed","2026-10-02","Intra Account Transfer","Wallets, Transfers, Transactions & Fund Requests","",""
"","121","Update Gender - No Auth","Personal Banking APIs - QA Test Suite","2026-10-02","passed","2026-10-02","Update Gender","Login, Credentials, Security & Devices","",""
"","127","Topup Supalock - Invalid Amount","Personal Banking APIs - QA Test Suite","2026-10-02","failed","2026-10-02","Topup Supalock","Supalock Savings","",""
