"DESCRIPTION","DURATION IN MS","NAME","PARENT SUITE","START TIME","STATUS","STOP TIME","SUB SUITE","SUITE","TEST CLASS","TEST METHOD"
"","145","Validate Smart Card - Valid","Personal Banking APIs - QA Test Suite","2026-10-01","failed","2026-10-01","Validate Smart Card","Airtime, Data, Bills & VAS Beneficiaries","",""
"","123","Terms Terms And Rewards - No Auth","Personal Banking APIs - QA Test Suite","2026-10-01","passed","2026-10-01","Terms Terms And Rewards","Rewards, Cash Tokens & Wishlists","",""
"","139","Admin Coins Rules - Invalid ID","Personal Banking APIs - QA Test Suite","2026-10-01","failed","2026-10-01","Admin Coins Rules","Rewards, Cash Tokens & Wishlists","",""
"","134","Update Communication Preference - Nonexistent ID","Personal Banking APIs - QA Test Suite","2026-10-01","passed","2026-10-01","Update Communication Preference","Customer Profile, Accounts & Beneficiaries","",""
"","131","Request Account Reactivation - Empty Fields","Personal Banking APIs - QA Test Suite","2026-10-01","passed","2026-10-01","Request Account Reactivation","KYC, Tier Upgrades & Young Moni","",""
"","504","Admin - Valid","Personal Banking APIs - QA Test Suite","2026-10-01","failed","2026-10-01","Admin","KYC, Tier Upgrades & Young Moni","",""
"","134","Profile - Invalid Query","Personal Banking APIs - QA Test Suite","2026-10-01","failed","2026-10-01","Profile","Customer Profile, Accounts & Beneficiaries","",""
"","132","Tier One Upgrade - Empty Fields","Personal Banking APIs - QA Test Suite","2026-10-01","passed","2026-10-01","Tier One Upgrade","KYC, Tier Upgrades & Young Moni","",""
"","168","Tier Two Upgrade - Valid","Personal Banking APIs - QA Test Suite","2026-10-01","failed","2026-10-01","Tier Two Upgrade","KYC, Tier Upgrades & Young Moni","",""
"","238","Admin Games Stats - No Auth","Personal Banking APIs - QA Test Suite","2026-10-01","passed","2026-10-01","Admin Games Stats","Rewards, Cash Tokens & Wishlists","",""
"","123","Wallet - No Auth","Personal Banking APIs - QA Test Suite","2026-10-01","passed","2026-10-01","Wallet","Save & Spend","",""
"","134","Types - Invalid ID","Personal Banking APIs - QA Test Suite","2026-10-01","passed","2026-10-01","Types","Supalock Savings","",""
"","237","Admin Games Sessions - No Auth","Personal Banking APIs - QA Test Suite","2026-10-01","passed","2026-10-01","Admin Games Sessions","Rewards, Cash Tokens & Wishlists","",""
"","127","Channel Settings - Empty Fields","Personal Banking APIs - QA Test Suite","2026-10-01","passed","2026-10-01","Channel Settings","Customer Cards","",""
"","127","Purchase Epin - Empty Fields","Personal Banking APIs - QA Test Suite","2026-10-01","passed","2026-10-01","Purchase Epin","Airtime, Data, Bills & VAS Beneficiaries","",""
"","124","Retrieve - No Auth","Personal Banking APIs - QA Test Suite","2026-10-01","passed","2026-10-01","Retrieve","KYC, Tier Upgrades & Young Moni","",""
"","126","Purchase Cable - Invalid Token Or PIN","Personal Banking APIs - QA Test Suite","2026-10-01","passed","2026-10-01","Purchase Cable","Airtime, Data, Bills & VAS Beneficiaries","",""
"","130","Admin Coins Redemption Rules - No Auth","Personal Banking APIs - QA Test Suite","2026-10-01","passed","2026-10-01","Admin Coins Redemption Rules","Rewards, Cash Tokens & Wishlists","",""
"","125","Electricity - No Auth","Personal Banking APIs - QA Test Suite","2026-10-01","passed","2026-10-01","Electricity","Scheduled Payments","",""
"","147","Retrieve - Valid","Personal Banking APIs - QA Test Suite","2026-10-01","failed","2026-10-01","Retrieve","Wallets, Transfers, Transactions & Fund Requests","",""
"","136","Admin Admin Submit - Empty Fields","Personal Banking APIs - QA Test Suite","2026-10-01","failed","2026-10-01","Admin Admin Submit","KYC, Tier Upgrades & Young Moni","",""
"","139","Block - Nonexistent ID","Personal Banking APIs - QA Test Suite","2026-10-01","passed","2026-10-01","Block","Customer Cards","",""
"","133","Retrieve - Nonexistent ID","Personal Banking APIs - QA Test Suite","2026-10-01","passed","2026-10-01","Retrieve","Customer Cards","",""
"","135","Deals Active - Invalid Query","Personal Banking APIs - QA Test Suite","2026-10-01","passed","2026-10-01","Deals Active","Rewards, Cash Tokens & Wishlists","",""
"","130","Wallet - Invalid Query","Personal Banking APIs - QA Test Suite","2026-10-01","failed","2026-10-01","Wallet","SWAG Savings","",""
"","137","Winner Dismiss Action - Invalid ID","Personal Banking APIs - QA Test Suite","2026-10-01","passed","2026-10-01","Winner Dismiss Action","Rewards, Cash Tokens & Wishlists","",""
"","132","Wallet Download Target Statement - Invalid Status Or Type","Personal Banking APIs - QA Test Suite","2026-10-01","failed","2026-10-01","Wallet Download Target Statement","Target Savings","",""
"","138","Withdraw Supalock - Empty Fields","Personal Banking APIs - QA Test Suite","2026-10-01","failed","2026-10-01","Withdraw Supalock","Supalock Savings","",""
"","130","Approve Single Fund Request - No Auth","Personal Banking APIs - QA Test Suite","2026-10-01","passed","2026-10-01","Approve Single Fund Request","Wallets, Transfers, Transactions & Fund Requests","",""
"","127","Transactions Create Plan - No Auth","Personal Banking APIs - QA Test Suite","2026-10-01","failed","2026-10-01","Transactions Create Plan","SWAG Savings","",""
"","191","Inflow Outflow Analytics - Valid","Personal Banking APIs - QA Test Suite","2026-10-01","passed","2026-10-01","Inflow Outflow Analytics","Wallets, Transfers, Transactions & Fund Requests","",""
"","146","Verify Alias Phone Number - Valid","Personal Banking APIs - QA Test Suite","2026-10-01","failed","2026-10-01","Verify Alias Phone Number","Customer Profile, Accounts & Beneficiaries","",""
"","130","Intra Transfer - No Auth","Personal Banking APIs - QA Test Suite","2026-10-01","failed","2026-10-01","Intra Transfer","Wallets, Transfers, Transactions & Fund Requests","",""
"","133","Activate - Invalid Token Or PIN","Personal Banking APIs - QA Test Suite","2026-10-01","failed","2026-10-01","Activate","Customer Cards","",""
"","144","Export Fund Recipients - Valid","Personal Banking APIs - QA Test Suite","2026-10-01","failed","2026-10-01","Export Fund Recipients","Wallets, Transfers, Transactions & Fund Requests","",""
"","240","Admin Games Rewards - No Auth","Personal Banking APIs - QA Test Suite","2026-10-01","passed","2026-10-01","Admin Games Rewards","Rewards, Cash Tokens & Wishlists","",""
"","138","Retrieve - Nonexistent ID","Personal Banking APIs - QA Test Suite","2026-10-01","failed","2026-10-01","Retrieve","Wallets, Transfers, Transactions & Fund Requests","",""
"","135","Admin Coins Redemption Rules - Invalid ID","Personal Banking APIs - QA Test Suite","2026-10-01","failed","2026-10-01","Admin Coins Redemption Rules","Rewards, Cash Tokens & Wishlists","",""
"","136","Account Officer - Invalid ID","Personal Banking APIs - QA Test Suite","2026-10-01","passed","2026-10-01","Account Officer","Customer Profile, Accounts & Beneficiaries","",""
"","177","Transactions - Valid","Personal Banking APIs - QA Test Suite","2026-10-01","passed","2026-10-01","Transactions","Supalock Savings","",""
"","124","Coin Wallet - No Auth","Personal Banking APIs - QA Test Suite","2026-10-01","passed","2026-10-01","Coin Wallet","Rewards, Cash Tokens & Wishlists","",""
"","139","List - Invalid Query","Personal Banking APIs - QA Test Suite","2026-10-01","failed","2026-10-01","List","Customer Cards","",""
"","126","Purchase Waec - Invalid Token Or PIN","Personal Banking APIs - QA Test Suite","2026-10-01","passed","2026-10-01","Purchase Waec","Airtime, Data, Bills & VAS Beneficiaries","",""
"","130","Wallet - Invalid Query","Personal Banking APIs - QA Test Suite","2026-10-01","failed","2026-10-01","Wallet","Save & Spend","",""
"","134","Reject Bulk Fund Request - Missing Required Field","Personal Banking APIs - QA Test Suite","2026-10-01","failed","2026-10-01","Reject Bulk Fund Request","Wallets, Transfers, Transactions & Fund Requests","",""
"","143","List Documents - Valid","Personal Banking APIs - QA Test Suite","2026-10-01","failed","2026-10-01","List Documents","KYC, Tier Upgrades & Young Moni","",""
"","244","Admin Games - Nonexistent ID","Personal Banking APIs - QA Test Suite","2026-10-01","failed","2026-10-01","Admin Games","Rewards, Cash Tokens & Wishlists","",""
"","127","Retrieve - No Auth","Personal Banking APIs - QA Test Suite","2026-10-01","passed","2026-10-01","Retrieve","Insurance","",""
"","136","Wallet Total Balance - Valid","Personal Banking APIs - QA Test Suite","2026-10-01","failed","2026-10-01","Wallet Total Balance","Target Savings","",""
"","124","List - No Auth","Personal Banking APIs - QA Test Suite","2026-10-01","passed","2026-10-01","List","Airtime, Data, Bills & VAS Beneficiaries","",""
"","126","Toolkit Accounts - No Auth","Personal Banking APIs - QA Test Suite","2026-10-01","passed","2026-10-01","Toolkit Accounts","Customer Profile, Accounts & Beneficiaries","",""
"","132","Withdraw Cashback - Invalid Amount","Personal Banking APIs - QA Test Suite","2026-10-01","failed","2026-10-01","Withdraw Cashback","Wallets, Transfers, Transactions & Fund Requests","",""
"","132","Transactions - Invalid Query","Personal Banking APIs - QA Test Suite","2026-10-01","failed","2026-10-01","Transactions","Save & Spend","",""
"","132","Retrieve - No Auth","Personal Banking APIs - QA Test Suite","2026-10-01","passed","2026-10-01","Retrieve","Wallets, Transfers, Transactions & Fund Requests","",""
"","128","Electricity - Empty Fields","Personal Banking APIs - QA Test Suite","2026-10-01","passed","2026-10-01","Electricity","Scheduled Payments","",""
"","135","Cancel Schedule Payment - Missing Required Field","Personal Banking APIs - QA Test Suite","2026-10-01","passed","2026-10-01","Cancel Schedule Payment","Scheduled Payments","",""
"","134","Request Alias Phone Verification - Empty Fields","Personal Banking APIs - QA Test Suite","2026-10-01","passed","2026-10-01","Request Alias Phone Verification","Customer Profile, Accounts & Beneficiaries","",""
"","142","Retrieve - Valid","Personal Banking APIs - QA Test Suite","2026-10-01","failed","2026-10-01","Retrieve","Wallets, Transfers, Transactions & Fund Requests","",""
"","134","Withdraw Supalock - Invalid ID","Personal Banking APIs - QA Test Suite","2026-10-01","failed","2026-10-01","Withdraw Supalock","Supalock Savings","",""
"","131","Fund Betting Wallet - Valid","Personal Banking APIs - QA Test Suite","2026-10-01","failed","2026-10-01","Fund Betting Wallet","Airtime, Data, Bills & VAS Beneficiaries","",""
"","154","Dismiss Action - Empty Fields","Personal Banking APIs - QA Test Suite","2026-10-01","failed","2026-10-01","Dismiss Action","KYC, Tier Upgrades & Young Moni","",""
"","130","Admin Admin Tier Zero Upgrade - Invalid Status Or Type","Personal Banking APIs - QA Test Suite","2026-10-01","failed","2026-10-01","Admin Admin Tier Zero Upgrade","KYC, Tier Upgrades & Young Moni","",""
"","161","Item - Valid","Personal Banking APIs - QA Test Suite","2026-10-01","failed","2026-10-01","Item","Rewards, Cash Tokens & Wishlists","",""
"","136","Transactions - Invalid ID","Personal Banking APIs - QA Test Suite","2026-10-01","passed","2026-10-01","Transactions","Supalock Savings","",""
"","295","Reset Transaction Pin - Valid","Personal Banking APIs - QA Test Suite","2026-10-01","failed","2026-10-01","Reset Transaction Pin","Login, Credentials, Security & Devices","",""
"","147","Admin Coins Redemption Rules - Valid","Personal Banking APIs - QA Test Suite","2026-10-01","failed","2026-10-01","Admin Coins Redemption Rules","Rewards, Cash Tokens & Wishlists","",""
"","144","Profile - Valid","Personal Banking APIs - QA Test Suite","2026-10-01","passed","2026-10-01","Profile","Customer Profile, Accounts & Beneficiaries","",""
"","138","Games - Invalid Query","Personal Banking APIs - QA Test Suite","2026-10-01","passed","2026-10-01","Games","Rewards, Cash Tokens & Wishlists","",""
"","135","Validate Face Match - No Auth","Personal Banking APIs - QA Test Suite","2026-10-01","failed","2026-10-01","Validate Face Match","Login, Credentials, Security & Devices","",""
"","138","Block - Missing Required Field","Personal Banking APIs - QA Test Suite","2026-10-01","failed","2026-10-01","Block","Customer Cards","",""
"","246","Admin Games - Invalid Query","Personal Banking APIs - QA Test Suite","2026-10-01","failed","2026-10-01","Admin Games","Rewards, Cash Tokens & Wishlists","",""
"","136","Validate Meter - Empty Fields","Personal Banking APIs - QA Test Suite","2026-10-01","failed","2026-10-01","Validate Meter","Airtime, Data, Bills & VAS Beneficiaries","",""
"","128","Young Moni Validate Details Without Identity - Valid","Personal Banking APIs - QA Test Suite","2026-10-01","failed","2026-10-01","Young Moni Validate Details Without Identity","Customer Profile, Accounts & Beneficiaries","",""
"","164","Winner - Valid","Personal Banking APIs - QA Test Suite","2026-10-01","passed","2026-10-01","Winner","Rewards, Cash Tokens & Wishlists","",""
"","131","Admin Devices Deactivate - Empty Fields","Personal Banking APIs - QA Test Suite","2026-10-01","failed","2026-10-01","Admin Devices Deactivate","Login, Credentials, Security & Devices","",""
"","128","Download Statement - No Auth","Personal Banking APIs - QA Test Suite","2026-10-01","passed","2026-10-01","Download Statement","Wallets, Transfers, Transactions & Fund Requests","",""
"","131","Transactions Create Wallet - Valid","Personal Banking APIs - QA Test Suite","2026-10-01","failed","2026-10-01","Transactions Create Wallet","Save & Spend","",""
"","260","List - Valid","Personal Banking APIs - QA Test Suite","2026-10-01","passed","2026-10-01","List","Airtime, Data, Bills & VAS Beneficiaries","",""
"","196","Terms - Valid","Personal Banking APIs - QA Test Suite","2026-10-01","passed","2026-10-01","Terms","Rewards, Cash Tokens & Wishlists","",""
"","144","Proposed Contributor - Invalid Amount","Personal Banking APIs - QA Test Suite","2026-10-01","passed","2026-10-01","Proposed Contributor","Rewards, Cash Tokens & Wishlists","",""
"","124","Terms - No Auth","Personal Banking APIs - QA Test Suite","2026-10-01","passed","2026-10-01","Terms","Rewards, Cash Tokens & Wishlists","",""
"","125","List - No Auth","Personal Banking APIs - QA Test Suite","2026-10-01","passed","2026-10-01","List","Customer Cards","",""
"","135","Enable - Empty Fields","Personal Banking APIs - QA Test Suite","2026-10-01","failed","2026-10-01","Enable","Wallets, Transfers, Transactions & Fund Requests","",""
"","129","Fund Betting Wallet - Invalid Token Or PIN","Personal Banking APIs - QA Test Suite","2026-10-01","passed","2026-10-01","Fund Betting Wallet","Airtime, Data, Bills & VAS Beneficiaries","",""
"","241","Young Moni Documents - No Auth","Personal Banking APIs - QA Test Suite","2026-10-01","passed","2026-10-01","Young Moni Documents","KYC, Tier Upgrades & Young Moni","",""
"","164","Download Statement - Valid","Personal Banking APIs - QA Test Suite","2026-10-01","failed","2026-10-01","Download Statement","Wallets, Transfers, Transactions & Fund Requests","",""
"","136","Young Moni Requests - Invalid Query","Personal Banking APIs - QA Test Suite","2026-10-01","failed","2026-10-01","Young Moni Requests","KYC, Tier Upgrades & Young Moni","",""
"","144","Young Moni Requests - Valid","Personal Banking APIs - QA Test Suite","2026-10-01","failed","2026-10-01","Young Moni Requests","KYC, Tier Upgrades & Young Moni","",""
"","141","Young Moni Documents - Invalid Query","Personal Banking APIs - QA Test Suite","2026-10-01","failed","2026-10-01","Young Moni Documents","KYC, Tier Upgrades & Young Moni","",""
"","144","Recipients - Valid","Personal Banking APIs - QA Test Suite","2026-10-01","failed","2026-10-01","Recipients","Wallets, Transfers, Transactions & Fund Requests","",""
"","146","Requests Request Card - Missing Required Field","Personal Banking APIs - QA Test Suite","2026-10-01","passed","2026-10-01","Requests Request Card","Customer Cards","",""
"","127","Transactions Break Target - Invalid Token Or PIN","Personal Banking APIs - QA Test Suite","2026-10-01","passed","2026-10-01","Transactions Break Target","Target Savings","",""
"","133","Retrieve - Invalid ID","Personal Banking APIs - QA Test Suite","2026-10-01","failed","2026-10-01","Retrieve","Airtime, Data, Bills & VAS Beneficiaries","",""
"","128","Wishlist Config Edit - Empty Fields","Personal Banking APIs - QA Test Suite","2026-10-01","failed","2026-10-01","Wishlist Config Edit","Rewards, Cash Tokens & Wishlists","",""
"","137","Dismiss Action - Missing Required Field","Personal Banking APIs - QA Test Suite","2026-10-01","failed","2026-10-01","Dismiss Action","KYC, Tier Upgrades & Young Moni","",""
"","140","Admin Complete Upgrade Request - Invalid ID","Personal Banking APIs - QA Test Suite","2026-10-01","failed","2026-10-01","Admin Complete Upgrade Request","KYC, Tier Upgrades & Young Moni","",""
"","255","Admin Coins Rules - Valid","Personal Banking APIs - QA Test Suite","2026-10-01","failed","2026-10-01","Admin Coins Rules","Rewards, Cash Tokens & Wishlists","",""
"","144","Setup Liveness Image - Valid","Personal Banking APIs - QA Test Suite","2026-10-01","failed","2026-10-01","Setup Liveness Image","Login, Credentials, Security & Devices","",""
"","234","Admin List Documents - Nonexistent ID","Personal Banking APIs - QA Test Suite","2026-10-01","passed","2026-10-01","Admin List Documents","KYC, Tier Upgrades & Young Moni","",""
"","131","Restrict Accounts By BVN - Empty Fields","Personal Banking APIs - QA Test Suite","2026-10-01","failed","2026-10-01","Restrict Accounts By BVN","Customer Profile, Accounts & Beneficiaries","",""
"","125","Total Young Moni Balance - No Auth","Personal Banking APIs - QA Test Suite","2026-10-01","passed","2026-10-01","Total Young Moni Balance","Customer Profile, Accounts & Beneficiaries","",""
"","136","Requests - Invalid Query","Personal Banking APIs - QA Test Suite","2026-10-01","failed","2026-10-01","Requests","Customer Cards","",""
"","133","Transactions - Nonexistent ID","Personal Banking APIs - QA Test Suite","2026-10-01","passed","2026-10-01","Transactions","Supalock Savings","",""
"","338","Her Wealth Details - Invalid ID","Personal Banking APIs - QA Test Suite","2026-10-01","passed","2026-10-01","Her Wealth Details","Customer Profile, Accounts & Beneficiaries","",""
"","131","Retrieve - Nonexistent ID","Personal Banking APIs - QA Test Suite","2026-10-01","failed","2026-10-01","Retrieve","Airtime, Data, Bills & VAS Beneficiaries","",""
"","135","Channel Settings - Missing Required Field","Personal Banking APIs - QA Test Suite","2026-10-01","failed","2026-10-01","Channel Settings","Customer Cards","",""
"","237","Admin Coins Transactions - No Auth","Personal Banking APIs - QA Test Suite","2026-10-01","passed","2026-10-01","Admin Coins Transactions","Rewards, Cash Tokens & Wishlists","",""
"","129","Create Transaction Pin - No Auth","Personal Banking APIs - QA Test Suite","2026-10-01","passed","2026-10-01","Create Transaction Pin","Login, Credentials, Security & Devices","",""
"","131","Tier Zero Upgrade - Invalid Status Or Type","Personal Banking APIs - QA Test Suite","2026-10-01","passed","2026-10-01","Tier Zero Upgrade","KYC, Tier Upgrades & Young Moni","",""
"","125","Fee Settings - No Auth","Personal Banking APIs - QA Test Suite","2026-10-01","passed","2026-10-01","Fee Settings","Customer Cards","",""
"","1093","Retrieve - No Auth","Personal Banking APIs - QA Test Suite","2026-10-01","passed","2026-10-01","Retrieve","Customer Profile, Accounts & Beneficiaries","",""
"","129","Reward With Cashback - Invalid Amount","Personal Banking APIs - QA Test Suite","2026-10-01","failed","2026-10-01","Reward With Cashback","Rewards, Cash Tokens & Wishlists","",""
"","127","Transactions Deposit - No Auth","Personal Banking APIs - QA Test Suite","2026-10-01","failed","2026-10-01","Transactions Deposit","Target Savings","",""
"","138","Create Her Wealth - Missing Required Field","Personal Banking APIs - QA Test Suite","2026-10-01","passed","2026-10-01","Create Her Wealth","Customer Profile, Accounts & Beneficiaries","",""
"","134","Validate Smart Card - Invalid Status Or Type","Personal Banking APIs - QA Test Suite","2026-10-01","failed","2026-10-01","Validate Smart Card","Airtime, Data, Bills & VAS Beneficiaries","",""
"","132","Purchase Electricity - No Auth","Personal Banking APIs - QA Test Suite","2026-10-01","failed","2026-10-01","Purchase Electricity","Airtime, Data, Bills & VAS Beneficiaries","",""
"","174","Transfers Left - Valid","Personal Banking APIs - QA Test Suite","2026-10-01","passed","2026-10-01","Transfers Left","Wallets, Transfers, Transactions & Fund Requests","",""
"","144","List Documents - Nonexistent ID","Personal Banking APIs - QA Test Suite","2026-10-01","passed","2026-10-01","List Documents","KYC, Tier Upgrades & Young Moni","",""
"","128","Transactions Update Swag Plan - Valid","Personal Banking APIs - QA Test Suite","2026-10-01","failed","2026-10-01","Transactions Update Swag Plan","SWAG Savings","",""
"","126","Purchase Waec - Valid","Personal Banking APIs - QA Test Suite","2026-10-01","failed","2026-10-01","Purchase Waec","Airtime, Data, Bills & VAS Beneficiaries","",""
"","127","Intra Transfer - Empty Fields","Personal Banking APIs - QA Test Suite","2026-10-01","passed","2026-10-01","Intra Transfer","Wallets, Transfers, Transactions & Fund Requests","",""
"","124","Transactions - No Auth","Personal Banking APIs - QA Test Suite","2026-10-01","passed","2026-10-01","Transactions","Save & Spend","",""
"","134","Wallet - Valid","Personal Banking APIs - QA Test Suite","2026-10-01","failed","2026-10-01","Wallet","SWAG Savings","",""
"","138","Terms - Invalid Query","Personal Banking APIs - QA Test Suite","2026-10-01","failed","2026-10-01","Terms","Rewards, Cash Tokens & Wishlists","",""
"","128","Purchase Jamb - Missing Required Field","Personal Banking APIs - QA Test Suite","2026-10-01","passed","2026-10-01","Purchase Jamb","Airtime, Data, Bills & VAS Beneficiaries","",""
"","138","Retry Payment Schedule - Empty Fields","Personal Banking APIs - QA Test Suite","2026-10-01","passed","2026-10-01","Retry Payment Schedule","Scheduled Payments","",""
"","149","Admin Coins Rules - Valid","Personal Banking APIs - QA Test Suite","2026-10-01","failed","2026-10-01","Admin Coins Rules","Rewards, Cash Tokens & Wishlists","",""
"","357","Retrieve - Nonexistent ID","Personal Banking APIs - QA Test Suite","2026-10-01","passed","2026-10-01","Retrieve","Customer Profile, Accounts & Beneficiaries","",""
"","137","Games Get Rewards - Valid","Personal Banking APIs - QA Test Suite","2026-10-01","failed","2026-10-01","Games Get Rewards","Rewards, Cash Tokens & Wishlists","",""
"","128","List - No Auth","Personal Banking APIs - QA Test Suite","2026-10-01","passed","2026-10-01","List","Insurance","",""
"","248","Admin Coins Transactions - Invalid Query","Personal Banking APIs - QA Test Suite","2026-10-01","failed","2026-10-01","Admin Coins Transactions","Rewards, Cash Tokens & Wishlists","",""
"","137","Retry Payment Schedule - Missing Required Field","Personal Banking APIs - QA Test Suite","2026-10-01","passed","2026-10-01","Retry Payment Schedule","Scheduled Payments","",""
"","135","Retrieve - Invalid ID","Personal Banking APIs - QA Test Suite","2026-10-01","passed","2026-10-01","Retrieve","Scheduled Payments","",""
"","144","Admin Coins Rules - Invalid Status Or Type","Personal Banking APIs - QA Test Suite","2026-10-01","failed","2026-10-01","Admin Coins Rules","Rewards, Cash Tokens & Wishlists","",""
"","244","Admin Games Stats - Invalid Query","Personal Banking APIs - QA Test Suite","2026-10-01","failed","2026-10-01","Admin Games Stats","Rewards, Cash Tokens & Wishlists","",""
"","147","Transactions Evaluate Break - Valid","Personal Banking APIs - QA Test Suite","2026-10-01","failed","2026-10-01","Transactions Evaluate Break","Target Savings","",""
"","146","Admin Coins Rules - Valid","Personal Banking APIs - QA Test Suite","2026-10-01","failed","2026-10-01","Admin Coins Rules","Rewards, Cash Tokens & Wishlists","",""
"","132","Young Moni Documents - Nonexistent ID","Personal Banking APIs - QA Test Suite","2026-10-01","failed","2026-10-01","Young Moni Documents","KYC, Tier Upgrades & Young Moni","",""
"","135","Block - Invalid ID","Personal Banking APIs - QA Test Suite","2026-10-01","passed","2026-10-01","Block","Customer Cards","",""
"","149","Transaction - Invalid ID","Personal Banking APIs - QA Test Suite","2026-10-01","failed","2026-10-01","Transaction","Airtime, Data, Bills & VAS Beneficiaries","",""
"","130","Wishlist Config Edit - No Auth","Personal Banking APIs - QA Test Suite","2026-10-01","failed","2026-10-01","Wishlist Config Edit","Rewards, Cash Tokens & Wishlists","",""
"","130","Reset Password - Invalid Email","Personal Banking APIs - QA Test Suite","2026-10-01","passed","2026-10-01","Reset Password","Login, Credentials, Security & Devices","",""
"","126","Requests Fetch Agents - No Auth","Personal Banking APIs - QA Test Suite","2026-10-01","passed","2026-10-01","Requests Fetch Agents","Customer Cards","",""
"","148","Document Update Status - Missing Required Field","Personal Banking APIs - QA Test Suite","2026-10-01","failed","2026-10-01","Document Update Status","KYC, Tier Upgrades & Young Moni","",""
"","135","Retrieve - Invalid Query","Personal Banking APIs - QA Test Suite","2026-10-01","failed","2026-10-01","Retrieve","Wallets, Transfers, Transactions & Fund Requests","",""
"","145","Overview - Missing Required Field","Personal Banking APIs - QA Test Suite","2026-10-01","failed","2026-10-01","Overview","Customer Profile, Accounts & Beneficiaries","",""
"","165","Account Officer Request Change - Valid","Personal Banking APIs - QA Test Suite","2026-10-01","failed","2026-10-01","Account Officer Request Change","Customer Profile, Accounts & Beneficiaries","",""
"","138","Overview - Invalid Query","Personal Banking APIs - QA Test Suite","2026-10-01","failed","2026-10-01","Overview","Rewards, Cash Tokens & Wishlists","",""
"","133","Retrieve - Invalid ID","Personal Banking APIs - QA Test Suite","2026-10-01","passed","2026-10-01","Retrieve","Customer Cards","",""
"","154","Block - Valid","Personal Banking APIs - QA Test Suite","2026-10-01","failed","2026-10-01","Block","Customer Cards","",""
"","140","Get Item Edit - Invalid ID","Personal Banking APIs - QA Test Suite","2026-10-01","failed","2026-10-01","Get Item Edit","Rewards, Cash Tokens & Wishlists","",""
"","123","Daily Spending Summary - No Auth","Personal Banking APIs - QA Test Suite","2026-10-01","passed","2026-10-01","Daily Spending Summary","Wallets, Transfers, Transactions & Fund Requests","",""
"","129","Admin Coins Rules - No Auth","Personal Banking APIs - QA Test Suite","2026-10-01","passed","2026-10-01","Admin Coins Rules","Rewards, Cash Tokens & Wishlists","",""
"","147","Partial - Valid","Personal Banking APIs - QA Test Suite","2026-10-01","passed","2026-10-01","Partial","Airtime, Data, Bills & VAS Beneficiaries","",""
"","129","Wishlist Config Edit - Invalid Amount","Personal Banking APIs - QA Test Suite","2026-10-01","failed","2026-10-01","Wishlist Config Edit","Rewards, Cash Tokens & Wishlists","",""
"","184","Transactions Deposit - Invalid Token Or PIN","Personal Banking APIs - QA Test Suite","2026-10-01","passed","2026-10-01","Transactions Deposit","Target Savings","",""
"","140","Tier One Upgrade - Invalid Status Or Type","Personal Banking APIs - QA Test Suite","2026-10-01","passed","2026-10-01","Tier One Upgrade","KYC, Tier Upgrades & Young Moni","",""
"","122","Wallet Interest Balance - No Auth","Personal Banking APIs - QA Test Suite","2026-10-01","passed","2026-10-01","Wallet Interest Balance","Save & Spend","",""
"","130","Purchase Epin - Invalid Amount","Personal Banking APIs - QA Test Suite","2026-10-01","passed","2026-10-01","Purchase Epin","Airtime, Data, Bills & VAS Beneficiaries","",""
"","135","Update Communication Preference - Invalid Token Or PIN","Personal Banking APIs - QA Test Suite","2026-10-01","passed","2026-10-01","Update Communication Preference","Customer Profile, Accounts & Beneficiaries","",""
"","127","Transactions Withdraw Interest - No Auth","Personal Banking APIs - QA Test Suite","2026-10-01","failed","2026-10-01","Transactions Withdraw Interest","SWAG Savings","",""
"","130","Get Item Edit - Missing Required Field","Personal Banking APIs - QA Test Suite","2026-10-01","failed","2026-10-01","Get Item Edit","Rewards, Cash Tokens & Wishlists","",""
"","136","Approve Bulk Fund Request - Empty Fields","Personal Banking APIs - QA Test Suite","2026-10-01","failed","2026-10-01","Approve Bulk Fund Request","Wallets, Transfers, Transactions & Fund Requests","",""
"","134","Young Moni Initiate Account Request - Invalid Status Or Type","Personal Banking APIs - QA Test Suite","2026-10-01","passed","2026-10-01","Young Moni Initiate Account Request","Customer Profile, Accounts & Beneficiaries","",""
"","143","Verify Email OTP - Invalid Email","Personal Banking APIs - QA Test Suite","2026-10-01","passed","2026-10-01","Verify Email OTP","Customer Onboarding","",""
"","339","Info - Invalid Query","Personal Banking APIs - QA Test Suite","2026-10-01","failed","2026-10-01","Info","Customer Profile, Accounts & Beneficiaries","",""
"","239","Requests Fetch Agents - Valid","Personal Banking APIs - QA Test Suite","2026-10-01","failed","2026-10-01","Requests Fetch Agents","Customer Cards","",""
"","158","Retrieve - Valid","Personal Banking APIs - QA Test Suite","2026-10-01","failed","2026-10-01","Retrieve","KYC, Tier Upgrades & Young Moni","",""
"","139","Reject Single Fund Request - Missing Required Field","Personal Banking APIs - QA Test Suite","2026-10-01","failed","2026-10-01","Reject Single Fund Request","Wallets, Transfers, Transactions & Fund Requests","",""
"","190","Leaderboard - Valid","Personal Banking APIs - QA Test Suite","2026-10-01","passed","2026-10-01","Leaderboard","Customer Profile, Accounts & Beneficiaries","",""
"","135","Renew Insurance - Missing Required Field","Personal Banking APIs - QA Test Suite","2026-10-01","passed","2026-10-01","Renew Insurance","Insurance","",""
"","137","Transactions Update Spend Wallet - Valid","Personal Banking APIs - QA Test Suite","2026-10-01","failed","2026-10-01","Transactions Update Spend Wallet","Save & Spend","",""
"","125","Verify Phone Number - No Auth","Personal Banking APIs - QA Test Suite","2026-10-01","passed","2026-10-01","Verify Phone Number","Login, Credentials, Security & Devices","",""
"","127","Transactions Deposit - Empty Fields","Personal Banking APIs - QA Test Suite","2026-10-01","passed","2026-10-01","Transactions Deposit","Target Savings","",""
"","135","Admin Coins Redemption Rules - Nonexistent ID","Personal Banking APIs - QA Test Suite","2026-10-01","failed","2026-10-01","Admin Coins Redemption Rules","Rewards, Cash Tokens & Wishlists","",""
"","126","Admin Admin Upgrade To Merchant - No Auth","Personal Banking APIs - QA Test Suite","2026-10-01","passed","2026-10-01","Admin Admin Upgrade To Merchant","KYC, Tier Upgrades & Young Moni","",""
"","138","Admin Coins Rules - Invalid Status Or Type","Personal Banking APIs - QA Test Suite","2026-10-01","failed","2026-10-01","Admin Coins Rules","Rewards, Cash Tokens & Wishlists","",""
"","124","Inflow Outflow Analytics - No Auth","Personal Banking APIs - QA Test Suite","2026-10-01","passed","2026-10-01","Inflow Outflow Analytics","Wallets, Transfers, Transactions & Fund Requests","",""
"","128","Transactions Deposit - Valid","Personal Banking APIs - QA Test Suite","2026-10-01","failed","2026-10-01","Transactions Deposit","Target Savings","",""
"","141","Admin Admin Upgrade To Merchant - Valid","Personal Banking APIs - QA Test Suite","2026-10-01","failed","2026-10-01","Admin Admin Upgrade To Merchant","KYC, Tier Upgrades & Young Moni","",""
"","275","Admin Coins Redemption Rules - Valid","Personal Banking APIs - QA Test Suite","2026-10-01","failed","2026-10-01","Admin Coins Redemption Rules","Rewards, Cash Tokens & Wishlists","",""
"","127","Purchase Waec - Missing Required Field","Personal Banking APIs - QA Test Suite","2026-10-01","passed","2026-10-01","Purchase Waec","Airtime, Data, Bills & VAS Beneficiaries","",""
"","149","Verify Phone OTP - Missing Required Field","Personal Banking APIs - QA Test Suite","2026-10-01","passed","2026-10-01","Verify Phone OTP","Customer Onboarding","",""
"","397","Total Young Moni Balance - Valid","Personal Banking APIs - QA Test Suite","2026-10-01","passed","2026-10-01","Total Young Moni Balance","Customer Profile, Accounts & Beneficiaries","",""
"","135","Admin Coins Redemption Rules - Empty Fields","Personal Banking APIs - QA Test Suite","2026-10-01","failed","2026-10-01","Admin Coins Redemption Rules","Rewards, Cash Tokens & Wishlists","",""
"","146","Admin Games Rewards - Valid","Personal Banking APIs - QA Test Suite","2026-10-01","failed","2026-10-01","Admin Games Rewards","Rewards, Cash Tokens & Wishlists","",""
"","130","Young Moni Initiate Account Request - No Auth","Personal Banking APIs - QA Test Suite","2026-10-01","passed","2026-10-01","Young Moni Initiate Account Request","Customer Profile, Accounts & Beneficiaries","",""
"","134","Transactions - Invalid Query","Personal Banking APIs - QA Test Suite","2026-10-01","failed","2026-10-01","Transactions","Target Savings","",""
"","147","Redeem Insurance - Valid","Personal Banking APIs - QA Test Suite","2026-10-01","failed","2026-10-01","Redeem Insurance","Insurance","",""
"","150","Verify Email OTP - Valid","Personal Banking APIs - QA Test Suite","2026-10-01","failed","2026-10-01","Verify Email OTP","Customer Onboarding","",""
"","129","Young Moni Validate Details - Valid","Personal Banking APIs - QA Test Suite","2026-10-01","failed","2026-10-01","Young Moni Validate Details","Customer Profile, Accounts & Beneficiaries","",""
"","133","Requests Request Card - Invalid Token Or PIN","Personal Banking APIs - QA Test Suite","2026-10-01","passed","2026-10-01","Requests Request Card","Customer Cards","",""
"","134","Retrieve - Invalid Query","Personal Banking APIs - QA Test Suite","2026-10-01","failed","2026-10-01","Retrieve","Customer Cards","",""
"","126","Repayment Plan - No Auth","Personal Banking APIs - QA Test Suite","2026-10-01","passed","2026-10-01","Repayment Plan","Kolo Connect Advances","",""
"","128","Document Update Status - No Auth","Personal Banking APIs - QA Test Suite","2026-10-01","passed","2026-10-01","Document Update Status","KYC, Tier Upgrades & Young Moni","",""
"","136","Retrieve - Nonexistent ID","Personal Banking APIs - QA Test Suite","2026-10-01","passed","2026-10-01","Retrieve","Customer Profile, Accounts & Beneficiaries","",""
"","148","Update Credit Stage - Valid","Personal Banking APIs - QA Test Suite","2026-10-01","failed","2026-10-01","Update Credit Stage","Wallets, Transfers, Transactions & Fund Requests","",""
"","127","Transactions Create Wallet - Invalid Token Or PIN","Personal Banking APIs - QA Test Suite","2026-10-01","passed","2026-10-01","Transactions Create Wallet","Target Savings","",""
"","153","Approve Bulk Fund Request - Valid","Personal Banking APIs - QA Test Suite","2026-10-01","failed","2026-10-01","Approve Bulk Fund Request","Wallets, Transfers, Transactions & Fund Requests","",""
"","159","Transactions - Valid","Personal Banking APIs - QA Test Suite","2026-10-01","failed","2026-10-01","Transactions","Save & Spend","",""
"","150","Coin Wallet - Valid","Personal Banking APIs - QA Test Suite","2026-10-01","failed","2026-10-01","Coin Wallet","Rewards, Cash Tokens & Wishlists","",""
"","125","Get Cable Plans - No Auth","Personal Banking APIs - QA Test Suite","2026-10-01","passed","2026-10-01","Get Cable Plans","Airtime, Data, Bills & VAS Beneficiaries","",""
"","128","Transactions Create Wallet - Missing Required Field","Personal Banking APIs - QA Test Suite","2026-10-01","passed","2026-10-01","Transactions Create Wallet","Save & Spend","",""
"","129","Upload Bulk Fund Request - Invalid Status Or Type","Personal Banking APIs - QA Test Suite","2026-10-01","passed","2026-10-01","Upload Bulk Fund Request","Wallets, Transfers, Transactions & Fund Requests","",""
"","129","List Schedule Payments - Nonexistent ID","Personal Banking APIs - QA Test Suite","2026-10-01","failed","2026-10-01","List Schedule Payments","Scheduled Payments","",""
"","134","Initiate Email Update - Missing Required Field","Personal Banking APIs - QA Test Suite","2026-10-01","passed","2026-10-01","Initiate Email Update","KYC, Tier Upgrades & Young Moni","",""
"","138","Total Supalock Amount - Valid","Personal Banking APIs - QA Test Suite","2026-10-01","passed","2026-10-01","Total Supalock Amount","Supalock Savings","",""
"","138","List Documents - Invalid Query","Personal Banking APIs - QA Test Suite","2026-10-01","failed","2026-10-01","List Documents","KYC, Tier Upgrades & Young Moni","",""
"","186","List - Valid","Personal Banking APIs - QA Test Suite","2026-10-01","passed","2026-10-01","List","Scheduled Payments","",""
"","133","Reset Pin - Invalid Token Or PIN","Personal Banking APIs - QA Test Suite","2026-10-01","failed","2026-10-01","Reset Pin","Customer Cards","",""
"","134","Get Item - Invalid ID","Personal Banking APIs - QA Test Suite","2026-10-01","passed","2026-10-01","Get Item","Rewards, Cash Tokens & Wishlists","",""
"","134","Reset Pin - Nonexistent ID","Personal Banking APIs - QA Test Suite","2026-10-01","passed","2026-10-01","Reset Pin","Customer Cards","",""
"","133","Verify Email Update - Missing Required Field","Personal Banking APIs - QA Test Suite","2026-10-01","passed","2026-10-01","Verify Email Update","KYC, Tier Upgrades & Young Moni","",""
"","127","Transactions Update Spend Wallet - Missing Required Field","Personal Banking APIs - QA Test Suite","2026-10-01","passed","2026-10-01","Transactions Update Spend Wallet","Save & Spend","",""
"","147","Transfer - Valid","Personal Banking APIs - QA Test Suite","2026-10-01","failed","2026-10-01","Transfer","Scheduled Payments","",""
"","123","Enable - No Auth","Personal Banking APIs - QA Test Suite","2026-10-01","passed","2026-10-01","Enable","Wallets, Transfers, Transactions & Fund Requests","",""
"","156","Continue With Email - Valid","Personal Banking APIs - QA Test Suite","2026-10-01","failed","2026-10-01","Continue With Email","Customer Onboarding","",""
"","125","List Documents - No Auth","Personal Banking APIs - QA Test Suite","2026-10-01","passed","2026-10-01","List Documents","KYC, Tier Upgrades & Young Moni","",""
"","127","Create Transaction Pin - Empty Fields","Personal Banking APIs - QA Test Suite","2026-10-01","failed","2026-10-01","Create Transaction Pin","Login, Credentials, Security & Devices","",""
"","132","Young Moni Documents Action Document - Invalid ID","Personal Banking APIs - QA Test Suite","2026-10-01","failed","2026-10-01","Young Moni Documents Action Document","KYC, Tier Upgrades & Young Moni","",""
"","140","Dismiss Action - Invalid ID","Personal Banking APIs - QA Test Suite","2026-10-01","passed","2026-10-01","Dismiss Action","KYC, Tier Upgrades & Young Moni","",""
"","141","Update Daily Transfer Limit - Invalid Amount","Personal Banking APIs - QA Test Suite","2026-10-01","passed","2026-10-01","Update Daily Transfer Limit","Customer Profile, Accounts & Beneficiaries","",""
"","133","Electricity - Invalid Token Or PIN","Personal Banking APIs - QA Test Suite","2026-10-01","passed","2026-10-01","Electricity","Scheduled Payments","",""
"","123","Data - No Auth","Personal Banking APIs - QA Test Suite","2026-10-01","passed","2026-10-01","Data","Scheduled Payments","",""
"","134","Transactions Update Swag Monthly Rollover - Invalid Token Or PIN","Personal Banking APIs - QA Test Suite","2026-10-01","failed","2026-10-01","Transactions Update Swag Monthly Rollover","SWAG Savings","",""
"","135","Transactions - Nonexistent ID","Personal Banking APIs - QA Test Suite","2026-10-01","passed","2026-10-01","Transactions","Save & Spend","",""
"","126","Verify Phone Number - Empty Fields","Personal Banking APIs - QA Test Suite","2026-10-01","failed","2026-10-01","Verify Phone Number","Login, Credentials, Security & Devices","",""
"","132","Verify Reset Token - No Auth","Personal Banking APIs - QA Test Suite","2026-10-01","failed","2026-10-01","Verify Reset Token","Login, Credentials, Security & Devices","",""
"","147","Validate Liveness (When Required) - Empty Fields","Personal Banking APIs - QA Test Suite","2026-10-01","passed","2026-10-01","Validate Liveness (When Required)","Customer Onboarding","",""
"","132","Single Fund Request - No Auth","Personal Banking APIs - QA Test Suite","2026-10-01","failed","2026-10-01","Single Fund Request","Wallets, Transfers, Transactions & Fund Requests","",""
"","154","Validate Meter - Valid","Personal Banking APIs - QA Test Suite","2026-10-01","failed","2026-10-01","Validate Meter","Airtime, Data, Bills & VAS Beneficiaries","",""
"","408","Retrieve - Valid","Personal Banking APIs - QA Test Suite","2026-10-01","passed","2026-10-01","Retrieve","Customer Profile, Accounts & Beneficiaries","",""
"","130","Account Officer Change Request - No Auth","Personal Banking APIs - QA Test Suite","2026-10-01","passed","2026-10-01","Account Officer Change Request","Customer Profile, Accounts & Beneficiaries","",""
"","127","Purchase Electricity - Invalid Token Or PIN","Personal Banking APIs - QA Test Suite","2026-10-01","passed","2026-10-01","Purchase Electricity","Airtime, Data, Bills & VAS Beneficiaries","",""
"","132","Admin Admin Tier One Upgrade - Missing Required Field","Personal Banking APIs - QA Test Suite","2026-10-01","failed","2026-10-01","Admin Admin Tier One Upgrade","KYC, Tier Upgrades & Young Moni","",""
"","182","Document Delete - Valid","Personal Banking APIs - QA Test Suite","2026-10-01","failed","2026-10-01","Document Delete","KYC, Tier Upgrades & Young Moni","",""
"","140","Create Insurance - Invalid Token Or PIN","Personal Banking APIs - QA Test Suite","2026-10-01","passed","2026-10-01","Create Insurance","Insurance","",""
"","581","Waec Lookup - Valid","Personal Banking APIs - QA Test Suite","2026-10-01","failed","2026-10-01","Waec Lookup","Airtime, Data, Bills & VAS Beneficiaries","",""
"","133","Admin Reject Upgrade Request - Invalid ID","Personal Banking APIs - QA Test Suite","2026-10-01","failed","2026-10-01","Admin Reject Upgrade Request","KYC, Tier Upgrades & Young Moni","",""
"","153","Young Moni Requests Request Stats - Valid","Personal Banking APIs - QA Test Suite","2026-10-01","failed","2026-10-01","Young Moni Requests Request Stats","KYC, Tier Upgrades & Young Moni","",""
"","211","Data Plans - Invalid Query","Personal Banking APIs - QA Test Suite","2026-10-01","passed","2026-10-01","Data Plans","Airtime, Data, Bills & VAS Beneficiaries","",""
"","132","Tier One Upgrade With BVN - Empty Fields","Personal Banking APIs - QA Test Suite","2026-10-01","passed","2026-10-01","Tier One Upgrade With BVN","KYC, Tier Upgrades & Young Moni","",""
"","145","Validate Jamb Profile - Valid","Personal Banking APIs - QA Test Suite","2026-10-01","failed","2026-10-01","Validate Jamb Profile","Airtime, Data, Bills & VAS Beneficiaries","",""
"","142","Verify NIN (Choose BVN or NIN) - Missing Required Field","Personal Banking APIs - QA Test Suite","2026-10-01","passed","2026-10-01","Verify NIN (Choose BVN or NIN)","Customer Onboarding","",""
"","138","Verify NIN (Choose BVN or NIN) - Invalid Status Or Type","Personal Banking APIs - QA Test Suite","2026-10-01","passed","2026-10-01","Verify NIN (Choose BVN or NIN)","Customer Onboarding","",""
"","136","Transfer - Invalid Status Or Type","Personal Banking APIs - QA Test Suite","2026-10-01","passed","2026-10-01","Transfer","Scheduled Payments","",""
"","127","Create Login Pin - Missing Required Field","Personal Banking APIs - QA Test Suite","2026-10-01","failed","2026-10-01","Create Login Pin","Login, Credentials, Security & Devices","",""
"","145","Transactions Evaluate Break - Missing Required Field","Personal Banking APIs - QA Test Suite","2026-10-01","passed","2026-10-01","Transactions Evaluate Break","Target Savings","",""
"","129","Item - Invalid Query","Personal Banking APIs - QA Test Suite","2026-10-01","failed","2026-10-01","Item","Rewards, Cash Tokens & Wishlists","",""
"","125","Young Moni Documents Action Document - No Auth","Personal Banking APIs - QA Test Suite","2026-10-01","passed","2026-10-01","Young Moni Documents Action Document","KYC, Tier Upgrades & Young Moni","",""
"","159","Item - Valid","Personal Banking APIs - QA Test Suite","2026-10-01","failed","2026-10-01","Item","Rewards, Cash Tokens & Wishlists","",""
"","135","Add Item - Nonexistent ID","Personal Banking APIs - QA Test Suite","2026-10-01","passed","2026-10-01","Add Item","Rewards, Cash Tokens & Wishlists","",""
"","128","Transactions Withdraw Interest - Empty Fields","Personal Banking APIs - QA Test Suite","2026-10-01","passed","2026-10-01","Transactions Withdraw Interest","SWAG Savings","",""
"","126","Admin Devices Reactivate - Valid","Personal Banking APIs - QA Test Suite","2026-10-01","failed","2026-10-01","Admin Devices Reactivate","Login, Credentials, Security & Devices","",""
"","130","Create Wishlist With Items - Missing Required Field","Personal Banking APIs - QA Test Suite","2026-10-01","passed","2026-10-01","Create Wishlist With Items","Rewards, Cash Tokens & Wishlists","",""
"","132","Admin Admin Tier One Upgrade - Empty Fields","Personal Banking APIs - QA Test Suite","2026-10-01","failed","2026-10-01","Admin Admin Tier One Upgrade","KYC, Tier Upgrades & Young Moni","",""
"","128","Create - Empty Fields","Personal Banking APIs - QA Test Suite","2026-10-01","passed","2026-10-01","Create","Wallets, Transfers, Transactions & Fund Requests","",""
"","201","Encrypt Login - Missing Required Field","Personal Banking APIs - QA Test Suite","2026-10-01","failed","2026-10-01","Encrypt Login","Login, Credentials, Security & Devices","",""
"","165","Update - Valid","Personal Banking APIs - QA Test Suite","2026-10-01","failed","2026-10-01","Update","Scheduled Payments","",""
"","134","Update Daily Transfer Limit - Invalid Token Or PIN","Personal Banking APIs - QA Test Suite","2026-10-01","passed","2026-10-01","Update Daily Transfer Limit","Customer Profile, Accounts & Beneficiaries","",""
"","137","Account Officer Change Request - Invalid Query","Personal Banking APIs - QA Test Suite","2026-10-01","failed","2026-10-01","Account Officer Change Request","Customer Profile, Accounts & Beneficiaries","",""
"","135","Young Moni Upload Child Documents - Missing Required Field","Personal Banking APIs - QA Test Suite","2026-10-01","failed","2026-10-01","Young Moni Upload Child Documents","Customer Profile, Accounts & Beneficiaries","",""
"","749","Wallet Download Swag Statement - Empty Fields","Personal Banking APIs - QA Test Suite","2026-10-01","failed","2026-10-01","Wallet Download Swag Statement","SWAG Savings","",""
"","171","Fee Settings - Valid","Personal Banking APIs - QA Test Suite","2026-10-01","passed","2026-10-01","Fee Settings","Customer Cards","",""
"","755","Single Fund Request - Valid","Personal Banking APIs - QA Test Suite","2026-10-01","failed","2026-10-01","Single Fund Request","Wallets, Transfers, Transactions & Fund Requests","",""
"","149","Create Sub Account - Valid","Personal Banking APIs - QA Test Suite","2026-10-01","failed","2026-10-01","Create Sub Account","Customer Profile, Accounts & Beneficiaries","",""
"","124","Approve Single Bulk Recipient - No Auth","Personal Banking APIs - QA Test Suite","2026-10-01","passed","2026-10-01","Approve Single Bulk Recipient","Wallets, Transfers, Transactions & Fund Requests","",""
"","133","Reject Single Bulk Recipient - Missing Required Field","Personal Banking APIs - QA Test Suite","2026-10-01","failed","2026-10-01","Reject Single Bulk Recipient","Wallets, Transfers, Transactions & Fund Requests","",""
"","151","Verify Phone OTP - Valid","Personal Banking APIs - QA Test Suite","2026-10-01","failed","2026-10-01","Verify Phone OTP","Customer Onboarding","",""
"","127","Young Moni Requests Complete Review - No Auth","Personal Banking APIs - QA Test Suite","2026-10-01","passed","2026-10-01","Young Moni Requests Complete Review","KYC, Tier Upgrades & Young Moni","",""
"","125","Channel Settings - No Auth","Personal Banking APIs - QA Test Suite","2026-10-01","passed","2026-10-01","Channel Settings","Customer Cards","",""
"","125","Create - No Auth","Personal Banking APIs - QA Test Suite","2026-10-01","passed","2026-10-01","Create","Airtime, Data, Bills & VAS Beneficiaries","",""
"","142","Perform Action - Invalid ID","Personal Banking APIs - QA Test Suite","2026-10-01","failed","2026-10-01","Perform Action","Rewards, Cash Tokens & Wishlists","",""
"","152","Withdraw - Nonexistent ID","Personal Banking APIs - QA Test Suite","2026-10-01","passed","2026-10-01","Withdraw","Rewards, Cash Tokens & Wishlists","",""
"","292","Create Login Pin - Invalid Token Or PIN","Personal Banking APIs - QA Test Suite","2026-10-01","failed","2026-10-01","Create Login Pin","Login, Credentials, Security & Devices","",""
"","138","Update Location - Nonexistent ID","Personal Banking APIs - QA Test Suite","2026-10-01","failed","2026-10-01","Update Location","Login, Credentials, Security & Devices","",""
"","125","List - No Auth","Personal Banking APIs - QA Test Suite","2026-10-01","passed","2026-10-01","List","Airtime, Data, Bills & VAS Beneficiaries","",""
"","134","Wallet - Invalid ID","Personal Banking APIs - QA Test Suite","2026-10-01","failed","2026-10-01","Wallet","Save & Spend","",""
"","140","Admin Coins Redemption Rules - Missing Required Field","Personal Banking APIs - QA Test Suite","2026-10-01","failed","2026-10-01","Admin Coins Redemption Rules","Rewards, Cash Tokens & Wishlists","",""
"","134","Retrieve - Invalid Query","Personal Banking APIs - QA Test Suite","2026-10-01","failed","2026-10-01","Retrieve","Customer Profile, Accounts & Beneficiaries","",""
"","126","Admin Upload Documents - No Auth","Personal Banking APIs - QA Test Suite","2026-10-01","passed","2026-10-01","Admin Upload Documents","KYC, Tier Upgrades & Young Moni","",""
"","132","Overview - Empty Fields","Personal Banking APIs - QA Test Suite","2026-10-01","passed","2026-10-01","Overview","Customer Profile, Accounts & Beneficiaries","",""
"","767","Validate Meter - Invalid Status Or Type","Personal Banking APIs - QA Test Suite","2026-10-01","failed","2026-10-01","Validate Meter","Airtime, Data, Bills & VAS Beneficiaries","",""
"","136","Validate Jamb Profile - Empty Fields","Personal Banking APIs - QA Test Suite","2026-10-01","failed","2026-10-01","Validate Jamb Profile","Airtime, Data, Bills & VAS Beneficiaries","",""
"","132","Create Password - Empty Fields","Personal Banking APIs - QA Test Suite","2026-10-01","passed","2026-10-01","Create Password","Login, Credentials, Security & Devices","",""
"","134","Notify Of Missed Inward - Missing Required Field","Personal Banking APIs - QA Test Suite","2026-10-01","failed","2026-10-01","Notify Of Missed Inward","Wallets, Transfers, Transactions & Fund Requests","",""
"","141","Young Moni Upload Child Documents - Nonexistent ID","Personal Banking APIs - QA Test Suite","2026-10-01","passed","2026-10-01","Young Moni Upload Child Documents","Customer Profile, Accounts & Beneficiaries","",""
"","127","Admin Devices Reactivate - Invalid Token Or PIN","Personal Banking APIs - QA Test Suite","2026-10-01","failed","2026-10-01","Admin Devices Reactivate","Login, Credentials, Security & Devices","",""
"","153","Renew Insurance - Valid","Personal Banking APIs - QA Test Suite","2026-10-01","failed","2026-10-01","Renew Insurance","Insurance","",""
"","138","Validate Face Match - Empty Fields","Personal Banking APIs - QA Test Suite","2026-10-01","passed","2026-10-01","Validate Face Match","Login, Credentials, Security & Devices","",""
"","127","List - No Auth","Personal Banking APIs - QA Test Suite","2026-10-01","passed","2026-10-01","List","Airtime, Data, Bills & VAS Beneficiaries","",""
"","136","Intra Name Enquiry By Phone - Empty Fields","Personal Banking APIs - QA Test Suite","2026-10-01","failed","2026-10-01","Intra Name Enquiry By Phone","Wallets, Transfers, Transactions & Fund Requests","",""
"","129","Purchase Electricity - Valid","Personal Banking APIs - QA Test Suite","2026-10-01","failed","2026-10-01","Purchase Electricity","Airtime, Data, Bills & VAS Beneficiaries","",""
"","123","List - No Auth","Personal Banking APIs - QA Test Suite","2026-10-01","passed","2026-10-01","List","Airtime, Data, Bills & VAS Beneficiaries","",""
"","131","Create Password - Valid","Personal Banking APIs - QA Test Suite","2026-10-01","failed","2026-10-01","Create Password","Login, Credentials, Security & Devices","",""
"","185","Register With Phone - Valid","Personal Banking APIs - QA Test Suite","2026-10-01","failed","2026-10-01","Register With Phone","Customer Onboarding","",""
"","138","Payment Merchant - Invalid ID","Personal Banking APIs - QA Test Suite","2026-10-01","passed","2026-10-01","Payment Merchant","Customer Cards","",""
"","135","Reset Transaction Pin - Invalid Token Or PIN","Personal Banking APIs - QA Test Suite","2026-10-01","passed","2026-10-01","Reset Transaction Pin","Login, Credentials, Security & Devices","",""
"","130","Request Account Reactivation - Invalid Status Or Type","Personal Banking APIs - QA Test Suite","2026-10-01","passed","2026-10-01","Request Account Reactivation","KYC, Tier Upgrades & Young Moni","",""
"","143","Retrieve - Valid","Personal Banking APIs - QA Test Suite","2026-10-01","failed","2026-10-01","Retrieve","Supalock Savings","",""
"","131","Wallet - Valid","Personal Banking APIs - QA Test Suite","2026-10-01","failed","2026-10-01","Wallet","Save & Spend","",""
"","133","Update Daily Transfer Limit - Empty Fields","Personal Banking APIs - QA Test Suite","2026-10-01","failed","2026-10-01","Update Daily Transfer Limit","Customer Profile, Accounts & Beneficiaries","",""
"","127","Providers - No Auth","Personal Banking APIs - QA Test Suite","2026-10-01","passed","2026-10-01","Providers","Insurance","",""
"","125","List - No Auth","Personal Banking APIs - QA Test Suite","2026-10-01","passed","2026-10-01","List","Kolo Connect Advances","",""
"","174","Verify BVN (Choose BVN or NIN) - Valid","Personal Banking APIs - QA Test Suite","2026-10-01","failed","2026-10-01","Verify BVN (Choose BVN or NIN)","Customer Onboarding","",""
"","135","Retrieve - Nonexistent ID","Personal Banking APIs - QA Test Suite","2026-10-01","passed","2026-10-01","Retrieve","KYC, Tier Upgrades & Young Moni","",""
"","124","Add Account Alias - No Auth","Personal Banking APIs - QA Test Suite","2026-10-01","passed","2026-10-01","Add Account Alias","Customer Profile, Accounts & Beneficiaries","",""
"","132","Data - Missing Required Field","Personal Banking APIs - QA Test Suite","2026-10-01","passed","2026-10-01","Data","Scheduled Payments","",""
"","144","Reset Transaction Pin - Empty Fields","Personal Banking APIs - QA Test Suite","2026-10-01","passed","2026-10-01","Reset Transaction Pin","Login, Credentials, Security & Devices","",""
"","181","Retrieve - Invalid Query","Personal Banking APIs - QA Test Suite","2026-10-01","failed","2026-10-01","Retrieve","Rewards, Cash Tokens & Wishlists","",""
"","123","Wallet Total Balance - No Auth","Personal Banking APIs - QA Test Suite","2026-10-01","passed","2026-10-01","Wallet Total Balance","Target Savings","",""
"","161","Update Request Recipients - Valid","Personal Banking APIs - QA Test Suite","2026-10-01","failed","2026-10-01","Update Request Recipients","Wallets, Transfers, Transactions & Fund Requests","",""
"","133","Item - Invalid ID","Personal Banking APIs - QA Test Suite","2026-10-01","passed","2026-10-01","Item","Rewards, Cash Tokens & Wishlists","",""
"","868","Create - Valid","Personal Banking APIs - QA Test Suite","2026-10-01","failed","2026-10-01","Create","Airtime, Data, Bills & VAS Beneficiaries","",""
"","126","Block - No Auth","Personal Banking APIs - QA Test Suite","2026-10-01","passed","2026-10-01","Block","Customer Cards","",""
"","139","Providers - Invalid Query","Personal Banking APIs - QA Test Suite","2026-10-01","failed","2026-10-01","Providers","Insurance","",""
"","140","Reject Single Bulk Recipient - Invalid Token Or PIN","Personal Banking APIs - QA Test Suite","2026-10-01","failed","2026-10-01","Reject Single Bulk Recipient","Wallets, Transfers, Transactions & Fund Requests","",""
"","129","Verify Token - Invalid Token Or PIN","Personal Banking APIs - QA Test Suite","2026-10-01","passed","2026-10-01","Verify Token","Login, Credentials, Security & Devices","",""
"","147","Reset Pin - Valid","Personal Banking APIs - QA Test Suite","2026-10-01","failed","2026-10-01","Reset Pin","Customer Cards","",""
"","128","Purchase Jamb - Valid","Personal Banking APIs - QA Test Suite","2026-10-01","failed","2026-10-01","Purchase Jamb","Airtime, Data, Bills & VAS Beneficiaries","",""
"","137","Terms - Nonexistent ID","Personal Banking APIs - QA Test Suite","2026-10-01","passed","2026-10-01","Terms","Rewards, Cash Tokens & Wishlists","",""
"","132","Details - Empty Fields","Personal Banking APIs - QA Test Suite","2026-10-01","passed","2026-10-01","Details","Customer Profile, Accounts & Beneficiaries","",""
"","126","Transactions Update Swag Plan - Invalid Amount","Personal Banking APIs - QA Test Suite","2026-10-01","passed","2026-10-01","Transactions Update Swag Plan","SWAG Savings","",""
"","128","Item - Nonexistent ID","Personal Banking APIs - QA Test Suite","2026-10-01","passed","2026-10-01","Item","Rewards, Cash Tokens & Wishlists","",""
"","225","Transactions Evaluate Target - Valid","Personal Banking APIs - QA Test Suite","2026-10-01","failed","2026-10-01","Transactions Evaluate Target","Target Savings","",""
"","137","Perform Action - Missing Required Field","Personal Banking APIs - QA Test Suite","2026-10-01","failed","2026-10-01","Perform Action","Rewards, Cash Tokens & Wishlists","",""
"","147","Toolkit Accounts - Valid","Personal Banking APIs - QA Test Suite","2026-10-01","failed","2026-10-01","Toolkit Accounts","Customer Profile, Accounts & Beneficiaries","",""
"","880","Airtime - Invalid Amount","Personal Banking APIs - QA Test Suite","2026-10-01","passed","2026-10-01","Airtime","Scheduled Payments","",""
"","137","Admin Coins Rules - Nonexistent ID","Personal Banking APIs - QA Test Suite","2026-10-01","failed","2026-10-01","Admin Coins Rules","Rewards, Cash Tokens & Wishlists","",""
"","135","Renew Insurance - Empty Fields","Personal Banking APIs - QA Test Suite","2026-10-01","passed","2026-10-01","Renew Insurance","Insurance","",""
"","126","Purchase Cable - Empty Fields","Personal Banking APIs - QA Test Suite","2026-10-01","passed","2026-10-01","Purchase Cable","Airtime, Data, Bills & VAS Beneficiaries","",""
"","134","Create Supalock - Missing Required Field","Personal Banking APIs - QA Test Suite","2026-10-01","failed","2026-10-01","Create Supalock","Supalock Savings","",""
"","139","Find Account Banks - Missing Required Field","Personal Banking APIs - QA Test Suite","2026-10-01","passed","2026-10-01","Find Account Banks","Customer Profile, Accounts & Beneficiaries","",""
"","135","Partial - Invalid ID","Personal Banking APIs - QA Test Suite","2026-10-01","failed","2026-10-01","Partial","Wallets, Transfers, Transactions & Fund Requests","",""
"","138","Types - Empty Fields","Personal Banking APIs - QA Test Suite","2026-10-01","failed","2026-10-01","Types","Supalock Savings","",""
"","129","Transactions Withdraw Principal - Valid","Personal Banking APIs - QA Test Suite","2026-10-01","failed","2026-10-01","Transactions Withdraw Principal","SWAG Savings","",""
"","149","Dismiss Action - Invalid Status Or Type","Personal Banking APIs - QA Test Suite","2026-10-01","failed","2026-10-01","Dismiss Action","KYC, Tier Upgrades & Young Moni","",""
"","132","Young Moni Documents Action Document - Missing Required Field","Personal Banking APIs - QA Test Suite","2026-10-01","failed","2026-10-01","Young Moni Documents Action Document","KYC, Tier Upgrades & Young Moni","",""
"","130","Create Login Pin - Valid","Personal Banking APIs - QA Test Suite","2026-10-01","failed","2026-10-01","Create Login Pin","Login, Credentials, Security & Devices","",""
"","135","Get Betting Billers - Invalid Query","Personal Banking APIs - QA Test Suite","2026-10-01","failed","2026-10-01","Get Betting Billers","Airtime, Data, Bills & VAS Beneficiaries","",""
"","136","Verify BVN (Choose BVN or NIN) - Invalid Status Or Type","Personal Banking APIs - QA Test Suite","2026-10-01","passed","2026-10-01","Verify BVN (Choose BVN or NIN)","Customer Onboarding","",""
"","135","Block - Empty Fields","Personal Banking APIs - QA Test Suite","2026-10-01","failed","2026-10-01","Block","Customer Cards","",""
"","246","Admin Games Sessions - Invalid ID","Personal Banking APIs - QA Test Suite","2026-10-01","failed","2026-10-01","Admin Games Sessions","Rewards, Cash Tokens & Wishlists","",""
"","134","Data - Invalid Status Or Type","Personal Banking APIs - QA Test Suite","2026-10-01","passed","2026-10-01","Data","Scheduled Payments","",""
"","132","Repayment Plan - Invalid ID","Personal Banking APIs - QA Test Suite","2026-10-01","failed","2026-10-01","Repayment Plan","Kolo Connect Advances","",""
"","133","Document Update Status - Empty Fields","Personal Banking APIs - QA Test Suite","2026-10-01","failed","2026-10-01","Document Update Status","KYC, Tier Upgrades & Young Moni","",""
"","123","Fetch Balance - No Auth","Personal Banking APIs - QA Test Suite","2026-10-01","passed","2026-10-01","Fetch Balance","Customer Profile, Accounts & Beneficiaries","",""
"","141","Reset Pin - Empty Fields","Personal Banking APIs - QA Test Suite","2026-10-01","failed","2026-10-01","Reset Pin","Customer Cards","",""
"","196","Retry Payment Schedule - Valid","Personal Banking APIs - QA Test Suite","2026-10-01","failed","2026-10-01","Retry Payment Schedule","Scheduled Payments","",""
"","141","Transactions Update Swag Monthly Rollover - Valid","Personal Banking APIs - QA Test Suite","2026-10-01","failed","2026-10-01","Transactions Update Swag Monthly Rollover","SWAG Savings","",""
"","128","Transactions Create Wallet - Missing Required Field","Personal Banking APIs - QA Test Suite","2026-10-01","passed","2026-10-01","Transactions Create Wallet","Target Savings","",""
"","146","Admin Coins Rules - Nonexistent ID","Personal Banking APIs - QA Test Suite","2026-10-01","failed","2026-10-01","Admin Coins Rules","Rewards, Cash Tokens & Wishlists","",""
"","140","Unblock - Missing Required Field","Personal Banking APIs - QA Test Suite","2026-10-01","failed","2026-10-01","Unblock","Customer Cards","",""
"","245","Admin - Invalid Query","Personal Banking APIs - QA Test Suite","2026-10-01","failed","2026-10-01","Admin","KYC, Tier Upgrades & Young Moni","",""
"","146","Perform Action - Empty Fields","Personal Banking APIs - QA Test Suite","2026-10-01","failed","2026-10-01","Perform Action","Rewards, Cash Tokens & Wishlists","",""
"","135","Document Update Status - Nonexistent ID","Personal Banking APIs - QA Test Suite","2026-10-01","failed","2026-10-01","Document Update Status","KYC, Tier Upgrades & Young Moni","",""
"","136","Reset Pin - Missing Required Field","Personal Banking APIs - QA Test Suite","2026-10-01","failed","2026-10-01","Reset Pin","Customer Cards","",""
"","127","Transactions Create Wallet - Invalid Amount","Personal Banking APIs - QA Test Suite","2026-10-01","passed","2026-10-01","Transactions Create Wallet","Target Savings","",""
"","145","List - Invalid Query","Personal Banking APIs - QA Test Suite","2026-10-01","failed","2026-10-01","List","Airtime, Data, Bills & VAS Beneficiaries","",""
"","127","Transactions Break Wallet - Missing Required Field","Personal Banking APIs - QA Test Suite","2026-10-01","passed","2026-10-01","Transactions Break Wallet","Save & Spend","",""
"","136","Admin Coins Rules - Missing Required Field","Personal Banking APIs - QA Test Suite","2026-10-01","failed","2026-10-01","Admin Coins Rules","Rewards, Cash Tokens & Wishlists","",""
"","155","Verify Reset Token - Valid","Personal Banking APIs - QA Test Suite","2026-10-01","failed","2026-10-01","Verify Reset Token","Login, Credentials, Security & Devices","",""
"","132","List - Valid","Personal Banking APIs - QA Test Suite","2026-10-01","failed","2026-10-01","List","Supalock Savings","",""
"","153","Young Moni - Invalid Query","Personal Banking APIs - QA Test Suite","2026-10-01","failed","2026-10-01","Young Moni","Customer Profile, Accounts & Beneficiaries","",""
"","130","Verify Reset Token - Missing Required Field","Personal Banking APIs - QA Test Suite","2026-10-01","passed","2026-10-01","Verify Reset Token","Login, Credentials, Security & Devices","",""
"","135","Retrieve - Valid","Personal Banking APIs - QA Test Suite","2026-10-01","failed","2026-10-01","Retrieve","Airtime, Data, Bills & VAS Beneficiaries","",""
"","126","Transactions Create Wallet Product Specific - Invalid Amount","Personal Banking APIs - QA Test Suite","2026-10-01","passed","2026-10-01","Transactions Create Wallet Product Specific","Target Savings","",""
"","132","Retrieve - Nonexistent ID","Personal Banking APIs - QA Test Suite","2026-10-01","passed","2026-10-01","Retrieve","Rewards, Cash Tokens & Wishlists","",""
"","135","Admin Admin Upgrade To Merchant - Empty Fields","Personal Banking APIs - QA Test Suite","2026-10-01","failed","2026-10-01","Admin Admin Upgrade To Merchant","KYC, Tier Upgrades & Young Moni","",""
"","132","Notify Of Missed Inward - No Auth","Personal Banking APIs - QA Test Suite","2026-10-01","passed","2026-10-01","Notify Of Missed Inward","Wallets, Transfers, Transactions & Fund Requests","",""
"","128","Inter Transfer - Missing Required Field","Personal Banking APIs - QA Test Suite","2026-10-01","passed","2026-10-01","Inter Transfer","Wallets, Transfers, Transactions & Fund Requests","",""
"","129","Login With Pin - Missing Required Field","Personal Banking APIs - QA Test Suite","2026-10-01","passed","2026-10-01","Login With Pin","Login, Credentials, Security & Devices","",""
"","124","Create Wishlist With Items - No Auth","Personal Banking APIs - QA Test Suite","2026-10-01","passed","2026-10-01","Create Wishlist With Items","Rewards, Cash Tokens & Wishlists","",""
"","136","Retrieve - Invalid ID","Personal Banking APIs - QA Test Suite","2026-10-01","passed","2026-10-01","Retrieve","Insurance","",""
"","138","Activate - Nonexistent ID","Personal Banking APIs - QA Test Suite","2026-10-01","passed","2026-10-01","Activate","Customer Cards","",""
"","228","Admin Request Stats - No Auth","Personal Banking APIs - QA Test Suite","2026-10-01","passed","2026-10-01","Admin Request Stats","KYC, Tier Upgrades & Young Moni","",""
"","184","Retrieve - Valid","Personal Banking APIs - QA Test Suite","2026-10-01","failed","2026-10-01","Retrieve","Rewards, Cash Tokens & Wishlists","",""
"","129","Reward With Airtime - No Auth","Personal Banking APIs - QA Test Suite","2026-10-01","passed","2026-10-01","Reward With Airtime","Rewards, Cash Tokens & Wishlists","",""
"","131","Account Officer Change Request - No Auth","Personal Banking APIs - QA Test Suite","2026-10-01","passed","2026-10-01","Account Officer Change Request","Customer Profile, Accounts & Beneficiaries","",""
"","131","Retrieve - Invalid ID","Personal Banking APIs - QA Test Suite","2026-10-01","failed","2026-10-01","Retrieve","Wallets, Transfers, Transactions & Fund Requests","",""
"","201","Coin Redemption Rules - Valid","Personal Banking APIs - QA Test Suite","2026-10-01","failed","2026-10-01","Coin Redemption Rules","Rewards, Cash Tokens & Wishlists","",""
"","131","Withdraw Cashback - Missing Required Field","Personal Banking APIs - QA Test Suite","2026-10-01","failed","2026-10-01","Withdraw Cashback","Wallets, Transfers, Transactions & Fund Requests","",""
"","136","Transactions - Invalid ID","Personal Banking APIs - QA Test Suite","2026-10-01","passed","2026-10-01","Transactions","Target Savings","",""
"","124","Eligibility - No Auth","Personal Banking APIs - QA Test Suite","2026-10-01","passed","2026-10-01","Eligibility","Kolo Connect Advances","",""
"","135","Account Officer - Invalid Query","Personal Banking APIs - QA Test Suite","2026-10-01","failed","2026-10-01","Account Officer","Customer Profile, Accounts & Beneficiaries","",""
"","142","Verify Email Update - Invalid Token Or PIN","Personal Banking APIs - QA Test Suite","2026-10-01","passed","2026-10-01","Verify Email Update","KYC, Tier Upgrades & Young Moni","",""
"","219","Reset Login Pin - Valid","Personal Banking APIs - QA Test Suite","2026-10-01","failed","2026-10-01","Reset Login Pin","Login, Credentials, Security & Devices","",""
"","125","Find Account Banks - No Auth","Personal Banking APIs - QA Test Suite","2026-10-01","passed","2026-10-01","Find Account Banks","Customer Profile, Accounts & Beneficiaries","",""
"","157","Admin Admin Submit - Valid","Personal Banking APIs - QA Test Suite","2026-10-01","failed","2026-10-01","Admin Admin Submit","KYC, Tier Upgrades & Young Moni","",""
"","133","Reject Single Bulk Recipient - Empty Fields","Personal Banking APIs - QA Test Suite","2026-10-01","failed","2026-10-01","Reject Single Bulk Recipient","Wallets, Transfers, Transactions & Fund Requests","",""
"","143","Reject Single Fund Request - Empty Fields","Personal Banking APIs - QA Test Suite","2026-10-01","failed","2026-10-01","Reject Single Fund Request","Wallets, Transfers, Transactions & Fund Requests","",""
"","132","Transactions Evaluate Target - Missing Required Field","Personal Banking APIs - QA Test Suite","2026-10-01","passed","2026-10-01","Transactions Evaluate Target","Target Savings","",""
"","127","Redeem Coins - Empty Fields","Personal Banking APIs - QA Test Suite","2026-10-01","passed","2026-10-01","Redeem Coins","Rewards, Cash Tokens & Wishlists","",""
"","131","Transactions - Invalid ID","Personal Banking APIs - QA Test Suite","2026-10-01","failed","2026-10-01","Transactions","SWAG Savings","",""
"","126","Channel Settings - No Auth","Personal Banking APIs - QA Test Suite","2026-10-01","passed","2026-10-01","Channel Settings","Customer Cards","",""
"","145","Redeem Insurance - Empty Fields","Personal Banking APIs - QA Test Suite","2026-10-01","passed","2026-10-01","Redeem Insurance","Insurance","",""
"","129","Approve Bulk Fund Request - No Auth","Personal Banking APIs - QA Test Suite","2026-10-01","passed","2026-10-01","Approve Bulk Fund Request","Wallets, Transfers, Transactions & Fund Requests","",""
"","144","Continue With Email - Missing Required Field","Personal Banking APIs - QA Test Suite","2026-10-01","passed","2026-10-01","Continue With Email","Customer Onboarding","",""
"","157","Create Wishlist With Items - Valid","Personal Banking APIs - QA Test Suite","2026-10-01","failed","2026-10-01","Create Wishlist With Items","Rewards, Cash Tokens & Wishlists","",""
"","127","Update Tin - No Auth","Personal Banking APIs - QA Test Suite","2026-10-01","passed","2026-10-01","Update Tin","Customer Profile, Accounts & Beneficiaries","",""
"","124","Requests - No Auth","Personal Banking APIs - QA Test Suite","2026-10-01","passed","2026-10-01","Requests","Customer Cards","",""
"","133","Upload Documents - Invalid Status Or Type","Personal Banking APIs - QA Test Suite","2026-10-01","passed","2026-10-01","Upload Documents","KYC, Tier Upgrades & Young Moni","",""
"","133","Wallet - Invalid ID","Personal Banking APIs - QA Test Suite","2026-10-01","failed","2026-10-01","Wallet","Target Savings","",""
"","129","Wishlist Config Edit - Missing Required Field","Personal Banking APIs - QA Test Suite","2026-10-01","failed","2026-10-01","Wishlist Config Edit","Rewards, Cash Tokens & Wishlists","",""
"","132","Transactions Update Swag Monthly Rollover - Missing Required Field","Personal Banking APIs - QA Test Suite","2026-10-01","failed","2026-10-01","Transactions Update Swag Monthly Rollover","SWAG Savings","",""
"","132","Payment Merchant - Invalid Query","Personal Banking APIs - QA Test Suite","2026-10-01","failed","2026-10-01","Payment Merchant","Customer Cards","",""
"","126","Update Location - Missing Required Field","Personal Banking APIs - QA Test Suite","2026-10-01","failed","2026-10-01","Update Location","Login, Credentials, Security & Devices","",""
"","135","Validate Jamb Profile - Missing Required Field","Personal Banking APIs - QA Test Suite","2026-10-01","failed","2026-10-01","Validate Jamb Profile","Airtime, Data, Bills & VAS Beneficiaries","",""
"","156","Activate - Valid","Personal Banking APIs - QA Test Suite","2026-10-01","failed","2026-10-01","Activate","Customer Cards","",""
"","419","Get Cable Plans - Valid","Personal Banking APIs - QA Test Suite","2026-10-01","passed","2026-10-01","Get Cable Plans","Airtime, Data, Bills & VAS Beneficiaries","",""
"","133","Retrieve - Invalid ID","Personal Banking APIs - QA Test Suite","2026-10-01","failed","2026-10-01","Retrieve","Supalock Savings","",""
"","132","Wishlist Config Edit - Valid","Personal Banking APIs - QA Test Suite","2026-10-01","failed","2026-10-01","Wishlist Config Edit","Rewards, Cash Tokens & Wishlists","",""
"","137","Purchase Electricity - Missing Required Field","Personal Banking APIs - QA Test Suite","2026-10-01","passed","2026-10-01","Purchase Electricity","Airtime, Data, Bills & VAS Beneficiaries","",""
"","135","Admin Coins Rules - Empty Fields","Personal Banking APIs - QA Test Suite","2026-10-01","failed","2026-10-01","Admin Coins Rules","Rewards, Cash Tokens & Wishlists","",""
"","137","Toolkit Accounts - Nonexistent ID","Personal Banking APIs - QA Test Suite","2026-10-01","failed","2026-10-01","Toolkit Accounts","Customer Profile, Accounts & Beneficiaries","",""
"","176","Add Item - Valid","Personal Banking APIs - QA Test Suite","2026-10-01","failed","2026-10-01","Add Item","Rewards, Cash Tokens & Wishlists","",""
"","125","Find Customers By Phone - No Auth","Personal Banking APIs - QA Test Suite","2026-10-01","passed","2026-10-01","Find Customers By Phone","Customer Profile, Accounts & Beneficiaries","",""
"","143","Document Update Status - Valid","Personal Banking APIs - QA Test Suite","2026-10-01","failed","2026-10-01","Document Update Status","KYC, Tier Upgrades & Young Moni","",""
"","161","Partial - Valid","Personal Banking APIs - QA Test Suite","2026-10-01","failed","2026-10-01","Partial","Airtime, Data, Bills & VAS Beneficiaries","",""
"","137","Update Documents - Missing Required Field","Personal Banking APIs - QA Test Suite","2026-10-01","passed","2026-10-01","Update Documents","KYC, Tier Upgrades & Young Moni","",""
"","145","Admin Coins Redemption Rules - Valid","Personal Banking APIs - QA Test Suite","2026-10-01","failed","2026-10-01","Admin Coins Redemption Rules","Rewards, Cash Tokens & Wishlists","",""
"","151","Transactions - Valid","Personal Banking APIs - QA Test Suite","2026-10-01","failed","2026-10-01","Transactions","Target Savings","",""
"","423","Admin Games Rewards - Nonexistent ID","Personal Banking APIs - QA Test Suite","2026-10-01","failed","2026-10-01","Admin Games Rewards","Rewards, Cash Tokens & Wishlists","",""
"","128","Admin Devices Deactivate - Valid","Personal Banking APIs - QA Test Suite","2026-10-01","failed","2026-10-01","Admin Devices Deactivate","Login, Credentials, Security & Devices","",""
"","134","Update Communication Preference - Missing Required Field","Personal Banking APIs - QA Test Suite","2026-10-01","passed","2026-10-01","Update Communication Preference","Customer Profile, Accounts & Beneficiaries","",""
"","139","List - Invalid Query","Personal Banking APIs - QA Test Suite","2026-10-01","failed","2026-10-01","List","Wallets, Transfers, Transactions & Fund Requests","",""
"","124","Validate Meter - No Auth","Personal Banking APIs - QA Test Suite","2026-10-01","passed","2026-10-01","Validate Meter","Airtime, Data, Bills & VAS Beneficiaries","",""
"","127","Request Phone Verification - Missing Required Field","Personal Banking APIs - QA Test Suite","2026-10-01","failed","2026-10-01","Request Phone Verification","Login, Credentials, Security & Devices","",""
"","132","Requests Fetch Agents - Missing Required Field","Personal Banking APIs - QA Test Suite","2026-10-01","passed","2026-10-01","Requests Fetch Agents","Customer Cards","",""
"","149","Notify Of Missed Inward - Valid","Personal Banking APIs - QA Test Suite","2026-10-01","failed","2026-10-01","Notify Of Missed Inward","Wallets, Transfers, Transactions & Fund Requests","",""
"","137","Coin Redemption Rules - Invalid Query","Personal Banking APIs - QA Test Suite","2026-10-01","passed","2026-10-01","Coin Redemption Rules","Rewards, Cash Tokens & Wishlists","",""
"","141","Admin Coins Rules - Invalid Amount","Personal Banking APIs - QA Test Suite","2026-10-01","failed","2026-10-01","Admin Coins Rules","Rewards, Cash Tokens & Wishlists","",""
"","127","Purchase Jamb - No Auth","Personal Banking APIs - QA Test Suite","2026-10-01","failed","2026-10-01","Purchase Jamb","Airtime, Data, Bills & VAS Beneficiaries","",""
"","131","Admin Admin Upgrade To Merchant - Missing Required Field","Personal Banking APIs - QA Test Suite","2026-10-01","failed","2026-10-01","Admin Admin Upgrade To Merchant","KYC, Tier Upgrades & Young Moni","",""
"","146","List Schedule Payments - Valid","Personal Banking APIs - QA Test Suite","2026-10-01","failed","2026-10-01","List Schedule Payments","Scheduled Payments","",""
"","133","Destroy - Nonexistent ID","Personal Banking APIs - QA Test Suite","2026-10-01","passed","2026-10-01","Destroy","Customer Profile, Accounts & Beneficiaries","",""
"","124","List - No Auth","Personal Banking APIs - QA Test Suite","2026-10-01","passed","2026-10-01","List","Customer Profile, Accounts & Beneficiaries","",""
"","131","Request Phone Verification - No Auth","Personal Banking APIs - QA Test Suite","2026-10-01","passed","2026-10-01","Request Phone Verification","Login, Credentials, Security & Devices","",""
"","135","Admin Games Rewards - Nonexistent ID","Personal Banking APIs - QA Test Suite","2026-10-01","failed","2026-10-01","Admin Games Rewards","Rewards, Cash Tokens & Wishlists","",""
"","143","Games - Valid","Personal Banking APIs - QA Test Suite","2026-10-01","failed","2026-10-01","Games","Rewards, Cash Tokens & Wishlists","",""
"","150","Unblock - Valid","Personal Banking APIs - QA Test Suite","2026-10-01","failed","2026-10-01","Unblock","Customer Cards","",""
"","124","Wallet - No Auth","Personal Banking APIs - QA Test Suite","2026-10-01","passed","2026-10-01","Wallet","SWAG Savings","",""
"","127","Types - No Auth","Personal Banking APIs - QA Test Suite","2026-10-01","passed","2026-10-01","Types","Supalock Savings","",""
"","130","Create - Empty Fields","Personal Banking APIs - QA Test Suite","2026-10-01","failed","2026-10-01","Create","Airtime, Data, Bills & VAS Beneficiaries","",""
"","133","Retrieve - Invalid Query","Personal Banking APIs - QA Test Suite","2026-10-01","failed","2026-10-01","Retrieve","Wallets, Transfers, Transactions & Fund Requests","",""
"","126","Create Wishlist With Items - Empty Fields","Personal Banking APIs - QA Test Suite","2026-10-01","passed","2026-10-01","Create Wishlist With Items","Rewards, Cash Tokens & Wishlists","",""
"","128","Purchase Cable - Missing Required Field","Personal Banking APIs - QA Test Suite","2026-10-01","passed","2026-10-01","Purchase Cable","Airtime, Data, Bills & VAS Beneficiaries","",""
"","123","Get Cable Providers - No Auth","Personal Banking APIs - QA Test Suite","2026-10-01","passed","2026-10-01","Get Cable Providers","Airtime, Data, Bills & VAS Beneficiaries","",""
"","140","Partial - Empty Fields","Personal Banking APIs - QA Test Suite","2026-10-01","failed","2026-10-01","Partial","Customer Profile, Accounts & Beneficiaries","",""
"","140","Request Alias Phone Verification - Missing Required Field","Personal Banking APIs - QA Test Suite","2026-10-01","passed","2026-10-01","Request Alias Phone Verification","Customer Profile, Accounts & Beneficiaries","",""
"","125","Update Location - No Auth","Personal Banking APIs - QA Test Suite","2026-10-01","failed","2026-10-01","Update Location","Login, Credentials, Security & Devices","",""
"","128","Admin Devices Deactivate - Nonexistent ID","Personal Banking APIs - QA Test Suite","2026-10-01","failed","2026-10-01","Admin Devices Deactivate","Login, Credentials, Security & Devices","",""
"","137","Channel Settings - Invalid Amount","Personal Banking APIs - QA Test Suite","2026-10-01","failed","2026-10-01","Channel Settings","Customer Cards","",""
"","254","Admin Games Rewards - Valid","Personal Banking APIs - QA Test Suite","2026-10-01","failed","2026-10-01","Admin Games Rewards","Rewards, Cash Tokens & Wishlists","",""
"","133","Youngmoni Transfer - Invalid Amount","Personal Banking APIs - QA Test Suite","2026-10-01","passed","2026-10-01","Youngmoni Transfer","Scheduled Payments","",""
"","132","Update Documents - Empty Fields","Personal Banking APIs - QA Test Suite","2026-10-01","passed","2026-10-01","Update Documents","KYC, Tier Upgrades & Young Moni","",""
"","131","Transactions - Nonexistent ID","Personal Banking APIs - QA Test Suite","2026-10-01","failed","2026-10-01","Transactions","SWAG Savings","",""
"","239","Admin List Documents - Invalid ID","Personal Banking APIs - QA Test Suite","2026-10-01","passed","2026-10-01","Admin List Documents","KYC, Tier Upgrades & Young Moni","",""
"","132","Customer Submit - Missing Required Field","Personal Banking APIs - QA Test Suite","2026-10-01","passed","2026-10-01","Customer Submit","KYC, Tier Upgrades & Young Moni","",""
"","128","Admin Games Rewards - No Auth","Personal Banking APIs - QA Test Suite","2026-10-01","passed","2026-10-01","Admin Games Rewards","Rewards, Cash Tokens & Wishlists","",""
"","137","Approve Single Bulk Recipient - Empty Fields","Personal Banking APIs - QA Test Suite","2026-10-01","failed","2026-10-01","Approve Single Bulk Recipient","Wallets, Transfers, Transactions & Fund Requests","",""
"","130","Payment Merchant - No Auth","Personal Banking APIs - QA Test Suite","2026-10-01","passed","2026-10-01","Payment Merchant","Customer Cards","",""
"","147","Admin Devices Deactivate - Invalid ID","Personal Banking APIs - QA Test Suite","2026-10-01","failed","2026-10-01","Admin Devices Deactivate","Login, Credentials, Security & Devices","",""
"","149","Reject Single Fund Request - Valid","Personal Banking APIs - QA Test Suite","2026-10-01","failed","2026-10-01","Reject Single Fund Request","Wallets, Transfers, Transactions & Fund Requests","",""
"","133","Transactions Evaluate Target - Empty Fields","Personal Banking APIs - QA Test Suite","2026-10-01","passed","2026-10-01","Transactions Evaluate Target","Target Savings","",""
"","134","Verify Alias Phone Number - Missing Required Field","Personal Banking APIs - QA Test Suite","2026-10-01","passed","2026-10-01","Verify Alias Phone Number","Customer Profile, Accounts & Beneficiaries","",""
"","133","Transactions Update Swag Monthly Rollover - Empty Fields","Personal Banking APIs - QA Test Suite","2026-10-01","failed","2026-10-01","Transactions Update Swag Monthly Rollover","SWAG Savings","",""
"","137","Verify BVN (Choose BVN or NIN) - Empty Fields","Personal Banking APIs - QA Test Suite","2026-10-01","passed","2026-10-01","Verify BVN (Choose BVN or NIN)","Customer Onboarding","",""
"","133","Wallet Interest Balance - Invalid Query","Personal Banking APIs - QA Test Suite","2026-10-01","failed","2026-10-01","Wallet Interest Balance","Save & Spend","",""
"","128","Purchase Airtime - Valid","Personal Banking APIs - QA Test Suite","2026-10-01","failed","2026-10-01","Purchase Airtime","Airtime, Data, Bills & VAS Beneficiaries","",""
"","131","Info - No Auth","Personal Banking APIs - QA Test Suite","2026-10-01","passed","2026-10-01","Info","Customer Profile, Accounts & Beneficiaries","",""
"","134","Notify Of Missed Inward - Empty Fields","Personal Banking APIs - QA Test Suite","2026-10-01","failed","2026-10-01","Notify Of Missed Inward","Wallets, Transfers, Transactions & Fund Requests","",""
"","136","Transactions - Invalid ID","Personal Banking APIs - QA Test Suite","2026-10-01","passed","2026-10-01","Transactions","Save & Spend","",""
"","130","Initiate Reset Login Pin - No Auth","Personal Banking APIs - QA Test Suite","2026-10-01","passed","2026-10-01","Initiate Reset Login Pin","Login, Credentials, Security & Devices","",""
"","133","Approve Single Bulk Recipient - Invalid Token Or PIN","Personal Banking APIs - QA Test Suite","2026-10-01","failed","2026-10-01","Approve Single Bulk Recipient","Wallets, Transfers, Transactions & Fund Requests","",""
"","362","Retrieve - Invalid ID","Personal Banking APIs - QA Test Suite","2026-10-01","passed","2026-10-01","Retrieve","Customer Profile, Accounts & Beneficiaries","",""
"","130","Get Betting Billers - No Auth","Personal Banking APIs - QA Test Suite","2026-10-01","passed","2026-10-01","Get Betting Billers","Airtime, Data, Bills & VAS Beneficiaries","",""
"","150","Validate Face Match - Valid","Personal Banking APIs - QA Test Suite","2026-10-01","failed","2026-10-01","Validate Face Match","Login, Credentials, Security & Devices","",""
"","137","Details - Missing Required Field","Personal Banking APIs - QA Test Suite","2026-10-01","failed","2026-10-01","Details","Customer Profile, Accounts & Beneficiaries","",""
"","123","Tenors - No Auth","Personal Banking APIs - QA Test Suite","2026-10-01","passed","2026-10-01","Tenors","Kolo Connect Advances","",""
"","126","Proposed Contributor - Empty Fields","Personal Banking APIs - QA Test Suite","2026-10-01","passed","2026-10-01","Proposed Contributor","Rewards, Cash Tokens & Wishlists","",""
"","134","Transactions Create Wallet Product Specific - Invalid Token Or PIN","Personal Banking APIs - QA Test Suite","2026-10-01","passed","2026-10-01","Transactions Create Wallet Product Specific","Target Savings","",""
"","147","Validate Liveness (When Required) - Valid","Personal Banking APIs - QA Test Suite","2026-10-01","failed","2026-10-01","Validate Liveness (When Required)","Customer Onboarding","",""
"","139","Waec Lookup - Invalid Query","Personal Banking APIs - QA Test Suite","2026-10-01","failed","2026-10-01","Waec Lookup","Airtime, Data, Bills & VAS Beneficiaries","",""
"","1003","Get Item Edit - Empty Fields","Personal Banking APIs - QA Test Suite","2026-10-01","failed","2026-10-01","Get Item Edit","Rewards, Cash Tokens & Wishlists","",""
"","124","Young Moni Requests - No Auth","Personal Banking APIs - QA Test Suite","2026-10-01","passed","2026-10-01","Young Moni Requests","KYC, Tier Upgrades & Young Moni","",""
"","136","Repayment Plan - Invalid Query","Personal Banking APIs - QA Test Suite","2026-10-01","failed","2026-10-01","Repayment Plan","Kolo Connect Advances","",""
"","127","Young Moni Validate Details Without Identity - Empty Fields","Personal Banking APIs - QA Test Suite","2026-10-01","failed","2026-10-01","Young Moni Validate Details Without Identity","Customer Profile, Accounts & Beneficiaries","",""
"","127","Transactions Withdraw Principal - Invalid Amount","Personal Banking APIs - QA Test Suite","2026-10-01","passed","2026-10-01","Transactions Withdraw Principal","SWAG Savings","",""
"","132","Partial - Invalid ID","Personal Banking APIs - QA Test Suite","2026-10-01","passed","2026-10-01","Partial","Airtime, Data, Bills & VAS Beneficiaries","",""
"","132","Webhook Cashtoken Webhook - Empty Fields","Personal Banking APIs - QA Test Suite","2026-10-01","failed","2026-10-01","Webhook Cashtoken Webhook","Rewards, Cash Tokens & Wishlists","",""
"","142","Update Identity - Empty Fields","Personal Banking APIs - QA Test Suite","2026-10-01","passed","2026-10-01","Update Identity","KYC, Tier Upgrades & Young Moni","",""
"","130","List - Invalid Query","Personal Banking APIs - QA Test Suite","2026-10-01","failed","2026-10-01","List","Airtime, Data, Bills & VAS Beneficiaries","",""
"","131","Customer Submit - Empty Fields","Personal Banking APIs - QA Test Suite","2026-10-01","passed","2026-10-01","Customer Submit","KYC, Tier Upgrades & Young Moni","",""
"","419","Info - Valid","Personal Banking APIs - QA Test Suite","2026-10-01","passed","2026-10-01","Info","Customer Profile, Accounts & Beneficiaries","",""
"","123","Transactions - No Auth","Personal Banking APIs - QA Test Suite","2026-10-01","passed","2026-10-01","Transactions","Save & Spend","",""
"","183","Toolkit Accounts - Invalid ID","Personal Banking APIs - QA Test Suite","2026-10-01","failed","2026-10-01","Toolkit Accounts","Customer Profile, Accounts & Beneficiaries","",""
"","150","Initiate Reset Card Pin - Invalid Query","Personal Banking APIs - QA Test Suite","2026-10-01","failed","2026-10-01","Initiate Reset Card Pin","Customer Cards","",""
"","128","Create Transaction Pin - Invalid Token Or PIN","Personal Banking APIs - QA Test Suite","2026-10-01","failed","2026-10-01","Create Transaction Pin","Login, Credentials, Security & Devices","",""
"","145","Enabled Setting - Valid","Personal Banking APIs - QA Test Suite","2026-10-01","failed","2026-10-01","Enabled Setting","Wallets, Transfers, Transactions & Fund Requests","",""
"","135","Verify Email Update - Empty Fields","Personal Banking APIs - QA Test Suite","2026-10-01","passed","2026-10-01","Verify Email Update","KYC, Tier Upgrades & Young Moni","",""
"","124","Recipients - No Auth","Personal Banking APIs - QA Test Suite","2026-10-01","passed","2026-10-01","Recipients","Wallets, Transfers, Transactions & Fund Requests","",""
"","149","Approve Single Fund Request - Valid","Personal Banking APIs - QA Test Suite","2026-10-01","failed","2026-10-01","Approve Single Fund Request","Wallets, Transfers, Transactions & Fund Requests","",""
"","126","Get Suggestions - No Auth","Personal Banking APIs - QA Test Suite","2026-10-01","passed","2026-10-01","Get Suggestions","Customer Profile, Accounts & Beneficiaries","",""
"","133","Disable - Missing Required Field","Personal Banking APIs - QA Test Suite","2026-10-01","failed","2026-10-01","Disable","Wallets, Transfers, Transactions & Fund Requests","",""
"","514","Single Fund Request - Missing Required Field","Personal Banking APIs - QA Test Suite","2026-10-01","passed","2026-10-01","Single Fund Request","Wallets, Transfers, Transactions & Fund Requests","",""
"","140","Withdraw Cashback - Empty Fields","Personal Banking APIs - QA Test Suite","2026-10-01","passed","2026-10-01","Withdraw Cashback","Wallets, Transfers, Transactions & Fund Requests","",""
"","131","Borrow - Invalid Amount","Personal Banking APIs - QA Test Suite","2026-10-01","failed","2026-10-01","Borrow","Kolo Connect Advances","",""
"","139","Update Credit Stage - Missing Required Field","Personal Banking APIs - QA Test Suite","2026-10-01","failed","2026-10-01","Update Credit Stage","Wallets, Transfers, Transactions & Fund Requests","",""
"","138","Upload Documents - Missing Required Field","Personal Banking APIs - QA Test Suite","2026-10-01","passed","2026-10-01","Upload Documents","KYC, Tier Upgrades & Young Moni","",""
"","124","Cancel Schedule Payment - No Auth","Personal Banking APIs - QA Test Suite","2026-10-01","passed","2026-10-01","Cancel Schedule Payment","Scheduled Payments","",""
"","134","Verify Device Changed - No Auth","Personal Banking APIs - QA Test Suite","2026-10-01","failed","2026-10-01","Verify Device Changed","Login, Credentials, Security & Devices","",""
"","245","Admin Coins Rules Stats - Invalid Query","Personal Banking APIs - QA Test Suite","2026-10-01","failed","2026-10-01","Admin Coins Rules Stats","Rewards, Cash Tokens & Wishlists","",""
"","138","Update Gender - Empty Fields","Personal Banking APIs - QA Test Suite","2026-10-01","passed","2026-10-01","Update Gender","Login, Credentials, Security & Devices","",""
"","143","Account Officer Change Request - Nonexistent ID","Personal Banking APIs - QA Test Suite","2026-10-01","passed","2026-10-01","Account Officer Change Request","Customer Profile, Accounts & Beneficiaries","",""
"","134","Retrieve - Nonexistent ID","Personal Banking APIs - QA Test Suite","2026-10-01","failed","2026-10-01","Retrieve","Wallets, Transfers, Transactions & Fund Requests","",""
"","145","Retrieve - Invalid ID","Personal Banking APIs - QA Test Suite","2026-10-01","passed","2026-10-01","Retrieve","Rewards, Cash Tokens & Wishlists","",""
"","138","Transactions Evaluate Break - Empty Fields","Personal Banking APIs - QA Test Suite","2026-10-01","passed","2026-10-01","Transactions Evaluate Break","Target Savings","",""
"","139","Register With Phone - Empty Fields","Personal Banking APIs - QA Test Suite","2026-10-01","passed","2026-10-01","Register With Phone","Customer Onboarding","",""
"","154","Winner Dismiss Action - Valid","Personal Banking APIs - QA Test Suite","2026-10-01","failed","2026-10-01","Winner Dismiss Action","Rewards, Cash Tokens & Wishlists","",""
"","136","Young Moni Documents - Invalid Query","Personal Banking APIs - QA Test Suite","2026-10-01","failed","2026-10-01","Young Moni Documents","KYC, Tier Upgrades & Young Moni","",""
"","130","Wallet Total Balance - Invalid Query","Personal Banking APIs - QA Test Suite","2026-10-01","failed","2026-10-01","Wallet Total Balance","Save & Spend","",""
"","153","Complete Registration - Valid","Personal Banking APIs - QA Test Suite","2026-10-01","failed","2026-10-01","Complete Registration","Customer Onboarding","",""
"","293","Data Plans - Valid","Personal Banking APIs - QA Test Suite","2026-10-01","failed","2026-10-01","Data Plans","Airtime, Data, Bills & VAS Beneficiaries","",""
"","128","Purchase Jamb - Invalid Status Or Type","Personal Banking APIs - QA Test Suite","2026-10-01","passed","2026-10-01","Purchase Jamb","Airtime, Data, Bills & VAS Beneficiaries","",""
"","139","List - Invalid Query","Personal Banking APIs - QA Test Suite","2026-10-01","failed","2026-10-01","List","Airtime, Data, Bills & VAS Beneficiaries","",""
"","126","Reset Login Pin - No Auth","Personal Banking APIs - QA Test Suite","2026-10-01","passed","2026-10-01","Reset Login Pin","Login, Credentials, Security & Devices","",""
"","134","Wallet - Invalid Query","Personal Banking APIs - QA Test Suite","2026-10-01","failed","2026-10-01","Wallet","Target Savings","",""
"","247","Admin Games Rewards - Invalid Query","Personal Banking APIs - QA Test Suite","2026-10-01","failed","2026-10-01","Admin Games Rewards","Rewards, Cash Tokens & Wishlists","",""
"","141","Verify Device Changed - Empty Fields","Personal Banking APIs - QA Test Suite","2026-10-01","passed","2026-10-01","Verify Device Changed","Login, Credentials, Security & Devices","",""
"","134","Transactions Create Wallet - Invalid Token Or PIN","Personal Banking APIs - QA Test Suite","2026-10-01","passed","2026-10-01","Transactions Create Wallet","Save & Spend","",""
"","125","Tier One Upgrade - No Auth","Personal Banking APIs - QA Test Suite","2026-10-01","passed","2026-10-01","Tier One Upgrade","KYC, Tier Upgrades & Young Moni","",""
"","127","Purchase Jamb - Invalid Amount","Personal Banking APIs - QA Test Suite","2026-10-01","passed","2026-10-01","Purchase Jamb","Airtime, Data, Bills & VAS Beneficiaries","",""
"","134","Create - Empty Fields","Personal Banking APIs - QA Test Suite","2026-10-01","passed","2026-10-01","Create","Customer Profile, Accounts & Beneficiaries","",""
"","125","Transactions - No Auth","Personal Banking APIs - QA Test Suite","2026-10-01","passed","2026-10-01","Transactions","Wallets, Transfers, Transactions & Fund Requests","",""
"","125","Create Login Pin - No Auth","Personal Banking APIs - QA Test Suite","2026-10-01","passed","2026-10-01","Create Login Pin","Login, Credentials, Security & Devices","",""
"","140","Purchase Airtime - Missing Required Field","Personal Banking APIs - QA Test Suite","2026-10-01","passed","2026-10-01","Purchase Airtime","Airtime, Data, Bills & VAS Beneficiaries","",""
"","125","Initiate Reset Transaction Pin - No Auth","Personal Banking APIs - QA Test Suite","2026-10-01","passed","2026-10-01","Initiate Reset Transaction Pin","Login, Credentials, Security & Devices","",""
"","134","Update Tin - Missing Required Field","Personal Banking APIs - QA Test Suite","2026-10-01","passed","2026-10-01","Update Tin","Customer Profile, Accounts & Beneficiaries","",""
"","161","Channel Settings - Valid","Personal Banking APIs - QA Test Suite","2026-10-01","failed","2026-10-01","Channel Settings","Customer Cards","",""
"","126","Tier Zero Upgrade - No Auth","Personal Banking APIs - QA Test Suite","2026-10-01","passed","2026-10-01","Tier Zero Upgrade","KYC, Tier Upgrades & Young Moni","",""
"","140","Check Email / Phone Availability - Invalid Email","Personal Banking APIs - QA Test Suite","2026-10-01","passed","2026-10-01","Check Email / Phone Availability","Customer Onboarding","",""
"","127","Transactions Update Spend Wallet - Invalid Status Or Type","Personal Banking APIs - QA Test Suite","2026-10-01","passed","2026-10-01","Transactions Update Spend Wallet","Save & Spend","",""
"","135","Reject Bulk Fund Request - Empty Fields","Personal Banking APIs - QA Test Suite","2026-10-01","failed","2026-10-01","Reject Bulk Fund Request","Wallets, Transfers, Transactions & Fund Requests","",""
"","246","Admin - Invalid Query","Personal Banking APIs - QA Test Suite","2026-10-01","failed","2026-10-01","Admin","KYC, Tier Upgrades & Young Moni","",""
"","127","Purchase Cable - Invalid Status Or Type","Personal Banking APIs - QA Test Suite","2026-10-01","passed","2026-10-01","Purchase Cable","Airtime, Data, Bills & VAS Beneficiaries","",""
"","138","Transactions Create Wallet Product Specific - Invalid Status Or Type","Personal Banking APIs - QA Test Suite","2026-10-01","passed","2026-10-01","Transactions Create Wallet Product Specific","Target Savings","",""
"","128","Verify Phone Number - Invalid Token Or PIN","Personal Banking APIs - QA Test Suite","2026-10-01","failed","2026-10-01","Verify Phone Number","Login, Credentials, Security & Devices","",""
"","127","Transactions Deposit - Missing Required Field","Personal Banking APIs - QA Test Suite","2026-10-01","passed","2026-10-01","Transactions Deposit","Target Savings","",""
"","130","Reward With Airtime - Invalid Amount","Personal Banking APIs - QA Test Suite","2026-10-01","failed","2026-10-01","Reward With Airtime","Rewards, Cash Tokens & Wishlists","",""
"","127","Fund Betting Wallet - Invalid Amount","Personal Banking APIs - QA Test Suite","2026-10-01","passed","2026-10-01","Fund Betting Wallet","Airtime, Data, Bills & VAS Beneficiaries","",""
"","138","Tier Two Upgrade - Missing Required Field","Personal Banking APIs - QA Test Suite","2026-10-01","passed","2026-10-01","Tier Two Upgrade","KYC, Tier Upgrades & Young Moni","",""
"","132","Pay Schedule Early - Empty Fields","Personal Banking APIs - QA Test Suite","2026-10-01","passed","2026-10-01","Pay Schedule Early","Scheduled Payments","",""
"","127","Purchase Epin - Invalid Token Or PIN","Personal Banking APIs - QA Test Suite","2026-10-01","passed","2026-10-01","Purchase Epin","Airtime, Data, Bills & VAS Beneficiaries","",""
"","258","Admin Request Stats - Invalid Query","Personal Banking APIs - QA Test Suite","2026-10-01","failed","2026-10-01","Admin Request Stats","KYC, Tier Upgrades & Young Moni","",""
"","245","Admin Coins Rules - Nonexistent ID","Personal Banking APIs - QA Test Suite","2026-10-01","failed","2026-10-01","Admin Coins Rules","Rewards, Cash Tokens & Wishlists","",""
"","126","Transactions Withdraw Interest - Invalid Amount","Personal Banking APIs - QA Test Suite","2026-10-01","passed","2026-10-01","Transactions Withdraw Interest","SWAG Savings","",""
"","201","List - Valid","Personal Banking APIs - QA Test Suite","2026-10-01","passed","2026-10-01","List","KYC, Tier Upgrades & Young Moni","",""
"","127","Update Gender - No Auth","Personal Banking APIs - QA Test Suite","2026-10-01","passed","2026-10-01","Update Gender","Login, Credentials, Security & Devices","",""
"","139","Retrieve - No Auth","Personal Banking APIs - QA Test Suite","2026-10-01","passed","2026-10-01","Retrieve","Wallets, Transfers, Transactions & Fund Requests","",""
"","128","Transactions Withdraw Interest - Valid","Personal Banking APIs - QA Test Suite","2026-10-01","failed","2026-10-01","Transactions Withdraw Interest","SWAG Savings","",""
"","144","Webhook Cashtoken Webhook - Valid","Personal Banking APIs - QA Test Suite","2026-10-01","failed","2026-10-01","Webhook Cashtoken Webhook","Rewards, Cash Tokens & Wishlists","",""
"","135","Tier Progress - Invalid Query","Personal Banking APIs - QA Test Suite","2026-10-01","passed","2026-10-01","Tier Progress","Rewards, Cash Tokens & Wishlists","",""
"","128","Redeem Insurance - No Auth","Personal Banking APIs - QA Test Suite","2026-10-01","passed","2026-10-01","Redeem Insurance","Insurance","",""
"","146","Find Account Banks - Valid","Personal Banking APIs - QA Test Suite","2026-10-01","failed","2026-10-01","Find Account Banks","Customer Profile, Accounts & Beneficiaries","",""
"","243","Admin Games Sessions - No Auth","Personal Banking APIs - QA Test Suite","2026-10-01","passed","2026-10-01","Admin Games Sessions","Rewards, Cash Tokens & Wishlists","",""
"","132","Retrieve - Invalid Query","Personal Banking APIs - QA Test Suite","2026-10-01","failed","2026-10-01","Retrieve","Scheduled Payments","",""
"","148","Electricity - Valid","Personal Banking APIs - QA Test Suite","2026-10-01","failed","2026-10-01","Electricity","Scheduled Payments","",""
"","140","Admin Coins Rules - Invalid ID","Personal Banking APIs - QA Test Suite","2026-10-01","failed","2026-10-01","Admin Coins Rules","Rewards, Cash Tokens & Wishlists","",""
"","148","Wishlist Config - Valid","Personal Banking APIs - QA Test Suite","2026-10-01","failed","2026-10-01","Wishlist Config","Rewards, Cash Tokens & Wishlists","",""
"","133","Wallet Interest Balance - Invalid ID","Personal Banking APIs - QA Test Suite","2026-10-01","failed","2026-10-01","Wallet Interest Balance","Save & Spend","",""
"","126","Partial - No Auth","Personal Banking APIs - QA Test Suite","2026-10-01","passed","2026-10-01","Partial","Customer Profile, Accounts & Beneficiaries","",""
"","414","Get Cable Plans - Invalid Query","Personal Banking APIs - QA Test Suite","2026-10-01","failed","2026-10-01","Get Cable Plans","Airtime, Data, Bills & VAS Beneficiaries","",""
"","380","Get Cable Plans - Invalid ID","Personal Banking APIs - QA Test Suite","2026-10-01","failed","2026-10-01","Get Cable Plans","Airtime, Data, Bills & VAS Beneficiaries","",""
"","154","High Value Transactions - Valid","Personal Banking APIs - QA Test Suite","2026-10-01","passed","2026-10-01","High Value Transactions","Wallets, Transfers, Transactions & Fund Requests","",""
"","131","Transactions Withdraw Interest - Invalid Token Or PIN","Personal Banking APIs - QA Test Suite","2026-10-01","passed","2026-10-01","Transactions Withdraw Interest","SWAG Savings","",""
"","139","Admin Admin Submit - Missing Required Field","Personal Banking APIs - QA Test Suite","2026-10-01","failed","2026-10-01","Admin Admin Submit","KYC, Tier Upgrades & Young Moni","",""
"","139","Get Item - Invalid Query","Personal Banking APIs - QA Test Suite","2026-10-01","failed","2026-10-01","Get Item","Rewards, Cash Tokens & Wishlists","",""
"","150","Get Item - Valid","Personal Banking APIs - QA Test Suite","2026-10-01","failed","2026-10-01","Get Item","Rewards, Cash Tokens & Wishlists","",""
"","137","Disable - Invalid Amount","Personal Banking APIs - QA Test Suite","2026-10-01","failed","2026-10-01","Disable","Wallets, Transfers, Transactions & Fund Requests","",""
"","134","Retrieve - Invalid ID","Personal Banking APIs - QA Test Suite","2026-10-01","passed","2026-10-01","Retrieve","Customer Profile, Accounts & Beneficiaries","",""
"","133","Document Delete - Invalid Token Or PIN","Personal Banking APIs - QA Test Suite","2026-10-01","failed","2026-10-01","Document Delete","KYC, Tier Upgrades & Young Moni","",""
"","133","Enable - Missing Required Field","Personal Banking APIs - QA Test Suite","2026-10-01","failed","2026-10-01","Enable","Wallets, Transfers, Transactions & Fund Requests","",""
"","123","Transactions - No Auth","Personal Banking APIs - QA Test Suite","2026-10-01","passed","2026-10-01","Transactions","Target Savings","",""
"","137","Redeem Insurance - Invalid Status Or Type","Personal Banking APIs - QA Test Suite","2026-10-01","passed","2026-10-01","Redeem Insurance","Insurance","",""
"","154","Request Alias Phone Verification - Valid","Personal Banking APIs - QA Test Suite","2026-10-01","failed","2026-10-01","Request Alias Phone Verification","Customer Profile, Accounts & Beneficiaries","",""
"","135","Types - Invalid Amount","Personal Banking APIs - QA Test Suite","2026-10-01","failed","2026-10-01","Types","Supalock Savings","",""
"","127","Disable - No Auth","Personal Banking APIs - QA Test Suite","2026-10-01","passed","2026-10-01","Disable","Wallets, Transfers, Transactions & Fund Requests","",""
"","126","Reward With Cashback - No Auth","Personal Banking APIs - QA Test Suite","2026-10-01","passed","2026-10-01","Reward With Cashback","Rewards, Cash Tokens & Wishlists","",""
"","131","Games Card Match - Missing Required Field","Personal Banking APIs - QA Test Suite","2026-10-01","passed","2026-10-01","Games Card Match","Rewards, Cash Tokens & Wishlists","",""
"","137","Tier Two Upgrade - Empty Fields","Personal Banking APIs - QA Test Suite","2026-10-01","passed","2026-10-01","Tier Two Upgrade","KYC, Tier Upgrades & Young Moni","",""
"","136","Admin Coins Rules - Invalid Amount","Personal Banking APIs - QA Test Suite","2026-10-01","failed","2026-10-01","Admin Coins Rules","Rewards, Cash Tokens & Wishlists","",""
"","140","Set Password & Create Pending User - Empty Fields","Personal Banking APIs - QA Test Suite","2026-10-01","passed","2026-10-01","Set Password & Create Pending User","Customer Onboarding","",""
"","135","Terms Draw Details - Invalid Query","Personal Banking APIs - QA Test Suite","2026-10-01","failed","2026-10-01","Terms Draw Details","Rewards, Cash Tokens & Wishlists","",""
"","123","Transaction - No Auth","Personal Banking APIs - QA Test Suite","2026-10-01","passed","2026-10-01","Transaction","Airtime, Data, Bills & VAS Beneficiaries","",""
"","129","Admin Coins Redemption Rules - No Auth","Personal Banking APIs - QA Test Suite","2026-10-01","passed","2026-10-01","Admin Coins Redemption Rules","Rewards, Cash Tokens & Wishlists","",""
"","136","Admin Coins Rules - Invalid Amount","Personal Banking APIs - QA Test Suite","2026-10-01","failed","2026-10-01","Admin Coins Rules","Rewards, Cash Tokens & Wishlists","",""
"","132","Electricity - Invalid Amount","Personal Banking APIs - QA Test Suite","2026-10-01","passed","2026-10-01","Electricity","Scheduled Payments","",""
"","135","Admin Coins Rules - Empty Fields","Personal Banking APIs - QA Test Suite","2026-10-01","failed","2026-10-01","Admin Coins Rules","Rewards, Cash Tokens & Wishlists","",""
"","133","Admin Reject Upgrade Request - Missing Required Field","Personal Banking APIs - QA Test Suite","2026-10-01","failed","2026-10-01","Admin Reject Upgrade Request","KYC, Tier Upgrades & Young Moni","",""
"","125","Admin Devices Reactivate - Empty Fields","Personal Banking APIs - QA Test Suite","2026-10-01","failed","2026-10-01","Admin Devices Reactivate","Login, Credentials, Security & Devices","",""
"","140","Withdraw - Invalid Token Or PIN","Personal Banking APIs - QA Test Suite","2026-10-01","failed","2026-10-01","Withdraw","Rewards, Cash Tokens & Wishlists","",""
"","201","Proposed Contributor - Valid","Personal Banking APIs - QA Test Suite","2026-10-01","failed","2026-10-01","Proposed Contributor","Rewards, Cash Tokens & Wishlists","",""
"","134","Update Single Transfer Limit - Missing Required Field","Personal Banking APIs - QA Test Suite","2026-10-01","passed","2026-10-01","Update Single Transfer Limit","Customer Profile, Accounts & Beneficiaries","",""
"","136","Verify Email OTP - Empty Fields","Personal Banking APIs - QA Test Suite","2026-10-01","passed","2026-10-01","Verify Email OTP","Customer Onboarding","",""
"","133","Update - Missing Required Field","Personal Banking APIs - QA Test Suite","2026-10-01","passed","2026-10-01","Update","Scheduled Payments","",""
"","146","Withdraw - Invalid ID","Personal Banking APIs - QA Test Suite","2026-10-01","passed","2026-10-01","Withdraw","Rewards, Cash Tokens & Wishlists","",""
"","257","Admin Games Stats - Valid","Personal Banking APIs - QA Test Suite","2026-10-01","failed","2026-10-01","Admin Games Stats","Rewards, Cash Tokens & Wishlists","",""
"","133","Kyc Level Count - Invalid Query","Personal Banking APIs - QA Test Suite","2026-10-01","failed","2026-10-01","Kyc Level Count","Customer Profile, Accounts & Beneficiaries","",""
"","131","Verify Reset Token - Invalid Email","Personal Banking APIs - QA Test Suite","2026-10-01","passed","2026-10-01","Verify Reset Token","Login, Credentials, Security & Devices","",""
"","139","Young Moni Initiate Account Request - Invalid Email","Personal Banking APIs - QA Test Suite","2026-10-01","passed","2026-10-01","Young Moni Initiate Account Request","Customer Profile, Accounts & Beneficiaries","",""
"","195","Terms Draw Details - Valid","Personal Banking APIs - QA Test Suite","2026-10-01","passed","2026-10-01","Terms Draw Details","Rewards, Cash Tokens & Wishlists","",""
"","126","Update - Empty Fields","Personal Banking APIs - QA Test Suite","2026-10-01","passed","2026-10-01","Update","Scheduled Payments","",""
"","237","Admin List Documents - Invalid Query","Personal Banking APIs - QA Test Suite","2026-10-01","failed","2026-10-01","Admin List Documents","KYC, Tier Upgrades & Young Moni","",""
"","129","Admin Coins Rules - No Auth","Personal Banking APIs - QA Test Suite","2026-10-01","passed","2026-10-01","Admin Coins Rules","Rewards, Cash Tokens & Wishlists","",""
"","127","Transactions Create Wallet Product Specific - No Auth","Personal Banking APIs - QA Test Suite","2026-10-01","failed","2026-10-01","Transactions Create Wallet Product Specific","Target Savings","",""
"","131","Requests Get Delivery Cost - Missing Required Field","Personal Banking APIs - QA Test Suite","2026-10-01","passed","2026-10-01","Requests Get Delivery Cost","Customer Cards","",""
"","133","Update Communication Preference - Invalid Email","Personal Banking APIs - QA Test Suite","2026-10-01","passed","2026-10-01","Update Communication Preference","Customer Profile, Accounts & Beneficiaries","",""
"","129","Youngmoni Transfer - Invalid Token Or PIN","Personal Banking APIs - QA Test Suite","2026-10-01","passed","2026-10-01","Youngmoni Transfer","Scheduled Payments","",""
"","124","Request Account Reactivation - No Auth","Personal Banking APIs - QA Test Suite","2026-10-01","passed","2026-10-01","Request Account Reactivation","KYC, Tier Upgrades & Young Moni","",""
"","137","Proposed Contributor - Missing Required Field","Personal Banking APIs - QA Test Suite","2026-10-01","passed","2026-10-01","Proposed Contributor","Rewards, Cash Tokens & Wishlists","",""
"","144","Games Scratch Card - Invalid Query","Personal Banking APIs - QA Test Suite","2026-10-01","passed","2026-10-01","Games Scratch Card","Rewards, Cash Tokens & Wishlists","",""
"","124","Dismiss Action - No Auth","Personal Banking APIs - QA Test Suite","2026-10-01","passed","2026-10-01","Dismiss Action","KYC, Tier Upgrades & Young Moni","",""
"","131","Request Account Reactivation - Missing Required Field","Personal Banking APIs - QA Test Suite","2026-10-01","passed","2026-10-01","Request Account Reactivation","KYC, Tier Upgrades & Young Moni","",""
"","135","Validate Betting Id - Invalid Status Or Type","Personal Banking APIs - QA Test Suite","2026-10-01","passed","2026-10-01","Validate Betting Id","Airtime, Data, Bills & VAS Beneficiaries","",""
"","137","Reset Login Pin - Invalid Token Or PIN","Personal Banking APIs - QA Test Suite","2026-10-01","passed","2026-10-01","Reset Login Pin","Login, Credentials, Security & Devices","",""
"","128","Transactions Create Wallet Product Specific - Missing Required Field","Personal Banking APIs - QA Test Suite","2026-10-01","passed","2026-10-01","Transactions Create Wallet Product Specific","Target Savings","",""
"","212","Data Plans - Invalid ID","Personal Banking APIs - QA Test Suite","2026-10-01","passed","2026-10-01","Data Plans","Airtime, Data, Bills & VAS Beneficiaries","",""
"","137","Admin Update Documents - Invalid Status Or Type","Personal Banking APIs - QA Test Suite","2026-10-01","passed","2026-10-01","Admin Update Documents","KYC, Tier Upgrades & Young Moni","",""
"","132","Upload Documents - Empty Fields","Personal Banking APIs - QA Test Suite","2026-10-01","passed","2026-10-01","Upload Documents","KYC, Tier Upgrades & Young Moni","",""
"","134","Admin Admin Tier Zero Upgrade - Empty Fields","Personal Banking APIs - QA Test Suite","2026-10-01","failed","2026-10-01","Admin Admin Tier Zero Upgrade","KYC, Tier Upgrades & Young Moni","",""
"","154","Overview - Valid","Personal Banking APIs - QA Test Suite","2026-10-01","passed","2026-10-01","Overview","Rewards, Cash Tokens & Wishlists","",""
"","135","Disable - Empty Fields","Personal Banking APIs - QA Test Suite","2026-10-01","failed","2026-10-01","Disable","Wallets, Transfers, Transactions & Fund Requests","",""
"","137","Add Item - Empty Fields","Personal Banking APIs - QA Test Suite","2026-10-01","failed","2026-10-01","Add Item","Rewards, Cash Tokens & Wishlists","",""
"","245","Admin Coins Rules - Invalid Query","Personal Banking APIs - QA Test Suite","2026-10-01","failed","2026-10-01","Admin Coins Rules","Rewards, Cash Tokens & Wishlists","",""
"","141","Disable - Valid","Personal Banking APIs - QA Test Suite","2026-10-01","failed","2026-10-01","Disable","Wallets, Transfers, Transactions & Fund Requests","",""
"","145","Types - Missing Required Field","Personal Banking APIs - QA Test Suite","2026-10-01","failed","2026-10-01","Types","Supalock Savings","",""
"","137","Approve Bulk Fund Request - Missing Required Field","Personal Banking APIs - QA Test Suite","2026-10-01","failed","2026-10-01","Approve Bulk Fund Request","Wallets, Transfers, Transactions & Fund Requests","",""
"","135","Transactions Evaluate Target - Invalid Amount","Personal Banking APIs - QA Test Suite","2026-10-01","passed","2026-10-01","Transactions Evaluate Target","Target Savings","",""
"","127","Transactions Create Wallet - Invalid Status Or Type","Personal Banking APIs - QA Test Suite","2026-10-01","passed","2026-10-01","Transactions Create Wallet","Save & Spend","",""
"","146","Admin Complete Upgrade Request - Valid","Personal Banking APIs - QA Test Suite","2026-10-01","failed","2026-10-01","Admin Complete Upgrade Request","KYC, Tier Upgrades & Young Moni","",""
"","146","Types - Valid","Personal Banking APIs - QA Test Suite","2026-10-01","failed","2026-10-01","Types","Supalock Savings","",""
"","124","Coin Wallet Transactions - No Auth","Personal Banking APIs - QA Test Suite","2026-10-01","passed","2026-10-01","Coin Wallet Transactions","Rewards, Cash Tokens & Wishlists","",""
"","162","Verify NIN (Choose BVN or NIN) - Valid","Personal Banking APIs - QA Test Suite","2026-10-01","failed","2026-10-01","Verify NIN (Choose BVN or NIN)","Customer Onboarding","",""
"","136","Setup Liveness Image - Missing Required Field","Personal Banking APIs - QA Test Suite","2026-10-01","passed","2026-10-01","Setup Liveness Image","Login, Credentials, Security & Devices","",""
"","132","Restrict Accounts By BVN - Missing Required Field","Personal Banking APIs - QA Test Suite","2026-10-01","failed","2026-10-01","Restrict Accounts By BVN","Customer Profile, Accounts & Beneficiaries","",""
"","132","Tier One Upgrade - Missing Required Field","Personal Banking APIs - QA Test Suite","2026-10-01","passed","2026-10-01","Tier One Upgrade","KYC, Tier Upgrades & Young Moni","",""
"","142","Wallet - Valid","Personal Banking APIs - QA Test Suite","2026-10-01","failed","2026-10-01","Wallet","SWAG Savings","",""
"","170","Withdraw - Valid","Personal Banking APIs - QA Test Suite","2026-10-01","failed","2026-10-01","Withdraw","Rewards, Cash Tokens & Wishlists","",""
"","131","Transactions - Invalid Query","Personal Banking APIs - QA Test Suite","2026-10-01","failed","2026-10-01","Transactions","SWAG Savings","",""
"","154","Airtime - Valid","Personal Banking APIs - QA Test Suite","2026-10-01","failed","2026-10-01","Airtime","Scheduled Payments","",""
"","140","Validate Face Match - Missing Required Field","Personal Banking APIs - QA Test Suite","2026-10-01","passed","2026-10-01","Validate Face Match","Login, Credentials, Security & Devices","",""
"","132","Winner Dismiss Action - Nonexistent ID","Personal Banking APIs - QA Test Suite","2026-10-01","passed","2026-10-01","Winner Dismiss Action","Rewards, Cash Tokens & Wishlists","",""
"","131","Get Item Edit - Invalid Status Or Type","Personal Banking APIs - QA Test Suite","2026-10-01","failed","2026-10-01","Get Item Edit","Rewards, Cash Tokens & Wishlists","",""
"","371","List - Invalid Query","Personal Banking APIs - QA Test Suite","2026-10-01","failed","2026-10-01","List","Customer Profile, Accounts & Beneficiaries","",""
"","133","Admin Games Rewards - Invalid ID","Personal Banking APIs - QA Test Suite","2026-10-01","failed","2026-10-01","Admin Games Rewards","Rewards, Cash Tokens & Wishlists","",""
"","128","Toolkit Accounts - No Auth","Personal Banking APIs - QA Test Suite","2026-10-01","passed","2026-10-01","Toolkit Accounts","Customer Profile, Accounts & Beneficiaries","",""
"","126","Transactions Deposit - Invalid Amount","Personal Banking APIs - QA Test Suite","2026-10-01","passed","2026-10-01","Transactions Deposit","SWAG Savings","",""
"","125","List - No Auth","Personal Banking APIs - QA Test Suite","2026-10-01","passed","2026-10-01","List","Customer Profile, Accounts & Beneficiaries","",""
"","140","Winner Dismiss Action - Invalid Token Or PIN","Personal Banking APIs - QA Test Suite","2026-10-01","failed","2026-10-01","Winner Dismiss Action","Rewards, Cash Tokens & Wishlists","",""
"","131","Update Communication Preference - Empty Fields","Personal Banking APIs - QA Test Suite","2026-10-01","passed","2026-10-01","Update Communication Preference","Customer Profile, Accounts & Beneficiaries","",""
"","125","Inter Name Enquiry - No Auth","Personal Banking APIs - QA Test Suite","2026-10-01","passed","2026-10-01","Inter Name Enquiry","Wallets, Transfers, Transactions & Fund Requests","",""
"","135","Coin Wallet - Invalid Query","Personal Banking APIs - QA Test Suite","2026-10-01","passed","2026-10-01","Coin Wallet","Rewards, Cash Tokens & Wishlists","",""
"","135","Withdraw Cashback - Nonexistent ID","Personal Banking APIs - QA Test Suite","2026-10-01","failed","2026-10-01","Withdraw Cashback","Wallets, Transfers, Transactions & Fund Requests","",""
"","136","Youngmoni Transfer - Missing Required Field","Personal Banking APIs - QA Test Suite","2026-10-01","passed","2026-10-01","Youngmoni Transfer","Scheduled Payments","",""
"","130","Youngmoni Transfer - Invalid Status Or Type","Personal Banking APIs - QA Test Suite","2026-10-01","passed","2026-10-01","Youngmoni Transfer","Scheduled Payments","",""
"","129","Transactions Deposit - Valid","Personal Banking APIs - QA Test Suite","2026-10-01","failed","2026-10-01","Transactions Deposit","SWAG Savings","",""
"","132","Tier Zero Upgrade - Missing Required Field","Personal Banking APIs - QA Test Suite","2026-10-01","passed","2026-10-01","Tier Zero Upgrade","KYC, Tier Upgrades & Young Moni","",""
"","131","Login - Invalid Token Or PIN","Personal Banking APIs - QA Test Suite","2026-10-01","passed","2026-10-01","Login","Login, Credentials, Security & Devices","",""
"","138","Upload Bulk Fund Request - Valid","Personal Banking APIs - QA Test Suite","2026-10-01","failed","2026-10-01","Upload Bulk Fund Request","Wallets, Transfers, Transactions & Fund Requests","",""
"","151","Requests - Valid","Personal Banking APIs - QA Test Suite","2026-10-01","failed","2026-10-01","Requests","Customer Cards","",""
"","149","List - Valid","Personal Banking APIs - QA Test Suite","2026-10-01","failed","2026-10-01","List","Airtime, Data, Bills & VAS Beneficiaries","",""
"","263","Admin Games Sessions - Valid","Personal Banking APIs - QA Test Suite","2026-10-01","failed","2026-10-01","Admin Games Sessions","Rewards, Cash Tokens & Wishlists","",""
"","134","Data - Invalid Token Or PIN","Personal Banking APIs - QA Test Suite","2026-10-01","passed","2026-10-01","Data","Scheduled Payments","",""
"","134","Account Officer Rate Officer - Missing Required Field","Personal Banking APIs - QA Test Suite","2026-10-01","failed","2026-10-01","Account Officer Rate Officer","Customer Profile, Accounts & Beneficiaries","",""
"","132","Terms Terms And Rewards - Invalid Query","Personal Banking APIs - QA Test Suite","2026-10-01","failed","2026-10-01","Terms Terms And Rewards","Rewards, Cash Tokens & Wishlists","",""
"","136","Create - Missing Required Field","Personal Banking APIs - QA Test Suite","2026-10-01","failed","2026-10-01","Create","Wallets, Transfers, Transactions & Fund Requests","",""
"","132","Admin Admin Upgrade To Merchant - Invalid Token Or PIN","Personal Banking APIs - QA Test Suite","2026-10-01","failed","2026-10-01","Admin Admin Upgrade To Merchant","KYC, Tier Upgrades & Young Moni","",""
"","124","Admin Reject Upgrade Request - No Auth","Personal Banking APIs - QA Test Suite","2026-10-01","passed","2026-10-01","Admin Reject Upgrade Request","KYC, Tier Upgrades & Young Moni","",""
"","142","Topup Supalock - Valid","Personal Banking APIs - QA Test Suite","2026-10-01","failed","2026-10-01","Topup Supalock","Supalock Savings","",""
"","134","Validate Betting Id - Empty Fields","Personal Banking APIs - QA Test Suite","2026-10-01","passed","2026-10-01","Validate Betting Id","Airtime, Data, Bills & VAS Beneficiaries","",""
"","356","Her Wealth Details - Nonexistent ID","Personal Banking APIs - QA Test Suite","2026-10-01","passed","2026-10-01","Her Wealth Details","Customer Profile, Accounts & Beneficiaries","",""
"","141","Partial - Empty Fields","Personal Banking APIs - QA Test Suite","2026-10-01","failed","2026-10-01","Partial","Airtime, Data, Bills & VAS Beneficiaries","",""
"","146","Cancel Schedule Payment - Valid","Personal Banking APIs - QA Test Suite","2026-10-01","failed","2026-10-01","Cancel Schedule Payment","Scheduled Payments","",""
"","143","Data - Valid","Personal Banking APIs - QA Test Suite","2026-10-01","failed","2026-10-01","Data","Scheduled Payments","",""
"","136","Dismiss Action - Nonexistent ID","Personal Banking APIs - QA Test Suite","2026-10-01","passed","2026-10-01","Dismiss Action","KYC, Tier Upgrades & Young Moni","",""
"","125","Reject Single Bulk Recipient - No Auth","Personal Banking APIs - QA Test Suite","2026-10-01","passed","2026-10-01","Reject Single Bulk Recipient","Wallets, Transfers, Transactions & Fund Requests","",""
"","133","List - Invalid Query","Personal Banking APIs - QA Test Suite","2026-10-01","failed","2026-10-01","List","Kolo Connect Advances","",""
"","132","Electricity - Invalid Status Or Type","Personal Banking APIs - QA Test Suite","2026-10-01","passed","2026-10-01","Electricity","Scheduled Payments","",""
"","126","Transactions Break Target - No Auth","Personal Banking APIs - QA Test Suite","2026-10-01","failed","2026-10-01","Transactions Break Target","Target Savings","",""
"","147","Set Password & Create Pending User - Valid","Personal Banking APIs - QA Test Suite","2026-10-01","failed","2026-10-01","Set Password & Create Pending User","Customer Onboarding","",""
"","127","Transactions Create Wallet Product Specific - Empty Fields","Personal Banking APIs - QA Test Suite","2026-10-01","passed","2026-10-01","Transactions Create Wallet Product Specific","Target Savings","",""
"","125","Single Fund Request - Invalid Token Or PIN","Personal Banking APIs - QA Test Suite","2026-10-01","passed","2026-10-01","Single Fund Request","Wallets, Transfers, Transactions & Fund Requests","",""
"","132","Find Account Banks - Empty Fields","Personal Banking APIs - QA Test Suite","2026-10-01","passed","2026-10-01","Find Account Banks","Customer Profile, Accounts & Beneficiaries","",""
"","131","Wallet Download Target Statement - Invalid Amount","Personal Banking APIs - QA Test Suite","2026-10-01","failed","2026-10-01","Wallet Download Target Statement","Target Savings","",""
"","136","Complete Registration - Missing Required Field","Personal Banking APIs - QA Test Suite","2026-10-01","passed","2026-10-01","Complete Registration","Customer Onboarding","",""
"","163","Customer Submit - Valid","Personal Banking APIs - QA Test Suite","2026-10-01","failed","2026-10-01","Customer Submit","KYC, Tier Upgrades & Young Moni","",""
"","144","Tier Zero Upgrade - Valid","Personal Banking APIs - QA Test Suite","2026-10-01","failed","2026-10-01","Tier Zero Upgrade","KYC, Tier Upgrades & Young Moni","",""
"","298","Add Account Alias - Empty Fields","Personal Banking APIs - QA Test Suite","2026-10-01","passed","2026-10-01","Add Account Alias","Customer Profile, Accounts & Beneficiaries","",""
"","132","Young Moni Requests - Invalid ID","Personal Banking APIs - QA Test Suite","2026-10-01","failed","2026-10-01","Young Moni Requests","KYC, Tier Upgrades & Young Moni","",""
"","139","Winner Dismiss Action - Invalid Amount","Personal Banking APIs - QA Test Suite","2026-10-01","failed","2026-10-01","Winner Dismiss Action","Rewards, Cash Tokens & Wishlists","",""
"","125","Update Daily Transfer Limit - No Auth","Personal Banking APIs - QA Test Suite","2026-10-01","passed","2026-10-01","Update Daily Transfer Limit","Customer Profile, Accounts & Beneficiaries","",""
"","137","Verify Email OTP - Missing Required Field","Personal Banking APIs - QA Test Suite","2026-10-01","passed","2026-10-01","Verify Email OTP","Customer Onboarding","",""
"","143","Reject Single Bulk Recipient - Valid","Personal Banking APIs - QA Test Suite","2026-10-01","failed","2026-10-01","Reject Single Bulk Recipient","Wallets, Transfers, Transactions & Fund Requests","",""
"","124","Transactions Update Spend Wallet - No Auth","Personal Banking APIs - QA Test Suite","2026-10-01","passed","2026-10-01","Transactions Update Spend Wallet","Save & Spend","",""
"","123","List - No Auth","Personal Banking APIs - QA Test Suite","2026-10-01","passed","2026-10-01","List","Wallets, Transfers, Transactions & Fund Requests","",""
"","123","Update Identity - No Auth","Personal Banking APIs - QA Test Suite","2026-10-01","passed","2026-10-01","Update Identity","KYC, Tier Upgrades & Young Moni","",""
"","136","Redeem Insurance - Invalid Amount","Personal Banking APIs - QA Test Suite","2026-10-01","passed","2026-10-01","Redeem Insurance","Insurance","",""
"","126","Account Officer View Rating - No Auth","Personal Banking APIs - QA Test Suite","2026-10-01","passed","2026-10-01","Account Officer View Rating","Customer Profile, Accounts & Beneficiaries","",""
"","125","List - No Auth","Personal Banking APIs - QA Test Suite","2026-10-01","passed","2026-10-01","List","Customer Profile, Accounts & Beneficiaries","",""
"","128","Purchase Data - Valid","Personal Banking APIs - QA Test Suite","2026-10-01","failed","2026-10-01","Purchase Data","Airtime, Data, Bills & VAS Beneficiaries","",""
"","132","Transactions - Invalid Query","Personal Banking APIs - QA Test Suite","2026-10-01","failed","2026-10-01","Transactions","Supalock Savings","",""
"","124","Account Officer Request Change - No Auth","Personal Banking APIs - QA Test Suite","2026-10-01","passed","2026-10-01","Account Officer Request Change","Customer Profile, Accounts & Beneficiaries","",""
"","130","Tier Zero Upgrade - Empty Fields","Personal Banking APIs - QA Test Suite","2026-10-01","passed","2026-10-01","Tier Zero Upgrade","KYC, Tier Upgrades & Young Moni","",""
"","124","Admin Devices Deactivate - No Auth","Personal Banking APIs - QA Test Suite","2026-10-01","failed","2026-10-01","Admin Devices Deactivate","Login, Credentials, Security & Devices","",""
"","126","Purchase Jamb - Empty Fields","Personal Banking APIs - QA Test Suite","2026-10-01","passed","2026-10-01","Purchase Jamb","Airtime, Data, Bills & VAS Beneficiaries","",""
"","144","Admin Games Rewards - Valid","Personal Banking APIs - QA Test Suite","2026-10-01","failed","2026-10-01","Admin Games Rewards","Rewards, Cash Tokens & Wishlists","",""
"","138","Reward With Cashback - Valid","Personal Banking APIs - QA Test Suite","2026-10-01","failed","2026-10-01","Reward With Cashback","Rewards, Cash Tokens & Wishlists","",""
"","137","Item - Invalid ID","Personal Banking APIs - QA Test Suite","2026-10-01","passed","2026-10-01","Item","Rewards, Cash Tokens & Wishlists","",""
"","141","Update Single Transfer Limit - Empty Fields","Personal Banking APIs - QA Test Suite","2026-10-01","failed","2026-10-01","Update Single Transfer Limit","Customer Profile, Accounts & Beneficiaries","",""
"","137","Admin Games Rewards - Invalid ID","Personal Banking APIs - QA Test Suite","2026-10-01","failed","2026-10-01","Admin Games Rewards","Rewards, Cash Tokens & Wishlists","",""
"","246","Account Officer Change Request - Valid","Personal Banking APIs - QA Test Suite","2026-10-01","passed","2026-10-01","Account Officer Change Request","Customer Profile, Accounts & Beneficiaries","",""
"","126","Overview - No Auth","Personal Banking APIs - QA Test Suite","2026-10-01","passed","2026-10-01","Overview","Rewards, Cash Tokens & Wishlists","",""
"","128","Admin Coins Rules - No Auth","Personal Banking APIs - QA Test Suite","2026-10-01","passed","2026-10-01","Admin Coins Rules","Rewards, Cash Tokens & Wishlists","",""
"","127","Transactions Update Swag Plan - Empty Fields","Personal Banking APIs - QA Test Suite","2026-10-01","passed","2026-10-01","Transactions Update Swag Plan","SWAG Savings","",""
"","140","Repayment Plan - Valid","Personal Banking APIs - QA Test Suite","2026-10-01","failed","2026-10-01","Repayment Plan","Kolo Connect Advances","",""
"","147","Admin Coins Rules - Valid","Personal Banking APIs - QA Test Suite","2026-10-01","failed","2026-10-01","Admin Coins Rules","Rewards, Cash Tokens & Wishlists","",""
"","127","Transactions Update Swag Plan - Invalid Token Or PIN","Personal Banking APIs - QA Test Suite","2026-10-01","passed","2026-10-01","Transactions Update Swag Plan","SWAG Savings","",""
"","136","Admin Upload Documents - Missing Required Field","Personal Banking APIs - QA Test Suite","2026-10-01","passed","2026-10-01","Admin Upload Documents","KYC, Tier Upgrades & Young Moni","",""
"","147","Admin Admin Tier Two Upgrade - Valid","Personal Banking APIs - QA Test Suite","2026-10-01","failed","2026-10-01","Admin Admin Tier Two Upgrade","KYC, Tier Upgrades & Young Moni","",""
"","134","Activate - Invalid ID","Personal Banking APIs - QA Test Suite","2026-10-01","passed","2026-10-01","Activate","Customer Cards","",""
"","141","Wallet Download Target Statement - Valid","Personal Banking APIs - QA Test Suite","2026-10-01","failed","2026-10-01","Wallet Download Target Statement","Target Savings","",""
"","125","Transactions Update Spend Wallet - Invalid Token Or PIN","Personal Banking APIs - QA Test Suite","2026-10-01","passed","2026-10-01","Transactions Update Spend Wallet","Save & Spend","",""
"","124","Get Transaction Overview - No Auth","Personal Banking APIs - QA Test Suite","2026-10-01","passed","2026-10-01","Get Transaction Overview","Wallets, Transfers, Transactions & Fund Requests","",""
"","132","Channel Settings - Empty Fields","Personal Banking APIs - QA Test Suite","2026-10-01","passed","2026-10-01","Channel Settings","Customer Cards","",""
"","124","Payment Merchant - No Auth","Personal Banking APIs - QA Test Suite","2026-10-01","passed","2026-10-01","Payment Merchant","Customer Cards","",""
"","129","Create Password - Invalid Email","Personal Banking APIs - QA Test Suite","2026-10-01","passed","2026-10-01","Create Password","Login, Credentials, Security & Devices","",""
"","234","Admin Coins Rules - No Auth","Personal Banking APIs - QA Test Suite","2026-10-01","passed","2026-10-01","Admin Coins Rules","Rewards, Cash Tokens & Wishlists","",""
"","142","Channel Settings - Invalid Amount","Personal Banking APIs - QA Test Suite","2026-10-01","failed","2026-10-01","Channel Settings","Customer Cards","",""
"","125","Requests Get Delivery Cost - No Auth","Personal Banking APIs - QA Test Suite","2026-10-01","passed","2026-10-01","Requests Get Delivery Cost","Customer Cards","",""
"","244","Admin Games - Invalid Query","Personal Banking APIs - QA Test Suite","2026-10-01","failed","2026-10-01","Admin Games","Rewards, Cash Tokens & Wishlists","",""
"","182","Young Moni Initiate Account Without Identity - Valid","Personal Banking APIs - QA Test Suite","2026-10-01","failed","2026-10-01","Young Moni Initiate Account Without Identity","Customer Profile, Accounts & Beneficiaries","",""
"","149","Create Login Pin - Empty Fields","Personal Banking APIs - QA Test Suite","2026-10-01","failed","2026-10-01","Create Login Pin","Login, Credentials, Security & Devices","",""
"","141","Games Spin Wheel - Valid","Personal Banking APIs - QA Test Suite","2026-10-01","failed","2026-10-01","Games Spin Wheel","Rewards, Cash Tokens & Wishlists","",""
"","128","Upload Bulk Fund Request - Empty Fields","Personal Banking APIs - QA Test Suite","2026-10-01","passed","2026-10-01","Upload Bulk Fund Request","Wallets, Transfers, Transactions & Fund Requests","",""
"","137","Providers - Nonexistent ID","Personal Banking APIs - QA Test Suite","2026-10-01","passed","2026-10-01","Providers","Insurance","",""
"","127","Request Phone Verification - Empty Fields","Personal Banking APIs - QA Test Suite","2026-10-01","failed","2026-10-01","Request Phone Verification","Login, Credentials, Security & Devices","",""
"","171","Payment Merchant - Valid","Personal Banking APIs - QA Test Suite","2026-10-01","failed","2026-10-01","Payment Merchant","Customer Cards","",""
"","150","Terms Terms And Rewards - Valid","Personal Banking APIs - QA Test Suite","2026-10-01","passed","2026-10-01","Terms Terms And Rewards","Rewards, Cash Tokens & Wishlists","",""
"","138","Create Insurance - Missing Required Field","Personal Banking APIs - QA Test Suite","2026-10-01","passed","2026-10-01","Create Insurance","Insurance","",""
"","138","Daily Spending Summary - Invalid Query","Personal Banking APIs - QA Test Suite","2026-10-01","failed","2026-10-01","Daily Spending Summary","Wallets, Transfers, Transactions & Fund Requests","",""
"","148","Verify Token - Valid","Personal Banking APIs - QA Test Suite","2026-10-01","failed","2026-10-01","Verify Token","Login, Credentials, Security & Devices","",""
"","135","Payment Merchant - Missing Required Field","Personal Banking APIs - QA Test Suite","2026-10-01","failed","2026-10-01","Payment Merchant","Customer Cards","",""
"","127","Purchase Airtime - Invalid Token Or PIN","Personal Banking APIs - QA Test Suite","2026-10-01","passed","2026-10-01","Purchase Airtime","Airtime, Data, Bills & VAS Beneficiaries","",""
"","139","Toolkit Accounts - Invalid Query","Personal Banking APIs - QA Test Suite","2026-10-01","failed","2026-10-01","Toolkit Accounts","Customer Profile, Accounts & Beneficiaries","",""
"","138","Transfer - Missing Required Field","Personal Banking APIs - QA Test Suite","2026-10-01","passed","2026-10-01","Transfer","Scheduled Payments","",""
"","131","Partial - Invalid Status Or Type","Personal Banking APIs - QA Test Suite","2026-10-01","passed","2026-10-01","Partial","Airtime, Data, Bills & VAS Beneficiaries","",""
"","124","Create Wishlist - No Auth","Personal Banking APIs - QA Test Suite","2026-10-01","passed","2026-10-01","Create Wishlist","Rewards, Cash Tokens & Wishlists","",""
"","733","Games Card Match - No Auth","Personal Banking APIs - QA Test Suite","2026-10-01","passed","2026-10-01","Games Card Match","Rewards, Cash Tokens & Wishlists","",""
"","138","List - Invalid Query","Personal Banking APIs - QA Test Suite","2026-10-01","failed","2026-10-01","List","Supalock Savings","",""
"","124","Types - No Auth","Personal Banking APIs - QA Test Suite","2026-10-01","passed","2026-10-01","Types","Supalock Savings","",""
"","129","Types Get Supa Lock Special Interest - Invalid Query","Personal Banking APIs - QA Test Suite","2026-10-01","failed","2026-10-01","Types Get Supa Lock Special Interest","Supalock Savings","",""
"","126","Create Supalock - No Auth","Personal Banking APIs - QA Test Suite","2026-10-01","passed","2026-10-01","Create Supalock","Supalock Savings","",""
"","163","Details - Valid","Personal Banking APIs - QA Test Suite","2026-10-01","passed","2026-10-01","Details","Customer Profile, Accounts & Beneficiaries","",""
"","124","List - No Auth","Personal Banking APIs - QA Test Suite","2026-10-01","passed","2026-10-01","List","KYC, Tier Upgrades & Young Moni","",""
"","126","Initiate Liveness Setup - Valid","Personal Banking APIs - QA Test Suite","2026-10-01","failed","2026-10-01","Initiate Liveness Setup","Login, Credentials, Security & Devices","",""
"","124","Youngmoni Transfer - No Auth","Personal Banking APIs - QA Test Suite","2026-10-01","passed","2026-10-01","Youngmoni Transfer","Scheduled Payments","",""
"","169","Account Officer View Rating - Valid","Personal Banking APIs - QA Test Suite","2026-10-01","passed","2026-10-01","Account Officer View Rating","Customer Profile, Accounts & Beneficiaries","",""
"","163","Inter Name Enquiry - Valid","Personal Banking APIs - QA Test Suite","2026-10-01","failed","2026-10-01","Inter Name Enquiry","Wallets, Transfers, Transactions & Fund Requests","",""
"","130","Wallet - Nonexistent ID","Personal Banking APIs - QA Test Suite","2026-10-01","failed","2026-10-01","Wallet","Save & Spend","",""
"","125","Transactions Update Swag Monthly Rollover - No Auth","Personal Banking APIs - QA Test Suite","2026-10-01","passed","2026-10-01","Transactions Update Swag Monthly Rollover","SWAG Savings","",""
"","134","Topup Supalock - Invalid Amount","Personal Banking APIs - QA Test Suite","2026-10-01","failed","2026-10-01","Topup Supalock","Supalock Savings","",""
"","127","Transactions Withdraw Interest - Missing Required Field","Personal Banking APIs - QA Test Suite","2026-10-01","passed","2026-10-01","Transactions Withdraw Interest","SWAG Savings","",""
"","142","Get Transaction Overview - Valid","Personal Banking APIs - QA Test Suite","2026-10-01","failed","2026-10-01","Get Transaction Overview","Wallets, Transfers, Transactions & Fund Requests","",""
"","135","Admin Coins Redemption Rules - Invalid Status Or Type","Personal Banking APIs - QA Test Suite","2026-10-01","failed","2026-10-01","Admin Coins Redemption Rules","Rewards, Cash Tokens & Wishlists","",""
"","126","Youngmoni Transfer - Empty Fields","Personal Banking APIs - QA Test Suite","2026-10-01","passed","2026-10-01","Youngmoni Transfer","Scheduled Payments","",""
"","151","Upload Documents - Valid","Personal Banking APIs - QA Test Suite","2026-10-01","failed","2026-10-01","Upload Documents","KYC, Tier Upgrades & Young Moni","",""
"","140","Reset Transaction Pin - Missing Required Field","Personal Banking APIs - QA Test Suite","2026-10-01","passed","2026-10-01","Reset Transaction Pin","Login, Credentials, Security & Devices","",""
"","141","Get Electricity Billers - Valid","Personal Banking APIs - QA Test Suite","2026-10-01","failed","2026-10-01","Get Electricity Billers","Airtime, Data, Bills & VAS Beneficiaries","",""
"","134","Reset Pin - No Auth","Personal Banking APIs - QA Test Suite","2026-10-01","passed","2026-10-01","Reset Pin","Customer Cards","",""
"","124","Wallet - No Auth","Personal Banking APIs - QA Test Suite","2026-10-01","passed","2026-10-01","Wallet","SWAG Savings","",""
"","122","Games - No Auth","Personal Banking APIs - QA Test Suite","2026-10-01","passed","2026-10-01","Games","Rewards, Cash Tokens & Wishlists","",""
"","130","Login With Pin - Invalid Token Or PIN","Personal Banking APIs - QA Test Suite","2026-10-01","passed","2026-10-01","Login With Pin","Login, Credentials, Security & Devices","",""
"","129","Login With Pin - Empty Fields","Personal Banking APIs - QA Test Suite","2026-10-01","passed","2026-10-01","Login With Pin","Login, Credentials, Security & Devices","",""
"","123","Young Moni Requests - No Auth","Personal Banking APIs - QA Test Suite","2026-10-01","passed","2026-10-01","Young Moni Requests","KYC, Tier Upgrades & Young Moni","",""
"","230","Admin - No Auth","Personal Banking APIs - QA Test Suite","2026-10-01","passed","2026-10-01","Admin","KYC, Tier Upgrades & Young Moni","",""
"","142","Tenors - Invalid Query","Personal Banking APIs - QA Test Suite","2026-10-01","failed","2026-10-01","Tenors","Kolo Connect Advances","",""
"","3319","Login - Valid","Personal Banking APIs - QA Test Suite","2026-10-01","passed","2026-10-01","Login","Login, Credentials, Security & Devices","",""
"","151","Remaining Limit Today - Invalid Query","Personal Banking APIs - QA Test Suite","2026-10-01","failed","2026-10-01","Remaining Limit Today","Wallets, Transfers, Transactions & Fund Requests","",""
"","128","Purchase Cable - Invalid Amount","Personal Banking APIs - QA Test Suite","2026-10-01","passed","2026-10-01","Purchase Cable","Airtime, Data, Bills & VAS Beneficiaries","",""
"","133","Get Item - No Auth","Personal Banking APIs - QA Test Suite","2026-10-01","failed","2026-10-01","Get Item","Rewards, Cash Tokens & Wishlists","",""
"","125","Retrieve - No Auth","Personal Banking APIs - QA Test Suite","2026-10-01","passed","2026-10-01","Retrieve","Airtime, Data, Bills & VAS Beneficiaries","",""
"","127","Transactions Create Plan - Missing Required Field","Personal Banking APIs - QA Test Suite","2026-10-01","passed","2026-10-01","Transactions Create Plan","SWAG Savings","",""
"","133","Continue With Email - Empty Fields","Personal Banking APIs - QA Test Suite","2026-10-01","passed","2026-10-01","Continue With Email","Customer Onboarding","",""
"","127","Transactions Update Spend Wallet - Invalid ID","Personal Banking APIs - QA Test Suite","2026-10-01","passed","2026-10-01","Transactions Update Spend Wallet","Save & Spend","",""
"","148","Reset Login Pin - Missing Required Field","Personal Banking APIs - QA Test Suite","2026-10-01","passed","2026-10-01","Reset Login Pin","Login, Credentials, Security & Devices","",""
"","135","Tier One Upgrade With BVN - No Auth","Personal Banking APIs - QA Test Suite","2026-10-01","passed","2026-10-01","Tier One Upgrade With BVN","KYC, Tier Upgrades & Young Moni","",""
"","244","Admin Games - Invalid ID","Personal Banking APIs - QA Test Suite","2026-10-01","failed","2026-10-01","Admin Games","Rewards, Cash Tokens & Wishlists","",""
"","136","Admin Coins Rules - Invalid ID","Personal Banking APIs - QA Test Suite","2026-10-01","failed","2026-10-01","Admin Coins Rules","Rewards, Cash Tokens & Wishlists","",""
"","229","Admin List Documents - No Auth","Personal Banking APIs - QA Test Suite","2026-10-01","passed","2026-10-01","Admin List Documents","KYC, Tier Upgrades & Young Moni","",""
"","292","List - Valid","Personal Banking APIs - QA Test Suite","2026-10-01","passed","2026-10-01","List","Customer Cards","",""
"","127","Purchase Waec - No Auth","Personal Banking APIs - QA Test Suite","2026-10-01","failed","2026-10-01","Purchase Waec","Airtime, Data, Bills & VAS Beneficiaries","",""
"","129","Fund Betting Wallet - Invalid Status Or Type","Personal Banking APIs - QA Test Suite","2026-10-01","passed","2026-10-01","Fund Betting Wallet","Airtime, Data, Bills & VAS Beneficiaries","",""
"","132","Repay - Invalid Amount","Personal Banking APIs - QA Test Suite","2026-10-01","failed","2026-10-01","Repay","Kolo Connect Advances","",""
"","199","Update Request Recipients - Empty Fields","Personal Banking APIs - QA Test Suite","2026-10-01","failed","2026-10-01","Update Request Recipients","Wallets, Transfers, Transactions & Fund Requests","",""
"","128","Verify Phone Number - Valid","Personal Banking APIs - QA Test Suite","2026-10-01","failed","2026-10-01","Verify Phone Number","Login, Credentials, Security & Devices","",""
"","255","Admin Games - Valid","Personal Banking APIs - QA Test Suite","2026-10-01","failed","2026-10-01","Admin Games","Rewards, Cash Tokens & Wishlists","",""
"","134","Withdraw Cashback - Invalid ID","Personal Banking APIs - QA Test Suite","2026-10-01","failed","2026-10-01","Withdraw Cashback","Wallets, Transfers, Transactions & Fund Requests","",""
"","125","Admin Admin Tier Zero Upgrade - No Auth","Personal Banking APIs - QA Test Suite","2026-10-01","passed","2026-10-01","Admin Admin Tier Zero Upgrade","KYC, Tier Upgrades & Young Moni","",""
"","188","Young Moni Documents - Valid","Personal Banking APIs - QA Test Suite","2026-10-01","failed","2026-10-01","Young Moni Documents","KYC, Tier Upgrades & Young Moni","",""
"","141","Youngmoni Transfer - Valid","Personal Banking APIs - QA Test Suite","2026-10-01","failed","2026-10-01","Youngmoni Transfer","Scheduled Payments","",""
"","125","Admin Devices Reactivate - Missing Required Field","Personal Banking APIs - QA Test Suite","2026-10-01","failed","2026-10-01","Admin Devices Reactivate","Login, Credentials, Security & Devices","",""
"","125","Create Her Wealth - No Auth","Personal Banking APIs - QA Test Suite","2026-10-01","passed","2026-10-01","Create Her Wealth","Customer Profile, Accounts & Beneficiaries","",""
"","141","Inter Name Enquiry - Missing Required Field","Personal Banking APIs - QA Test Suite","2026-10-01","passed","2026-10-01","Inter Name Enquiry","Wallets, Transfers, Transactions & Fund Requests","",""
"","531","Get Cable Providers - Valid","Personal Banking APIs - QA Test Suite","2026-10-01","passed","2026-10-01","Get Cable Providers","Airtime, Data, Bills & VAS Beneficiaries","",""
"","135","Wallet Interest Balance - Nonexistent ID","Personal Banking APIs - QA Test Suite","2026-10-01","failed","2026-10-01","Wallet Interest Balance","Save & Spend","",""
"","133","Channel Settings - Missing Required Field","Personal Banking APIs - QA Test Suite","2026-10-01","failed","2026-10-01","Channel Settings","Customer Cards","",""
"","131","Admin Games Rewards - No Auth","Personal Banking APIs - QA Test Suite","2026-10-01","passed","2026-10-01","Admin Games Rewards","Rewards, Cash Tokens & Wishlists","",""
"","128","Purchase Cable - Valid","Personal Banking APIs - QA Test Suite","2026-10-01","failed","2026-10-01","Purchase Cable","Airtime, Data, Bills & VAS Beneficiaries","",""
"","140","Get Item Edit - Valid","Personal Banking APIs - QA Test Suite","2026-10-01","failed","2026-10-01","Get Item Edit","Rewards, Cash Tokens & Wishlists","",""
"","142","Transactions - Valid","Personal Banking APIs - QA Test Suite","2026-10-01","failed","2026-10-01","Transactions","SWAG Savings","",""
"","128","Login With Pin - Invalid Email","Personal Banking APIs - QA Test Suite","2026-10-01","passed","2026-10-01","Login With Pin","Login, Credentials, Security & Devices","",""
"","139","Admin Coins Redemption Rules - Missing Required Field","Personal Banking APIs - QA Test Suite","2026-10-01","failed","2026-10-01","Admin Coins Redemption Rules","Rewards, Cash Tokens & Wishlists","",""
"","140","List - Valid","Personal Banking APIs - QA Test Suite","2026-10-01","failed","2026-10-01","List","Wallets, Transfers, Transactions & Fund Requests","",""
"","142","Admin Coins Redemption Rules - Invalid ID","Personal Banking APIs - QA Test Suite","2026-10-01","failed","2026-10-01","Admin Coins Redemption Rules","Rewards, Cash Tokens & Wishlists","",""
"","135","Initiate Email Update - Invalid Token Or PIN","Personal Banking APIs - QA Test Suite","2026-10-01","passed","2026-10-01","Initiate Email Update","KYC, Tier Upgrades & Young Moni","",""
"","126","Data - Empty Fields","Personal Banking APIs - QA Test Suite","2026-10-01","passed","2026-10-01","Data","Scheduled Payments","",""
"","131","Find Customers By Phone - Empty Fields","Personal Banking APIs - QA Test Suite","2026-10-01","passed","2026-10-01","Find Customers By Phone","Customer Profile, Accounts & Beneficiaries","",""
"","135","Admin Coins Redemption Rules - Invalid Status Or Type","Personal Banking APIs - QA Test Suite","2026-10-01","failed","2026-10-01","Admin Coins Redemption Rules","Rewards, Cash Tokens & Wishlists","",""
"","140","Transactions - Invalid Query","Personal Banking APIs - QA Test Suite","2026-10-01","failed","2026-10-01","Transactions","Supalock Savings","",""
"","129","Transactions Break Target - Empty Fields","Personal Banking APIs - QA Test Suite","2026-10-01","passed","2026-10-01","Transactions Break Target","Target Savings","",""
"","137","Partial - Invalid ID","Personal Banking APIs - QA Test Suite","2026-10-01","failed","2026-10-01","Partial","Customer Profile, Accounts & Beneficiaries","",""
"","126","Young Moni Initiate Account Without Identity - No Auth","Personal Banking APIs - QA Test Suite","2026-10-01","passed","2026-10-01","Young Moni Initiate Account Without Identity","Customer Profile, Accounts & Beneficiaries","",""
"","228","Admin - No Auth","Personal Banking APIs - QA Test Suite","2026-10-01","passed","2026-10-01","Admin","KYC, Tier Upgrades & Young Moni","",""
"","125","Request Alias Phone Verification - No Auth","Personal Banking APIs - QA Test Suite","2026-10-01","passed","2026-10-01","Request Alias Phone Verification","Customer Profile, Accounts & Beneficiaries","",""
"","136","Approve Bulk Fund Request - Invalid Token Or PIN","Personal Banking APIs - QA Test Suite","2026-10-01","failed","2026-10-01","Approve Bulk Fund Request","Wallets, Transfers, Transactions & Fund Requests","",""
"","143","Wallet Download Swag Statement - Valid","Personal Banking APIs - QA Test Suite","2026-10-01","failed","2026-10-01","Wallet Download Swag Statement","SWAG Savings","",""
"","131","Electricity - Missing Required Field","Personal Banking APIs - QA Test Suite","2026-10-01","passed","2026-10-01","Electricity","Scheduled Payments","",""
"","245","Admin Coins Redemption Rules - Invalid Query","Personal Banking APIs - QA Test Suite","2026-10-01","failed","2026-10-01","Admin Coins Redemption Rules","Rewards, Cash Tokens & Wishlists","",""
"","136","Young Moni Initiate Account Without Identity - Missing Required Field","Personal Banking APIs - QA Test Suite","2026-10-01","passed","2026-10-01","Young Moni Initiate Account Without Identity","Customer Profile, Accounts & Beneficiaries","",""
"","239","Admin - Invalid ID","Personal Banking APIs - QA Test Suite","2026-10-01","failed","2026-10-01","Admin","KYC, Tier Upgrades & Young Moni","",""
"","130","Verify Email Update - No Auth","Personal Banking APIs - QA Test Suite","2026-10-01","passed","2026-10-01","Verify Email Update","KYC, Tier Upgrades & Young Moni","",""
"","128","Initiate Reset Login Pin - Invalid Query","Personal Banking APIs - QA Test Suite","2026-10-01","failed","2026-10-01","Initiate Reset Login Pin","Login, Credentials, Security & Devices","",""
"","124","Games Get Rewards - No Auth","Personal Banking APIs - QA Test Suite","2026-10-01","passed","2026-10-01","Games Get Rewards","Rewards, Cash Tokens & Wishlists","",""
"","133","Update - Invalid Status Or Type","Personal Banking APIs - QA Test Suite","2026-10-01","passed","2026-10-01","Update","Scheduled Payments","",""
"","144","Recipients - Invalid Query","Personal Banking APIs - QA Test Suite","2026-10-01","failed","2026-10-01","Recipients","Wallets, Transfers, Transactions & Fund Requests","",""
"","140","List - No Auth","Personal Banking APIs - QA Test Suite","2026-10-01","passed","2026-10-01","List","Wallets, Transfers, Transactions & Fund Requests","",""
"","128","Transactions Evaluate Break - No Auth","Personal Banking APIs - QA Test Suite","2026-10-01","passed","2026-10-01","Transactions Evaluate Break","Target Savings","",""
"","135","Admin Coins Redemption Rules - Missing Required Field","Personal Banking APIs - QA Test Suite","2026-10-01","failed","2026-10-01","Admin Coins Redemption Rules","Rewards, Cash Tokens & Wishlists","",""
"","142","List - Invalid Query","Personal Banking APIs - QA Test Suite","2026-10-01","failed","2026-10-01","List","Scheduled Payments","",""
"","150","Get Suggestions - Valid","Personal Banking APIs - QA Test Suite","2026-10-01","passed","2026-10-01","Get Suggestions","Customer Profile, Accounts & Beneficiaries","",""
"","125","Create Sub Account - No Auth","Personal Banking APIs - QA Test Suite","2026-10-01","passed","2026-10-01","Create Sub Account","Customer Profile, Accounts & Beneficiaries","",""
"","134","Verify Reset Token - Empty Fields","Personal Banking APIs - QA Test Suite","2026-10-01","passed","2026-10-01","Verify Reset Token","Login, Credentials, Security & Devices","",""
"","168","List - Valid","Personal Banking APIs - QA Test Suite","2026-10-01","passed","2026-10-01","List","Customer Profile, Accounts & Beneficiaries","",""
"","128","Her Wealth Details - No Auth","Personal Banking APIs - QA Test Suite","2026-10-01","passed","2026-10-01","Her Wealth Details","Customer Profile, Accounts & Beneficiaries","",""
"","143","Wallet Interest Balance - Valid","Personal Banking APIs - QA Test Suite","2026-10-01","failed","2026-10-01","Wallet Interest Balance","Save & Spend","",""
"","255","Admin Games - Valid","Personal Banking APIs - QA Test Suite","2026-10-01","failed","2026-10-01","Admin Games","Rewards, Cash Tokens & Wishlists","",""
"","131","Update Identity - Invalid Status Or Type","Personal Banking APIs - QA Test Suite","2026-10-01","passed","2026-10-01","Update Identity","KYC, Tier Upgrades & Young Moni","",""
"","133","List - Invalid Query","Personal Banking APIs - QA Test Suite","2026-10-01","failed","2026-10-01","List","Wallets, Transfers, Transactions & Fund Requests","",""
"","137","Unblock - Invalid Token Or PIN","Personal Banking APIs - QA Test Suite","2026-10-01","failed","2026-10-01","Unblock","Customer Cards","",""
"","129","Redeem Coins - Missing Required Field","Personal Banking APIs - QA Test Suite","2026-10-01","passed","2026-10-01","Redeem Coins","Rewards, Cash Tokens & Wishlists","",""
"","133","Pay Schedule Early - Missing Required Field","Personal Banking APIs - QA Test Suite","2026-10-01","passed","2026-10-01","Pay Schedule Early","Scheduled Payments","",""
"","149","Verify Phone OTP - Empty Fields","Personal Banking APIs - QA Test Suite","2026-10-01","passed","2026-10-01","Verify Phone OTP","Customer Onboarding","",""
"","125","List - No Auth","Personal Banking APIs - QA Test Suite","2026-10-01","passed","2026-10-01","List","Supalock Savings","",""
"","140","Retrieve - Invalid ID","Personal Banking APIs - QA Test Suite","2026-10-01","failed","2026-10-01","Retrieve","Wallets, Transfers, Transactions & Fund Requests","",""
"","133","Verify Token - Invalid Status Or Type","Personal Banking APIs - QA Test Suite","2026-10-01","passed","2026-10-01","Verify Token","Login, Credentials, Security & Devices","",""
"","130","Types Get Supa Lock Special Interest - Invalid ID","Personal Banking APIs - QA Test Suite","2026-10-01","failed","2026-10-01","Types Get Supa Lock Special Interest","Supalock Savings","",""
"","125","Customer Submit - No Auth","Personal Banking APIs - QA Test Suite","2026-10-01","passed","2026-10-01","Customer Submit","KYC, Tier Upgrades & Young Moni","",""
"","200","Check Email / Phone Availability - Missing Required Field","Personal Banking APIs - QA Test Suite","2026-10-01","failed","2026-10-01","Check Email / Phone Availability","Customer Onboarding","",""
"","132","Enabled Setting - Invalid Query","Personal Banking APIs - QA Test Suite","2026-10-01","failed","2026-10-01","Enabled Setting","Wallets, Transfers, Transactions & Fund Requests","",""
"","151","Approve Single Bulk Recipient - Valid","Personal Banking APIs - QA Test Suite","2026-10-01","failed","2026-10-01","Approve Single Bulk Recipient","Wallets, Transfers, Transactions & Fund Requests","",""
"","167","Add Account Alias - Valid","Personal Banking APIs - QA Test Suite","2026-10-01","failed","2026-10-01","Add Account Alias","Customer Profile, Accounts & Beneficiaries","",""
"","135","Document Delete - Missing Required Field","Personal Banking APIs - QA Test Suite","2026-10-01","failed","2026-10-01","Document Delete","KYC, Tier Upgrades & Young Moni","",""
"","137","Verify Alias Phone Number - Empty Fields","Personal Banking APIs - QA Test Suite","2026-10-01","passed","2026-10-01","Verify Alias Phone Number","Customer Profile, Accounts & Beneficiaries","",""
"","160","Update Location - Invalid ID","Personal Banking APIs - QA Test Suite","2026-10-01","failed","2026-10-01","Update Location","Login, Credentials, Security & Devices","",""
"","128","Young Moni Upload Guardian Documents - Valid","Personal Banking APIs - QA Test Suite","2026-10-01","failed","2026-10-01","Young Moni Upload Guardian Documents","Customer Profile, Accounts & Beneficiaries","",""
"","130","Young Moni Documents - Invalid ID","Personal Banking APIs - QA Test Suite","2026-10-01","failed","2026-10-01","Young Moni Documents","KYC, Tier Upgrades & Young Moni","",""
"","137","Partial - Invalid Amount","Personal Banking APIs - QA Test Suite","2026-10-01","failed","2026-10-01","Partial","Customer Profile, Accounts & Beneficiaries","",""
"","169","Update Daily Transfer Limit - Valid","Personal Banking APIs - QA Test Suite","2026-10-01","failed","2026-10-01","Update Daily Transfer Limit","Customer Profile, Accounts & Beneficiaries","",""
"","135","Young Moni Initiate Account Request - Missing Required Field","Personal Banking APIs - QA Test Suite","2026-10-01","passed","2026-10-01","Young Moni Initiate Account Request","Customer Profile, Accounts & Beneficiaries","",""
"","132","Requests Get Delivery Cost - Empty Fields","Personal Banking APIs - QA Test Suite","2026-10-01","passed","2026-10-01","Requests Get Delivery Cost","Customer Cards","",""
"","131","Wallet - Invalid Query","Personal Banking APIs - QA Test Suite","2026-10-01","failed","2026-10-01","Wallet","Target Savings","",""
"","158","Transactions - Valid","Personal Banking APIs - QA Test Suite","2026-10-01","failed","2026-10-01","Transactions","Supalock Savings","",""
"","125","Fund Betting Wallet - No Auth","Personal Banking APIs - QA Test Suite","2026-10-01","failed","2026-10-01","Fund Betting Wallet","Airtime, Data, Bills & VAS Beneficiaries","",""
"","126","Young Moni - No Auth","Personal Banking APIs - QA Test Suite","2026-10-01","passed","2026-10-01","Young Moni","Customer Profile, Accounts & Beneficiaries","",""
"","133","Topup Supalock - Missing Required Field","Personal Banking APIs - QA Test Suite","2026-10-01","failed","2026-10-01","Topup Supalock","Supalock Savings","",""
"","129","Transactions Break Target - Valid","Personal Banking APIs - QA Test Suite","2026-10-01","failed","2026-10-01","Transactions Break Target","Target Savings","",""
"","237","Admin Coins Redemption Rules - No Auth","Personal Banking APIs - QA Test Suite","2026-10-01","passed","2026-10-01","Admin Coins Redemption Rules","Rewards, Cash Tokens & Wishlists","",""
"","136","Validate Smart Card - Missing Required Field","Personal Banking APIs - QA Test Suite","2026-10-01","failed","2026-10-01","Validate Smart Card","Airtime, Data, Bills & VAS Beneficiaries","",""
"","238","Admin Coins Rules Stats - No Auth","Personal Banking APIs - QA Test Suite","2026-10-01","passed","2026-10-01","Admin Coins Rules Stats","Rewards, Cash Tokens & Wishlists","",""
"","215","List - Valid","Personal Banking APIs - QA Test Suite","2026-10-01","failed","2026-10-01","List","Wallets, Transfers, Transactions & Fund Requests","",""
"","131","Admin Admin Tier One Upgrade - Invalid Status Or Type","Personal Banking APIs - QA Test Suite","2026-10-01","failed","2026-10-01","Admin Admin Tier One Upgrade","KYC, Tier Upgrades & Young Moni","",""
"","132","Topup Supalock - Nonexistent ID","Personal Banking APIs - QA Test Suite","2026-10-01","failed","2026-10-01","Topup Supalock","Supalock Savings","",""
"","139","List - Valid","Personal Banking APIs - QA Test Suite","2026-10-01","failed","2026-10-01","List","Wallets, Transfers, Transactions & Fund Requests","",""
"","129","Transactions Create Wallet - Empty Fields","Personal Banking APIs - QA Test Suite","2026-10-01","passed","2026-10-01","Transactions Create Wallet","Target Savings","",""
"","128","Retrieve - No Auth","Personal Banking APIs - QA Test Suite","2026-10-01","passed","2026-10-01","Retrieve","Wallets, Transfers, Transactions & Fund Requests","",""
"","137","Young Moni Upload Child Documents - Invalid Status Or Type","Personal Banking APIs - QA Test Suite","2026-10-01","failed","2026-10-01","Young Moni Upload Child Documents","Customer Profile, Accounts & Beneficiaries","",""
"","134","Update Single Transfer Limit - Invalid Token Or PIN","Personal Banking APIs - QA Test Suite","2026-10-01","passed","2026-10-01","Update Single Transfer Limit","Customer Profile, Accounts & Beneficiaries","",""
"","134","Document Update Status - Invalid ID","Personal Banking APIs - QA Test Suite","2026-10-01","failed","2026-10-01","Document Update Status","KYC, Tier Upgrades & Young Moni","",""
"","122","Requests - No Auth","Personal Banking APIs - QA Test Suite","2026-10-01","passed","2026-10-01","Requests","Customer Cards","",""
"","132","Create Supalock - Invalid Token Or PIN","Personal Banking APIs - QA Test Suite","2026-10-01","failed","2026-10-01","Create Supalock","Supalock Savings","",""
"","133","Kyc Level Distribution - Invalid Query","Personal Banking APIs - QA Test Suite","2026-10-01","failed","2026-10-01","Kyc Level Distribution","Customer Profile, Accounts & Beneficiaries","",""
"","128","Intra Transfer - Invalid Amount","Personal Banking APIs - QA Test Suite","2026-10-01","passed","2026-10-01","Intra Transfer","Wallets, Transfers, Transactions & Fund Requests","",""
"","148","Tier One Upgrade With BVN - Valid","Personal Banking APIs - QA Test Suite","2026-10-01","failed","2026-10-01","Tier One Upgrade With BVN","KYC, Tier Upgrades & Young Moni","",""
"","160","Retrieve - Valid","Personal Banking APIs - QA Test Suite","2026-10-01","failed","2026-10-01","Retrieve","Airtime, Data, Bills & VAS Beneficiaries","",""
"","127","Item - No Auth","Personal Banking APIs - QA Test Suite","2026-10-01","passed","2026-10-01","Item","Rewards, Cash Tokens & Wishlists","",""
"","127","Young Moni Upload Guardian Documents - Invalid ID","Personal Banking APIs - QA Test Suite","2026-10-01","passed","2026-10-01","Young Moni Upload Guardian Documents","Customer Profile, Accounts & Beneficiaries","",""
"","124","Airtime - No Auth","Personal Banking APIs - QA Test Suite","2026-10-01","passed","2026-10-01","Airtime","Scheduled Payments","",""
"","129","Inter Transfer - Invalid Token Or PIN","Personal Banking APIs - QA Test Suite","2026-10-01","passed","2026-10-01","Inter Transfer","Wallets, Transfers, Transactions & Fund Requests","",""
"","577","Fetch Balance - Valid","Personal Banking APIs - QA Test Suite","2026-10-01","passed","2026-10-01","Fetch Balance","Customer Profile, Accounts & Beneficiaries","",""
"","154","Initiate Reset Card Pin - Valid","Personal Banking APIs - QA Test Suite","2026-10-01","passed","2026-10-01","Initiate Reset Card Pin","Customer Cards","",""
"","134","Find Customers By Phone - Missing Required Field","Personal Banking APIs - QA Test Suite","2026-10-01","passed","2026-10-01","Find Customers By Phone","Customer Profile, Accounts & Beneficiaries","",""
"","132","Initiate Email Update - Invalid Email","Personal Banking APIs - QA Test Suite","2026-10-01","passed","2026-10-01","Initiate Email Update","KYC, Tier Upgrades & Young Moni","",""
"","126","Admin Games Rewards - No Auth","Personal Banking APIs - QA Test Suite","2026-10-01","passed","2026-10-01","Admin Games Rewards","Rewards, Cash Tokens & Wishlists","",""
"","135","Document Delete - Nonexistent ID","Personal Banking APIs - QA Test Suite","2026-10-01","failed","2026-10-01","Document Delete","KYC, Tier Upgrades & Young Moni","",""
"","134","Requests - Invalid Query","Personal Banking APIs - QA Test Suite","2026-10-01","failed","2026-10-01","Requests","Customer Cards","",""
"","137","Withdraw - Missing Required Field","Personal Banking APIs - QA Test Suite","2026-10-01","failed","2026-10-01","Withdraw","Rewards, Cash Tokens & Wishlists","",""
"","257","Admin Games Rewards - Valid","Personal Banking APIs - QA Test Suite","2026-10-01","failed","2026-10-01","Admin Games Rewards","Rewards, Cash Tokens & Wishlists","",""
"","150","Create - Valid","Personal Banking APIs - QA Test Suite","2026-10-01","failed","2026-10-01","Create","Wallets, Transfers, Transactions & Fund Requests","",""
"","134","Transactions - Invalid Query","Personal Banking APIs - QA Test Suite","2026-10-01","failed","2026-10-01","Transactions","Save & Spend","",""
"","134","Validate Jamb Profile - Invalid Status Or Type","Personal Banking APIs - QA Test Suite","2026-10-01","failed","2026-10-01","Validate Jamb Profile","Airtime, Data, Bills & VAS Beneficiaries","",""
"","133","Retrieve - Invalid Query","Personal Banking APIs - QA Test Suite","2026-10-01","failed","2026-10-01","Retrieve","Airtime, Data, Bills & VAS Beneficiaries","",""
"","136","Disable - Nonexistent ID","Personal Banking APIs - QA Test Suite","2026-10-01","failed","2026-10-01","Disable","Wallets, Transfers, Transactions & Fund Requests","",""
"","132","Setup Liveness Image - Empty Fields","Personal Banking APIs - QA Test Suite","2026-10-01","passed","2026-10-01","Setup Liveness Image","Login, Credentials, Security & Devices","",""
"","164","Download Statement - Invalid Status Or Type","Personal Banking APIs - QA Test Suite","2026-10-01","failed","2026-10-01","Download Statement","Wallets, Transfers, Transactions & Fund Requests","",""
"","247","Admin Coins Redemption Rules - Invalid Query","Personal Banking APIs - QA Test Suite","2026-10-01","failed","2026-10-01","Admin Coins Redemption Rules","Rewards, Cash Tokens & Wishlists","",""
"","130","Young Moni Requests Complete Review - Nonexistent ID","Personal Banking APIs - QA Test Suite","2026-10-01","failed","2026-10-01","Young Moni Requests Complete Review","KYC, Tier Upgrades & Young Moni","",""
"","144","Tier One Upgrade - Valid","Personal Banking APIs - QA Test Suite","2026-10-01","failed","2026-10-01","Tier One Upgrade","KYC, Tier Upgrades & Young Moni","",""
"","134","Withdraw Supalock - Invalid Token Or PIN","Personal Banking APIs - QA Test Suite","2026-10-01","failed","2026-10-01","Withdraw Supalock","Supalock Savings","",""
"","127","Young Moni Upload Guardian Documents - Invalid Status Or Type","Personal Banking APIs - QA Test Suite","2026-10-01","failed","2026-10-01","Young Moni Upload Guardian Documents","Customer Profile, Accounts & Beneficiaries","",""
"","136","Admin Coins Redemption Rules - Invalid Status Or Type","Personal Banking APIs - QA Test Suite","2026-10-01","failed","2026-10-01","Admin Coins Redemption Rules","Rewards, Cash Tokens & Wishlists","",""
"","124","Tier Progress - No Auth","Personal Banking APIs - QA Test Suite","2026-10-01","passed","2026-10-01","Tier Progress","Rewards, Cash Tokens & Wishlists","",""
"","146","Repay - Valid","Personal Banking APIs - QA Test Suite","2026-10-01","failed","2026-10-01","Repay","Kolo Connect Advances","",""
"","149","Admin Games Rewards - Invalid ID","Personal Banking APIs - QA Test Suite","2026-10-01","failed","2026-10-01","Admin Games Rewards","Rewards, Cash Tokens & Wishlists","",""
"","145","Update Identity - Missing Required Field","Personal Banking APIs - QA Test Suite","2026-10-01","passed","2026-10-01","Update Identity","KYC, Tier Upgrades & Young Moni","",""
"","237","Admin Games - No Auth","Personal Banking APIs - QA Test Suite","2026-10-01","passed","2026-10-01","Admin Games","Rewards, Cash Tokens & Wishlists","",""
"","131","Wallet Download Target Statement - Empty Fields","Personal Banking APIs - QA Test Suite","2026-10-01","failed","2026-10-01","Wallet Download Target Statement","Target Savings","",""
"","154","Retrieve - Valid","Personal Banking APIs - QA Test Suite","2026-10-01","failed","2026-10-01","Retrieve","Insurance","",""
"","132","Topup Supalock - Invalid ID","Personal Banking APIs - QA Test Suite","2026-10-01","failed","2026-10-01","Topup Supalock","Supalock Savings","",""
"","133","Admin Update Documents - Empty Fields","Personal Banking APIs - QA Test Suite","2026-10-01","passed","2026-10-01","Admin Update Documents","KYC, Tier Upgrades & Young Moni","",""
"","134","Admin Games Rewards - Nonexistent ID","Personal Banking APIs - QA Test Suite","2026-10-01","failed","2026-10-01","Admin Games Rewards","Rewards, Cash Tokens & Wishlists","",""
"","127","Purchase Data - Missing Required Field","Personal Banking APIs - QA Test Suite","2026-10-01","passed","2026-10-01","Purchase Data","Airtime, Data, Bills & VAS Beneficiaries","",""
"","164","Update Single Transfer Limit - Valid","Personal Banking APIs - QA Test Suite","2026-10-01","failed","2026-10-01","Update Single Transfer Limit","Customer Profile, Accounts & Beneficiaries","",""
"","143","Young Moni Upload Child Documents - Invalid ID","Personal Banking APIs - QA Test Suite","2026-10-01","passed","2026-10-01","Young Moni Upload Child Documents","Customer Profile, Accounts & Beneficiaries","",""
"","149","Games Card Match - Valid","Personal Banking APIs - QA Test Suite","2026-10-01","failed","2026-10-01","Games Card Match","Rewards, Cash Tokens & Wishlists","",""
"","125","Intra Name Enquiry - No Auth","Personal Banking APIs - QA Test Suite","2026-10-01","passed","2026-10-01","Intra Name Enquiry","Wallets, Transfers, Transactions & Fund Requests","",""
"","134","Wallet - Invalid ID","Personal Banking APIs - QA Test Suite","2026-10-01","failed","2026-10-01","Wallet","SWAG Savings","",""
"","140","Continue With Email - Invalid Email","Personal Banking APIs - QA Test Suite","2026-10-01","passed","2026-10-01","Continue With Email","Customer Onboarding","",""
"","128","Transactions Withdraw Principal - Invalid Token Or PIN","Personal Banking APIs - QA Test Suite","2026-10-01","passed","2026-10-01","Transactions Withdraw Principal","SWAG Savings","",""
"","135","Unblock - Invalid ID","Personal Banking APIs - QA Test Suite","2026-10-01","passed","2026-10-01","Unblock","Customer Cards","",""
"","127","Transactions Update Spend Wallet - Empty Fields","Personal Banking APIs - QA Test Suite","2026-10-01","passed","2026-10-01","Transactions Update Spend Wallet","Save & Spend","",""
"","127","Account Officer Rate Officer - No Auth","Personal Banking APIs - QA Test Suite","2026-10-01","passed","2026-10-01","Account Officer Rate Officer","Customer Profile, Accounts & Beneficiaries","",""
"","154","Young Moni Requests - Valid","Personal Banking APIs - QA Test Suite","2026-10-01","failed","2026-10-01","Young Moni Requests","KYC, Tier Upgrades & Young Moni","",""
"","172","Transactions - Valid","Personal Banking APIs - QA Test Suite","2026-10-01","passed","2026-10-01","Transactions","Target Savings","",""
"","137","Reject Single Fund Request - Invalid Token Or PIN","Personal Banking APIs - QA Test Suite","2026-10-01","failed","2026-10-01","Reject Single Fund Request","Wallets, Transfers, Transactions & Fund Requests","",""
"","133","Update Request Recipients - Missing Required Field","Personal Banking APIs - QA Test Suite","2026-10-01","failed","2026-10-01","Update Request Recipients","Wallets, Transfers, Transactions & Fund Requests","",""
"","173","Account Officer Rate Officer - Valid","Personal Banking APIs - QA Test Suite","2026-10-01","failed","2026-10-01","Account Officer Rate Officer","Customer Profile, Accounts & Beneficiaries","",""
"","153","Admin Update Documents - Valid","Personal Banking APIs - QA Test Suite","2026-10-01","failed","2026-10-01","Admin Update Documents","KYC, Tier Upgrades & Young Moni","",""
"","148","Destroy - Valid","Personal Banking APIs - QA Test Suite","2026-10-01","failed","2026-10-01","Destroy","Customer Profile, Accounts & Beneficiaries","",""
"","132","Channel Settings - Invalid Token Or PIN","Personal Banking APIs - QA Test Suite","2026-10-01","failed","2026-10-01","Channel Settings","Customer Cards","",""
"","126","Reward With Cashback - Empty Fields","Personal Banking APIs - QA Test Suite","2026-10-01","passed","2026-10-01","Reward With Cashback","Rewards, Cash Tokens & Wishlists","",""
"","131","Create Supalock - Invalid Amount","Personal Banking APIs - QA Test Suite","2026-10-01","failed","2026-10-01","Create Supalock","Supalock Savings","",""
"","130","Wallet Total Balance - Valid","Personal Banking APIs - QA Test Suite","2026-10-01","failed","2026-10-01","Wallet Total Balance","Save & Spend","",""
"","126","Young Moni Upload Guardian Documents - Empty Fields","Personal Banking APIs - QA Test Suite","2026-10-01","failed","2026-10-01","Young Moni Upload Guardian Documents","Customer Profile, Accounts & Beneficiaries","",""
"","132","Retrieve - Invalid ID","Personal Banking APIs - QA Test Suite","2026-10-01","passed","2026-10-01","Retrieve","Airtime, Data, Bills & VAS Beneficiaries","",""
"","145","Games Scratch Card - Valid","Personal Banking APIs - QA Test Suite","2026-10-01","failed","2026-10-01","Games Scratch Card","Rewards, Cash Tokens & Wishlists","",""
"","762","Retrieve - Invalid Query","Personal Banking APIs - QA Test Suite","2026-10-01","failed","2026-10-01","Retrieve","Airtime, Data, Bills & VAS Beneficiaries","",""
"","134","Wallet Download Swag Statement - Missing Required Field","Personal Banking APIs - QA Test Suite","2026-10-01","failed","2026-10-01","Wallet Download Swag Statement","SWAG Savings","",""
"","138","Retrieve - Invalid Query","Personal Banking APIs - QA Test Suite","2026-10-01","failed","2026-10-01","Retrieve","Kolo Connect Advances","",""
"","243","Admin Games Rewards - Invalid Query","Personal Banking APIs - QA Test Suite","2026-10-01","failed","2026-10-01","Admin Games Rewards","Rewards, Cash Tokens & Wishlists","",""
"","150","Deals Active - Valid","Personal Banking APIs - QA Test Suite","2026-10-01","failed","2026-10-01","Deals Active","Rewards, Cash Tokens & Wishlists","",""
"","126","Young Moni Upload Guardian Documents - Nonexistent ID","Personal Banking APIs - QA Test Suite","2026-10-01","passed","2026-10-01","Young Moni Upload Guardian Documents","Customer Profile, Accounts & Beneficiaries","",""
"","1498","Check Email / Phone Availability - Valid","Personal Banking APIs - QA Test Suite","2026-10-01","failed","2026-10-01","Check Email / Phone Availability","Customer Onboarding","",""
"","145","Retrieve - Valid","Personal Banking APIs - QA Test Suite","2026-10-01","failed","2026-10-01","Retrieve","Kolo Connect Advances","",""
"","213","Data Plans - Nonexistent ID","Personal Banking APIs - QA Test Suite","2026-10-01","failed","2026-10-01","Data Plans","Airtime, Data, Bills & VAS Beneficiaries","",""
"","264","Admin Games Sessions - Nonexistent ID","Personal Banking APIs - QA Test Suite","2026-10-01","failed","2026-10-01","Admin Games Sessions","Rewards, Cash Tokens & Wishlists","",""
"","135","Admin Coins Rules - Invalid Status Or Type","Personal Banking APIs - QA Test Suite","2026-10-01","failed","2026-10-01","Admin Coins Rules","Rewards, Cash Tokens & Wishlists","",""
"","127","Intra Transfer - Missing Required Field","Personal Banking APIs - QA Test Suite","2026-10-01","passed","2026-10-01","Intra Transfer","Wallets, Transfers, Transactions & Fund Requests","",""
"","148","Intra Name Enquiry By Phone - Valid","Personal Banking APIs - QA Test Suite","2026-10-01","failed","2026-10-01","Intra Name Enquiry By Phone","Wallets, Transfers, Transactions & Fund Requests","",""
"","135","List - Invalid Query","Personal Banking APIs - QA Test Suite","2026-10-01","failed","2026-10-01","List","Customer Profile, Accounts & Beneficiaries","",""
"","127","Topup Supalock - No Auth","Personal Banking APIs - QA Test Suite","2026-10-01","passed","2026-10-01","Topup Supalock","Supalock Savings","",""
"","134","Intra Account Transfer - No Auth","Personal Banking APIs - QA Test Suite","2026-10-01","failed","2026-10-01","Intra Account Transfer","Wallets, Transfers, Transactions & Fund Requests","",""
"","159","Reject Bulk Fund Request - Valid","Personal Banking APIs - QA Test Suite","2026-10-01","failed","2026-10-01","Reject Bulk Fund Request","Wallets, Transfers, Transactions & Fund Requests","",""
"","130","Retrieve - Nonexistent ID","Personal Banking APIs - QA Test Suite","2026-10-01","failed","2026-10-01","Retrieve","Supalock Savings","",""
"","130","Initiate Reset Transaction Pin - Valid","Personal Banking APIs - QA Test Suite","2026-10-01","failed","2026-10-01","Initiate Reset Transaction Pin","Login, Credentials, Security & Devices","",""
"","136","Validate Meter - Missing Required Field","Personal Banking APIs - QA Test Suite","2026-10-01","failed","2026-10-01","Validate Meter","Airtime, Data, Bills & VAS Beneficiaries","",""
"","1028","Airtime - Missing Required Field","Personal Banking APIs - QA Test Suite","2026-10-01","passed","2026-10-01","Airtime","Scheduled Payments","",""
"","142","Retrieve - Nonexistent ID","Personal Banking APIs - QA Test Suite","2026-10-01","passed","2026-10-01","Retrieve","Scheduled Payments","",""
"","141","Admin Coins Redemption Rules - Valid","Personal Banking APIs - QA Test Suite","2026-10-01","failed","2026-10-01","Admin Coins Redemption Rules","Rewards, Cash Tokens & Wishlists","",""
"","126","Coin Redemption Rules - No Auth","Personal Banking APIs - QA Test Suite","2026-10-01","passed","2026-10-01","Coin Redemption Rules","Rewards, Cash Tokens & Wishlists","",""
"","297","Young Moni - Valid","Personal Banking APIs - QA Test Suite","2026-10-01","passed","2026-10-01","Young Moni","Customer Profile, Accounts & Beneficiaries","",""
"","123","Retrieve - No Auth","Personal Banking APIs - QA Test Suite","2026-10-01","passed","2026-10-01","Retrieve","Airtime, Data, Bills & VAS Beneficiaries","",""
"","159","Overview - Valid","Personal Banking APIs - QA Test Suite","2026-10-01","passed","2026-10-01","Overview","Customer Profile, Accounts & Beneficiaries","",""
"","126","List Schedule Payments - No Auth","Personal Banking APIs - QA Test Suite","2026-10-01","passed","2026-10-01","List Schedule Payments","Scheduled Payments","",""
"","123","Retrieve - No Auth","Personal Banking APIs - QA Test Suite","2026-10-01","passed","2026-10-01","Retrieve","Kolo Connect Advances","",""
"","126","Transfer - Empty Fields","Personal Banking APIs - QA Test Suite","2026-10-01","passed","2026-10-01","Transfer","Scheduled Payments","",""
"","125","Winner - No Auth","Personal Banking APIs - QA Test Suite","2026-10-01","passed","2026-10-01","Winner","Rewards, Cash Tokens & Wishlists","",""
"","283","Admin List Documents - Valid","Personal Banking APIs - QA Test Suite","2026-10-01","failed","2026-10-01","Admin List Documents","KYC, Tier Upgrades & Young Moni","",""
"","134","List - Invalid Query","Personal Banking APIs - QA Test Suite","2026-10-01","failed","2026-10-01","List","Wallets, Transfers, Transactions & Fund Requests","",""
"","133","Admin Devices Deactivate - Invalid Token Or PIN","Personal Banking APIs - QA Test Suite","2026-10-01","failed","2026-10-01","Admin Devices Deactivate","Login, Credentials, Security & Devices","",""
"","132","Requests - Nonexistent ID","Personal Banking APIs - QA Test Suite","2026-10-01","passed","2026-10-01","Requests","Customer Cards","",""
"","131","Profile - No Auth","Personal Banking APIs - QA Test Suite","2026-10-01","passed","2026-10-01","Profile","Customer Profile, Accounts & Beneficiaries","",""
"","124","Jamb Lookup - No Auth","Personal Banking APIs - QA Test Suite","2026-10-01","passed","2026-10-01","Jamb Lookup","Airtime, Data, Bills & VAS Beneficiaries","",""
"","132","Admin Upload Documents - Invalid Status Or Type","Personal Banking APIs - QA Test Suite","2026-10-01","passed","2026-10-01","Admin Upload Documents","KYC, Tier Upgrades & Young Moni","",""
"","127","Intra Account Transfer - Invalid Amount","Personal Banking APIs - QA Test Suite","2026-10-01","passed","2026-10-01","Intra Account Transfer","Wallets, Transfers, Transactions & Fund Requests","",""
"","144","Perform Action - Nonexistent ID","Personal Banking APIs - QA Test Suite","2026-10-01","failed","2026-10-01","Perform Action","Rewards, Cash Tokens & Wishlists","",""
"","129","Admin Games Rewards - No Auth","Personal Banking APIs - QA Test Suite","2026-10-01","passed","2026-10-01","Admin Games Rewards","Rewards, Cash Tokens & Wishlists","",""
"","730","Download Statement - Empty Fields","Personal Banking APIs - QA Test Suite","2026-10-01","failed","2026-10-01","Download Statement","Wallets, Transfers, Transactions & Fund Requests","",""
"","127","Transactions Create Plan - Invalid Token Or PIN","Personal Banking APIs - QA Test Suite","2026-10-01","passed","2026-10-01","Transactions Create Plan","SWAG Savings","",""
"","138","Requests Fetch Agents - Empty Fields","Personal Banking APIs - QA Test Suite","2026-10-01","passed","2026-10-01","Requests Fetch Agents","Customer Cards","",""
"","257","Admin Games Sessions - Valid","Personal Banking APIs - QA Test Suite","2026-10-01","failed","2026-10-01","Admin Games Sessions","Rewards, Cash Tokens & Wishlists","",""
"","126","Purchase Electricity - Empty Fields","Personal Banking APIs - QA Test Suite","2026-10-01","passed","2026-10-01","Purchase Electricity","Airtime, Data, Bills & VAS Beneficiaries","",""
"","125","Types - No Auth","Personal Banking APIs - QA Test Suite","2026-10-01","passed","2026-10-01","Types","Supalock Savings","",""
"","129","Transactions Update Spend Wallet - Nonexistent ID","Personal Banking APIs - QA Test Suite","2026-10-01","failed","2026-10-01","Transactions Update Spend Wallet","Save & Spend","",""
"","133","Requests Request Card - Empty Fields","Personal Banking APIs - QA Test Suite","2026-10-01","passed","2026-10-01","Requests Request Card","Customer Cards","",""
"","149","Verify Device Changed - Invalid Token Or PIN","Personal Banking APIs - QA Test Suite","2026-10-01","passed","2026-10-01","Verify Device Changed","Login, Credentials, Security & Devices","",""
"","132","Withdraw Supalock - Nonexistent ID","Personal Banking APIs - QA Test Suite","2026-10-01","failed","2026-10-01","Withdraw Supalock","Supalock Savings","",""
"","131","Wallet - Invalid Query","Personal Banking APIs - QA Test Suite","2026-10-01","failed","2026-10-01","Wallet","Save & Spend","",""
"","130","Transactions Create Wallet - Invalid Status Or Type","Personal Banking APIs - QA Test Suite","2026-10-01","passed","2026-10-01","Transactions Create Wallet","Target Savings","",""
"","129","Initiate Reset Transaction Pin - Invalid Query","Personal Banking APIs - QA Test Suite","2026-10-01","failed","2026-10-01","Initiate Reset Transaction Pin","Login, Credentials, Security & Devices","",""
"","136","Daily Income Summary - Invalid Query","Personal Banking APIs - QA Test Suite","2026-10-01","failed","2026-10-01","Daily Income Summary","Wallets, Transfers, Transactions & Fund Requests","",""
"","124","Wallet Download Swag Statement - No Auth","Personal Banking APIs - QA Test Suite","2026-10-01","passed","2026-10-01","Wallet Download Swag Statement","SWAG Savings","",""
"","124","Export Fund Recipients - No Auth","Personal Banking APIs - QA Test Suite","2026-10-01","passed","2026-10-01","Export Fund Recipients","Wallets, Transfers, Transactions & Fund Requests","",""
"","146","Enable - Valid","Personal Banking APIs - QA Test Suite","2026-10-01","failed","2026-10-01","Enable","Wallets, Transfers, Transactions & Fund Requests","",""
"","132","Transfer - Invalid Token Or PIN","Personal Banking APIs - QA Test Suite","2026-10-01","passed","2026-10-01","Transfer","Scheduled Payments","",""
"","136","Set Password & Create Pending User - Missing Required Field","Personal Banking APIs - QA Test Suite","2026-10-01","passed","2026-10-01","Set Password & Create Pending User","Customer Onboarding","",""
"","258","Admin Request Stats - Valid","Personal Banking APIs - QA Test Suite","2026-10-01","failed","2026-10-01","Admin Request Stats","KYC, Tier Upgrades & Young Moni","",""
"","131","Retrieve - Invalid ID","Personal Banking APIs - QA Test Suite","2026-10-01","failed","2026-10-01","Retrieve","Kolo Connect Advances","",""
"","139","Redeem Insurance - Missing Required Field","Personal Banking APIs - QA Test Suite","2026-10-01","passed","2026-10-01","Redeem Insurance","Insurance","",""
"","145","Dismiss Action - Valid","Personal Banking APIs - QA Test Suite","2026-10-01","failed","2026-10-01","Dismiss Action","KYC, Tier Upgrades & Young Moni","",""
"","129","Verify Token - Empty Fields","Personal Banking APIs - QA Test Suite","2026-10-01","passed","2026-10-01","Verify Token","Login, Credentials, Security & Devices","",""
"","152","Retrieve - Valid","Personal Banking APIs - QA Test Suite","2026-10-01","failed","2026-10-01","Retrieve","Wallets, Transfers, Transactions & Fund Requests","",""
"","145","Coin Wallet Transactions - Valid","Personal Banking APIs - QA Test Suite","2026-10-01","failed","2026-10-01","Coin Wallet Transactions","Rewards, Cash Tokens & Wishlists","",""
"","137","Reset Login Pin - Empty Fields","Personal Banking APIs - QA Test Suite","2026-10-01","passed","2026-10-01","Reset Login Pin","Login, Credentials, Security & Devices","",""
"","132","Young Moni Requests Complete Review - Invalid ID","Personal Banking APIs - QA Test Suite","2026-10-01","failed","2026-10-01","Young Moni Requests Complete Review","KYC, Tier Upgrades & Young Moni","",""
"","141","Approve Single Bulk Recipient - Missing Required Field","Personal Banking APIs - QA Test Suite","2026-10-01","failed","2026-10-01","Approve Single Bulk Recipient","Wallets, Transfers, Transactions & Fund Requests","",""
"","599","List - Valid","Personal Banking APIs - QA Test Suite","2026-10-01","passed","2026-10-01","List","Rewards, Cash Tokens & Wishlists","",""
"","136","Young Moni Initiate Account Request - Empty Fields","Personal Banking APIs - QA Test Suite","2026-10-01","passed","2026-10-01","Young Moni Initiate Account Request","Customer Profile, Accounts & Beneficiaries","",""
"","142","Transactions Deposit - Invalid Amount","Personal Banking APIs - QA Test Suite","2026-10-01","passed","2026-10-01","Transactions Deposit","Target Savings","",""
"","133","Update Credit Stage - Invalid Status Or Type","Personal Banking APIs - QA Test Suite","2026-10-01","failed","2026-10-01","Update Credit Stage","Wallets, Transfers, Transactions & Fund Requests","",""
"","134","Update Single Transfer Limit - Invalid Amount","Personal Banking APIs - QA Test Suite","2026-10-01","passed","2026-10-01","Update Single Transfer Limit","Customer Profile, Accounts & Beneficiaries","",""
"","136","Create Insurance - Empty Fields","Personal Banking APIs - QA Test Suite","2026-10-01","passed","2026-10-01","Create Insurance","Insurance","",""
"","140","Eligibility - Valid","Personal Banking APIs - QA Test Suite","2026-10-01","failed","2026-10-01","Eligibility","Kolo Connect Advances","",""
"","136","Validate Smart Card - Empty Fields","Personal Banking APIs - QA Test Suite","2026-10-01","failed","2026-10-01","Validate Smart Card","Airtime, Data, Bills & VAS Beneficiaries","",""
"","127","Transactions Create Plan - Invalid Amount","Personal Banking APIs - QA Test Suite","2026-10-01","passed","2026-10-01","Transactions Create Plan","SWAG Savings","",""
"","145","Channel Settings - Invalid ID","Personal Banking APIs - QA Test Suite","2026-10-01","passed","2026-10-01","Channel Settings","Customer Cards","",""
"","129","Young Moni Requests - Nonexistent ID","Personal Banking APIs - QA Test Suite","2026-10-01","failed","2026-10-01","Young Moni Requests","KYC, Tier Upgrades & Young Moni","",""
"","134","Retrieve - Invalid ID","Personal Banking APIs - QA Test Suite","2026-10-01","failed","2026-10-01","Retrieve","Airtime, Data, Bills & VAS Beneficiaries","",""
"","132","Wallet Download Target Statement - Missing Required Field","Personal Banking APIs - QA Test Suite","2026-10-01","failed","2026-10-01","Wallet Download Target Statement","Target Savings","",""
"","134","Admin Games Rewards - Nonexistent ID","Personal Banking APIs - QA Test Suite","2026-10-01","failed","2026-10-01","Admin Games Rewards","Rewards, Cash Tokens & Wishlists","",""
"","194","Get Betting Billers - Valid","Personal Banking APIs - QA Test Suite","2026-10-01","passed","2026-10-01","Get Betting Billers","Airtime, Data, Bills & VAS Beneficiaries","",""
"","168","Check Email / Phone Availability - Empty Fields","Personal Banking APIs - QA Test Suite","2026-10-01","failed","2026-10-01","Check Email / Phone Availability","Customer Onboarding","",""
"","147","Add Item - Invalid Amount","Personal Banking APIs - QA Test Suite","2026-10-01","failed","2026-10-01","Add Item","Rewards, Cash Tokens & Wishlists","",""
"","421","Get Cable Providers - Invalid Query","Personal Banking APIs - QA Test Suite","2026-10-01","failed","2026-10-01","Get Cable Providers","Airtime, Data, Bills & VAS Beneficiaries","",""
"","133","Get Suggestions - Invalid Query","Personal Banking APIs - QA Test Suite","2026-10-01","failed","2026-10-01","Get Suggestions","Customer Profile, Accounts & Beneficiaries","",""
"","125","Create - No Auth","Personal Banking APIs - QA Test Suite","2026-10-01","passed","2026-10-01","Create","Wallets, Transfers, Transactions & Fund Requests","",""
"","138","Partial - Missing Required Field","Personal Banking APIs - QA Test Suite","2026-10-01","failed","2026-10-01","Partial","Airtime, Data, Bills & VAS Beneficiaries","",""
"","328","Fetch Balance - Nonexistent ID","Personal Banking APIs - QA Test Suite","2026-10-01","passed","2026-10-01","Fetch Balance","Customer Profile, Accounts & Beneficiaries","",""
"","127","Transactions Break Wallet - No Auth","Personal Banking APIs - QA Test Suite","2026-10-01","failed","2026-10-01","Transactions Break Wallet","Save & Spend","",""
"","179","Partial - No Auth","Personal Banking APIs - QA Test Suite","2026-10-01","passed","2026-10-01","Partial","Airtime, Data, Bills & VAS Beneficiaries","",""
"","133","Transaction - Invalid Query","Personal Banking APIs - QA Test Suite","2026-10-01","failed","2026-10-01","Transaction","Airtime, Data, Bills & VAS Beneficiaries","",""
"","123","List - No Auth","Personal Banking APIs - QA Test Suite","2026-10-01","passed","2026-10-01","List","Wallets, Transfers, Transactions & Fund Requests","",""
"","134","Channel Settings - Nonexistent ID","Personal Banking APIs - QA Test Suite","2026-10-01","passed","2026-10-01","Channel Settings","Customer Cards","",""
"","135","Payment Merchant - Nonexistent ID","Personal Banking APIs - QA Test Suite","2026-10-01","passed","2026-10-01","Payment Merchant","Customer Cards","",""
"","247","Admin - Valid","Personal Banking APIs - QA Test Suite","2026-10-01","failed","2026-10-01","Admin","KYC, Tier Upgrades & Young Moni","",""
"","123","Remaining Limit Today - No Auth","Personal Banking APIs - QA Test Suite","2026-10-01","passed","2026-10-01","Remaining Limit Today","Wallets, Transfers, Transactions & Fund Requests","",""
"","138","Borrow - Invalid Token Or PIN","Personal Banking APIs - QA Test Suite","2026-10-01","failed","2026-10-01","Borrow","Kolo Connect Advances","",""
"","145","Pay Schedule Early - Valid","Personal Banking APIs - QA Test Suite","2026-10-01","failed","2026-10-01","Pay Schedule Early","Scheduled Payments","",""
"","134","Document Delete - Invalid ID","Personal Banking APIs - QA Test Suite","2026-10-01","failed","2026-10-01","Document Delete","KYC, Tier Upgrades & Young Moni","",""
"","139","Retrieve - Valid","Personal Banking APIs - QA Test Suite","2026-10-01","failed","2026-10-01","Retrieve","Airtime, Data, Bills & VAS Beneficiaries","",""
"","138","Topup Supalock - Invalid Token Or PIN","Personal Banking APIs - QA Test Suite","2026-10-01","failed","2026-10-01","Topup Supalock","Supalock Savings","",""
"","138","Types Get Supa Lock Special Interest - Valid","Personal Banking APIs - QA Test Suite","2026-10-01","failed","2026-10-01","Types Get Supa Lock Special Interest","Supalock Savings","",""
"","150","Admin Coins Redemption Rules - Nonexistent ID","Personal Banking APIs - QA Test Suite","2026-10-01","failed","2026-10-01","Admin Coins Redemption Rules","Rewards, Cash Tokens & Wishlists","",""
"","127","Purchase Epin - Missing Required Field","Personal Banking APIs - QA Test Suite","2026-10-01","passed","2026-10-01","Purchase Epin","Airtime, Data, Bills & VAS Beneficiaries","",""
"","135","Validate Liveness (When Required) - Missing Required Field","Personal Banking APIs - QA Test Suite","2026-10-01","passed","2026-10-01","Validate Liveness (When Required)","Customer Onboarding","",""
"","122","List - No Auth","Personal Banking APIs - QA Test Suite","2026-10-01","passed","2026-10-01","List","Scheduled Payments","",""
"","126","Admin Coins Redemption Rules - No Auth","Personal Banking APIs - QA Test Suite","2026-10-01","passed","2026-10-01","Admin Coins Redemption Rules","Rewards, Cash Tokens & Wishlists","",""
"","333","Fetch Balance - Invalid ID","Personal Banking APIs - QA Test Suite","2026-10-01","passed","2026-10-01","Fetch Balance","Customer Profile, Accounts & Beneficiaries","",""
"","143","Transaction - Valid","Personal Banking APIs - QA Test Suite","2026-10-01","failed","2026-10-01","Transaction","Airtime, Data, Bills & VAS Beneficiaries","",""
"","133","Wallet - Nonexistent ID","Personal Banking APIs - QA Test Suite","2026-10-01","failed","2026-10-01","Wallet","Target Savings","",""
"","127","Purchase Data - No Auth","Personal Banking APIs - QA Test Suite","2026-10-01","failed","2026-10-01","Purchase Data","Airtime, Data, Bills & VAS Beneficiaries","",""
"","136","Winner Dismiss Action - Empty Fields","Personal Banking APIs - QA Test Suite","2026-10-01","failed","2026-10-01","Winner Dismiss Action","Rewards, Cash Tokens & Wishlists","",""
"","135","Update Daily Transfer Limit - Missing Required Field","Personal Banking APIs - QA Test Suite","2026-10-01","passed","2026-10-01","Update Daily Transfer Limit","Customer Profile, Accounts & Beneficiaries","",""
"","128","Transactions Withdraw Principal - Missing Required Field","Personal Banking APIs - QA Test Suite","2026-10-01","passed","2026-10-01","Transactions Withdraw Principal","SWAG Savings","",""
"","127","Requests Request Card - No Auth","Personal Banking APIs - QA Test Suite","2026-10-01","passed","2026-10-01","Requests Request Card","Customer Cards","",""
"","133","Repay - Invalid Token Or PIN","Personal Banking APIs - QA Test Suite","2026-10-01","failed","2026-10-01","Repay","Kolo Connect Advances","",""
"","132","Create - Empty Fields","Personal Banking APIs - QA Test Suite","2026-10-01","failed","2026-10-01","Create","Airtime, Data, Bills & VAS Beneficiaries","",""
"","134","Reset Pin - Invalid ID","Personal Banking APIs - QA Test Suite","2026-10-01","passed","2026-10-01","Reset Pin","Customer Cards","",""
"","137","Games Spin Wheel - Invalid Query","Personal Banking APIs - QA Test Suite","2026-10-01","passed","2026-10-01","Games Spin Wheel","Rewards, Cash Tokens & Wishlists","",""
"","130","Transactions Create Wallet Product Specific - Valid","Personal Banking APIs - QA Test Suite","2026-10-01","failed","2026-10-01","Transactions Create Wallet Product Specific","Target Savings","",""
"","238","Admin - Nonexistent ID","Personal Banking APIs - QA Test Suite","2026-10-01","failed","2026-10-01","Admin","KYC, Tier Upgrades & Young Moni","",""
"","132","Withdraw Supalock - Missing Required Field","Personal Banking APIs - QA Test Suite","2026-10-01","failed","2026-10-01","Withdraw Supalock","Supalock Savings","",""
"","128","Transactions Update Swag Plan - Invalid Status Or Type","Personal Banking APIs - QA Test Suite","2026-10-01","passed","2026-10-01","Transactions Update Swag Plan","SWAG Savings","",""
"","129","Providers - No Auth","Personal Banking APIs - QA Test Suite","2026-10-01","passed","2026-10-01","Providers","Insurance","",""
"","133","Proposed Contributor - No Auth","Personal Banking APIs - QA Test Suite","2026-10-01","failed","2026-10-01","Proposed Contributor","Rewards, Cash Tokens & Wishlists","",""
"","135","Fee Settings - Invalid Query","Personal Banking APIs - QA Test Suite","2026-10-01","failed","2026-10-01","Fee Settings","Customer Cards","",""
"","133","Payment Merchant - Empty Fields","Personal Banking APIs - QA Test Suite","2026-10-01","failed","2026-10-01","Payment Merchant","Customer Cards","",""
"","147","Retrieve - Valid","Personal Banking APIs - QA Test Suite","2026-10-01","failed","2026-10-01","Retrieve","Customer Cards","",""
"","133","Requests - Invalid ID","Personal Banking APIs - QA Test Suite","2026-10-01","passed","2026-10-01","Requests","Customer Cards","",""
"","139","Wallet - Valid","Personal Banking APIs - QA Test Suite","2026-10-01","failed","2026-10-01","Wallet","Save & Spend","",""
"","135","Account Officer Request Change - Missing Required Field","Personal Banking APIs - QA Test Suite","2026-10-01","passed","2026-10-01","Account Officer Request Change","Customer Profile, Accounts & Beneficiaries","",""
"","143","Kyc Level Count - Valid","Personal Banking APIs - QA Test Suite","2026-10-01","failed","2026-10-01","Kyc Level Count","Customer Profile, Accounts & Beneficiaries","",""
"","132","Airtime - Invalid Token Or PIN","Personal Banking APIs - QA Test Suite","2026-10-01","passed","2026-10-01","Airtime","Scheduled Payments","",""
"","132","Borrow - Missing Required Field","Personal Banking APIs - QA Test Suite","2026-10-01","failed","2026-10-01","Borrow","Kolo Connect Advances","",""
"","182","Channel Settings - Valid","Personal Banking APIs - QA Test Suite","2026-10-01","passed","2026-10-01","Channel Settings","Customer Cards","",""
"","133","Activate - Missing Required Field","Personal Banking APIs - QA Test Suite","2026-10-01","failed","2026-10-01","Activate","Customer Cards","",""
"","127","Inter Transfer - No Auth","Personal Banking APIs - QA Test Suite","2026-10-01","failed","2026-10-01","Inter Transfer","Wallets, Transfers, Transactions & Fund Requests","",""
"","141","Redeem Insurance - Invalid Email","Personal Banking APIs - QA Test Suite","2026-10-01","passed","2026-10-01","Redeem Insurance","Insurance","",""
"","135","Admin Coins Rules - Missing Required Field","Personal Banking APIs - QA Test Suite","2026-10-01","failed","2026-10-01","Admin Coins Rules","Rewards, Cash Tokens & Wishlists","",""
"","122","Transactions - No Auth","Personal Banking APIs - QA Test Suite","2026-10-01","passed","2026-10-01","Transactions","Target Savings","",""
"","133","Types - Invalid ID","Personal Banking APIs - QA Test Suite","2026-10-01","passed","2026-10-01","Types","Supalock Savings","",""
"","130","Topup Supalock - Empty Fields","Personal Banking APIs - QA Test Suite","2026-10-01","failed","2026-10-01","Topup Supalock","Supalock Savings","",""
"","126","Partial - Empty Fields","Personal Banking APIs - QA Test Suite","2026-10-01","passed","2026-10-01","Partial","Wallets, Transfers, Transactions & Fund Requests","",""
"","192","Payment Merchant - Valid","Personal Banking APIs - QA Test Suite","2026-10-01","passed","2026-10-01","Payment Merchant","Customer Cards","",""
"","126","Channel Settings - No Auth","Personal Banking APIs - QA Test Suite","2026-10-01","passed","2026-10-01","Channel Settings","Customer Cards","",""
"","139","Document Delete - No Auth","Personal Banking APIs - QA Test Suite","2026-10-01","passed","2026-10-01","Document Delete","KYC, Tier Upgrades & Young Moni","",""
"","124","Transfer - No Auth","Personal Banking APIs - QA Test Suite","2026-10-01","passed","2026-10-01","Transfer","Scheduled Payments","",""
"","125","Details - No Auth","Personal Banking APIs - QA Test Suite","2026-10-01","passed","2026-10-01","Details","Customer Profile, Accounts & Beneficiaries","",""
"","143","Admin Admin Tier Zero Upgrade - Valid","Personal Banking APIs - QA Test Suite","2026-10-01","failed","2026-10-01","Admin Admin Tier Zero Upgrade","KYC, Tier Upgrades & Young Moni","",""
"","125","Get Electricity Billers - No Auth","Personal Banking APIs - QA Test Suite","2026-10-01","passed","2026-10-01","Get Electricity Billers","Airtime, Data, Bills & VAS Beneficiaries","",""
"","142","Reward With Airtime - Valid","Personal Banking APIs - QA Test Suite","2026-10-01","failed","2026-10-01","Reward With Airtime","Rewards, Cash Tokens & Wishlists","",""
"","244","Admin Games Sessions - Invalid Query","Personal Banking APIs - QA Test Suite","2026-10-01","failed","2026-10-01","Admin Games Sessions","Rewards, Cash Tokens & Wishlists","",""
"","133","Young Moni Requests - Invalid Query","Personal Banking APIs - QA Test Suite","2026-10-01","failed","2026-10-01","Young Moni Requests","KYC, Tier Upgrades & Young Moni","",""
"","128","Purchase Cable - No Auth","Personal Banking APIs - QA Test Suite","2026-10-01","failed","2026-10-01","Purchase Cable","Airtime, Data, Bills & VAS Beneficiaries","",""
"","162","Create Her Wealth - Valid","Personal Banking APIs - QA Test Suite","2026-10-01","failed","2026-10-01","Create Her Wealth","Customer Profile, Accounts & Beneficiaries","",""
"","127","Admin Complete Upgrade Request - No Auth","Personal Banking APIs - QA Test Suite","2026-10-01","passed","2026-10-01","Admin Complete Upgrade Request","KYC, Tier Upgrades & Young Moni","",""
"","141","Initiate Reset Login Pin - Valid","Personal Banking APIs - QA Test Suite","2026-10-01","failed","2026-10-01","Initiate Reset Login Pin","Login, Credentials, Security & Devices","",""
"","125","Transactions Evaluate Target - No Auth","Personal Banking APIs - QA Test Suite","2026-10-01","passed","2026-10-01","Transactions Evaluate Target","Target Savings","",""
"","134","Upload Bulk Fund Request - Missing Required Field","Personal Banking APIs - QA Test Suite","2026-10-01","passed","2026-10-01","Upload Bulk Fund Request","Wallets, Transfers, Transactions & Fund Requests","",""
"","145","Download Statement - Missing Required Field","Personal Banking APIs - QA Test Suite","2026-10-01","failed","2026-10-01","Download Statement","Wallets, Transfers, Transactions & Fund Requests","",""
"","150","Create Insurance - Valid","Personal Banking APIs - QA Test Suite","2026-10-01","failed","2026-10-01","Create Insurance","Insurance","",""
"","158","Types - Valid","Personal Banking APIs - QA Test Suite","2026-10-01","passed","2026-10-01","Types","Supalock Savings","",""
"","135","Verify NIN (Choose BVN or NIN) - Empty Fields","Personal Banking APIs - QA Test Suite","2026-10-01","passed","2026-10-01","Verify NIN (Choose BVN or NIN)","Customer Onboarding","",""
"","126","Update Single Transfer Limit - No Auth","Personal Banking APIs - QA Test Suite","2026-10-01","passed","2026-10-01","Update Single Transfer Limit","Customer Profile, Accounts & Beneficiaries","",""
"","132","List Schedule Payments - Invalid Query","Personal Banking APIs - QA Test Suite","2026-10-01","failed","2026-10-01","List Schedule Payments","Scheduled Payments","",""
"","132","Games Get Rewards - Invalid Query","Personal Banking APIs - QA Test Suite","2026-10-01","passed","2026-10-01","Games Get Rewards","Rewards, Cash Tokens & Wishlists","",""
"","141","Jamb Lookup - Valid","Personal Banking APIs - QA Test Suite","2026-10-01","failed","2026-10-01","Jamb Lookup","Airtime, Data, Bills & VAS Beneficiaries","",""
"","134","Export Fund Recipients - Empty Fields","Personal Banking APIs - QA Test Suite","2026-10-01","failed","2026-10-01","Export Fund Recipients","Wallets, Transfers, Transactions & Fund Requests","",""
"","124","Deals Active - No Auth","Personal Banking APIs - QA Test Suite","2026-10-01","passed","2026-10-01","Deals Active","Rewards, Cash Tokens & Wishlists","",""
"","131","Wallet - Valid","Personal Banking APIs - QA Test Suite","2026-10-01","failed","2026-10-01","Wallet","Target Savings","",""
"","130","Update Documents - No Auth","Personal Banking APIs - QA Test Suite","2026-10-01","passed","2026-10-01","Update Documents","KYC, Tier Upgrades & Young Moni","",""
"","141","Channel Settings - Valid","Personal Banking APIs - QA Test Suite","2026-10-01","failed","2026-10-01","Channel Settings","Customer Cards","",""
"","287","Reset Password - Valid","Personal Banking APIs - QA Test Suite","2026-10-01","passed","2026-10-01","Reset Password","Login, Credentials, Security & Devices","",""
"","175","Account Officer Change Request - Valid","Personal Banking APIs - QA Test Suite","2026-10-01","failed","2026-10-01","Account Officer Change Request","Customer Profile, Accounts & Beneficiaries","",""
"","123","Admin Devices Reactivate - No Auth","Personal Banking APIs - QA Test Suite","2026-10-01","failed","2026-10-01","Admin Devices Reactivate","Login, Credentials, Security & Devices","",""
"","126","List - No Auth","Personal Banking APIs - QA Test Suite","2026-10-01","passed","2026-10-01","List","Wallets, Transfers, Transactions & Fund Requests","",""
"","125","Retrieve - No Auth","Personal Banking APIs - QA Test Suite","2026-10-01","passed","2026-10-01","Retrieve","Airtime, Data, Bills & VAS Beneficiaries","",""
"","125","Reward With Airtime - Empty Fields","Personal Banking APIs - QA Test Suite","2026-10-01","passed","2026-10-01","Reward With Airtime","Rewards, Cash Tokens & Wishlists","",""
"","135","Admin Coins Rules - Empty Fields","Personal Banking APIs - QA Test Suite","2026-10-01","failed","2026-10-01","Admin Coins Rules","Rewards, Cash Tokens & Wishlists","",""
"","145","Partial - Nonexistent ID","Personal Banking APIs - QA Test Suite","2026-10-01","failed","2026-10-01","Partial","Airtime, Data, Bills & VAS Beneficiaries","",""
"","274","Admin Coins Redemption Rules - Valid","Personal Banking APIs - QA Test Suite","2026-10-01","failed","2026-10-01","Admin Coins Redemption Rules","Rewards, Cash Tokens & Wishlists","",""
"","239","List - Valid","Personal Banking APIs - QA Test Suite","2026-10-01","passed","2026-10-01","List","Customer Profile, Accounts & Beneficiaries","",""
"","133","Admin Admin Tier Two Upgrade - Missing Required Field","Personal Banking APIs - QA Test Suite","2026-10-01","failed","2026-10-01","Admin Admin Tier Two Upgrade","KYC, Tier Upgrades & Young Moni","",""
"","125","Admin Admin Tier One Upgrade - No Auth","Personal Banking APIs - QA Test Suite","2026-10-01","passed","2026-10-01","Admin Admin Tier One Upgrade","KYC, Tier Upgrades & Young Moni","",""
"","355","Her Wealth Details - Valid","Personal Banking APIs - QA Test Suite","2026-10-01","failed","2026-10-01","Her Wealth Details","Customer Profile, Accounts & Beneficiaries","",""
"","129","Admin Coins Redemption Rules - No Auth","Personal Banking APIs - QA Test Suite","2026-10-01","passed","2026-10-01","Admin Coins Redemption Rules","Rewards, Cash Tokens & Wishlists","",""
"","128","Transactions Break Wallet - Valid","Personal Banking APIs - QA Test Suite","2026-10-01","failed","2026-10-01","Transactions Break Wallet","Save & Spend","",""
"","209","List - Valid","Personal Banking APIs - QA Test Suite","2026-10-01","passed","2026-10-01","List","Insurance","",""
"","128","Create Password - Invalid Token Or PIN","Personal Banking APIs - QA Test Suite","2026-10-01","passed","2026-10-01","Create Password","Login, Credentials, Security & Devices","",""
"","128","Intra Account Transfer - Missing Required Field","Personal Banking APIs - QA Test Suite","2026-10-01","passed","2026-10-01","Intra Account Transfer","Wallets, Transfers, Transactions & Fund Requests","",""
"","245","Admin Coins Redemption Rules - Nonexistent ID","Personal Banking APIs - QA Test Suite","2026-10-01","failed","2026-10-01","Admin Coins Redemption Rules","Rewards, Cash Tokens & Wishlists","",""
"","140","Admin Coins Redemption Rules - Nonexistent ID","Personal Banking APIs - QA Test Suite","2026-10-01","failed","2026-10-01","Admin Coins Redemption Rules","Rewards, Cash Tokens & Wishlists","",""
"","130","Transactions Deposit - Missing Required Field","Personal Banking APIs - QA Test Suite","2026-10-01","passed","2026-10-01","Transactions Deposit","SWAG Savings","",""
"","132","Destroy - Invalid ID","Personal Banking APIs - QA Test Suite","2026-10-01","passed","2026-10-01","Destroy","Customer Profile, Accounts & Beneficiaries","",""
"","128","Transactions Create Wallet - No Auth","Personal Banking APIs - QA Test Suite","2026-10-01","failed","2026-10-01","Transactions Create Wallet","Target Savings","",""
"","1053","Create Wishlist - Valid","Personal Banking APIs - QA Test Suite","2026-10-01","failed","2026-10-01","Create Wishlist","Rewards, Cash Tokens & Wishlists","",""
"","126","Transactions Withdraw Principal - No Auth","Personal Banking APIs - QA Test Suite","2026-10-01","failed","2026-10-01","Transactions Withdraw Principal","SWAG Savings","",""
"","133","Webhook Cashtoken Webhook - Missing Required Field","Personal Banking APIs - QA Test Suite","2026-10-01","failed","2026-10-01","Webhook Cashtoken Webhook","Rewards, Cash Tokens & Wishlists","",""
"","129","Transactions Create Plan - Invalid Status Or Type","Personal Banking APIs - QA Test Suite","2026-10-01","passed","2026-10-01","Transactions Create Plan","SWAG Savings","",""
"","133","List - Invalid Query","Personal Banking APIs - QA Test Suite","2026-10-01","failed","2026-10-01","List","Wallets, Transfers, Transactions & Fund Requests","",""
"","134","Coin Wallet Transactions - Invalid Query","Personal Banking APIs - QA Test Suite","2026-10-01","passed","2026-10-01","Coin Wallet Transactions","Rewards, Cash Tokens & Wishlists","",""
"","141","List - Invalid Query","Personal Banking APIs - QA Test Suite","2026-10-01","failed","2026-10-01","List","Customer Profile, Accounts & Beneficiaries","",""
"","138","Wishlist Config Edit - Nonexistent ID","Personal Banking APIs - QA Test Suite","2026-10-01","failed","2026-10-01","Wishlist Config Edit","Rewards, Cash Tokens & Wishlists","",""
"","554","Add Account Alias - Missing Required Field","Personal Banking APIs - QA Test Suite","2026-10-01","passed","2026-10-01","Add Account Alias","Customer Profile, Accounts & Beneficiaries","",""
"","130","Get Item Edit - Invalid Amount","Personal Banking APIs - QA Test Suite","2026-10-01","failed","2026-10-01","Get Item Edit","Rewards, Cash Tokens & Wishlists","",""
"","137","Validate Betting Id - Missing Required Field","Personal Banking APIs - QA Test Suite","2026-10-01","passed","2026-10-01","Validate Betting Id","Airtime, Data, Bills & VAS Beneficiaries","",""
"","148","Request Account Reactivation - Valid","Personal Banking APIs - QA Test Suite","2026-10-01","failed","2026-10-01","Request Account Reactivation","KYC, Tier Upgrades & Young Moni","",""
"","124","Destroy - No Auth","Personal Banking APIs - QA Test Suite","2026-10-01","passed","2026-10-01","Destroy","Customer Profile, Accounts & Beneficiaries","",""
"","138","Update Communication Preference - Invalid ID","Personal Banking APIs - QA Test Suite","2026-10-01","passed","2026-10-01","Update Communication Preference","Customer Profile, Accounts & Beneficiaries","",""
"","162","Add Item - Missing Required Field","Personal Banking APIs - QA Test Suite","2026-10-01","failed","2026-10-01","Add Item","Rewards, Cash Tokens & Wishlists","",""
"","123","Games Eligibility Requirements - No Auth","Personal Banking APIs - QA Test Suite","2026-10-01","passed","2026-10-01","Games Eligibility Requirements","Rewards, Cash Tokens & Wishlists","",""
"","134","Admin Upload Documents - Empty Fields","Personal Banking APIs - QA Test Suite","2026-10-01","passed","2026-10-01","Admin Upload Documents","KYC, Tier Upgrades & Young Moni","",""
"","135","Partial - Nonexistent ID","Personal Banking APIs - QA Test Suite","2026-10-01","failed","2026-10-01","Partial","Customer Profile, Accounts & Beneficiaries","",""
"","141","Tenors - Valid","Personal Banking APIs - QA Test Suite","2026-10-01","failed","2026-10-01","Tenors","Kolo Connect Advances","",""
"","144","Update Documents - Valid","Personal Banking APIs - QA Test Suite","2026-10-01","failed","2026-10-01","Update Documents","KYC, Tier Upgrades & Young Moni","",""
"","126","Partial - No Auth","Personal Banking APIs - QA Test Suite","2026-10-01","passed","2026-10-01","Partial","Wallets, Transfers, Transactions & Fund Requests","",""
"","133","Account Officer Rate Officer - Empty Fields","Personal Banking APIs - QA Test Suite","2026-10-01","failed","2026-10-01","Account Officer Rate Officer","Customer Profile, Accounts & Beneficiaries","",""
"","135","Update Tin - Empty Fields","Personal Banking APIs - QA Test Suite","2026-10-01","passed","2026-10-01","Update Tin","Customer Profile, Accounts & Beneficiaries","",""
"","127","Transactions Update Swag Plan - Missing Required Field","Personal Banking APIs - QA Test Suite","2026-10-01","passed","2026-10-01","Transactions Update Swag Plan","SWAG Savings","",""
"","131","List Schedule Payments - Invalid ID","Personal Banking APIs - QA Test Suite","2026-10-01","failed","2026-10-01","List Schedule Payments","Scheduled Payments","",""
"","126","Fund Betting Wallet - Empty Fields","Personal Banking APIs - QA Test Suite","2026-10-01","passed","2026-10-01","Fund Betting Wallet","Airtime, Data, Bills & VAS Beneficiaries","",""
"","138","Block - Invalid Token Or PIN","Personal Banking APIs - QA Test Suite","2026-10-01","failed","2026-10-01","Block","Customer Cards","",""
"","132","Transactions Break Wallet - Invalid Token Or PIN","Personal Banking APIs - QA Test Suite","2026-10-01","passed","2026-10-01","Transactions Break Wallet","Save & Spend","",""
"","132","Borrow - Invalid Status Or Type","Personal Banking APIs - QA Test Suite","2026-10-01","failed","2026-10-01","Borrow","Kolo Connect Advances","",""
"","126","Purchase Electricity - Invalid Amount","Personal Banking APIs - QA Test Suite","2026-10-01","passed","2026-10-01","Purchase Electricity","Airtime, Data, Bills & VAS Beneficiaries","",""
"","135","Retrieve - Invalid ID","Personal Banking APIs - QA Test Suite","2026-10-01","failed","2026-10-01","Retrieve","Wallets, Transfers, Transactions & Fund Requests","",""
"","137","Retrieve - Nonexistent ID","Personal Banking APIs - QA Test Suite","2026-10-01","failed","2026-10-01","Retrieve","Airtime, Data, Bills & VAS Beneficiaries","",""
"","130","Games Check Eligibility - Invalid Query","Personal Banking APIs - QA Test Suite","2026-10-01","passed","2026-10-01","Games Check Eligibility","Rewards, Cash Tokens & Wishlists","",""
"","128","Create Insurance - No Auth","Personal Banking APIs - QA Test Suite","2026-10-01","passed","2026-10-01","Create Insurance","Insurance","",""
"","134","Airtime - Invalid Status Or Type","Personal Banking APIs - QA Test Suite","2026-10-01","passed","2026-10-01","Airtime","Scheduled Payments","",""
"","148","Admin Coins Redemption Rules - Valid","Personal Banking APIs - QA Test Suite","2026-10-01","failed","2026-10-01","Admin Coins Redemption Rules","Rewards, Cash Tokens & Wishlists","",""
"","214","Update Communication Preference - Valid","Personal Banking APIs - QA Test Suite","2026-10-01","failed","2026-10-01","Update Communication Preference","Customer Profile, Accounts & Beneficiaries","",""
"","140","Verify Email OTP - Invalid Token Or PIN","Personal Banking APIs - QA Test Suite","2026-10-01","passed","2026-10-01","Verify Email OTP","Customer Onboarding","",""
"","144","Retrieve - Invalid ID","Personal Banking APIs - QA Test Suite","2026-10-01","failed","2026-10-01","Retrieve","Wallets, Transfers, Transactions & Fund Requests","",""
"","133","Partial - Nonexistent ID","Personal Banking APIs - QA Test Suite","2026-10-01","failed","2026-10-01","Partial","Wallets, Transfers, Transactions & Fund Requests","",""
"","245","Admin Games Sessions - Invalid Query","Personal Banking APIs - QA Test Suite","2026-10-01","failed","2026-10-01","Admin Games Sessions","Rewards, Cash Tokens & Wishlists","",""
"","152","Update Tin - Valid","Personal Banking APIs - QA Test Suite","2026-10-01","passed","2026-10-01","Update Tin","Customer Profile, Accounts & Beneficiaries","",""
"","145","Admin Reject Upgrade Request - Valid","Personal Banking APIs - QA Test Suite","2026-10-01","failed","2026-10-01","Admin Reject Upgrade Request","KYC, Tier Upgrades & Young Moni","",""
"","127","Admin Admin Tier Two Upgrade - No Auth","Personal Banking APIs - QA Test Suite","2026-10-01","passed","2026-10-01","Admin Admin Tier Two Upgrade","KYC, Tier Upgrades & Young Moni","",""
"","140","Games Check Eligibility - Valid","Personal Banking APIs - QA Test Suite","2026-10-01","failed","2026-10-01","Games Check Eligibility","Rewards, Cash Tokens & Wishlists","",""
"","128","Leaderboard - No Auth","Personal Banking APIs - QA Test Suite","2026-10-01","passed","2026-10-01","Leaderboard","Customer Profile, Accounts & Beneficiaries","",""
"","127","Purchase Electricity - Invalid Status Or Type","Personal Banking APIs - QA Test Suite","2026-10-01","passed","2026-10-01","Purchase Electricity","Airtime, Data, Bills & VAS Beneficiaries","",""
"","141","Providers - Invalid Query","Personal Banking APIs - QA Test Suite","2026-10-01","failed","2026-10-01","Providers","Insurance","",""
"","131","Webhook Cashtoken Webhook - No Auth","Personal Banking APIs - QA Test Suite","2026-10-01","passed","2026-10-01","Webhook Cashtoken Webhook","Rewards, Cash Tokens & Wishlists","",""
"","148","Partial - Valid","Personal Banking APIs - QA Test Suite","2026-10-01","failed","2026-10-01","Partial","Customer Profile, Accounts & Beneficiaries","",""
"","383","Total Young Moni Balance - Invalid Query","Personal Banking APIs - QA Test Suite","2026-10-01","failed","2026-10-01","Total Young Moni Balance","Customer Profile, Accounts & Beneficiaries","",""
"","130","Purchase Data - Empty Fields","Personal Banking APIs - QA Test Suite","2026-10-01","passed","2026-10-01","Purchase Data","Airtime, Data, Bills & VAS Beneficiaries","",""
"","142","Young Moni Requests Complete Review - Valid","Personal Banking APIs - QA Test Suite","2026-10-01","failed","2026-10-01","Young Moni Requests Complete Review","KYC, Tier Upgrades & Young Moni","",""
"","127","Purchase Waec - Empty Fields","Personal Banking APIs - QA Test Suite","2026-10-01","passed","2026-10-01","Purchase Waec","Airtime, Data, Bills & VAS Beneficiaries","",""
"","124","Retry Payment Schedule - No Auth","Personal Banking APIs - QA Test Suite","2026-10-01","passed","2026-10-01","Retry Payment Schedule","Scheduled Payments","",""
"","135","Young Moni Initiate Account Without Identity - Empty Fields","Personal Banking APIs - QA Test Suite","2026-10-01","failed","2026-10-01","Young Moni Initiate Account Without Identity","Customer Profile, Accounts & Beneficiaries","",""
"","142","Intra Name Enquiry - Missing Required Field","Personal Banking APIs - QA Test Suite","2026-10-01","passed","2026-10-01","Intra Name Enquiry","Wallets, Transfers, Transactions & Fund Requests","",""
"","354","Her Wealth Details - Invalid Query","Personal Banking APIs - QA Test Suite","2026-10-01","passed","2026-10-01","Her Wealth Details","Customer Profile, Accounts & Beneficiaries","",""
"","131","Transfer - Invalid Amount","Personal Banking APIs - QA Test Suite","2026-10-01","passed","2026-10-01","Transfer","Scheduled Payments","",""
"","140","Approve Single Fund Request - Missing Required Field","Personal Banking APIs - QA Test Suite","2026-10-01","failed","2026-10-01","Approve Single Fund Request","Wallets, Transfers, Transactions & Fund Requests","",""
"","195","Encrypt Login - Invalid Token Or PIN","Personal Banking APIs - QA Test Suite","2026-10-01","failed","2026-10-01","Encrypt Login","Login, Credentials, Security & Devices","",""
"","240","Transactions - Valid","Personal Banking APIs - QA Test Suite","2026-10-01","passed","2026-10-01","Transactions","Wallets, Transfers, Transactions & Fund Requests","",""
"","127","Verify Phone Number - Missing Required Field","Personal Banking APIs - QA Test Suite","2026-10-01","failed","2026-10-01","Verify Phone Number","Login, Credentials, Security & Devices","",""
"","126","Transactions Create Plan - Empty Fields","Personal Banking APIs - QA Test Suite","2026-10-01","passed","2026-10-01","Transactions Create Plan","SWAG Savings","",""
"","124","Wallet - No Auth","Personal Banking APIs - QA Test Suite","2026-10-01","passed","2026-10-01","Wallet","Target Savings","",""
"","147","Create Password - Missing Required Field","Personal Banking APIs - QA Test Suite","2026-10-01","passed","2026-10-01","Create Password","Login, Credentials, Security & Devices","",""
"","137","Young Moni Upload Child Documents - Empty Fields","Personal Banking APIs - QA Test Suite","2026-10-01","failed","2026-10-01","Young Moni Upload Child Documents","Customer Profile, Accounts & Beneficiaries","",""
"","131","Wallet Total Balance - Invalid Query","Personal Banking APIs - QA Test Suite","2026-10-01","failed","2026-10-01","Wallet Total Balance","Target Savings","",""
"","126","Admin Coins Rules - No Auth","Personal Banking APIs - QA Test Suite","2026-10-01","passed","2026-10-01","Admin Coins Rules","Rewards, Cash Tokens & Wishlists","",""
"","135","Terms - Invalid Query","Personal Banking APIs - QA Test Suite","2026-10-01","failed","2026-10-01","Terms","Rewards, Cash Tokens & Wishlists","",""
"","131","Reward With Cashback - Missing Required Field","Personal Banking APIs - QA Test Suite","2026-10-01","failed","2026-10-01","Reward With Cashback","Rewards, Cash Tokens & Wishlists","",""
"","128","Intra Transfer - Invalid Token Or PIN","Personal Banking APIs - QA Test Suite","2026-10-01","passed","2026-10-01","Intra Transfer","Wallets, Transfers, Transactions & Fund Requests","",""
"","376","Retrieve - Invalid Query","Personal Banking APIs - QA Test Suite","2026-10-01","failed","2026-10-01","Retrieve","Customer Profile, Accounts & Beneficiaries","",""
"","137","Wallet - Nonexistent ID","Personal Banking APIs - QA Test Suite","2026-10-01","failed","2026-10-01","Wallet","SWAG Savings","",""
"","126","Airtime - Empty Fields","Personal Banking APIs - QA Test Suite","2026-10-01","passed","2026-10-01","Airtime","Scheduled Payments","",""
"","158","List - Valid","Personal Banking APIs - QA Test Suite","2026-10-01","failed","2026-10-01","List","Airtime, Data, Bills & VAS Beneficiaries","",""
"","128","Purchase Airtime - No Auth","Personal Banking APIs - QA Test Suite","2026-10-01","failed","2026-10-01","Purchase Airtime","Airtime, Data, Bills & VAS Beneficiaries","",""
"","124","Redeem Coins - No Auth","Personal Banking APIs - QA Test Suite","2026-10-01","passed","2026-10-01","Redeem Coins","Rewards, Cash Tokens & Wishlists","",""
"","239","Admin Games - No Auth","Personal Banking APIs - QA Test Suite","2026-10-01","passed","2026-10-01","Admin Games","Rewards, Cash Tokens & Wishlists","",""
"","139","Inter Transfer - Valid","Personal Banking APIs - QA Test Suite","2026-10-01","failed","2026-10-01","Inter Transfer","Wallets, Transfers, Transactions & Fund Requests","",""
"","140","Partial - Missing Required Field","Personal Banking APIs - QA Test Suite","2026-10-01","failed","2026-10-01","Partial","Wallets, Transfers, Transactions & Fund Requests","",""
"","124","Intra Name Enquiry By Phone - No Auth","Personal Banking APIs - QA Test Suite","2026-10-01","passed","2026-10-01","Intra Name Enquiry By Phone","Wallets, Transfers, Transactions & Fund Requests","",""
"","158","Retrieve - Valid","Personal Banking APIs - QA Test Suite","2026-10-01","failed","2026-10-01","Retrieve","Scheduled Payments","",""
"","136","Transactions Evaluate Target - Invalid Status Or Type","Personal Banking APIs - QA Test Suite","2026-10-01","passed","2026-10-01","Transactions Evaluate Target","Target Savings","",""
"","160","Toolkit Accounts - Invalid Query","Personal Banking APIs - QA Test Suite","2026-10-01","failed","2026-10-01","Toolkit Accounts","Customer Profile, Accounts & Beneficiaries","",""
"","141","Update - Nonexistent ID","Personal Banking APIs - QA Test Suite","2026-10-01","failed","2026-10-01","Update","Scheduled Payments","",""
"","130","Repay - No Auth","Personal Banking APIs - QA Test Suite","2026-10-01","passed","2026-10-01","Repay","Kolo Connect Advances","",""
"","134","Transactions - Invalid Query","Personal Banking APIs - QA Test Suite","2026-10-01","failed","2026-10-01","Transactions","Target Savings","",""
"","124","Young Moni Documents - No Auth","Personal Banking APIs - QA Test Suite","2026-10-01","passed","2026-10-01","Young Moni Documents","KYC, Tier Upgrades & Young Moni","",""
"","131","Inter Transfer - Invalid Amount","Personal Banking APIs - QA Test Suite","2026-10-01","passed","2026-10-01","Inter Transfer","Wallets, Transfers, Transactions & Fund Requests","",""
"","575","Create - No Auth","Personal Banking APIs - QA Test Suite","2026-10-01","passed","2026-10-01","Create","Airtime, Data, Bills & VAS Beneficiaries","",""
"","134","Get Electricity Billers - Invalid Query","Personal Banking APIs - QA Test Suite","2026-10-01","failed","2026-10-01","Get Electricity Billers","Airtime, Data, Bills & VAS Beneficiaries","",""
"","140","Account Officer - Nonexistent ID","Personal Banking APIs - QA Test Suite","2026-10-01","passed","2026-10-01","Account Officer","Customer Profile, Accounts & Beneficiaries","",""
"","126","Games Card Match - Empty Fields","Personal Banking APIs - QA Test Suite","2026-10-01","passed","2026-10-01","Games Card Match","Rewards, Cash Tokens & Wishlists","",""
"","156","Wishlist Config Edit - Invalid ID","Personal Banking APIs - QA Test Suite","2026-10-01","failed","2026-10-01","Wishlist Config Edit","Rewards, Cash Tokens & Wishlists","",""
"","134","Channel Settings - Invalid Token Or PIN","Personal Banking APIs - QA Test Suite","2026-10-01","failed","2026-10-01","Channel Settings","Customer Cards","",""
"","259","Admin Coins Transactions - Valid","Personal Banking APIs - QA Test Suite","2026-10-01","failed","2026-10-01","Admin Coins Transactions","Rewards, Cash Tokens & Wishlists","",""
"","132","Retrieve - Invalid ID","Personal Banking APIs - QA Test Suite","2026-10-01","passed","2026-10-01","Retrieve","KYC, Tier Upgrades & Young Moni","",""
"","127","Create Transaction Pin - Missing Required Field","Personal Banking APIs - QA Test Suite","2026-10-01","failed","2026-10-01","Create Transaction Pin","Login, Credentials, Security & Devices","",""
"","131","Login - Empty Fields","Personal Banking APIs - QA Test Suite","2026-10-01","passed","2026-10-01","Login","Login, Credentials, Security & Devices","",""
"","145","Kyc Level Distribution - Valid","Personal Banking APIs - QA Test Suite","2026-10-01","failed","2026-10-01","Kyc Level Distribution","Customer Profile, Accounts & Beneficiaries","",""
"","137","Item - Nonexistent ID","Personal Banking APIs - QA Test Suite","2026-10-01","passed","2026-10-01","Item","Rewards, Cash Tokens & Wishlists","",""
"","146","Wallet - Valid","Personal Banking APIs - QA Test Suite","2026-10-01","failed","2026-10-01","Wallet","Target Savings","",""
"","129","Transactions - Invalid Query","Personal Banking APIs - QA Test Suite","2026-10-01","failed","2026-10-01","Transactions","SWAG Savings","",""
"","133","Eligibility - Invalid Query","Personal Banking APIs - QA Test Suite","2026-10-01","failed","2026-10-01","Eligibility","Kolo Connect Advances","",""
"","133","Repay - Invalid ID","Personal Banking APIs - QA Test Suite","2026-10-01","failed","2026-10-01","Repay","Kolo Connect Advances","",""
"","257","Admin Coins Rules - Valid","Personal Banking APIs - QA Test Suite","2026-10-01","failed","2026-10-01","Admin Coins Rules","Rewards, Cash Tokens & Wishlists","",""
"","134","List Documents - Invalid ID","Personal Banking APIs - QA Test Suite","2026-10-01","passed","2026-10-01","List Documents","KYC, Tier Upgrades & Young Moni","",""
"","123","Data Plans - No Auth","Personal Banking APIs - QA Test Suite","2026-10-01","passed","2026-10-01","Data Plans","Airtime, Data, Bills & VAS Beneficiaries","",""
"","127","Purchase Epin - Valid","Personal Banking APIs - QA Test Suite","2026-10-01","failed","2026-10-01","Purchase Epin","Airtime, Data, Bills & VAS Beneficiaries","",""
"","253","Admin Coins Rules Stats - Valid","Personal Banking APIs - QA Test Suite","2026-10-01","failed","2026-10-01","Admin Coins Rules Stats","Rewards, Cash Tokens & Wishlists","",""
"","126","Update Location - Empty Fields","Personal Banking APIs - QA Test Suite","2026-10-01","failed","2026-10-01","Update Location","Login, Credentials, Security & Devices","",""
"","134","Enable - Nonexistent ID","Personal Banking APIs - QA Test Suite","2026-10-01","failed","2026-10-01","Enable","Wallets, Transfers, Transactions & Fund Requests","",""
"","146","Add Item - Invalid Status Or Type","Personal Banking APIs - QA Test Suite","2026-10-01","failed","2026-10-01","Add Item","Rewards, Cash Tokens & Wishlists","",""
"","126","Purchase Airtime - Empty Fields","Personal Banking APIs - QA Test Suite","2026-10-01","passed","2026-10-01","Purchase Airtime","Airtime, Data, Bills & VAS Beneficiaries","",""
"","127","Transactions Deposit - No Auth","Personal Banking APIs - QA Test Suite","2026-10-01","failed","2026-10-01","Transactions Deposit","SWAG Savings","",""
"","126","Add Item - No Auth","Personal Banking APIs - QA Test Suite","2026-10-01","passed","2026-10-01","Add Item","Rewards, Cash Tokens & Wishlists","",""
"","246","Admin Coins Rules - Invalid ID","Personal Banking APIs - QA Test Suite","2026-10-01","failed","2026-10-01","Admin Coins Rules","Rewards, Cash Tokens & Wishlists","",""
"","130","Login - Missing Required Field","Personal Banking APIs - QA Test Suite","2026-10-01","passed","2026-10-01","Login","Login, Credentials, Security & Devices","",""
"","140","Enable - Invalid Amount","Personal Banking APIs - QA Test Suite","2026-10-01","failed","2026-10-01","Enable","Wallets, Transfers, Transactions & Fund Requests","",""
"","135","Transactions Create Plan - Valid","Personal Banking APIs - QA Test Suite","2026-10-01","failed","2026-10-01","Transactions Create Plan","SWAG Savings","",""
"","131","Upload Bulk Fund Request - No Auth","Personal Banking APIs - QA Test Suite","2026-10-01","failed","2026-10-01","Upload Bulk Fund Request","Wallets, Transfers, Transactions & Fund Requests","",""
"","133","Restrict Accounts By BVN - No Auth","Personal Banking APIs - QA Test Suite","2026-10-01","passed","2026-10-01","Restrict Accounts By BVN","Customer Profile, Accounts & Beneficiaries","",""
"","131","Partial - Empty Fields","Personal Banking APIs - QA Test Suite","2026-10-01","failed","2026-10-01","Partial","Airtime, Data, Bills & VAS Beneficiaries","",""
"","133","High Value Transactions - Invalid Query","Personal Banking APIs - QA Test Suite","2026-10-01","failed","2026-10-01","High Value Transactions","Wallets, Transfers, Transactions & Fund Requests","",""
"","127","Transactions Withdraw Principal - Empty Fields","Personal Banking APIs - QA Test Suite","2026-10-01","passed","2026-10-01","Transactions Withdraw Principal","SWAG Savings","",""
"","123","Young Moni Requests Request Stats - No Auth","Personal Banking APIs - QA Test Suite","2026-10-01","passed","2026-10-01","Young Moni Requests Request Stats","KYC, Tier Upgrades & Young Moni","",""
"","125","Pay Schedule Early - No Auth","Personal Banking APIs - QA Test Suite","2026-10-01","passed","2026-10-01","Pay Schedule Early","Scheduled Payments","",""
"","123","Transactions - No Auth","Personal Banking APIs - QA Test Suite","2026-10-01","passed","2026-10-01","Transactions","SWAG Savings","",""
"","137","Create Sub Account - Missing Required Field","Personal Banking APIs - QA Test Suite","2026-10-01","passed","2026-10-01","Create Sub Account","Customer Profile, Accounts & Beneficiaries","",""
"","144","Verify Alias Phone Number - Invalid Token Or PIN","Personal Banking APIs - QA Test Suite","2026-10-01","passed","2026-10-01","Verify Alias Phone Number","Customer Profile, Accounts & Beneficiaries","",""
"","159","Verify Device Changed - Valid","Personal Banking APIs - QA Test Suite","2026-10-01","failed","2026-10-01","Verify Device Changed","Login, Credentials, Security & Devices","",""
"","132","Types - Invalid Query","Personal Banking APIs - QA Test Suite","2026-10-01","failed","2026-10-01","Types","Supalock Savings","",""
"","135","Transfers Left - Invalid Query","Personal Banking APIs - QA Test Suite","2026-10-01","failed","2026-10-01","Transfers Left","Wallets, Transfers, Transactions & Fund Requests","",""
"","123","Games Spin Wheel - No Auth","Personal Banking APIs - QA Test Suite","2026-10-01","passed","2026-10-01","Games Spin Wheel","Rewards, Cash Tokens & Wishlists","",""
"","149","Inter Name Enquiry - Empty Fields","Personal Banking APIs - QA Test Suite","2026-10-01","passed","2026-10-01","Inter Name Enquiry","Wallets, Transfers, Transactions & Fund Requests","",""
"","245","Admin Coins Rules - Invalid Query","Personal Banking APIs - QA Test Suite","2026-10-01","failed","2026-10-01","Admin Coins Rules","Rewards, Cash Tokens & Wishlists","",""
"","123","Wallet - No Auth","Personal Banking APIs - QA Test Suite","2026-10-01","passed","2026-10-01","Wallet","Save & Spend","",""
"","129","Create - Missing Required Field","Personal Banking APIs - QA Test Suite","2026-10-01","failed","2026-10-01","Create","Airtime, Data, Bills & VAS Beneficiaries","",""
"","126","Withdraw Cashback - No Auth","Personal Banking APIs - QA Test Suite","2026-10-01","passed","2026-10-01","Withdraw Cashback","Wallets, Transfers, Transactions & Fund Requests","",""
"","129","Perform Action - No Auth","Personal Banking APIs - QA Test Suite","2026-10-01","passed","2026-10-01","Perform Action","Rewards, Cash Tokens & Wishlists","",""
"","132","Retrieve - Invalid Query","Personal Banking APIs - QA Test Suite","2026-10-01","failed","2026-10-01","Retrieve","KYC, Tier Upgrades & Young Moni","",""
"","130","Intra Transfer - Valid","Personal Banking APIs - QA Test Suite","2026-10-01","failed","2026-10-01","Intra Transfer","Wallets, Transfers, Transactions & Fund Requests","",""
"","136","Partial - Missing Required Field","Personal Banking APIs - QA Test Suite","2026-10-01","failed","2026-10-01","Partial","Airtime, Data, Bills & VAS Beneficiaries","",""
"","139","Admin Coins Redemption Rules - Empty Fields","Personal Banking APIs - QA Test Suite","2026-10-01","failed","2026-10-01","Admin Coins Redemption Rules","Rewards, Cash Tokens & Wishlists","",""
"","135","Retrieve - Nonexistent ID","Personal Banking APIs - QA Test Suite","2026-10-01","passed","2026-10-01","Retrieve","Airtime, Data, Bills & VAS Beneficiaries","",""
"","124","Initiate Liveness Setup - No Auth","Personal Banking APIs - QA Test Suite","2026-10-01","passed","2026-10-01","Initiate Liveness Setup","Login, Credentials, Security & Devices","",""
"","123","Transactions - No Auth","Personal Banking APIs - QA Test Suite","2026-10-01","passed","2026-10-01","Transactions","SWAG Savings","",""
"","860","Create - Missing Required Field","Personal Banking APIs - QA Test Suite","2026-10-01","failed","2026-10-01","Create","Airtime, Data, Bills & VAS Beneficiaries","",""
"","139","Admin Coins Rules - Missing Required Field","Personal Banking APIs - QA Test Suite","2026-10-01","failed","2026-10-01","Admin Coins Rules","Rewards, Cash Tokens & Wishlists","",""
"","133","Repay - Nonexistent ID","Personal Banking APIs - QA Test Suite","2026-10-01","failed","2026-10-01","Repay","Kolo Connect Advances","",""
"","129","Withdraw - No Auth","Personal Banking APIs - QA Test Suite","2026-10-01","passed","2026-10-01","Withdraw","Rewards, Cash Tokens & Wishlists","",""
"","135","Account Officer View Rating - Invalid Query","Personal Banking APIs - QA Test Suite","2026-10-01","failed","2026-10-01","Account Officer View Rating","Customer Profile, Accounts & Beneficiaries","",""
"","127","Purchase Waec - Invalid Amount","Personal Banking APIs - QA Test Suite","2026-10-01","passed","2026-10-01","Purchase Waec","Airtime, Data, Bills & VAS Beneficiaries","",""
"","123","Types Get Supa Lock Special Interest - No Auth","Personal Banking APIs - QA Test Suite","2026-10-01","passed","2026-10-01","Types Get Supa Lock Special Interest","Supalock Savings","",""
"","133","Complete Registration - Empty Fields","Personal Banking APIs - QA Test Suite","2026-10-01","passed","2026-10-01","Complete Registration","Customer Onboarding","",""
"","134","Retrieve - Nonexistent ID","Personal Banking APIs - QA Test Suite","2026-10-01","failed","2026-10-01","Retrieve","Wallets, Transfers, Transactions & Fund Requests","",""
"","127","Inter Transfer - Empty Fields","Personal Banking APIs - QA Test Suite","2026-10-01","passed","2026-10-01","Inter Transfer","Wallets, Transfers, Transactions & Fund Requests","",""
"","134","Approve Single Fund Request - Invalid Token Or PIN","Personal Banking APIs - QA Test Suite","2026-10-01","failed","2026-10-01","Approve Single Fund Request","Wallets, Transfers, Transactions & Fund Requests","",""
"","125","Update Communication Preference - No Auth","Personal Banking APIs - QA Test Suite","2026-10-01","passed","2026-10-01","Update Communication Preference","Customer Profile, Accounts & Beneficiaries","",""
"","133","Setup Liveness Image - No Auth","Personal Banking APIs - QA Test Suite","2026-10-01","failed","2026-10-01","Setup Liveness Image","Login, Credentials, Security & Devices","",""
"","132","Types - Nonexistent ID","Personal Banking APIs - QA Test Suite","2026-10-01","passed","2026-10-01","Types","Supalock Savings","",""
"","131","Create - Invalid Status Or Type","Personal Banking APIs - QA Test Suite","2026-10-01","passed","2026-10-01","Create","Airtime, Data, Bills & VAS Beneficiaries","",""
"","154","Providers - Valid","Personal Banking APIs - QA Test Suite","2026-10-01","failed","2026-10-01","Providers","Insurance","",""
"","131","Young Moni Validate Details Without Identity - Missing Required Field","Personal Banking APIs - QA Test Suite","2026-10-01","failed","2026-10-01","Young Moni Validate Details Without Identity","Customer Profile, Accounts & Beneficiaries","",""
"","128","Transactions Create Wallet - Valid","Personal Banking APIs - QA Test Suite","2026-10-01","failed","2026-10-01","Transactions Create Wallet","Target Savings","",""
"","134","Admin Coins Redemption Rules - Invalid ID","Personal Banking APIs - QA Test Suite","2026-10-01","failed","2026-10-01","Admin Coins Redemption Rules","Rewards, Cash Tokens & Wishlists","",""
"","173","Daily Spending Summary - Valid","Personal Banking APIs - QA Test Suite","2026-10-01","passed","2026-10-01","Daily Spending Summary","Wallets, Transfers, Transactions & Fund Requests","",""
"","123","Wallet Download Target Statement - No Auth","Personal Banking APIs - QA Test Suite","2026-10-01","passed","2026-10-01","Wallet Download Target Statement","Target Savings","",""
"","131","Types - Nonexistent ID","Personal Banking APIs - QA Test Suite","2026-10-01","passed","2026-10-01","Types","Supalock Savings","",""
"","132","Create Wishlist - Empty Fields","Personal Banking APIs - QA Test Suite","2026-10-01","passed","2026-10-01","Create Wishlist","Rewards, Cash Tokens & Wishlists","",""
"","124","High Value Transactions - No Auth","Personal Banking APIs - QA Test Suite","2026-10-01","passed","2026-10-01","High Value Transactions","Wallets, Transfers, Transactions & Fund Requests","",""
"","176","List - Valid","Personal Banking APIs - QA Test Suite","2026-10-01","passed","2026-10-01","List","Airtime, Data, Bills & VAS Beneficiaries","",""
"","131","Repayment Plan - Nonexistent ID","Personal Banking APIs - QA Test Suite","2026-10-01","failed","2026-10-01","Repayment Plan","Kolo Connect Advances","",""
"","136","Create Wishlist With Items - Invalid Amount","Personal Banking APIs - QA Test Suite","2026-10-01","passed","2026-10-01","Create Wishlist With Items","Rewards, Cash Tokens & Wishlists","",""
"","190","Encrypt Login - Empty Fields","Personal Banking APIs - QA Test Suite","2026-10-01","failed","2026-10-01","Encrypt Login","Login, Credentials, Security & Devices","",""
"","133","Young Moni Documents Action Document - Nonexistent ID","Personal Banking APIs - QA Test Suite","2026-10-01","failed","2026-10-01","Young Moni Documents Action Document","KYC, Tier Upgrades & Young Moni","",""
"","131","Get Item Edit - Nonexistent ID","Personal Banking APIs - QA Test Suite","2026-10-01","failed","2026-10-01","Get Item Edit","Rewards, Cash Tokens & Wishlists","",""
"","131","Set Password & Create Pending User - Invalid Token Or PIN","Personal Banking APIs - QA Test Suite","2026-10-01","passed","2026-10-01","Set Password & Create Pending User","Customer Onboarding","",""
"","133","Update - Invalid ID","Personal Banking APIs - QA Test Suite","2026-10-01","passed","2026-10-01","Update","Scheduled Payments","",""
"","131","Webhook Cashtoken Webhook - Invalid Amount","Personal Banking APIs - QA Test Suite","2026-10-01","failed","2026-10-01","Webhook Cashtoken Webhook","Rewards, Cash Tokens & Wishlists","",""
"","142","Admin Coins Rules - Nonexistent ID","Personal Banking APIs - QA Test Suite","2026-10-01","failed","2026-10-01","Admin Coins Rules","Rewards, Cash Tokens & Wishlists","",""
"","135","Retrieve - Invalid Query","Personal Banking APIs - QA Test Suite","2026-10-01","failed","2026-10-01","Retrieve","Airtime, Data, Bills & VAS Beneficiaries","",""
"","134","Admin Update Documents - Missing Required Field","Personal Banking APIs - QA Test Suite","2026-10-01","passed","2026-10-01","Admin Update Documents","KYC, Tier Upgrades & Young Moni","",""
"","145","Admin Coins Rules - Valid","Personal Banking APIs - QA Test Suite","2026-10-01","failed","2026-10-01","Admin Coins Rules","Rewards, Cash Tokens & Wishlists","",""
"","130","Reward With Airtime - Missing Required Field","Personal Banking APIs - QA Test Suite","2026-10-01","failed","2026-10-01","Reward With Airtime","Rewards, Cash Tokens & Wishlists","",""
"","134","Jamb Lookup - Invalid Query","Personal Banking APIs - QA Test Suite","2026-10-01","failed","2026-10-01","Jamb Lookup","Airtime, Data, Bills & VAS Beneficiaries","",""
"","137","Intra Name Enquiry By Phone - Missing Required Field","Personal Banking APIs - QA Test Suite","2026-10-01","failed","2026-10-01","Intra Name Enquiry By Phone","Wallets, Transfers, Transactions & Fund Requests","",""
"","126","Kyc Level Count - No Auth","Personal Banking APIs - QA Test Suite","2026-10-01","passed","2026-10-01","Kyc Level Count","Customer Profile, Accounts & Beneficiaries","",""
"","139","Recipients - Nonexistent ID","Personal Banking APIs - QA Test Suite","2026-10-01","failed","2026-10-01","Recipients","Wallets, Transfers, Transactions & Fund Requests","",""
"","127","Reset Transaction Pin - No Auth","Personal Banking APIs - QA Test Suite","2026-10-01","passed","2026-10-01","Reset Transaction Pin","Login, Credentials, Security & Devices","",""
"","129","Single Fund Request - Empty Fields","Personal Banking APIs - QA Test Suite","2026-10-01","passed","2026-10-01","Single Fund Request","Wallets, Transfers, Transactions & Fund Requests","",""
"","124","Admin Devices Deactivate - Missing Required Field","Personal Banking APIs - QA Test Suite","2026-10-01","failed","2026-10-01","Admin Devices Deactivate","Login, Credentials, Security & Devices","",""
"","134","Create Supalock - Empty Fields","Personal Banking APIs - QA Test Suite","2026-10-01","failed","2026-10-01","Create Supalock","Supalock Savings","",""
"","133","Total Supalock Amount - Invalid Query","Personal Banking APIs - QA Test Suite","2026-10-01","failed","2026-10-01","Total Supalock Amount","Supalock Savings","",""
"","183","Providers - Valid","Personal Banking APIs - QA Test Suite","2026-10-01","passed","2026-10-01","Providers","Insurance","",""
"","127","Young Moni Upload Guardian Documents - Missing Required Field","Personal Banking APIs - QA Test Suite","2026-10-01","failed","2026-10-01","Young Moni Upload Guardian Documents","Customer Profile, Accounts & Beneficiaries","",""
"","129","Intra Account Transfer - Valid","Personal Banking APIs - QA Test Suite","2026-10-01","failed","2026-10-01","Intra Account Transfer","Wallets, Transfers, Transactions & Fund Requests","",""
"","127","Young Moni Validate Details - Invalid Email","Personal Banking APIs - QA Test Suite","2026-10-01","failed","2026-10-01","Young Moni Validate Details","Customer Profile, Accounts & Beneficiaries","",""
"","127","Young Moni Upload Guardian Documents - No Auth","Personal Banking APIs - QA Test Suite","2026-10-01","failed","2026-10-01","Young Moni Upload Guardian Documents","Customer Profile, Accounts & Beneficiaries","",""
"","149","Restrict Accounts By BVN - Valid","Personal Banking APIs - QA Test Suite","2026-10-01","failed","2026-10-01","Restrict Accounts By BVN","Customer Profile, Accounts & Beneficiaries","",""
"","156","Young Moni Initiate Account Request - Valid","Personal Banking APIs - QA Test Suite","2026-10-01","failed","2026-10-01","Young Moni Initiate Account Request","Customer Profile, Accounts & Beneficiaries","",""
"","149","Partial - Valid","Personal Banking APIs - QA Test Suite","2026-10-01","failed","2026-10-01","Partial","Wallets, Transfers, Transactions & Fund Requests","",""
"","124","Borrow - No Auth","Personal Banking APIs - QA Test Suite","2026-10-01","passed","2026-10-01","Borrow","Kolo Connect Advances","",""
"","123","Transfers Left - No Auth","Personal Banking APIs - QA Test Suite","2026-10-01","passed","2026-10-01","Transfers Left","Wallets, Transfers, Transactions & Fund Requests","",""
"","132","Transaction - Nonexistent ID","Personal Banking APIs - QA Test Suite","2026-10-01","failed","2026-10-01","Transaction","Airtime, Data, Bills & VAS Beneficiaries","",""
"","130","Wishlist Config - No Auth","Personal Banking APIs - QA Test Suite","2026-10-01","passed","2026-10-01","Wishlist Config","Rewards, Cash Tokens & Wishlists","",""
"","148","Perform Action - Valid","Personal Banking APIs - QA Test Suite","2026-10-01","failed","2026-10-01","Perform Action","Rewards, Cash Tokens & Wishlists","",""
"","138","Get Item - Nonexistent ID","Personal Banking APIs - QA Test Suite","2026-10-01","passed","2026-10-01","Get Item","Rewards, Cash Tokens & Wishlists","",""
"","132","Get Transaction Overview - Invalid Query","Personal Banking APIs - QA Test Suite","2026-10-01","failed","2026-10-01","Get Transaction Overview","Wallets, Transfers, Transactions & Fund Requests","",""
"","129","Verify Token - Missing Required Field","Personal Banking APIs - QA Test Suite","2026-10-01","passed","2026-10-01","Verify Token","Login, Credentials, Security & Devices","",""
"","124","Update - No Auth","Personal Banking APIs - QA Test Suite","2026-10-01","passed","2026-10-01","Update","Scheduled Payments","",""
"","140","Terms Draw Details - No Auth","Personal Banking APIs - QA Test Suite","2026-10-01","passed","2026-10-01","Terms Draw Details","Rewards, Cash Tokens & Wishlists","",""
"","238","Admin Games Rewards - No Auth","Personal Banking APIs - QA Test Suite","2026-10-01","passed","2026-10-01","Admin Games Rewards","Rewards, Cash Tokens & Wishlists","",""
"","125","Transactions - No Auth","Personal Banking APIs - QA Test Suite","2026-10-01","passed","2026-10-01","Transactions","Supalock Savings","",""
"","143","Retrieve - Nonexistent ID","Personal Banking APIs - QA Test Suite","2026-10-01","failed","2026-10-01","Retrieve","Wallets, Transfers, Transactions & Fund Requests","",""
"","138","Withdraw - Empty Fields","Personal Banking APIs - QA Test Suite","2026-10-01","failed","2026-10-01","Withdraw","Rewards, Cash Tokens & Wishlists","",""
"","127","Get Item Edit - No Auth","Personal Banking APIs - QA Test Suite","2026-10-01","passed","2026-10-01","Get Item Edit","Rewards, Cash Tokens & Wishlists","",""
"","133","Transactions Update Swag Plan - No Auth","Personal Banking APIs - QA Test Suite","2026-10-01","failed","2026-10-01","Transactions Update Swag Plan","SWAG Savings","",""
"","134","Update Documents - Invalid Status Or Type","Personal Banking APIs - QA Test Suite","2026-10-01","passed","2026-10-01","Update Documents","KYC, Tier Upgrades & Young Moni","",""
"","144","Partial - Nonexistent ID","Personal Banking APIs - QA Test Suite","2026-10-01","passed","2026-10-01","Partial","Airtime, Data, Bills & VAS Beneficiaries","",""
"","171","Admin Upload Documents - Valid","Personal Banking APIs - QA Test Suite","2026-10-01","failed","2026-10-01","Admin Upload Documents","KYC, Tier Upgrades & Young Moni","",""
"","134","Admin Games Rewards - Valid","Personal Banking APIs - QA Test Suite","2026-10-01","failed","2026-10-01","Admin Games Rewards","Rewards, Cash Tokens & Wishlists","",""
"","245","Admin Coins Redemption Rules - Invalid ID","Personal Banking APIs - QA Test Suite","2026-10-01","failed","2026-10-01","Admin Coins Redemption Rules","Rewards, Cash Tokens & Wishlists","",""
"","128","Transactions Create Wallet - Empty Fields","Personal Banking APIs - QA Test Suite","2026-10-01","passed","2026-10-01","Transactions Create Wallet","Save & Spend","",""
"","124","Reject Bulk Fund Request - No Auth","Personal Banking APIs - QA Test Suite","2026-10-01","passed","2026-10-01","Reject Bulk Fund Request","Wallets, Transfers, Transactions & Fund Requests","",""
"","132","Retrieve - Invalid Query","Personal Banking APIs - QA Test Suite","2026-10-01","failed","2026-10-01","Retrieve","Supalock Savings","",""
"","135","Reject Bulk Fund Request - Invalid Token Or PIN","Personal Banking APIs - QA Test Suite","2026-10-01","failed","2026-10-01","Reject Bulk Fund Request","Wallets, Transfers, Transactions & Fund Requests","",""
"","129","Renew Insurance - No Auth","Personal Banking APIs - QA Test Suite","2026-10-01","passed","2026-10-01","Renew Insurance","Insurance","",""
"","132","Data - Invalid Amount","Personal Banking APIs - QA Test Suite","2026-10-01","passed","2026-10-01","Data","Scheduled Payments","",""
"","139","Create Her Wealth - Empty Fields","Personal Banking APIs - QA Test Suite","2026-10-01","passed","2026-10-01","Create Her Wealth","Customer Profile, Accounts & Beneficiaries","",""
"","359","Encrypt Login - Valid","Personal Banking APIs - QA Test Suite","2026-10-01","passed","2026-10-01","Encrypt Login","Login, Credentials, Security & Devices","",""
"","138","Create Sub Account - Empty Fields","Personal Banking APIs - QA Test Suite","2026-10-01","passed","2026-10-01","Create Sub Account","Customer Profile, Accounts & Beneficiaries","",""
"","143","Withdraw Supalock - Valid","Personal Banking APIs - QA Test Suite","2026-10-01","failed","2026-10-01","Withdraw Supalock","Supalock Savings","",""
"","140","Create - Missing Required Field","Personal Banking APIs - QA Test Suite","2026-10-01","passed","2026-10-01","Create","Customer Profile, Accounts & Beneficiaries","",""
"","849","Add Item - Invalid ID","Personal Banking APIs - QA Test Suite","2026-10-01","passed","2026-10-01","Add Item","Rewards, Cash Tokens & Wishlists","",""
"","147","Terms - Invalid ID","Personal Banking APIs - QA Test Suite","2026-10-01","passed","2026-10-01","Terms","Rewards, Cash Tokens & Wishlists","",""
"","140","Update Request Recipients - Invalid Amount","Personal Banking APIs - QA Test Suite","2026-10-01","failed","2026-10-01","Update Request Recipients","Wallets, Transfers, Transactions & Fund Requests","",""
"","136","Wallet - Invalid Query","Personal Banking APIs - QA Test Suite","2026-10-01","failed","2026-10-01","Wallet","SWAG Savings","",""
"","127","Verify Alias Phone Number - No Auth","Personal Banking APIs - QA Test Suite","2026-10-01","passed","2026-10-01","Verify Alias Phone Number","Customer Profile, Accounts & Beneficiaries","",""
"","133","Young Moni Validate Details - Missing Required Field","Personal Banking APIs - QA Test Suite","2026-10-01","failed","2026-10-01","Young Moni Validate Details","Customer Profile, Accounts & Beneficiaries","",""
"","125","Unblock - No Auth","Personal Banking APIs - QA Test Suite","2026-10-01","passed","2026-10-01","Unblock","Customer Cards","",""
"","125","Update Request Recipients - No Auth","Personal Banking APIs - QA Test Suite","2026-10-01","passed","2026-10-01","Update Request Recipients","Wallets, Transfers, Transactions & Fund Requests","",""
"","203","Encrypt Login - Invalid Email","Personal Banking APIs - QA Test Suite","2026-10-01","failed","2026-10-01","Encrypt Login","Login, Credentials, Security & Devices","",""
"","126","Admin Devices Reactivate - Nonexistent ID","Personal Banking APIs - QA Test Suite","2026-10-01","failed","2026-10-01","Admin Devices Reactivate","Login, Credentials, Security & Devices","",""
"","135","Repay - Empty Fields","Personal Banking APIs - QA Test Suite","2026-10-01","failed","2026-10-01","Repay","Kolo Connect Advances","",""
"","159","Types - Valid","Personal Banking APIs - QA Test Suite","2026-10-01","failed","2026-10-01","Types","Supalock Savings","",""
"","135","Admin Coins Redemption Rules - Empty Fields","Personal Banking APIs - QA Test Suite","2026-10-01","failed","2026-10-01","Admin Coins Redemption Rules","Rewards, Cash Tokens & Wishlists","",""
"","131","Games Eligibility Requirements - Invalid Query","Personal Banking APIs - QA Test Suite","2026-10-01","passed","2026-10-01","Games Eligibility Requirements","Rewards, Cash Tokens & Wishlists","",""
"","149","Account Officer Change Request - Invalid ID","Personal Banking APIs - QA Test Suite","2026-10-01","passed","2026-10-01","Account Officer Change Request","Customer Profile, Accounts & Beneficiaries","",""
"","138","Verify Device Changed - Missing Required Field","Personal Banking APIs - QA Test Suite","2026-10-01","passed","2026-10-01","Verify Device Changed","Login, Credentials, Security & Devices","",""
"","259","Create Wishlist - Missing Required Field","Personal Banking APIs - QA Test Suite","2026-10-01","passed","2026-10-01","Create Wishlist","Rewards, Cash Tokens & Wishlists","",""
"","128","Young Moni Validate Details - Empty Fields","Personal Banking APIs - QA Test Suite","2026-10-01","failed","2026-10-01","Young Moni Validate Details","Customer Profile, Accounts & Beneficiaries","",""
"","137","Unblock - Nonexistent ID","Personal Banking APIs - QA Test Suite","2026-10-01","passed","2026-10-01","Unblock","Customer Cards","",""
"","134","Approve Single Fund Request - Empty Fields","Personal Banking APIs - QA Test Suite","2026-10-01","failed","2026-10-01","Approve Single Fund Request","Wallets, Transfers, Transactions & Fund Requests","",""
"","129","Reset Password - Missing Required Field","Personal Banking APIs - QA Test Suite","2026-10-01","passed","2026-10-01","Reset Password","Login, Credentials, Security & Devices","",""
"","135","Types - Invalid Status Or Type","Personal Banking APIs - QA Test Suite","2026-10-01","failed","2026-10-01","Types","Supalock Savings","",""
"","887","List - Valid","Personal Banking APIs - QA Test Suite","2026-10-01","passed","2026-10-01","List","Customer Profile, Accounts & Beneficiaries","",""
"","137","Enable - Invalid ID","Personal Banking APIs - QA Test Suite","2026-10-01","failed","2026-10-01","Enable","Wallets, Transfers, Transactions & Fund Requests","",""
"","133","Admin Reject Upgrade Request - Nonexistent ID","Personal Banking APIs - QA Test Suite","2026-10-01","failed","2026-10-01","Admin Reject Upgrade Request","KYC, Tier Upgrades & Young Moni","",""
"","133","Partial - Missing Required Field","Personal Banking APIs - QA Test Suite","2026-10-01","failed","2026-10-01","Partial","Customer Profile, Accounts & Beneficiaries","",""
"","135","Update Gender - Missing Required Field","Personal Banking APIs - QA Test Suite","2026-10-01","passed","2026-10-01","Update Gender","Login, Credentials, Security & Devices","",""
"","125","Games Check Eligibility - No Auth","Personal Banking APIs - QA Test Suite","2026-10-01","passed","2026-10-01","Games Check Eligibility","Rewards, Cash Tokens & Wishlists","",""
"","157","Young Moni Upload Child Documents - Valid","Personal Banking APIs - QA Test Suite","2026-10-01","failed","2026-10-01","Young Moni Upload Child Documents","Customer Profile, Accounts & Beneficiaries","",""
"","181","Account Officer - Valid","Personal Banking APIs - QA Test Suite","2026-10-01","failed","2026-10-01","Account Officer","Customer Profile, Accounts & Beneficiaries","",""
"","127","Request Phone Verification - Valid","Personal Banking APIs - QA Test Suite","2026-10-01","failed","2026-10-01","Request Phone Verification","Login, Credentials, Security & Devices","",""
"","133","Initiate Email Update - Empty Fields","Personal Banking APIs - QA Test Suite","2026-10-01","passed","2026-10-01","Initiate Email Update","KYC, Tier Upgrades & Young Moni","",""
"","124","Retrieve - No Auth","Personal Banking APIs - QA Test Suite","2026-10-01","passed","2026-10-01","Retrieve","Supalock Savings","",""
"","126","Purchase Data - Invalid Amount","Personal Banking APIs - QA Test Suite","2026-10-01","passed","2026-10-01","Purchase Data","Airtime, Data, Bills & VAS Beneficiaries","",""
"","131","Partial - Invalid Amount","Personal Banking APIs - QA Test Suite","2026-10-01","passed","2026-10-01","Partial","Wallets, Transfers, Transactions & Fund Requests","",""
"","161","Toolkit Accounts - Valid","Personal Banking APIs - QA Test Suite","2026-10-01","failed","2026-10-01","Toolkit Accounts","Customer Profile, Accounts & Beneficiaries","",""
"","132","Wishlist Config - Invalid Query","Personal Banking APIs - QA Test Suite","2026-10-01","failed","2026-10-01","Wishlist Config","Rewards, Cash Tokens & Wishlists","",""
"","124","Retrieve - No Auth","Personal Banking APIs - QA Test Suite","2026-10-01","passed","2026-10-01","Retrieve","Wallets, Transfers, Transactions & Fund Requests","",""
"","132","Wallet Download Swag Statement - Invalid Status Or Type","Personal Banking APIs - QA Test Suite","2026-10-01","failed","2026-10-01","Wallet Download Swag Statement","SWAG Savings","",""
"","126","Purchase Data - Invalid Token Or PIN","Personal Banking APIs - QA Test Suite","2026-10-01","passed","2026-10-01","Purchase Data","Airtime, Data, Bills & VAS Beneficiaries","",""
"","132","Admin Complete Upgrade Request - Nonexistent ID","Personal Banking APIs - QA Test Suite","2026-10-01","failed","2026-10-01","Admin Complete Upgrade Request","KYC, Tier Upgrades & Young Moni","",""
"","122","Wallet Total Balance - No Auth","Personal Banking APIs - QA Test Suite","2026-10-01","passed","2026-10-01","Wallet Total Balance","Save & Spend","",""
"","126","Retrieve - No Auth","Personal Banking APIs - QA Test Suite","2026-10-01","passed","2026-10-01","Retrieve","Scheduled Payments","",""
"","136","Disable - Invalid ID","Personal Banking APIs - QA Test Suite","2026-10-01","failed","2026-10-01","Disable","Wallets, Transfers, Transactions & Fund Requests","",""
"","136","Retrieve - Nonexistent ID","Personal Banking APIs - QA Test Suite","2026-10-01","passed","2026-10-01","Retrieve","Insurance","",""
"","134","Unblock - Empty Fields","Personal Banking APIs - QA Test Suite","2026-10-01","failed","2026-10-01","Unblock","Customer Cards","",""
"","222","Remaining Limit Today - Valid","Personal Banking APIs - QA Test Suite","2026-10-01","passed","2026-10-01","Remaining Limit Today","Wallets, Transfers, Transactions & Fund Requests","",""
"","139","Tier One Upgrade With BVN - Missing Required Field","Personal Banking APIs - QA Test Suite","2026-10-01","passed","2026-10-01","Tier One Upgrade With BVN","KYC, Tier Upgrades & Young Moni","",""
"","124","Waec Lookup - No Auth","Personal Banking APIs - QA Test Suite","2026-10-01","passed","2026-10-01","Waec Lookup","Airtime, Data, Bills & VAS Beneficiaries","",""
"","124","Wallet - No Auth","Personal Banking APIs - QA Test Suite","2026-10-01","passed","2026-10-01","Wallet","Target Savings","",""
"","168","Requests Request Card - Valid","Personal Banking APIs - QA Test Suite","2026-10-01","failed","2026-10-01","Requests Request Card","Customer Cards","",""
"","138","Games Eligibility Requirements - Valid","Personal Banking APIs - QA Test Suite","2026-10-01","failed","2026-10-01","Games Eligibility Requirements","Rewards, Cash Tokens & Wishlists","",""
"","127","Validate Smart Card - No Auth","Personal Banking APIs - QA Test Suite","2026-10-01","passed","2026-10-01","Validate Smart Card","Airtime, Data, Bills & VAS Beneficiaries","",""
"","137","Account Officer Request Change - Empty Fields","Personal Banking APIs - QA Test Suite","2026-10-01","passed","2026-10-01","Account Officer Request Change","Customer Profile, Accounts & Beneficiaries","",""
"","124","Winner Dismiss Action - No Auth","Personal Banking APIs - QA Test Suite","2026-10-01","passed","2026-10-01","Winner Dismiss Action","Rewards, Cash Tokens & Wishlists","",""
"","163","List - Invalid Query","Personal Banking APIs - QA Test Suite","2026-10-01","failed","2026-10-01","List","Airtime, Data, Bills & VAS Beneficiaries","",""
"","131","Admin Admin Tier Two Upgrade - Empty Fields","Personal Banking APIs - QA Test Suite","2026-10-01","failed","2026-10-01","Admin Admin Tier Two Upgrade","KYC, Tier Upgrades & Young Moni","",""
"","162","Terms - Valid","Personal Banking APIs - QA Test Suite","2026-10-01","failed","2026-10-01","Terms","Rewards, Cash Tokens & Wishlists","",""
"","133","Recipients - Invalid ID","Personal Banking APIs - QA Test Suite","2026-10-01","failed","2026-10-01","Recipients","Wallets, Transfers, Transactions & Fund Requests","",""
"","162","List - Invalid Query","Personal Banking APIs - QA Test Suite","2026-10-01","failed","2026-10-01","List","Rewards, Cash Tokens & Wishlists","",""
"","137","Retrieve - Invalid Query","Personal Banking APIs - QA Test Suite","2026-10-01","failed","2026-10-01","Retrieve","Insurance","",""
"","133","Winner Dismiss Action - Missing Required Field","Personal Banking APIs - QA Test Suite","2026-10-01","failed","2026-10-01","Winner Dismiss Action","Rewards, Cash Tokens & Wishlists","",""
"","127","Fund Betting Wallet - Missing Required Field","Personal Banking APIs - QA Test Suite","2026-10-01","passed","2026-10-01","Fund Betting Wallet","Airtime, Data, Bills & VAS Beneficiaries","",""
"","131","Channel Settings - Invalid Query","Personal Banking APIs - QA Test Suite","2026-10-01","failed","2026-10-01","Channel Settings","Customer Cards","",""
"","144","Admin Games Rewards - Valid","Personal Banking APIs - QA Test Suite","2026-10-01","failed","2026-10-01","Admin Games Rewards","Rewards, Cash Tokens & Wishlists","",""
"","127","Create Transaction Pin - Valid","Personal Banking APIs - QA Test Suite","2026-10-01","failed","2026-10-01","Create Transaction Pin","Login, Credentials, Security & Devices","",""
"","135","Transactions - Nonexistent ID","Personal Banking APIs - QA Test Suite","2026-10-01","passed","2026-10-01","Transactions","Target Savings","",""
"","135","Login With Pin - Valid","Personal Banking APIs - QA Test Suite","2026-10-01","failed","2026-10-01","Login With Pin","Login, Credentials, Security & Devices","",""
"","147","List - Valid","Personal Banking APIs - QA Test Suite","2026-10-01","failed","2026-10-01","List","Kolo Connect Advances","",""
"","131","Young Moni Documents Action Document - Empty Fields","Personal Banking APIs - QA Test Suite","2026-10-01","failed","2026-10-01","Young Moni Documents Action Document","KYC, Tier Upgrades & Young Moni","",""
"","138","Providers - Invalid ID","Personal Banking APIs - QA Test Suite","2026-10-01","passed","2026-10-01","Providers","Insurance","",""
"","123","Terms - No Auth","Personal Banking APIs - QA Test Suite","2026-10-01","passed","2026-10-01","Terms","Rewards, Cash Tokens & Wishlists","",""
"","399","Verify Reset Token - Invalid Token Or PIN","Personal Banking APIs - QA Test Suite","2026-10-01","failed","2026-10-01","Verify Reset Token","Login, Credentials, Security & Devices","",""
"","150","Account Officer Change Request - Invalid Query","Personal Banking APIs - QA Test Suite","2026-10-01","failed","2026-10-01","Account Officer Change Request","Customer Profile, Accounts & Beneficiaries","",""
"","179","Transactions - Valid","Personal Banking APIs - QA Test Suite","2026-10-01","passed","2026-10-01","Transactions","Save & Spend","",""
"","147","Create Supalock - Valid","Personal Banking APIs - QA Test Suite","2026-10-01","failed","2026-10-01","Create Supalock","Supalock Savings","",""
"","127","Update Location - Valid","Personal Banking APIs - QA Test Suite","2026-10-01","failed","2026-10-01","Update Location","Login, Credentials, Security & Devices","",""
"","130","Reset Password - Empty Fields","Personal Banking APIs - QA Test Suite","2026-10-01","passed","2026-10-01","Reset Password","Login, Credentials, Security & Devices","",""
"","149","Requests Get Delivery Cost - Valid","Personal Banking APIs - QA Test Suite","2026-10-01","failed","2026-10-01","Requests Get Delivery Cost","Customer Cards","",""
"","132","Admin Admin Tier Zero Upgrade - Missing Required Field","Personal Banking APIs - QA Test Suite","2026-10-01","failed","2026-10-01","Admin Admin Tier Zero Upgrade","KYC, Tier Upgrades & Young Moni","",""
"","133","Cancel Schedule Payment - Empty Fields","Personal Banking APIs - QA Test Suite","2026-10-01","passed","2026-10-01","Cancel Schedule Payment","Scheduled Payments","",""
"","133","Update Credit Stage - Empty Fields","Personal Banking APIs - QA Test Suite","2026-10-01","failed","2026-10-01","Update Credit Stage","Wallets, Transfers, Transactions & Fund Requests","",""
"","134","Young Moni Requests Request Stats - Invalid Query","Personal Banking APIs - QA Test Suite","2026-10-01","failed","2026-10-01","Young Moni Requests Request Stats","KYC, Tier Upgrades & Young Moni","",""
"","125","Initiate Reset Card Pin - No Auth","Personal Banking APIs - QA Test Suite","2026-10-01","passed","2026-10-01","Initiate Reset Card Pin","Customer Cards","",""
"","132","Update - Invalid Amount","Personal Banking APIs - QA Test Suite","2026-10-01","passed","2026-10-01","Update","Scheduled Payments","",""
"","129","Purchase Jamb - Invalid Token Or PIN","Personal Banking APIs - QA Test Suite","2026-10-01","passed","2026-10-01","Purchase Jamb","Airtime, Data, Bills & VAS Beneficiaries","",""
"","132","Transactions Create Wallet - No Auth","Personal Banking APIs - QA Test Suite","2026-10-01","failed","2026-10-01","Transactions Create Wallet","Save & Spend","",""
"","125","Total Supalock Amount - No Auth","Personal Banking APIs - QA Test Suite","2026-10-01","passed","2026-10-01","Total Supalock Amount","Supalock Savings","",""
"","127","Single Fund Request - Invalid Amount","Personal Banking APIs - QA Test Suite","2026-10-01","passed","2026-10-01","Single Fund Request","Wallets, Transfers, Transactions & Fund Requests","",""
"","162","Register With Phone - Missing Required Field","Personal Banking APIs - QA Test Suite","2026-10-01","passed","2026-10-01","Register With Phone","Customer Onboarding","",""
"","139","Dismiss Action - Invalid Email","Personal Banking APIs - QA Test Suite","2026-10-01","failed","2026-10-01","Dismiss Action","KYC, Tier Upgrades & Young Moni","",""
"","133","Admin Reject Upgrade Request - Empty Fields","Personal Banking APIs - QA Test Suite","2026-10-01","failed","2026-10-01","Admin Reject Upgrade Request","KYC, Tier Upgrades & Young Moni","",""
"","243","Admin Coins Rules - No Auth","Personal Banking APIs - QA Test Suite","2026-10-01","passed","2026-10-01","Admin Coins Rules","Rewards, Cash Tokens & Wishlists","",""
"","135","Intra Name Enquiry - Empty Fields","Personal Banking APIs - QA Test Suite","2026-10-01","passed","2026-10-01","Intra Name Enquiry","Wallets, Transfers, Transactions & Fund Requests","",""
"","137","Repay - Missing Required Field","Personal Banking APIs - QA Test Suite","2026-10-01","failed","2026-10-01","Repay","Kolo Connect Advances","",""
"","135","Channel Settings - Nonexistent ID","Personal Banking APIs - QA Test Suite","2026-10-01","passed","2026-10-01","Channel Settings","Customer Cards","",""
"","205","Requests - Valid","Personal Banking APIs - QA Test Suite","2026-10-01","passed","2026-10-01","Requests","Customer Cards","",""
"","124","Enabled Setting - No Auth","Personal Banking APIs - QA Test Suite","2026-10-01","passed","2026-10-01","Enabled Setting","Wallets, Transfers, Transactions & Fund Requests","",""
"","142","Tier Progress - Valid","Personal Banking APIs - QA Test Suite","2026-10-01","failed","2026-10-01","Tier Progress","Rewards, Cash Tokens & Wishlists","",""
"","154","Validate Betting Id - Valid","Personal Banking APIs - QA Test Suite","2026-10-01","failed","2026-10-01","Validate Betting Id","Airtime, Data, Bills & VAS Beneficiaries","",""
"","150","List - Valid","Personal Banking APIs - QA Test Suite","2026-10-01","failed","2026-10-01","List","Wallets, Transfers, Transactions & Fund Requests","",""
"","143","Retrieve - Valid","Personal Banking APIs - QA Test Suite","2026-10-01","failed","2026-10-01","Retrieve","Wallets, Transfers, Transactions & Fund Requests","",""
"","123","Transactions - No Auth","Personal Banking APIs - QA Test Suite","2026-10-01","passed","2026-10-01","Transactions","Supalock Savings","",""
"","231","Partial - Invalid ID","Personal Banking APIs - QA Test Suite","2026-10-01","failed","2026-10-01","Partial","Airtime, Data, Bills & VAS Beneficiaries","",""
"","127","Young Moni Upload Child Documents - No Auth","Personal Banking APIs - QA Test Suite","2026-10-01","passed","2026-10-01","Young Moni Upload Child Documents","Customer Profile, Accounts & Beneficiaries","",""
"","151","Redeem Coins - Valid","Personal Banking APIs - QA Test Suite","2026-10-01","failed","2026-10-01","Redeem Coins","Rewards, Cash Tokens & Wishlists","",""
"","131","Channel Settings - Invalid ID","Personal Banking APIs - QA Test Suite","2026-10-01","passed","2026-10-01","Channel Settings","Customer Cards","",""
"","131","Purchase Epin - No Auth","Personal Banking APIs - QA Test Suite","2026-10-01","failed","2026-10-01","Purchase Epin","Airtime, Data, Bills & VAS Beneficiaries","",""
"","129","Intra Account Transfer - Empty Fields","Personal Banking APIs - QA Test Suite","2026-10-01","passed","2026-10-01","Intra Account Transfer","Wallets, Transfers, Transactions & Fund Requests","",""
"","127","Activate - No Auth","Personal Banking APIs - QA Test Suite","2026-10-01","passed","2026-10-01","Activate","Customer Cards","",""
"","135","List - Invalid Query","Personal Banking APIs - QA Test Suite","2026-10-01","failed","2026-10-01","List","Insurance","",""
"","151","Update Gender - Valid","Personal Banking APIs - QA Test Suite","2026-10-01","failed","2026-10-01","Update Gender","Login, Credentials, Security & Devices","",""
"","155","Retrieve - Valid","Personal Banking APIs - QA Test Suite","2026-10-01","failed","2026-10-01","Retrieve","Customer Profile, Accounts & Beneficiaries","",""
"","148","Document Delete - Empty Fields","Personal Banking APIs - QA Test Suite","2026-10-01","failed","2026-10-01","Document Delete","KYC, Tier Upgrades & Young Moni","",""
"","159","Withdraw Cashback - Valid","Personal Banking APIs - QA Test Suite","2026-10-01","failed","2026-10-01","Withdraw Cashback","Wallets, Transfers, Transactions & Fund Requests","",""
"","132","Export Fund Recipients - Missing Required Field","Personal Banking APIs - QA Test Suite","2026-10-01","failed","2026-10-01","Export Fund Recipients","Wallets, Transfers, Transactions & Fund Requests","",""
"","132","Transactions - Valid","Personal Banking APIs - QA Test Suite","2026-10-01","failed","2026-10-01","Transactions","SWAG Savings","",""
"","134","Winner - Invalid Query","Personal Banking APIs - QA Test Suite","2026-10-01","failed","2026-10-01","Winner","Rewards, Cash Tokens & Wishlists","",""
"","147","Verify Email Update - Valid","Personal Banking APIs - QA Test Suite","2026-10-01","failed","2026-10-01","Verify Email Update","KYC, Tier Upgrades & Young Moni","",""
"","151","Admin Admin Tier One Upgrade - Valid","Personal Banking APIs - QA Test Suite","2026-10-01","failed","2026-10-01","Admin Admin Tier One Upgrade","KYC, Tier Upgrades & Young Moni","",""
"","130","Transactions Deposit - Empty Fields","Personal Banking APIs - QA Test Suite","2026-10-01","passed","2026-10-01","Transactions Deposit","SWAG Savings","",""
"","196","Daily Income Summary - Valid","Personal Banking APIs - QA Test Suite","2026-10-01","passed","2026-10-01","Daily Income Summary","Wallets, Transfers, Transactions & Fund Requests","",""
"","140","Update Identity - Valid","Personal Banking APIs - QA Test Suite","2026-10-01","failed","2026-10-01","Update Identity","KYC, Tier Upgrades & Young Moni","",""
"","821","Inflow Outflow Analytics - Invalid Query","Personal Banking APIs - QA Test Suite","2026-10-01","failed","2026-10-01","Inflow Outflow Analytics","Wallets, Transfers, Transactions & Fund Requests","",""
"","141","Admin Devices Reactivate - Invalid ID","Personal Banking APIs - QA Test Suite","2026-10-01","failed","2026-10-01","Admin Devices Reactivate","Login, Credentials, Security & Devices","",""
"","125","Validate Jamb Profile - No Auth","Personal Banking APIs - QA Test Suite","2026-10-01","passed","2026-10-01","Validate Jamb Profile","Airtime, Data, Bills & VAS Beneficiaries","",""
"","124","Retrieve - No Auth","Personal Banking APIs - QA Test Suite","2026-10-01","passed","2026-10-01","Retrieve","Customer Cards","",""
"","137","Renew Insurance - Invalid Token Or PIN","Personal Banking APIs - QA Test Suite","2026-10-01","passed","2026-10-01","Renew Insurance","Insurance","",""
"","292","Find Customers By Phone - Valid","Personal Banking APIs - QA Test Suite","2026-10-01","passed","2026-10-01","Find Customers By Phone","Customer Profile, Accounts & Beneficiaries","",""
"","128","Admin Admin Submit - No Auth","Personal Banking APIs - QA Test Suite","2026-10-01","passed","2026-10-01","Admin Admin Submit","KYC, Tier Upgrades & Young Moni","",""
"","145","Intra Name Enquiry - Valid","Personal Banking APIs - QA Test Suite","2026-10-01","failed","2026-10-01","Intra Name Enquiry","Wallets, Transfers, Transactions & Fund Requests","",""
"","146","Create - Valid","Personal Banking APIs - QA Test Suite","2026-10-01","failed","2026-10-01","Create","Customer Profile, Accounts & Beneficiaries","",""
"","140","Retrieve - Invalid Query","Personal Banking APIs - QA Test Suite","2026-10-01","failed","2026-10-01","Retrieve","Wallets, Transfers, Transactions & Fund Requests","",""
"","126","Upload Documents - No Auth","Personal Banking APIs - QA Test Suite","2026-10-01","passed","2026-10-01","Upload Documents","KYC, Tier Upgrades & Young Moni","",""
"","192","List - Invalid Query","Personal Banking APIs - QA Test Suite","2026-10-01","failed","2026-10-01","List","KYC, Tier Upgrades & Young Moni","",""
"","126","Games Scratch Card - No Auth","Personal Banking APIs - QA Test Suite","2026-10-01","passed","2026-10-01","Games Scratch Card","Rewards, Cash Tokens & Wishlists","",""
"","123","Reject Single Fund Request - No Auth","Personal Banking APIs - QA Test Suite","2026-10-01","passed","2026-10-01","Reject Single Fund Request","Wallets, Transfers, Transactions & Fund Requests","",""
"","319","Admin Games Rewards - Invalid ID","Personal Banking APIs - QA Test Suite","2026-10-01","failed","2026-10-01","Admin Games Rewards","Rewards, Cash Tokens & Wishlists","",""
"","133","Upload Bulk Fund Request - Invalid Token Or PIN","Personal Banking APIs - QA Test Suite","2026-10-01","passed","2026-10-01","Upload Bulk Fund Request","Wallets, Transfers, Transactions & Fund Requests","",""
"","138","Borrow - Empty Fields","Personal Banking APIs - QA Test Suite","2026-10-01","failed","2026-10-01","Borrow","Kolo Connect Advances","",""
"","237","Admin Coins Redemption Rules - No Auth","Personal Banking APIs - QA Test Suite","2026-10-01","passed","2026-10-01","Admin Coins Redemption Rules","Rewards, Cash Tokens & Wishlists","",""
"","138","Activate - Empty Fields","Personal Banking APIs - QA Test Suite","2026-10-01","failed","2026-10-01","Activate","Customer Cards","",""
"","386","Get Cable Plans - Nonexistent ID","Personal Banking APIs - QA Test Suite","2026-10-01","failed","2026-10-01","Get Cable Plans","Airtime, Data, Bills & VAS Beneficiaries","",""
"","160","Initiate Email Update - Valid","Personal Banking APIs - QA Test Suite","2026-10-01","failed","2026-10-01","Initiate Email Update","KYC, Tier Upgrades & Young Moni","",""
"","127","Purchase Airtime - Invalid Amount","Personal Banking APIs - QA Test Suite","2026-10-01","passed","2026-10-01","Purchase Airtime","Airtime, Data, Bills & VAS Beneficiaries","",""
"","124","Partial - No Auth","Personal Banking APIs - QA Test Suite","2026-10-01","passed","2026-10-01","Partial","Airtime, Data, Bills & VAS Beneficiaries","",""
"","127","Transactions Break Wallet - Empty Fields","Personal Banking APIs - QA Test Suite","2026-10-01","passed","2026-10-01","Transactions Break Wallet","Save & Spend","",""
"","274","Verify Phone OTP - Invalid Token Or PIN","Personal Banking APIs - QA Test Suite","2026-10-01","passed","2026-10-01","Verify Phone OTP","Customer Onboarding","",""
"","131","Create - Invalid Amount","Personal Banking APIs - QA Test Suite","2026-10-01","passed","2026-10-01","Create","Wallets, Transfers, Transactions & Fund Requests","",""
"","125","Kyc Level Distribution - No Auth","Personal Banking APIs - QA Test Suite","2026-10-01","passed","2026-10-01","Kyc Level Distribution","Customer Profile, Accounts & Beneficiaries","",""
"","131","Types - Invalid Query","Personal Banking APIs - QA Test Suite","2026-10-01","failed","2026-10-01","Types","Supalock Savings","",""
"","132","Create - No Auth","Personal Banking APIs - QA Test Suite","2026-10-01","passed","2026-10-01","Create","Customer Profile, Accounts & Beneficiaries","",""
"","138","Verify Email Update - Invalid Email","Personal Banking APIs - QA Test Suite","2026-10-01","passed","2026-10-01","Verify Email Update","KYC, Tier Upgrades & Young Moni","",""
"","154","Account Officer - No Auth","Personal Banking APIs - QA Test Suite","2026-10-01","passed","2026-10-01","Account Officer","Customer Profile, Accounts & Beneficiaries","",""
"","137","Verify BVN (Choose BVN or NIN) - Missing Required Field","Personal Banking APIs - QA Test Suite","2026-10-01","passed","2026-10-01","Verify BVN (Choose BVN or NIN)","Customer Onboarding","",""
"","130","Tier Two Upgrade - No Auth","Personal Banking APIs - QA Test Suite","2026-10-01","passed","2026-10-01","Tier Two Upgrade","KYC, Tier Upgrades & Young Moni","",""
"","194","Retrieve - Invalid Query","Personal Banking APIs - QA Test Suite","2026-10-01","failed","2026-10-01","Retrieve","Wallets, Transfers, Transactions & Fund Requests","",""
"","144","Borrow - Valid","Personal Banking APIs - QA Test Suite","2026-10-01","failed","2026-10-01","Borrow","Kolo Connect Advances","",""
"","128","Intra Account Transfer - Invalid Token Or PIN","Personal Banking APIs - QA Test Suite","2026-10-01","passed","2026-10-01","Intra Account Transfer","Wallets, Transfers, Transactions & Fund Requests","",""
"","126","Transactions Break Target - Missing Required Field","Personal Banking APIs - QA Test Suite","2026-10-01","passed","2026-10-01","Transactions Break Target","Target Savings","",""
"","128","Transactions Deposit - Invalid Token Or PIN","Personal Banking APIs - QA Test Suite","2026-10-01","passed","2026-10-01","Transactions Deposit","SWAG Savings","",""
"","134","Payment Merchant - Invalid Status Or Type","Personal Banking APIs - QA Test Suite","2026-10-01","failed","2026-10-01","Payment Merchant","Customer Cards","",""
"","156","Create - Valid","Personal Banking APIs - QA Test Suite","2026-10-01","passed","2026-10-01","Create","Airtime, Data, Bills & VAS Beneficiaries","",""
"","123","Initiate Email Update - No Auth","Personal Banking APIs - QA Test Suite","2026-10-01","passed","2026-10-01","Initiate Email Update","KYC, Tier Upgrades & Young Moni","",""
"","126","Validate Betting Id - No Auth","Personal Banking APIs - QA Test Suite","2026-10-01","passed","2026-10-01","Validate Betting Id","Airtime, Data, Bills & VAS Beneficiaries","",""
"","170","Transactions - Invalid Query","Personal Banking APIs - QA Test Suite","2026-10-01","failed","2026-10-01","Transactions","Wallets, Transfers, Transactions & Fund Requests","",""
"","133","Update Credit Stage - No Auth","Personal Banking APIs - QA Test Suite","2026-10-01","passed","2026-10-01","Update Credit Stage","Wallets, Transfers, Transactions & Fund Requests","",""
"","132","Verify Reset Token - Invalid Status Or Type","Personal Banking APIs - QA Test Suite","2026-10-01","passed","2026-10-01","Verify Reset Token","Login, Credentials, Security & Devices","",""
"","125","Retrieve - No Auth","Personal Banking APIs - QA Test Suite","2026-10-01","passed","2026-10-01","Retrieve","Customer Profile, Accounts & Beneficiaries","",""
"","128","Daily Income Summary - No Auth","Personal Banking APIs - QA Test Suite","2026-10-01","passed","2026-10-01","Daily Income Summary","Wallets, Transfers, Transactions & Fund Requests","",""
"","131","Retrieve - Nonexistent ID","Personal Banking APIs - QA Test Suite","2026-10-01","failed","2026-10-01","Retrieve","Kolo Connect Advances","",""
"","126","Withdraw Supalock - No Auth","Personal Banking APIs - QA Test Suite","2026-10-01","passed","2026-10-01","Withdraw Supalock","Supalock Savings","",""
"","136","Types Get Supa Lock Special Interest - Nonexistent ID","Personal Banking APIs - QA Test Suite","2026-10-01","failed","2026-10-01","Types Get Supa Lock Special Interest","Supalock Savings","",""
"","142","Young Moni Documents - Valid","Personal Banking APIs - QA Test Suite","2026-10-01","failed","2026-10-01","Young Moni Documents","KYC, Tier Upgrades & Young Moni","",""
"","126","Admin Update Documents - No Auth","Personal Banking APIs - QA Test Suite","2026-10-01","passed","2026-10-01","Admin Update Documents","KYC, Tier Upgrades & Young Moni","",""
"","143","Young Moni Documents Action Document - Valid","Personal Banking APIs - QA Test Suite","2026-10-01","failed","2026-10-01","Young Moni Documents Action Document","KYC, Tier Upgrades & Young Moni","",""
"","124","Overview - No Auth","Personal Banking APIs - QA Test Suite","2026-10-01","passed","2026-10-01","Overview","Customer Profile, Accounts & Beneficiaries","",""
