"DESCRIPTION","DURATION IN MS","NAME","PARENT SUITE","START TIME","STATUS","STOP TIME","SUB SUITE","SUITE","TEST CLASS","TEST METHOD"
"","147","Enabled Setting - Invalid Query","Personal Banking APIs - QA Test Suite","2026-09-21","failed","2026-09-21","Enabled Setting","Wallets, Transfers, Transactions & Fund Requests","",""
"","152","Winner Dismiss Action - Invalid ID","Personal Banking APIs - QA Test Suite","2026-09-21","passed","2026-09-21","Winner Dismiss Action","Rewards, Cash Tokens & Wishlists","",""
"","172","Tier One Upgrade With BVN - Valid","Personal Banking APIs - QA Test Suite","2026-09-21","failed","2026-09-21","Tier One Upgrade With BVN","KYC, Tier Upgrades & Young Moni","",""
"","142","Partial - No Auth","Personal Banking APIs - QA Test Suite","2026-09-21","passed","2026-09-21","Partial","Customer Profile, Accounts & Beneficiaries","",""
"","147","Update Documents - Invalid Status Or Type","Personal Banking APIs - QA Test Suite","2026-09-21","passed","2026-09-21","Update Documents","KYC, Tier Upgrades & Young Moni","",""
"","139","Wallet Download Swag Statement - No Auth","Personal Banking APIs - QA Test Suite","2026-09-21","passed","2026-09-21","Wallet Download Swag Statement","SWAG Savings","",""
"","146","Transactions Withdraw Interest - Missing Required Field","Personal Banking APIs - QA Test Suite","2026-09-21","passed","2026-09-21","Transactions Withdraw Interest","SWAG Savings","",""
"","158","Validate Betting Id - Empty Fields","Personal Banking APIs - QA Test Suite","2026-09-21","passed","2026-09-21","Validate Betting Id","Airtime, Data, Bills & VAS Beneficiaries","",""
"","147","Withdraw Cashback - Invalid Amount","Personal Banking APIs - QA Test Suite","2026-09-21","failed","2026-09-21","Withdraw Cashback","Wallets, Transfers, Transactions & Fund Requests","",""
"","149","Topup Supalock - Invalid Token Or PIN","Personal Banking APIs - QA Test Suite","2026-09-21","failed","2026-09-21","Topup Supalock","Supalock Savings","",""
"","136","Reject Bulk Fund Request - No Auth","Personal Banking APIs - QA Test Suite","2026-09-21","passed","2026-09-21","Reject Bulk Fund Request","Wallets, Transfers, Transactions & Fund Requests","",""
"","146","Admin Coins Redemption Rules - Empty Fields","Personal Banking APIs - QA Test Suite","2026-09-21","failed","2026-09-21","Admin Coins Redemption Rules","Rewards, Cash Tokens & Wishlists","",""
"","145","Create Insurance - Invalid Token Or PIN","Personal Banking APIs - QA Test Suite","2026-09-21","passed","2026-09-21","Create Insurance","Insurance","",""
"","167","Get Electricity Billers - Valid","Personal Banking APIs - QA Test Suite","2026-09-21","failed","2026-09-21","Get Electricity Billers","Airtime, Data, Bills & VAS Beneficiaries","",""
"","142","Games Card Match - Empty Fields","Personal Banking APIs - QA Test Suite","2026-09-21","passed","2026-09-21","Games Card Match","Rewards, Cash Tokens & Wishlists","",""
"","158","Transactions - Invalid ID","Personal Banking APIs - QA Test Suite","2026-09-21","passed","2026-09-21","Transactions","Supalock Savings","",""
"","146","Wallet - Nonexistent ID","Personal Banking APIs - QA Test Suite","2026-09-21","failed","2026-09-21","Wallet","Target Savings","",""
"","148","Wallet - Nonexistent ID","Personal Banking APIs - QA Test Suite","2026-09-21","failed","2026-09-21","Wallet","Save & Spend","",""
"","146","List - Invalid Query","Personal Banking APIs - QA Test Suite","2026-09-21","failed","2026-09-21","List","Airtime, Data, Bills & VAS Beneficiaries","",""
"","148","Download Statement - Valid","Personal Banking APIs - QA Test Suite","2026-09-21","failed","2026-09-21","Download Statement","Wallets, Transfers, Transactions & Fund Requests","",""
"","152","Setup Liveness Image - No Auth","Personal Banking APIs - QA Test Suite","2026-09-21","failed","2026-09-21","Setup Liveness Image","Login, Credentials, Security & Devices","",""
"","148","Login With Pin - Missing Required Field","Personal Banking APIs - QA Test Suite","2026-09-21","passed","2026-09-21","Login With Pin","Login, Credentials, Security & Devices","",""
"","151","Payment Merchant - Empty Fields","Personal Banking APIs - QA Test Suite","2026-09-21","failed","2026-09-21","Payment Merchant","Customer Cards","",""
"","142","Transactions Break Target - Missing Required Field","Personal Banking APIs - QA Test Suite","2026-09-21","passed","2026-09-21","Transactions Break Target","Target Savings","",""
"","145","Transactions Deposit - Empty Fields","Personal Banking APIs - QA Test Suite","2026-09-21","passed","2026-09-21","Transactions Deposit","Target Savings","",""
"","140","Create - No Auth","Personal Banking APIs - QA Test Suite","2026-09-21","passed","2026-09-21","Create","Customer Profile, Accounts & Beneficiaries","",""
"","981","Data Plans - Invalid Query","Personal Banking APIs - QA Test Suite","2026-09-21","passed","2026-09-21","Data Plans","Airtime, Data, Bills & VAS Beneficiaries","",""
"","177","Admin Coins Rules - Valid","Personal Banking APIs - QA Test Suite","2026-09-21","failed","2026-09-21","Admin Coins Rules","Rewards, Cash Tokens & Wishlists","",""
"","147","Transactions - Invalid Query","Personal Banking APIs - QA Test Suite","2026-09-21","failed","2026-09-21","Transactions","SWAG Savings","",""
"","148","Topup Supalock - Missing Required Field","Personal Banking APIs - QA Test Suite","2026-09-21","failed","2026-09-21","Topup Supalock","Supalock Savings","",""
"","145","Webhook Cashtoken Webhook - Invalid Amount","Personal Banking APIs - QA Test Suite","2026-09-21","failed","2026-09-21","Webhook Cashtoken Webhook","Rewards, Cash Tokens & Wishlists","",""
"","156","Update Identity - Valid","Personal Banking APIs - QA Test Suite","2026-09-21","failed","2026-09-21","Update Identity","KYC, Tier Upgrades & Young Moni","",""
"","138","Intra Name Enquiry - No Auth","Personal Banking APIs - QA Test Suite","2026-09-21","passed","2026-09-21","Intra Name Enquiry","Wallets, Transfers, Transactions & Fund Requests","",""
"","153","Withdraw Cashback - Valid","Personal Banking APIs - QA Test Suite","2026-09-21","failed","2026-09-21","Withdraw Cashback","Wallets, Transfers, Transactions & Fund Requests","",""
"","161","Borrow - Invalid Token Or PIN","Personal Banking APIs - QA Test Suite","2026-09-21","failed","2026-09-21","Borrow","Kolo Connect Advances","",""
"","140","Wishlist Config Edit - Invalid Amount","Personal Banking APIs - QA Test Suite","2026-09-21","failed","2026-09-21","Wishlist Config Edit","Rewards, Cash Tokens & Wishlists","",""
"","293","Requests Fetch Agents - Valid","Personal Banking APIs - QA Test Suite","2026-09-21","failed","2026-09-21","Requests Fetch Agents","Customer Cards","",""
"","140","Purchase Data - Invalid Token Or PIN","Personal Banking APIs - QA Test Suite","2026-09-21","passed","2026-09-21","Purchase Data","Airtime, Data, Bills & VAS Beneficiaries","",""
"","284","Admin Games Stats - Valid","Personal Banking APIs - QA Test Suite","2026-09-21","failed","2026-09-21","Admin Games Stats","Rewards, Cash Tokens & Wishlists","",""
"","137","Account Officer - No Auth","Personal Banking APIs - QA Test Suite","2026-09-21","passed","2026-09-21","Account Officer","Customer Profile, Accounts & Beneficiaries","",""
"","136","Enabled Setting - No Auth","Personal Banking APIs - QA Test Suite","2026-09-21","passed","2026-09-21","Enabled Setting","Wallets, Transfers, Transactions & Fund Requests","",""
"","140","Create - No Auth","Personal Banking APIs - QA Test Suite","2026-09-21","passed","2026-09-21","Create","Airtime, Data, Bills & VAS Beneficiaries","",""
"","147","Young Moni Requests - Valid","Personal Banking APIs - QA Test Suite","2026-09-21","failed","2026-09-21","Young Moni Requests","KYC, Tier Upgrades & Young Moni","",""
"","267","Admin - Nonexistent ID","Personal Banking APIs - QA Test Suite","2026-09-21","failed","2026-09-21","Admin","KYC, Tier Upgrades & Young Moni","",""
"","268","Admin List Documents - Invalid Query","Personal Banking APIs - QA Test Suite","2026-09-21","failed","2026-09-21","Admin List Documents","KYC, Tier Upgrades & Young Moni","",""
"","167","Types Get Supa Lock Special Interest - Valid","Personal Banking APIs - QA Test Suite","2026-09-21","failed","2026-09-21","Types Get Supa Lock Special Interest","Supalock Savings","",""
"","152","List - Invalid Query","Personal Banking APIs - QA Test Suite","2026-09-21","failed","2026-09-21","List","Wallets, Transfers, Transactions & Fund Requests","",""
"","161","Wallet - Valid","Personal Banking APIs - QA Test Suite","2026-09-21","failed","2026-09-21","Wallet","SWAG Savings","",""
"","143","Purchase Epin - Missing Required Field","Personal Banking APIs - QA Test Suite","2026-09-21","passed","2026-09-21","Purchase Epin","Airtime, Data, Bills & VAS Beneficiaries","",""
"","281","Admin Coins Redemption Rules - Valid","Personal Banking APIs - QA Test Suite","2026-09-21","failed","2026-09-21","Admin Coins Redemption Rules","Rewards, Cash Tokens & Wishlists","",""
"","140","List - No Auth","Personal Banking APIs - QA Test Suite","2026-09-21","passed","2026-09-21","List","Customer Profile, Accounts & Beneficiaries","",""
"","146","Repay - No Auth","Personal Banking APIs - QA Test Suite","2026-09-21","passed","2026-09-21","Repay","Kolo Connect Advances","",""
"","149","Upload Documents - Empty Fields","Personal Banking APIs - QA Test Suite","2026-09-21","passed","2026-09-21","Upload Documents","KYC, Tier Upgrades & Young Moni","",""
"","150","List Documents - Nonexistent ID","Personal Banking APIs - QA Test Suite","2026-09-21","passed","2026-09-21","List Documents","KYC, Tier Upgrades & Young Moni","",""
"","155","Verify Reset Token - Invalid Email","Personal Banking APIs - QA Test Suite","2026-09-21","passed","2026-09-21","Verify Reset Token","Login, Credentials, Security & Devices","",""
"","138","List - No Auth","Personal Banking APIs - QA Test Suite","2026-09-21","passed","2026-09-21","List","Airtime, Data, Bills & VAS Beneficiaries","",""
"","139","Get Item Edit - No Auth","Personal Banking APIs - QA Test Suite","2026-09-21","passed","2026-09-21","Get Item Edit","Rewards, Cash Tokens & Wishlists","",""
"","139","Validate Smart Card - No Auth","Personal Banking APIs - QA Test Suite","2026-09-21","passed","2026-09-21","Validate Smart Card","Airtime, Data, Bills & VAS Beneficiaries","",""
"","173","Young Moni Initiate Account Request - Invalid Email","Personal Banking APIs - QA Test Suite","2026-09-21","passed","2026-09-21","Young Moni Initiate Account Request","Customer Profile, Accounts & Beneficiaries","",""
"","205","Games Eligibility Requirements - Valid","Personal Banking APIs - QA Test Suite","2026-09-21","failed","2026-09-21","Games Eligibility Requirements","Rewards, Cash Tokens & Wishlists","",""
"","141","Account Officer Rate Officer - No Auth","Personal Banking APIs - QA Test Suite","2026-09-21","passed","2026-09-21","Account Officer Rate Officer","Customer Profile, Accounts & Beneficiaries","",""
"","143","Verify Phone Number - Valid","Personal Banking APIs - QA Test Suite","2026-09-21","failed","2026-09-21","Verify Phone Number","Login, Credentials, Security & Devices","",""
"","171","Games Scratch Card - Valid","Personal Banking APIs - QA Test Suite","2026-09-21","failed","2026-09-21","Games Scratch Card","Rewards, Cash Tokens & Wishlists","",""
"","146","Transactions Break Target - Invalid Token Or PIN","Personal Banking APIs - QA Test Suite","2026-09-21","passed","2026-09-21","Transactions Break Target","Target Savings","",""
"","139","Transactions - No Auth","Personal Banking APIs - QA Test Suite","2026-09-21","passed","2026-09-21","Transactions","Target Savings","",""
"","140","Reset Pin - No Auth","Personal Banking APIs - QA Test Suite","2026-09-21","passed","2026-09-21","Reset Pin","Customer Cards","",""
"","148","Perform Action - No Auth","Personal Banking APIs - QA Test Suite","2026-09-21","passed","2026-09-21","Perform Action","Rewards, Cash Tokens & Wishlists","",""
"","146","Transactions - Invalid ID","Personal Banking APIs - QA Test Suite","2026-09-21","failed","2026-09-21","Transactions","SWAG Savings","",""
"","139","Retrieve - No Auth","Personal Banking APIs - QA Test Suite","2026-09-21","passed","2026-09-21","Retrieve","Airtime, Data, Bills & VAS Beneficiaries","",""
"","148","Admin Admin Tier Two Upgrade - Missing Required Field","Personal Banking APIs - QA Test Suite","2026-09-21","failed","2026-09-21","Admin Admin Tier Two Upgrade","KYC, Tier Upgrades & Young Moni","",""
"","162","Young Moni Documents Action Document - Valid","Personal Banking APIs - QA Test Suite","2026-09-21","failed","2026-09-21","Young Moni Documents Action Document","KYC, Tier Upgrades & Young Moni","",""
"","172","Update - Invalid Amount","Personal Banking APIs - QA Test Suite","2026-09-21","passed","2026-09-21","Update","Scheduled Payments","",""
"","268","Admin - Invalid ID","Personal Banking APIs - QA Test Suite","2026-09-21","failed","2026-09-21","Admin","KYC, Tier Upgrades & Young Moni","",""
"","148","Withdraw Supalock - Invalid Token Or PIN","Personal Banking APIs - QA Test Suite","2026-09-21","failed","2026-09-21","Withdraw Supalock","Supalock Savings","",""
"","145","Tier Zero Upgrade - Missing Required Field","Personal Banking APIs - QA Test Suite","2026-09-21","passed","2026-09-21","Tier Zero Upgrade","KYC, Tier Upgrades & Young Moni","",""
"","146","Retrieve - Nonexistent ID","Personal Banking APIs - QA Test Suite","2026-09-21","failed","2026-09-21","Retrieve","Wallets, Transfers, Transactions & Fund Requests","",""
"","147","List - Valid","Personal Banking APIs - QA Test Suite","2026-09-21","failed","2026-09-21","List","Wallets, Transfers, Transactions & Fund Requests","",""
"","148","Account Officer - Invalid Query","Personal Banking APIs - QA Test Suite","2026-09-21","failed","2026-09-21","Account Officer","Customer Profile, Accounts & Beneficiaries","",""
"","239","Account Officer Change Request - Valid","Personal Banking APIs - QA Test Suite","2026-09-21","passed","2026-09-21","Account Officer Change Request","Customer Profile, Accounts & Beneficiaries","",""
"","155","Requests Fetch Agents - Missing Required Field","Personal Banking APIs - QA Test Suite","2026-09-21","passed","2026-09-21","Requests Fetch Agents","Customer Cards","",""
"","271","Admin Coins Redemption Rules - Nonexistent ID","Personal Banking APIs - QA Test Suite","2026-09-21","failed","2026-09-21","Admin Coins Redemption Rules","Rewards, Cash Tokens & Wishlists","",""
"","170","Admin Update Documents - Valid","Personal Banking APIs - QA Test Suite","2026-09-21","failed","2026-09-21","Admin Update Documents","KYC, Tier Upgrades & Young Moni","",""
"","138","Update Daily Transfer Limit - No Auth","Personal Banking APIs - QA Test Suite","2026-09-21","passed","2026-09-21","Update Daily Transfer Limit","Customer Profile, Accounts & Beneficiaries","",""
"","174","Continue With Email - Valid","Personal Banking APIs - QA Test Suite","2026-09-21","failed","2026-09-21","Continue With Email","Customer Onboarding","",""
"","150","Wallet Interest Balance - Invalid ID","Personal Banking APIs - QA Test Suite","2026-09-21","failed","2026-09-21","Wallet Interest Balance","Save & Spend","",""
"","158","Add Item - Invalid Amount","Personal Banking APIs - QA Test Suite","2026-09-21","failed","2026-09-21","Add Item","Rewards, Cash Tokens & Wishlists","",""
"","156","Approve Bulk Fund Request - Empty Fields","Personal Banking APIs - QA Test Suite","2026-09-21","failed","2026-09-21","Approve Bulk Fund Request","Wallets, Transfers, Transactions & Fund Requests","",""
"","1044","Validate Betting Id - No Auth","Personal Banking APIs - QA Test Suite","2026-09-21","passed","2026-09-21","Validate Betting Id","Airtime, Data, Bills & VAS Beneficiaries","",""
"","150","Admin Update Documents - Invalid Status Or Type","Personal Banking APIs - QA Test Suite","2026-09-21","passed","2026-09-21","Admin Update Documents","KYC, Tier Upgrades & Young Moni","",""
"","234","Providers - Valid","Personal Banking APIs - QA Test Suite","2026-09-21","passed","2026-09-21","Providers","Insurance","",""
"","144","Purchase Waec - No Auth","Personal Banking APIs - QA Test Suite","2026-09-21","failed","2026-09-21","Purchase Waec","Airtime, Data, Bills & VAS Beneficiaries","",""
"","259","Admin Coins Transactions - No Auth","Personal Banking APIs - QA Test Suite","2026-09-21","passed","2026-09-21","Admin Coins Transactions","Rewards, Cash Tokens & Wishlists","",""
"","238","Account Officer Change Request - Valid","Personal Banking APIs - QA Test Suite","2026-09-21","failed","2026-09-21","Account Officer Change Request","Customer Profile, Accounts & Beneficiaries","",""
"","142","Intra Account Transfer - No Auth","Personal Banking APIs - QA Test Suite","2026-09-21","failed","2026-09-21","Intra Account Transfer","Wallets, Transfers, Transactions & Fund Requests","",""
"","141","Transactions Deposit - No Auth","Personal Banking APIs - QA Test Suite","2026-09-21","failed","2026-09-21","Transactions Deposit","SWAG Savings","",""
"","158","List - Invalid Query","Personal Banking APIs - QA Test Suite","2026-09-21","failed","2026-09-21","List","Wallets, Transfers, Transactions & Fund Requests","",""
"","142","Intra Transfer - Valid","Personal Banking APIs - QA Test Suite","2026-09-21","failed","2026-09-21","Intra Transfer","Wallets, Transfers, Transactions & Fund Requests","",""
"","164","Restrict Accounts By BVN - Valid","Personal Banking APIs - QA Test Suite","2026-09-21","failed","2026-09-21","Restrict Accounts By BVN","Customer Profile, Accounts & Beneficiaries","",""
"","248","List - Valid","Personal Banking APIs - QA Test Suite","2026-09-21","passed","2026-09-21","List","Customer Profile, Accounts & Beneficiaries","",""
"","225","List - Invalid Query","Personal Banking APIs - QA Test Suite","2026-09-21","failed","2026-09-21","List","KYC, Tier Upgrades & Young Moni","",""
"","142","Enable - No Auth","Personal Banking APIs - QA Test Suite","2026-09-21","passed","2026-09-21","Enable","Wallets, Transfers, Transactions & Fund Requests","",""
"","152","Providers - Invalid Query","Personal Banking APIs - QA Test Suite","2026-09-21","failed","2026-09-21","Providers","Insurance","",""
"","173","Approve Bulk Fund Request - Valid","Personal Banking APIs - QA Test Suite","2026-09-21","failed","2026-09-21","Approve Bulk Fund Request","Wallets, Transfers, Transactions & Fund Requests","",""
"","139","Document Delete - No Auth","Personal Banking APIs - QA Test Suite","2026-09-21","passed","2026-09-21","Document Delete","KYC, Tier Upgrades & Young Moni","",""
"","191","Verify Reset Token - Invalid Token Or PIN","Personal Banking APIs - QA Test Suite","2026-09-21","failed","2026-09-21","Verify Reset Token","Login, Credentials, Security & Devices","",""
"","143","List - No Auth","Personal Banking APIs - QA Test Suite","2026-09-21","passed","2026-09-21","List","Customer Profile, Accounts & Beneficiaries","",""
"","138","Initiate Reset Card Pin - No Auth","Personal Banking APIs - QA Test Suite","2026-09-21","passed","2026-09-21","Initiate Reset Card Pin","Customer Cards","",""
"","162","Create Password - Missing Required Field","Personal Banking APIs - QA Test Suite","2026-09-21","passed","2026-09-21","Create Password","Login, Credentials, Security & Devices","",""
"","149","Admin Coins Rules - Invalid Status Or Type","Personal Banking APIs - QA Test Suite","2026-09-21","failed","2026-09-21","Admin Coins Rules","Rewards, Cash Tokens & Wishlists","",""
"","149","Admin Coins Redemption Rules - Invalid Status Or Type","Personal Banking APIs - QA Test Suite","2026-09-21","failed","2026-09-21","Admin Coins Redemption Rules","Rewards, Cash Tokens & Wishlists","",""
"","144","Transactions Deposit - Valid","Personal Banking APIs - QA Test Suite","2026-09-21","failed","2026-09-21","Transactions Deposit","Target Savings","",""
"","178","Initiate Reset Card Pin - Valid","Personal Banking APIs - QA Test Suite","2026-09-21","passed","2026-09-21","Initiate Reset Card Pin","Customer Cards","",""
"","149","Young Moni Documents - Invalid Query","Personal Banking APIs - QA Test Suite","2026-09-21","failed","2026-09-21","Young Moni Documents","KYC, Tier Upgrades & Young Moni","",""
"","154","Repay - Invalid Amount","Personal Banking APIs - QA Test Suite","2026-09-21","failed","2026-09-21","Repay","Kolo Connect Advances","",""
"","159","Terms - Invalid ID","Personal Banking APIs - QA Test Suite","2026-09-21","passed","2026-09-21","Terms","Rewards, Cash Tokens & Wishlists","",""
"","148","Kyc Level Count - Invalid Query","Personal Banking APIs - QA Test Suite","2026-09-21","failed","2026-09-21","Kyc Level Count","Customer Profile, Accounts & Beneficiaries","",""
"","146","Admin Devices Reactivate - Nonexistent ID","Personal Banking APIs - QA Test Suite","2026-09-21","failed","2026-09-21","Admin Devices Reactivate","Login, Credentials, Security & Devices","",""
"","143","Admin Reject Upgrade Request - No Auth","Personal Banking APIs - QA Test Suite","2026-09-21","passed","2026-09-21","Admin Reject Upgrade Request","KYC, Tier Upgrades & Young Moni","",""
"","162","Wallet - Valid","Personal Banking APIs - QA Test Suite","2026-09-21","failed","2026-09-21","Wallet","SWAG Savings","",""
"","138","Types Get Supa Lock Special Interest - No Auth","Personal Banking APIs - QA Test Suite","2026-09-21","passed","2026-09-21","Types Get Supa Lock Special Interest","Supalock Savings","",""
"","150","Tenors - Invalid Query","Personal Banking APIs - QA Test Suite","2026-09-21","failed","2026-09-21","Tenors","Kolo Connect Advances","",""
"","141","Retrieve - No Auth","Personal Banking APIs - QA Test Suite","2026-09-21","passed","2026-09-21","Retrieve","Wallets, Transfers, Transactions & Fund Requests","",""
"","151","Transactions Create Wallet - Valid","Personal Banking APIs - QA Test Suite","2026-09-21","failed","2026-09-21","Transactions Create Wallet","Target Savings","",""
"","151","Types - Invalid ID","Personal Banking APIs - QA Test Suite","2026-09-21","passed","2026-09-21","Types","Supalock Savings","",""
"","149","Admin Coins Rules - Invalid Amount","Personal Banking APIs - QA Test Suite","2026-09-21","failed","2026-09-21","Admin Coins Rules","Rewards, Cash Tokens & Wishlists","",""
"","146","Transactions Update Swag Plan - Invalid Status Or Type","Personal Banking APIs - QA Test Suite","2026-09-21","passed","2026-09-21","Transactions Update Swag Plan","SWAG Savings","",""
"","152","Repay - Nonexistent ID","Personal Banking APIs - QA Test Suite","2026-09-21","failed","2026-09-21","Repay","Kolo Connect Advances","",""
"","329","List - Valid","Personal Banking APIs - QA Test Suite","2026-09-21","passed","2026-09-21","List","Customer Cards","",""
"","140","Create - No Auth","Personal Banking APIs - QA Test Suite","2026-09-21","passed","2026-09-21","Create","Airtime, Data, Bills & VAS Beneficiaries","",""
"","147","Complete Registration - Empty Fields","Personal Banking APIs - QA Test Suite","2026-09-21","passed","2026-09-21","Complete Registration","Customer Onboarding","",""
"","141","Admin Complete Upgrade Request - No Auth","Personal Banking APIs - QA Test Suite","2026-09-21","passed","2026-09-21","Admin Complete Upgrade Request","KYC, Tier Upgrades & Young Moni","",""
"","176","Reset Transaction Pin - Valid","Personal Banking APIs - QA Test Suite","2026-09-21","failed","2026-09-21","Reset Transaction Pin","Login, Credentials, Security & Devices","",""
"","148","Partial - Missing Required Field","Personal Banking APIs - QA Test Suite","2026-09-21","failed","2026-09-21","Partial","Wallets, Transfers, Transactions & Fund Requests","",""
"","148","Purchase Airtime - No Auth","Personal Banking APIs - QA Test Suite","2026-09-21","failed","2026-09-21","Purchase Airtime","Airtime, Data, Bills & VAS Beneficiaries","",""
"","148","Admin Admin Tier Zero Upgrade - Invalid Status Or Type","Personal Banking APIs - QA Test Suite","2026-09-21","failed","2026-09-21","Admin Admin Tier Zero Upgrade","KYC, Tier Upgrades & Young Moni","",""
"","149","Reset Password - Empty Fields","Personal Banking APIs - QA Test Suite","2026-09-21","passed","2026-09-21","Reset Password","Login, Credentials, Security & Devices","",""
"","138","List - No Auth","Personal Banking APIs - QA Test Suite","2026-09-21","passed","2026-09-21","List","Customer Cards","",""
"","149","Electricity - Invalid Amount","Personal Banking APIs - QA Test Suite","2026-09-21","passed","2026-09-21","Electricity","Scheduled Payments","",""
"","147","Recipients - Valid","Personal Banking APIs - QA Test Suite","2026-09-21","failed","2026-09-21","Recipients","Wallets, Transfers, Transactions & Fund Requests","",""
"","142","Purchase Epin - No Auth","Personal Banking APIs - QA Test Suite","2026-09-21","failed","2026-09-21","Purchase Epin","Airtime, Data, Bills & VAS Beneficiaries","",""
"","149","Verify Reset Token - Missing Required Field","Personal Banking APIs - QA Test Suite","2026-09-21","passed","2026-09-21","Verify Reset Token","Login, Credentials, Security & Devices","",""
"","217","Retrieve - Invalid Query","Personal Banking APIs - QA Test Suite","2026-09-21","failed","2026-09-21","Retrieve","Rewards, Cash Tokens & Wishlists","",""
"","141","Create Login Pin - Valid","Personal Banking APIs - QA Test Suite","2026-09-21","failed","2026-09-21","Create Login Pin","Login, Credentials, Security & Devices","",""
"","140","Update Communication Preference - No Auth","Personal Banking APIs - QA Test Suite","2026-09-21","passed","2026-09-21","Update Communication Preference","Customer Profile, Accounts & Beneficiaries","",""
"","138","Transactions - No Auth","Personal Banking APIs - QA Test Suite","2026-09-21","passed","2026-09-21","Transactions","Wallets, Transfers, Transactions & Fund Requests","",""
"","198","Transactions - Valid","Personal Banking APIs - QA Test Suite","2026-09-21","passed","2026-09-21","Transactions","Supalock Savings","",""
"","181","Wallet Interest Balance - Valid","Personal Banking APIs - QA Test Suite","2026-09-21","failed","2026-09-21","Wallet Interest Balance","Save & Spend","",""
"","139","Young Moni Upload Guardian Documents - No Auth","Personal Banking APIs - QA Test Suite","2026-09-21","failed","2026-09-21","Young Moni Upload Guardian Documents","Customer Profile, Accounts & Beneficiaries","",""
"","142","Admin Admin Tier One Upgrade - No Auth","Personal Banking APIs - QA Test Suite","2026-09-21","passed","2026-09-21","Admin Admin Tier One Upgrade","KYC, Tier Upgrades & Young Moni","",""
"","145","Retrieve - Invalid ID","Personal Banking APIs - QA Test Suite","2026-09-21","failed","2026-09-21","Retrieve","Supalock Savings","",""
"","139","Create Sub Account - No Auth","Personal Banking APIs - QA Test Suite","2026-09-21","passed","2026-09-21","Create Sub Account","Customer Profile, Accounts & Beneficiaries","",""
"","147","Create - Valid","Personal Banking APIs - QA Test Suite","2026-09-21","failed","2026-09-21","Create","Wallets, Transfers, Transactions & Fund Requests","",""
"","157","Approve Single Fund Request - Empty Fields","Personal Banking APIs - QA Test Suite","2026-09-21","failed","2026-09-21","Approve Single Fund Request","Wallets, Transfers, Transactions & Fund Requests","",""
"","139","Data - No Auth","Personal Banking APIs - QA Test Suite","2026-09-21","passed","2026-09-21","Data","Scheduled Payments","",""
"","157","Reset Login Pin - Empty Fields","Personal Banking APIs - QA Test Suite","2026-09-21","passed","2026-09-21","Reset Login Pin","Login, Credentials, Security & Devices","",""
"","147","Create Insurance - Empty Fields","Personal Banking APIs - QA Test Suite","2026-09-21","passed","2026-09-21","Create Insurance","Insurance","",""
"","158","Reset Pin - Invalid ID","Personal Banking APIs - QA Test Suite","2026-09-21","passed","2026-09-21","Reset Pin","Customer Cards","",""
"","144","Transactions Deposit - Invalid Token Or PIN","Personal Banking APIs - QA Test Suite","2026-09-21","passed","2026-09-21","Transactions Deposit","SWAG Savings","",""
"","143","Transactions Withdraw Principal - Invalid Amount","Personal Banking APIs - QA Test Suite","2026-09-21","passed","2026-09-21","Transactions Withdraw Principal","SWAG Savings","",""
"","151","Continue With Email - Invalid Email","Personal Banking APIs - QA Test Suite","2026-09-21","passed","2026-09-21","Continue With Email","Customer Onboarding","",""
"","139","Payment Merchant - No Auth","Personal Banking APIs - QA Test Suite","2026-09-21","passed","2026-09-21","Payment Merchant","Customer Cards","",""
"","162","Complete Registration - Valid","Personal Banking APIs - QA Test Suite","2026-09-21","failed","2026-09-21","Complete Registration","Customer Onboarding","",""
"","141","Purchase Jamb - Empty Fields","Personal Banking APIs - QA Test Suite","2026-09-21","passed","2026-09-21","Purchase Jamb","Airtime, Data, Bills & VAS Beneficiaries","",""
"","166","Transfer - Valid","Personal Banking APIs - QA Test Suite","2026-09-21","failed","2026-09-21","Transfer","Scheduled Payments","",""
"","154","Create - Missing Required Field","Personal Banking APIs - QA Test Suite","2026-09-21","passed","2026-09-21","Create","Customer Profile, Accounts & Beneficiaries","",""
"","147","Admin Admin Tier One Upgrade - Invalid Status Or Type","Personal Banking APIs - QA Test Suite","2026-09-21","failed","2026-09-21","Admin Admin Tier One Upgrade","KYC, Tier Upgrades & Young Moni","",""
"","148","Transactions Evaluate Break - Missing Required Field","Personal Banking APIs - QA Test Suite","2026-09-21","passed","2026-09-21","Transactions Evaluate Break","Target Savings","",""
"","141","Types - No Auth","Personal Banking APIs - QA Test Suite","2026-09-21","passed","2026-09-21","Types","Supalock Savings","",""
"","143","Create Transaction Pin - No Auth","Personal Banking APIs - QA Test Suite","2026-09-21","passed","2026-09-21","Create Transaction Pin","Login, Credentials, Security & Devices","",""
"","231","Requests - Valid","Personal Banking APIs - QA Test Suite","2026-09-21","passed","2026-09-21","Requests","Customer Cards","",""
"","152","Get Suggestions - Invalid Query","Personal Banking APIs - QA Test Suite","2026-09-21","failed","2026-09-21","Get Suggestions","Customer Profile, Accounts & Beneficiaries","",""
"","275","Admin - Invalid Query","Personal Banking APIs - QA Test Suite","2026-09-21","failed","2026-09-21","Admin","KYC, Tier Upgrades & Young Moni","",""
"","147","Document Update Status - Invalid ID","Personal Banking APIs - QA Test Suite","2026-09-21","failed","2026-09-21","Document Update Status","KYC, Tier Upgrades & Young Moni","",""
"","140","Redeem Insurance - No Auth","Personal Banking APIs - QA Test Suite","2026-09-21","passed","2026-09-21","Redeem Insurance","Insurance","",""
"","141","Data - Empty Fields","Personal Banking APIs - QA Test Suite","2026-09-21","passed","2026-09-21","Data","Scheduled Payments","",""
"","175","Transactions - Valid","Personal Banking APIs - QA Test Suite","2026-09-21","failed","2026-09-21","Transactions","Supalock Savings","",""
"","147","Admin Admin Submit - Missing Required Field","Personal Banking APIs - QA Test Suite","2026-09-21","failed","2026-09-21","Admin Admin Submit","KYC, Tier Upgrades & Young Moni","",""
"","142","Upload Bulk Fund Request - No Auth","Personal Banking APIs - QA Test Suite","2026-09-21","failed","2026-09-21","Upload Bulk Fund Request","Wallets, Transfers, Transactions & Fund Requests","",""
"","150","Young Moni Requests Complete Review - Nonexistent ID","Personal Banking APIs - QA Test Suite","2026-09-21","failed","2026-09-21","Young Moni Requests Complete Review","KYC, Tier Upgrades & Young Moni","",""
"","150","Admin Coins Rules - Empty Fields","Personal Banking APIs - QA Test Suite","2026-09-21","failed","2026-09-21","Admin Coins Rules","Rewards, Cash Tokens & Wishlists","",""
"","148","Retrieve - Nonexistent ID","Personal Banking APIs - QA Test Suite","2026-09-21","failed","2026-09-21","Retrieve","Wallets, Transfers, Transactions & Fund Requests","",""
"","139","Single Fund Request - No Auth","Personal Banking APIs - QA Test Suite","2026-09-21","failed","2026-09-21","Single Fund Request","Wallets, Transfers, Transactions & Fund Requests","",""
"","138","Transactions - No Auth","Personal Banking APIs - QA Test Suite","2026-09-21","passed","2026-09-21","Transactions","Save & Spend","",""
"","166","Young Moni Upload Child Documents - Nonexistent ID","Personal Banking APIs - QA Test Suite","2026-09-21","passed","2026-09-21","Young Moni Upload Child Documents","Customer Profile, Accounts & Beneficiaries","",""
"","142","Admin Upload Documents - No Auth","Personal Banking APIs - QA Test Suite","2026-09-21","passed","2026-09-21","Admin Upload Documents","KYC, Tier Upgrades & Young Moni","",""
"","147","Request Phone Verification - Missing Required Field","Personal Banking APIs - QA Test Suite","2026-09-21","failed","2026-09-21","Request Phone Verification","Login, Credentials, Security & Devices","",""
"","146","Transactions - Invalid Query","Personal Banking APIs - QA Test Suite","2026-09-21","failed","2026-09-21","Transactions","SWAG Savings","",""
"","141","Admin Admin Submit - No Auth","Personal Banking APIs - QA Test Suite","2026-09-21","passed","2026-09-21","Admin Admin Submit","KYC, Tier Upgrades & Young Moni","",""
"","157","Partial - Missing Required Field","Personal Banking APIs - QA Test Suite","2026-09-21","failed","2026-09-21","Partial","Airtime, Data, Bills & VAS Beneficiaries","",""
"","155","Admin Coins Redemption Rules - Empty Fields","Personal Banking APIs - QA Test Suite","2026-09-21","failed","2026-09-21","Admin Coins Redemption Rules","Rewards, Cash Tokens & Wishlists","",""
"","154","Retrieve - Invalid Query","Personal Banking APIs - QA Test Suite","2026-09-21","failed","2026-09-21","Retrieve","Kolo Connect Advances","",""
"","150","Admin Reject Upgrade Request - Missing Required Field","Personal Banking APIs - QA Test Suite","2026-09-21","failed","2026-09-21","Admin Reject Upgrade Request","KYC, Tier Upgrades & Young Moni","",""
"","148","Transfer - Missing Required Field","Personal Banking APIs - QA Test Suite","2026-09-21","passed","2026-09-21","Transfer","Scheduled Payments","",""
"","172","Verify NIN (Choose BVN or NIN) - Valid","Personal Banking APIs - QA Test Suite","2026-09-21","failed","2026-09-21","Verify NIN (Choose BVN or NIN)","Customer Onboarding","",""
"","158","Eligibility - Valid","Personal Banking APIs - QA Test Suite","2026-09-21","failed","2026-09-21","Eligibility","Kolo Connect Advances","",""
"","327","Account Officer Request Change - Valid","Personal Banking APIs - QA Test Suite","2026-09-21","passed","2026-09-21","Account Officer Request Change","Customer Profile, Accounts & Beneficiaries","",""
"","273","Admin Coins Rules - Nonexistent ID","Personal Banking APIs - QA Test Suite","2026-09-21","failed","2026-09-21","Admin Coins Rules","Rewards, Cash Tokens & Wishlists","",""
"","143","Transactions Create Wallet - Missing Required Field","Personal Banking APIs - QA Test Suite","2026-09-21","passed","2026-09-21","Transactions Create Wallet","Target Savings","",""
"","138","Unblock - No Auth","Personal Banking APIs - QA Test Suite","2026-09-21","passed","2026-09-21","Unblock","Customer Cards","",""
"","272","Admin Coins Rules Stats - Valid","Personal Banking APIs - QA Test Suite","2026-09-21","failed","2026-09-21","Admin Coins Rules Stats","Rewards, Cash Tokens & Wishlists","",""
"","144","Inter Transfer - No Auth","Personal Banking APIs - QA Test Suite","2026-09-21","failed","2026-09-21","Inter Transfer","Wallets, Transfers, Transactions & Fund Requests","",""
"","148","Intra Name Enquiry - Empty Fields","Personal Banking APIs - QA Test Suite","2026-09-21","passed","2026-09-21","Intra Name Enquiry","Wallets, Transfers, Transactions & Fund Requests","",""
"","157","Retrieve - Invalid Query","Personal Banking APIs - QA Test Suite","2026-09-21","failed","2026-09-21","Retrieve","Customer Cards","",""
"","151","Winner Dismiss Action - Nonexistent ID","Personal Banking APIs - QA Test Suite","2026-09-21","passed","2026-09-21","Winner Dismiss Action","Rewards, Cash Tokens & Wishlists","",""
"","140","Payment Merchant - No Auth","Personal Banking APIs - QA Test Suite","2026-09-21","passed","2026-09-21","Payment Merchant","Customer Cards","",""
"","150","Verify NIN (Choose BVN or NIN) - Invalid Status Or Type","Personal Banking APIs - QA Test Suite","2026-09-21","passed","2026-09-21","Verify NIN (Choose BVN or NIN)","Customer Onboarding","",""
"","214","Verify Phone OTP - Invalid Token Or PIN","Personal Banking APIs - QA Test Suite","2026-09-21","passed","2026-09-21","Verify Phone OTP","Customer Onboarding","",""
"","139","Jamb Lookup - No Auth","Personal Banking APIs - QA Test Suite","2026-09-21","passed","2026-09-21","Jamb Lookup","Airtime, Data, Bills & VAS Beneficiaries","",""
"","286","Admin Games Rewards - Valid","Personal Banking APIs - QA Test Suite","2026-09-21","failed","2026-09-21","Admin Games Rewards","Rewards, Cash Tokens & Wishlists","",""
"","166","Retrieve - Valid","Personal Banking APIs - QA Test Suite","2026-09-21","failed","2026-09-21","Retrieve","Kolo Connect Advances","",""
"","172","Payment Merchant - Valid","Personal Banking APIs - QA Test Suite","2026-09-21","failed","2026-09-21","Payment Merchant","Customer Cards","",""
"","151","Retrieve - Nonexistent ID","Personal Banking APIs - QA Test Suite","2026-09-21","failed","2026-09-21","Retrieve","Wallets, Transfers, Transactions & Fund Requests","",""
"","158","Verify Token - Valid","Personal Banking APIs - QA Test Suite","2026-09-21","failed","2026-09-21","Verify Token","Login, Credentials, Security & Devices","",""
"","152","Request Alias Phone Verification - Missing Required Field","Personal Banking APIs - QA Test Suite","2026-09-21","passed","2026-09-21","Request Alias Phone Verification","Customer Profile, Accounts & Beneficiaries","",""
"","151","Create Insurance - Missing Required Field","Personal Banking APIs - QA Test Suite","2026-09-21","passed","2026-09-21","Create Insurance","Insurance","",""
"","141","Request Phone Verification - No Auth","Personal Banking APIs - QA Test Suite","2026-09-21","passed","2026-09-21","Request Phone Verification","Login, Credentials, Security & Devices","",""
"","138","Admin Games Rewards - No Auth","Personal Banking APIs - QA Test Suite","2026-09-21","passed","2026-09-21","Admin Games Rewards","Rewards, Cash Tokens & Wishlists","",""
"","146","Transactions Withdraw Principal - No Auth","Personal Banking APIs - QA Test Suite","2026-09-21","failed","2026-09-21","Transactions Withdraw Principal","SWAG Savings","",""
"","157","Requests - Invalid ID","Personal Banking APIs - QA Test Suite","2026-09-21","passed","2026-09-21","Requests","Customer Cards","",""
"","139","Young Moni Requests - No Auth","Personal Banking APIs - QA Test Suite","2026-09-21","passed","2026-09-21","Young Moni Requests","KYC, Tier Upgrades & Young Moni","",""
"","144","Transactions Create Wallet - Empty Fields","Personal Banking APIs - QA Test Suite","2026-09-21","passed","2026-09-21","Transactions Create Wallet","Save & Spend","",""
"","147","Purchase Airtime - Missing Required Field","Personal Banking APIs - QA Test Suite","2026-09-21","passed","2026-09-21","Purchase Airtime","Airtime, Data, Bills & VAS Beneficiaries","",""
"","156","Profile - No Auth","Personal Banking APIs - QA Test Suite","2026-09-21","passed","2026-09-21","Profile","Customer Profile, Accounts & Beneficiaries","",""
"","156","Channel Settings - Invalid Token Or PIN","Personal Banking APIs - QA Test Suite","2026-09-21","failed","2026-09-21","Channel Settings","Customer Cards","",""
"","148","Providers - Invalid ID","Personal Banking APIs - QA Test Suite","2026-09-21","passed","2026-09-21","Providers","Insurance","",""
"","366","Retrieve - Invalid ID","Personal Banking APIs - QA Test Suite","2026-09-21","passed","2026-09-21","Retrieve","Customer Profile, Accounts & Beneficiaries","",""
"","152","Tier Progress - Invalid Query","Personal Banking APIs - QA Test Suite","2026-09-21","passed","2026-09-21","Tier Progress","Rewards, Cash Tokens & Wishlists","",""
"","141","Transactions Update Spend Wallet - Invalid Token Or PIN","Personal Banking APIs - QA Test Suite","2026-09-21","passed","2026-09-21","Transactions Update Spend Wallet","Save & Spend","",""
"","147","Kyc Level Distribution - Valid","Personal Banking APIs - QA Test Suite","2026-09-21","failed","2026-09-21","Kyc Level Distribution","Customer Profile, Accounts & Beneficiaries","",""
"","138","Terms - No Auth","Personal Banking APIs - QA Test Suite","2026-09-21","passed","2026-09-21","Terms","Rewards, Cash Tokens & Wishlists","",""
"","149","Verify Token - Invalid Status Or Type","Personal Banking APIs - QA Test Suite","2026-09-21","passed","2026-09-21","Verify Token","Login, Credentials, Security & Devices","",""
"","146","List Schedule Payments - Nonexistent ID","Personal Banking APIs - QA Test Suite","2026-09-21","failed","2026-09-21","List Schedule Payments","Scheduled Payments","",""
"","173","Games Scratch Card - Invalid Query","Personal Banking APIs - QA Test Suite","2026-09-21","passed","2026-09-21","Games Scratch Card","Rewards, Cash Tokens & Wishlists","",""
"","163","Reset Transaction Pin - Missing Required Field","Personal Banking APIs - QA Test Suite","2026-09-21","passed","2026-09-21","Reset Transaction Pin","Login, Credentials, Security & Devices","",""
"","146","Admin Devices Deactivate - Invalid Token Or PIN","Personal Banking APIs - QA Test Suite","2026-09-21","failed","2026-09-21","Admin Devices Deactivate","Login, Credentials, Security & Devices","",""
"","166","Wallet Download Swag Statement - Valid","Personal Banking APIs - QA Test Suite","2026-09-21","failed","2026-09-21","Wallet Download Swag Statement","SWAG Savings","",""
"","296","Young Moni - Valid","Personal Banking APIs - QA Test Suite","2026-09-21","passed","2026-09-21","Young Moni","Customer Profile, Accounts & Beneficiaries","",""
"","137","Wallet - No Auth","Personal Banking APIs - QA Test Suite","2026-09-21","passed","2026-09-21","Wallet","SWAG Savings","",""
"","148","Redeem Insurance - Invalid Status Or Type","Personal Banking APIs - QA Test Suite","2026-09-21","passed","2026-09-21","Redeem Insurance","Insurance","",""
"","142","Purchase Cable - Missing Required Field","Personal Banking APIs - QA Test Suite","2026-09-21","passed","2026-09-21","Purchase Cable","Airtime, Data, Bills & VAS Beneficiaries","",""
"","514","Retrieve - No Auth","Personal Banking APIs - QA Test Suite","2026-09-21","passed","2026-09-21","Retrieve","Airtime, Data, Bills & VAS Beneficiaries","",""
"","144","Young Moni Validate Details Without Identity - Missing Required Field","Personal Banking APIs - QA Test Suite","2026-09-21","failed","2026-09-21","Young Moni Validate Details Without Identity","Customer Profile, Accounts & Beneficiaries","",""
"","154","Cancel Schedule Payment - Empty Fields","Personal Banking APIs - QA Test Suite","2026-09-21","passed","2026-09-21","Cancel Schedule Payment","Scheduled Payments","",""
"","145","Purchase Waec - Valid","Personal Banking APIs - QA Test Suite","2026-09-21","failed","2026-09-21","Purchase Waec","Airtime, Data, Bills & VAS Beneficiaries","",""
"","150","Update - Missing Required Field","Personal Banking APIs - QA Test Suite","2026-09-21","passed","2026-09-21","Update","Scheduled Payments","",""
"","158","Requests - Invalid Query","Personal Banking APIs - QA Test Suite","2026-09-21","failed","2026-09-21","Requests","Customer Cards","",""
"","188","Verify Alias Phone Number - Valid","Personal Banking APIs - QA Test Suite","2026-09-21","failed","2026-09-21","Verify Alias Phone Number","Customer Profile, Accounts & Beneficiaries","",""
"","141","Update Identity - No Auth","Personal Banking APIs - QA Test Suite","2026-09-21","passed","2026-09-21","Update Identity","KYC, Tier Upgrades & Young Moni","",""
"","152","Wallet Download Swag Statement - Missing Required Field","Personal Banking APIs - QA Test Suite","2026-09-21","failed","2026-09-21","Wallet Download Swag Statement","SWAG Savings","",""
"","141","Topup Supalock - No Auth","Personal Banking APIs - QA Test Suite","2026-09-21","passed","2026-09-21","Topup Supalock","Supalock Savings","",""
"","268","Admin Request Stats - Invalid Query","Personal Banking APIs - QA Test Suite","2026-09-21","failed","2026-09-21","Admin Request Stats","KYC, Tier Upgrades & Young Moni","",""
"","146","Update Credit Stage - Missing Required Field","Personal Banking APIs - QA Test Suite","2026-09-21","failed","2026-09-21","Update Credit Stage","Wallets, Transfers, Transactions & Fund Requests","",""
"","154","Dismiss Action - Empty Fields","Personal Banking APIs - QA Test Suite","2026-09-21","failed","2026-09-21","Dismiss Action","KYC, Tier Upgrades & Young Moni","",""
"","140","Transactions Evaluate Break - No Auth","Personal Banking APIs - QA Test Suite","2026-09-21","passed","2026-09-21","Transactions Evaluate Break","Target Savings","",""
"","163","Channel Settings - Valid","Personal Banking APIs - QA Test Suite","2026-09-21","failed","2026-09-21","Channel Settings","Customer Cards","",""
"","142","Reward With Airtime - Empty Fields","Personal Banking APIs - QA Test Suite","2026-09-21","passed","2026-09-21","Reward With Airtime","Rewards, Cash Tokens & Wishlists","",""
"","147","Withdraw Supalock - Nonexistent ID","Personal Banking APIs - QA Test Suite","2026-09-21","failed","2026-09-21","Withdraw Supalock","Supalock Savings","",""
"","143","Transactions Create Wallet Product Specific - Invalid Token Or PIN","Personal Banking APIs - QA Test Suite","2026-09-21","passed","2026-09-21","Transactions Create Wallet Product Specific","Target Savings","",""
"","146","Transactions - Nonexistent ID","Personal Banking APIs - QA Test Suite","2026-09-21","failed","2026-09-21","Transactions","SWAG Savings","",""
"","407","Her Wealth Details - Nonexistent ID","Personal Banking APIs - QA Test Suite","2026-09-21","passed","2026-09-21","Her Wealth Details","Customer Profile, Accounts & Beneficiaries","",""
"","161","Dismiss Action - Valid","Personal Banking APIs - QA Test Suite","2026-09-21","failed","2026-09-21","Dismiss Action","KYC, Tier Upgrades & Young Moni","",""
"","150","Tier One Upgrade With BVN - Empty Fields","Personal Banking APIs - QA Test Suite","2026-09-21","passed","2026-09-21","Tier One Upgrade With BVN","KYC, Tier Upgrades & Young Moni","",""
"","146","Reward With Airtime - Missing Required Field","Personal Banking APIs - QA Test Suite","2026-09-21","failed","2026-09-21","Reward With Airtime","Rewards, Cash Tokens & Wishlists","",""
"","150","Transfer - Invalid Token Or PIN","Personal Banking APIs - QA Test Suite","2026-09-21","passed","2026-09-21","Transfer","Scheduled Payments","",""
"","150","Young Moni Documents Action Document - Nonexistent ID","Personal Banking APIs - QA Test Suite","2026-09-21","failed","2026-09-21","Young Moni Documents Action Document","KYC, Tier Upgrades & Young Moni","",""
"","149","Admin Reject Upgrade Request - Nonexistent ID","Personal Banking APIs - QA Test Suite","2026-09-21","failed","2026-09-21","Admin Reject Upgrade Request","KYC, Tier Upgrades & Young Moni","",""
"","717","List - Valid","Personal Banking APIs - QA Test Suite","2026-09-21","passed","2026-09-21","List","Customer Profile, Accounts & Beneficiaries","",""
"","138","Withdraw Cashback - No Auth","Personal Banking APIs - QA Test Suite","2026-09-21","passed","2026-09-21","Withdraw Cashback","Wallets, Transfers, Transactions & Fund Requests","",""
"","261","Admin List Documents - No Auth","Personal Banking APIs - QA Test Suite","2026-09-21","passed","2026-09-21","Admin List Documents","KYC, Tier Upgrades & Young Moni","",""
"","146","Transactions Update Spend Wallet - Missing Required Field","Personal Banking APIs - QA Test Suite","2026-09-21","passed","2026-09-21","Transactions Update Spend Wallet","Save & Spend","",""
"","139","Tenors - No Auth","Personal Banking APIs - QA Test Suite","2026-09-21","passed","2026-09-21","Tenors","Kolo Connect Advances","",""
"","272","Admin Coins Redemption Rules - Invalid ID","Personal Banking APIs - QA Test Suite","2026-09-21","failed","2026-09-21","Admin Coins Redemption Rules","Rewards, Cash Tokens & Wishlists","",""
"","141","Young Moni Validate Details Without Identity - Valid","Personal Banking APIs - QA Test Suite","2026-09-21","failed","2026-09-21","Young Moni Validate Details Without Identity","Customer Profile, Accounts & Beneficiaries","",""
"","137","Admin Games Rewards - No Auth","Personal Banking APIs - QA Test Suite","2026-09-21","passed","2026-09-21","Admin Games Rewards","Rewards, Cash Tokens & Wishlists","",""
"","203","Fee Settings - Valid","Personal Banking APIs - QA Test Suite","2026-09-21","passed","2026-09-21","Fee Settings","Customer Cards","",""
"","143","Purchase Cable - Invalid Token Or PIN","Personal Banking APIs - QA Test Suite","2026-09-21","passed","2026-09-21","Purchase Cable","Airtime, Data, Bills & VAS Beneficiaries","",""
"","147","Retrieve - Nonexistent ID","Personal Banking APIs - QA Test Suite","2026-09-21","passed","2026-09-21","Retrieve","Insurance","",""
"","155","Admin Coins Rules - Missing Required Field","Personal Banking APIs - QA Test Suite","2026-09-21","failed","2026-09-21","Admin Coins Rules","Rewards, Cash Tokens & Wishlists","",""
"","270","Admin Games Sessions - Invalid Query","Personal Banking APIs - QA Test Suite","2026-09-21","failed","2026-09-21","Admin Games Sessions","Rewards, Cash Tokens & Wishlists","",""
"","174","Update Tin - Valid","Personal Banking APIs - QA Test Suite","2026-09-21","passed","2026-09-21","Update Tin","Customer Profile, Accounts & Beneficiaries","",""
"","148","Admin Admin Upgrade To Merchant - Missing Required Field","Personal Banking APIs - QA Test Suite","2026-09-21","failed","2026-09-21","Admin Admin Upgrade To Merchant","KYC, Tier Upgrades & Young Moni","",""
"","187","Total Supalock Amount - Valid","Personal Banking APIs - QA Test Suite","2026-09-21","passed","2026-09-21","Total Supalock Amount","Supalock Savings","",""
"","160","Transactions Evaluate Target - Missing Required Field","Personal Banking APIs - QA Test Suite","2026-09-21","passed","2026-09-21","Transactions Evaluate Target","Target Savings","",""
"","164","Overview - Missing Required Field","Personal Banking APIs - QA Test Suite","2026-09-21","failed","2026-09-21","Overview","Customer Profile, Accounts & Beneficiaries","",""
"","159","Create Sub Account - Valid","Personal Banking APIs - QA Test Suite","2026-09-21","failed","2026-09-21","Create Sub Account","Customer Profile, Accounts & Beneficiaries","",""
"","161","Approve Single Bulk Recipient - Valid","Personal Banking APIs - QA Test Suite","2026-09-21","failed","2026-09-21","Approve Single Bulk Recipient","Wallets, Transfers, Transactions & Fund Requests","",""
"","148","Young Moni Documents - Invalid ID","Personal Banking APIs - QA Test Suite","2026-09-21","failed","2026-09-21","Young Moni Documents","KYC, Tier Upgrades & Young Moni","",""
"","151","Login With Pin - Valid","Personal Banking APIs - QA Test Suite","2026-09-21","failed","2026-09-21","Login With Pin","Login, Credentials, Security & Devices","",""
"","137","Daily Spending Summary - No Auth","Personal Banking APIs - QA Test Suite","2026-09-21","passed","2026-09-21","Daily Spending Summary","Wallets, Transfers, Transactions & Fund Requests","",""
"","144","Transactions Deposit - Missing Required Field","Personal Banking APIs - QA Test Suite","2026-09-21","passed","2026-09-21","Transactions Deposit","Target Savings","",""
"","162","Reset Pin - Nonexistent ID","Personal Banking APIs - QA Test Suite","2026-09-21","passed","2026-09-21","Reset Pin","Customer Cards","",""
"","149","Create - Missing Required Field","Personal Banking APIs - QA Test Suite","2026-09-21","failed","2026-09-21","Create","Airtime, Data, Bills & VAS Beneficiaries","",""
"","145","Purchase Cable - Valid","Personal Banking APIs - QA Test Suite","2026-09-21","failed","2026-09-21","Purchase Cable","Airtime, Data, Bills & VAS Beneficiaries","",""
"","162","Transactions Update Spend Wallet - Valid","Personal Banking APIs - QA Test Suite","2026-09-21","failed","2026-09-21","Transactions Update Spend Wallet","Save & Spend","",""
"","139","Admin Games Rewards - No Auth","Personal Banking APIs - QA Test Suite","2026-09-21","passed","2026-09-21","Admin Games Rewards","Rewards, Cash Tokens & Wishlists","",""
"","137","Transactions - No Auth","Personal Banking APIs - QA Test Suite","2026-09-21","passed","2026-09-21","Transactions","Target Savings","",""
"","153","Transactions Withdraw Interest - Empty Fields","Personal Banking APIs - QA Test Suite","2026-09-21","passed","2026-09-21","Transactions Withdraw Interest","SWAG Savings","",""
"","144","Young Moni Requests - Invalid Query","Personal Banking APIs - QA Test Suite","2026-09-21","failed","2026-09-21","Young Moni Requests","KYC, Tier Upgrades & Young Moni","",""
"","148","Retrieve - Nonexistent ID","Personal Banking APIs - QA Test Suite","2026-09-21","failed","2026-09-21","Retrieve","Airtime, Data, Bills & VAS Beneficiaries","",""
"","140","Deals Active - No Auth","Personal Banking APIs - QA Test Suite","2026-09-21","passed","2026-09-21","Deals Active","Rewards, Cash Tokens & Wishlists","",""
"","416","List - Invalid Query","Personal Banking APIs - QA Test Suite","2026-09-21","failed","2026-09-21","List","Customer Profile, Accounts & Beneficiaries","",""
"","143","Fund Betting Wallet - Empty Fields","Personal Banking APIs - QA Test Suite","2026-09-21","passed","2026-09-21","Fund Betting Wallet","Airtime, Data, Bills & VAS Beneficiaries","",""
"","144","Get Item Edit - Invalid ID","Personal Banking APIs - QA Test Suite","2026-09-21","failed","2026-09-21","Get Item Edit","Rewards, Cash Tokens & Wishlists","",""
"","155","Terms - Nonexistent ID","Personal Banking APIs - QA Test Suite","2026-09-21","passed","2026-09-21","Terms","Rewards, Cash Tokens & Wishlists","",""
"","156","Transactions - Invalid ID","Personal Banking APIs - QA Test Suite","2026-09-21","passed","2026-09-21","Transactions","Target Savings","",""
"","156","List - Valid","Personal Banking APIs - QA Test Suite","2026-09-21","failed","2026-09-21","List","Wallets, Transfers, Transactions & Fund Requests","",""
"","141","Young Moni Requests Request Stats - No Auth","Personal Banking APIs - QA Test Suite","2026-09-21","passed","2026-09-21","Young Moni Requests Request Stats","KYC, Tier Upgrades & Young Moni","",""
"","262","Admin Games - No Auth","Personal Banking APIs - QA Test Suite","2026-09-21","passed","2026-09-21","Admin Games","Rewards, Cash Tokens & Wishlists","",""
"","144","Initiate Liveness Setup - No Auth","Personal Banking APIs - QA Test Suite","2026-09-21","passed","2026-09-21","Initiate Liveness Setup","Login, Credentials, Security & Devices","",""
"","148","Update Credit Stage - Empty Fields","Personal Banking APIs - QA Test Suite","2026-09-21","failed","2026-09-21","Update Credit Stage","Wallets, Transfers, Transactions & Fund Requests","",""
"","144","Purchase Airtime - Valid","Personal Banking APIs - QA Test Suite","2026-09-21","failed","2026-09-21","Purchase Airtime","Airtime, Data, Bills & VAS Beneficiaries","",""
"","139","Games Scratch Card - No Auth","Personal Banking APIs - QA Test Suite","2026-09-21","passed","2026-09-21","Games Scratch Card","Rewards, Cash Tokens & Wishlists","",""
"","146","Wallet Total Balance - Invalid Query","Personal Banking APIs - QA Test Suite","2026-09-21","failed","2026-09-21","Wallet Total Balance","Target Savings","",""
"","144","Transactions Withdraw Interest - Valid","Personal Banking APIs - QA Test Suite","2026-09-21","failed","2026-09-21","Transactions Withdraw Interest","SWAG Savings","",""
"","140","Transactions - No Auth","Personal Banking APIs - QA Test Suite","2026-09-21","passed","2026-09-21","Transactions","Supalock Savings","",""
"","143","Coin Redemption Rules - No Auth","Personal Banking APIs - QA Test Suite","2026-09-21","passed","2026-09-21","Coin Redemption Rules","Rewards, Cash Tokens & Wishlists","",""
"","141","Wallet Total Balance - No Auth","Personal Banking APIs - QA Test Suite","2026-09-21","passed","2026-09-21","Wallet Total Balance","Target Savings","",""
"","148","Download Statement - Invalid Status Or Type","Personal Banking APIs - QA Test Suite","2026-09-21","failed","2026-09-21","Download Statement","Wallets, Transfers, Transactions & Fund Requests","",""
"","149","Toolkit Accounts - Invalid Query","Personal Banking APIs - QA Test Suite","2026-09-21","failed","2026-09-21","Toolkit Accounts","Customer Profile, Accounts & Beneficiaries","",""
"","151","Update Identity - Invalid Status Or Type","Personal Banking APIs - QA Test Suite","2026-09-21","passed","2026-09-21","Update Identity","KYC, Tier Upgrades & Young Moni","",""
"","142","Young Moni Requests Complete Review - No Auth","Personal Banking APIs - QA Test Suite","2026-09-21","passed","2026-09-21","Young Moni Requests Complete Review","KYC, Tier Upgrades & Young Moni","",""
"","178","Check Email / Phone Availability - Missing Required Field","Personal Banking APIs - QA Test Suite","2026-09-21","failed","2026-09-21","Check Email / Phone Availability","Customer Onboarding","",""
"","140","Intra Transfer - No Auth","Personal Banking APIs - QA Test Suite","2026-09-21","failed","2026-09-21","Intra Transfer","Wallets, Transfers, Transactions & Fund Requests","",""
"","278","Admin Games Rewards - Valid","Personal Banking APIs - QA Test Suite","2026-09-21","failed","2026-09-21","Admin Games Rewards","Rewards, Cash Tokens & Wishlists","",""
"","151","Toolkit Accounts - Invalid ID","Personal Banking APIs - QA Test Suite","2026-09-21","failed","2026-09-21","Toolkit Accounts","Customer Profile, Accounts & Beneficiaries","",""
"","141","Transactions Break Wallet - Invalid Token Or PIN","Personal Banking APIs - QA Test Suite","2026-09-21","passed","2026-09-21","Transactions Break Wallet","Save & Spend","",""
"","187","Create Her Wealth - Valid","Personal Banking APIs - QA Test Suite","2026-09-21","failed","2026-09-21","Create Her Wealth","Customer Profile, Accounts & Beneficiaries","",""
"","141","Single Fund Request - Invalid Token Or PIN","Personal Banking APIs - QA Test Suite","2026-09-21","passed","2026-09-21","Single Fund Request","Wallets, Transfers, Transactions & Fund Requests","",""
"","220","Data Plans - Invalid ID","Personal Banking APIs - QA Test Suite","2026-09-21","passed","2026-09-21","Data Plans","Airtime, Data, Bills & VAS Beneficiaries","",""
"","155","Dismiss Action - Invalid Status Or Type","Personal Banking APIs - QA Test Suite","2026-09-21","failed","2026-09-21","Dismiss Action","KYC, Tier Upgrades & Young Moni","",""
"","511","Get Cable Providers - Valid","Personal Banking APIs - QA Test Suite","2026-09-21","passed","2026-09-21","Get Cable Providers","Airtime, Data, Bills & VAS Beneficiaries","",""
"","154","List - Invalid Query","Personal Banking APIs - QA Test Suite","2026-09-21","failed","2026-09-21","List","Airtime, Data, Bills & VAS Beneficiaries","",""
"","170","Setup Liveness Image - Valid","Personal Banking APIs - QA Test Suite","2026-09-21","failed","2026-09-21","Setup Liveness Image","Login, Credentials, Security & Devices","",""
"","173","Transactions Update Swag Monthly Rollover - Valid","Personal Banking APIs - QA Test Suite","2026-09-21","failed","2026-09-21","Transactions Update Swag Monthly Rollover","SWAG Savings","",""
"","150","Verify Reset Token - No Auth","Personal Banking APIs - QA Test Suite","2026-09-21","failed","2026-09-21","Verify Reset Token","Login, Credentials, Security & Devices","",""
"","195","Transaction - Valid","Personal Banking APIs - QA Test Suite","2026-09-21","failed","2026-09-21","Transaction","Airtime, Data, Bills & VAS Beneficiaries","",""
"","148","Enable - Invalid Amount","Personal Banking APIs - QA Test Suite","2026-09-21","failed","2026-09-21","Enable","Wallets, Transfers, Transactions & Fund Requests","",""
"","147","Update Location - Missing Required Field","Personal Banking APIs - QA Test Suite","2026-09-21","failed","2026-09-21","Update Location","Login, Credentials, Security & Devices","",""
"","153","Admin Coins Redemption Rules - Missing Required Field","Personal Banking APIs - QA Test Suite","2026-09-21","failed","2026-09-21","Admin Coins Redemption Rules","Rewards, Cash Tokens & Wishlists","",""
"","145","Reject Single Fund Request - Invalid Token Or PIN","Personal Banking APIs - QA Test Suite","2026-09-21","failed","2026-09-21","Reject Single Fund Request","Wallets, Transfers, Transactions & Fund Requests","",""
"","152","Partial - Invalid ID","Personal Banking APIs - QA Test Suite","2026-09-21","failed","2026-09-21","Partial","Customer Profile, Accounts & Beneficiaries","",""
"","175","Account Officer - Valid","Personal Banking APIs - QA Test Suite","2026-09-21","failed","2026-09-21","Account Officer","Customer Profile, Accounts & Beneficiaries","",""
"","171","Wishlist Config - Valid","Personal Banking APIs - QA Test Suite","2026-09-21","failed","2026-09-21","Wishlist Config","Rewards, Cash Tokens & Wishlists","",""
"","151","Admin Games Rewards - Nonexistent ID","Personal Banking APIs - QA Test Suite","2026-09-21","failed","2026-09-21","Admin Games Rewards","Rewards, Cash Tokens & Wishlists","",""
"","145","Notify Of Missed Inward - No Auth","Personal Banking APIs - QA Test Suite","2026-09-21","passed","2026-09-21","Notify Of Missed Inward","Wallets, Transfers, Transactions & Fund Requests","",""
"","142","Wishlist Config Edit - Missing Required Field","Personal Banking APIs - QA Test Suite","2026-09-21","failed","2026-09-21","Wishlist Config Edit","Rewards, Cash Tokens & Wishlists","",""
"","209","Verify BVN (Choose BVN or NIN) - Valid","Personal Banking APIs - QA Test Suite","2026-09-21","failed","2026-09-21","Verify BVN (Choose BVN or NIN)","Customer Onboarding","",""
"","161","Verify Device Changed - Invalid Token Or PIN","Personal Banking APIs - QA Test Suite","2026-09-21","passed","2026-09-21","Verify Device Changed","Login, Credentials, Security & Devices","",""
"","193","Transactions Evaluate Break - Valid","Personal Banking APIs - QA Test Suite","2026-09-21","failed","2026-09-21","Transactions Evaluate Break","Target Savings","",""
"","148","Daily Income Summary - Invalid Query","Personal Banking APIs - QA Test Suite","2026-09-21","failed","2026-09-21","Daily Income Summary","Wallets, Transfers, Transactions & Fund Requests","",""
"","159","Transfer - Invalid Status Or Type","Personal Banking APIs - QA Test Suite","2026-09-21","passed","2026-09-21","Transfer","Scheduled Payments","",""
"","151","Login With Pin - Empty Fields","Personal Banking APIs - QA Test Suite","2026-09-21","passed","2026-09-21","Login With Pin","Login, Credentials, Security & Devices","",""
"","174","Validate Meter - Invalid Status Or Type","Personal Banking APIs - QA Test Suite","2026-09-21","failed","2026-09-21","Validate Meter","Airtime, Data, Bills & VAS Beneficiaries","",""
"","144","Winner Dismiss Action - No Auth","Personal Banking APIs - QA Test Suite","2026-09-21","passed","2026-09-21","Winner Dismiss Action","Rewards, Cash Tokens & Wishlists","",""
"","159","Young Moni Initiate Account Without Identity - Missing Required Field","Personal Banking APIs - QA Test Suite","2026-09-21","passed","2026-09-21","Young Moni Initiate Account Without Identity","Customer Profile, Accounts & Beneficiaries","",""
"","267","List - Valid","Personal Banking APIs - QA Test Suite","2026-09-21","passed","2026-09-21","List","KYC, Tier Upgrades & Young Moni","",""
"","165","Admin Games Rewards - Valid","Personal Banking APIs - QA Test Suite","2026-09-21","failed","2026-09-21","Admin Games Rewards","Rewards, Cash Tokens & Wishlists","",""
"","151","Admin Admin Upgrade To Merchant - Empty Fields","Personal Banking APIs - QA Test Suite","2026-09-21","failed","2026-09-21","Admin Admin Upgrade To Merchant","KYC, Tier Upgrades & Young Moni","",""
"","150","Young Moni Validate Details - Valid","Personal Banking APIs - QA Test Suite","2026-09-21","failed","2026-09-21","Young Moni Validate Details","Customer Profile, Accounts & Beneficiaries","",""
"","160","Perform Action - Invalid ID","Personal Banking APIs - QA Test Suite","2026-09-21","failed","2026-09-21","Perform Action","Rewards, Cash Tokens & Wishlists","",""
"","147","Intra Name Enquiry - Valid","Personal Banking APIs - QA Test Suite","2026-09-21","failed","2026-09-21","Intra Name Enquiry","Wallets, Transfers, Transactions & Fund Requests","",""
"","159","Add Item - Missing Required Field","Personal Banking APIs - QA Test Suite","2026-09-21","failed","2026-09-21","Add Item","Rewards, Cash Tokens & Wishlists","",""
"","140","Intra Account Transfer - Invalid Token Or PIN","Personal Banking APIs - QA Test Suite","2026-09-21","passed","2026-09-21","Intra Account Transfer","Wallets, Transfers, Transactions & Fund Requests","",""
"","146","Request Phone Verification - Valid","Personal Banking APIs - QA Test Suite","2026-09-21","failed","2026-09-21","Request Phone Verification","Login, Credentials, Security & Devices","",""
"","161","Types - Invalid ID","Personal Banking APIs - QA Test Suite","2026-09-21","passed","2026-09-21","Types","Supalock Savings","",""
"","152","Withdraw - Empty Fields","Personal Banking APIs - QA Test Suite","2026-09-21","failed","2026-09-21","Withdraw","Rewards, Cash Tokens & Wishlists","",""
"","141","Admin Devices Reactivate - No Auth","Personal Banking APIs - QA Test Suite","2026-09-21","failed","2026-09-21","Admin Devices Reactivate","Login, Credentials, Security & Devices","",""
"","174","Terms Draw Details - Invalid Query","Personal Banking APIs - QA Test Suite","2026-09-21","failed","2026-09-21","Terms Draw Details","Rewards, Cash Tokens & Wishlists","",""
"","183","Update Gender - Valid","Personal Banking APIs - QA Test Suite","2026-09-21","failed","2026-09-21","Update Gender","Login, Credentials, Security & Devices","",""
"","141","Dismiss Action - No Auth","Personal Banking APIs - QA Test Suite","2026-09-21","passed","2026-09-21","Dismiss Action","KYC, Tier Upgrades & Young Moni","",""
"","355","Retrieve - Invalid Query","Personal Banking APIs - QA Test Suite","2026-09-21","failed","2026-09-21","Retrieve","Customer Profile, Accounts & Beneficiaries","",""
"","149","Disable - Empty Fields","Personal Banking APIs - QA Test Suite","2026-09-21","failed","2026-09-21","Disable","Wallets, Transfers, Transactions & Fund Requests","",""
"","147","Verify Phone Number - Missing Required Field","Personal Banking APIs - QA Test Suite","2026-09-21","failed","2026-09-21","Verify Phone Number","Login, Credentials, Security & Devices","",""
"","164","Coin Wallet Transactions - Valid","Personal Banking APIs - QA Test Suite","2026-09-21","failed","2026-09-21","Coin Wallet Transactions","Rewards, Cash Tokens & Wishlists","",""
"","144","Account Officer Change Request - No Auth","Personal Banking APIs - QA Test Suite","2026-09-21","passed","2026-09-21","Account Officer Change Request","Customer Profile, Accounts & Beneficiaries","",""
"","147","Approve Single Bulk Recipient - Empty Fields","Personal Banking APIs - QA Test Suite","2026-09-21","failed","2026-09-21","Approve Single Bulk Recipient","Wallets, Transfers, Transactions & Fund Requests","",""
"","139","Providers - No Auth","Personal Banking APIs - QA Test Suite","2026-09-21","passed","2026-09-21","Providers","Insurance","",""
"","139","Retrieve - No Auth","Personal Banking APIs - QA Test Suite","2026-09-21","passed","2026-09-21","Retrieve","Wallets, Transfers, Transactions & Fund Requests","",""
"","149","Games Card Match - Missing Required Field","Personal Banking APIs - QA Test Suite","2026-09-21","passed","2026-09-21","Games Card Match","Rewards, Cash Tokens & Wishlists","",""
"","158","Update Location - Nonexistent ID","Personal Banking APIs - QA Test Suite","2026-09-21","failed","2026-09-21","Update Location","Login, Credentials, Security & Devices","",""
"","306","Types - Valid","Personal Banking APIs - QA Test Suite","2026-09-21","passed","2026-09-21","Types","Supalock Savings","",""
"","140","Terms Draw Details - No Auth","Personal Banking APIs - QA Test Suite","2026-09-21","passed","2026-09-21","Terms Draw Details","Rewards, Cash Tokens & Wishlists","",""
"","142","Transactions Create Plan - Invalid Token Or PIN","Personal Banking APIs - QA Test Suite","2026-09-21","passed","2026-09-21","Transactions Create Plan","SWAG Savings","",""
"","151","Retry Payment Schedule - Empty Fields","Personal Banking APIs - QA Test Suite","2026-09-21","passed","2026-09-21","Retry Payment Schedule","Scheduled Payments","",""
"","144","Wallet - Invalid Query","Personal Banking APIs - QA Test Suite","2026-09-21","failed","2026-09-21","Wallet","SWAG Savings","",""
"","148","Upload Documents - Missing Required Field","Personal Banking APIs - QA Test Suite","2026-09-21","passed","2026-09-21","Upload Documents","KYC, Tier Upgrades & Young Moni","",""
"","147","Reward With Cashback - No Auth","Personal Banking APIs - QA Test Suite","2026-09-21","passed","2026-09-21","Reward With Cashback","Rewards, Cash Tokens & Wishlists","",""
"","151","Reward With Cashback - Invalid Amount","Personal Banking APIs - QA Test Suite","2026-09-21","failed","2026-09-21","Reward With Cashback","Rewards, Cash Tokens & Wishlists","",""
"","180","Update Single Transfer Limit - Valid","Personal Banking APIs - QA Test Suite","2026-09-21","failed","2026-09-21","Update Single Transfer Limit","Customer Profile, Accounts & Beneficiaries","",""
"","143","Get Item Edit - Invalid Status Or Type","Personal Banking APIs - QA Test Suite","2026-09-21","failed","2026-09-21","Get Item Edit","Rewards, Cash Tokens & Wishlists","",""
"","162","Wallet Total Balance - Valid","Personal Banking APIs - QA Test Suite","2026-09-21","failed","2026-09-21","Wallet Total Balance","Target Savings","",""
"","161","Verify Email OTP - Valid","Personal Banking APIs - QA Test Suite","2026-09-21","failed","2026-09-21","Verify Email OTP","Customer Onboarding","",""
"","165","Verify Email Update - Valid","Personal Banking APIs - QA Test Suite","2026-09-21","failed","2026-09-21","Verify Email Update","KYC, Tier Upgrades & Young Moni","",""
"","144","Transactions Withdraw Principal - Valid","Personal Banking APIs - QA Test Suite","2026-09-21","failed","2026-09-21","Transactions Withdraw Principal","SWAG Savings","",""
"","154","Retrieve - Invalid Query","Personal Banking APIs - QA Test Suite","2026-09-21","failed","2026-09-21","Retrieve","Airtime, Data, Bills & VAS Beneficiaries","",""
"","149","Providers - Nonexistent ID","Personal Banking APIs - QA Test Suite","2026-09-21","passed","2026-09-21","Providers","Insurance","",""
"","151","Initiate Reset Login Pin - Valid","Personal Banking APIs - QA Test Suite","2026-09-21","failed","2026-09-21","Initiate Reset Login Pin","Login, Credentials, Security & Devices","",""
"","141","Transactions Withdraw Principal - Missing Required Field","Personal Banking APIs - QA Test Suite","2026-09-21","passed","2026-09-21","Transactions Withdraw Principal","SWAG Savings","",""
"","150","Retrieve - Invalid Query","Personal Banking APIs - QA Test Suite","2026-09-21","failed","2026-09-21","Retrieve","Scheduled Payments","",""
"","150","List - Invalid Query","Personal Banking APIs - QA Test Suite","2026-09-21","failed","2026-09-21","List","Scheduled Payments","",""
"","143","Transactions Create Wallet - Empty Fields","Personal Banking APIs - QA Test Suite","2026-09-21","passed","2026-09-21","Transactions Create Wallet","Target Savings","",""
"","184","Admin Upload Documents - Valid","Personal Banking APIs - QA Test Suite","2026-09-21","failed","2026-09-21","Admin Upload Documents","KYC, Tier Upgrades & Young Moni","",""
"","160","Remaining Limit Today - Invalid Query","Personal Banking APIs - QA Test Suite","2026-09-21","failed","2026-09-21","Remaining Limit Today","Wallets, Transfers, Transactions & Fund Requests","",""
"","167","Data - Valid","Personal Banking APIs - QA Test Suite","2026-09-21","failed","2026-09-21","Data","Scheduled Payments","",""
"","141","Borrow - No Auth","Personal Banking APIs - QA Test Suite","2026-09-21","passed","2026-09-21","Borrow","Kolo Connect Advances","",""
"","159","Pay Schedule Early - Valid","Personal Banking APIs - QA Test Suite","2026-09-21","failed","2026-09-21","Pay Schedule Early","Scheduled Payments","",""
"","140","Retrieve - No Auth","Personal Banking APIs - QA Test Suite","2026-09-21","passed","2026-09-21","Retrieve","Supalock Savings","",""
"","153","Types Get Supa Lock Special Interest - Invalid ID","Personal Banking APIs - QA Test Suite","2026-09-21","failed","2026-09-21","Types Get Supa Lock Special Interest","Supalock Savings","",""
"","177","List - Invalid Query","Personal Banking APIs - QA Test Suite","2026-09-21","failed","2026-09-21","List","Airtime, Data, Bills & VAS Beneficiaries","",""
"","156","Add Item - Invalid ID","Personal Banking APIs - QA Test Suite","2026-09-21","passed","2026-09-21","Add Item","Rewards, Cash Tokens & Wishlists","",""
"","153","Types - Invalid Query","Personal Banking APIs - QA Test Suite","2026-09-21","failed","2026-09-21","Types","Supalock Savings","",""
"","669","Fetch Balance - Valid","Personal Banking APIs - QA Test Suite","2026-09-21","passed","2026-09-21","Fetch Balance","Customer Profile, Accounts & Beneficiaries","",""
"","147","Enable - Invalid ID","Personal Banking APIs - QA Test Suite","2026-09-21","failed","2026-09-21","Enable","Wallets, Transfers, Transactions & Fund Requests","",""
"","141","Get Item Edit - Empty Fields","Personal Banking APIs - QA Test Suite","2026-09-21","failed","2026-09-21","Get Item Edit","Rewards, Cash Tokens & Wishlists","",""
"","140","Intra Transfer - Invalid Amount","Personal Banking APIs - QA Test Suite","2026-09-21","passed","2026-09-21","Intra Transfer","Wallets, Transfers, Transactions & Fund Requests","",""
"","140","Redeem Coins - No Auth","Personal Banking APIs - QA Test Suite","2026-09-21","passed","2026-09-21","Redeem Coins","Rewards, Cash Tokens & Wishlists","",""
"","158","Admin Complete Upgrade Request - Valid","Personal Banking APIs - QA Test Suite","2026-09-21","failed","2026-09-21","Admin Complete Upgrade Request","KYC, Tier Upgrades & Young Moni","",""
"","149","Channel Settings - Missing Required Field","Personal Banking APIs - QA Test Suite","2026-09-21","failed","2026-09-21","Channel Settings","Customer Cards","",""
"","160","Validate Jamb Profile - Missing Required Field","Personal Banking APIs - QA Test Suite","2026-09-21","failed","2026-09-21","Validate Jamb Profile","Airtime, Data, Bills & VAS Beneficiaries","",""
"","140","Electricity - Empty Fields","Personal Banking APIs - QA Test Suite","2026-09-21","passed","2026-09-21","Electricity","Scheduled Payments","",""
"","157","Update Communication Preference - Invalid Email","Personal Banking APIs - QA Test Suite","2026-09-21","passed","2026-09-21","Update Communication Preference","Customer Profile, Accounts & Beneficiaries","",""
"","151","Partial - Invalid ID","Personal Banking APIs - QA Test Suite","2026-09-21","passed","2026-09-21","Partial","Airtime, Data, Bills & VAS Beneficiaries","",""
"","155","Retrieve - Nonexistent ID","Personal Banking APIs - QA Test Suite","2026-09-21","passed","2026-09-21","Retrieve","Rewards, Cash Tokens & Wishlists","",""
"","160","Transactions - Nonexistent ID","Personal Banking APIs - QA Test Suite","2026-09-21","passed","2026-09-21","Transactions","Save & Spend","",""
"","141","Purchase Electricity - Invalid Token Or PIN","Personal Banking APIs - QA Test Suite","2026-09-21","passed","2026-09-21","Purchase Electricity","Airtime, Data, Bills & VAS Beneficiaries","",""
"","167","Transactions - Valid","Personal Banking APIs - QA Test Suite","2026-09-21","failed","2026-09-21","Transactions","SWAG Savings","",""
"","146","Withdraw Cashback - Missing Required Field","Personal Banking APIs - QA Test Suite","2026-09-21","failed","2026-09-21","Withdraw Cashback","Wallets, Transfers, Transactions & Fund Requests","",""
"","156","Wallet Download Target Statement - Empty Fields","Personal Banking APIs - QA Test Suite","2026-09-21","failed","2026-09-21","Wallet Download Target Statement","Target Savings","",""
"","157","Tier Two Upgrade - Missing Required Field","Personal Banking APIs - QA Test Suite","2026-09-21","passed","2026-09-21","Tier Two Upgrade","KYC, Tier Upgrades & Young Moni","",""
"","152","Retrieve - Invalid Query","Personal Banking APIs - QA Test Suite","2026-09-21","failed","2026-09-21","Retrieve","Customer Profile, Accounts & Beneficiaries","",""
"","163","Get Item - Invalid Query","Personal Banking APIs - QA Test Suite","2026-09-21","failed","2026-09-21","Get Item","Rewards, Cash Tokens & Wishlists","",""
"","150","Games Check Eligibility - Invalid Query","Personal Banking APIs - QA Test Suite","2026-09-21","passed","2026-09-21","Games Check Eligibility","Rewards, Cash Tokens & Wishlists","",""
"","182","Create - Valid","Personal Banking APIs - QA Test Suite","2026-09-21","passed","2026-09-21","Create","Airtime, Data, Bills & VAS Beneficiaries","",""
"","147","Redeem Insurance - Invalid Email","Personal Banking APIs - QA Test Suite","2026-09-21","passed","2026-09-21","Redeem Insurance","Insurance","",""
"","143","Inter Transfer - Missing Required Field","Personal Banking APIs - QA Test Suite","2026-09-21","passed","2026-09-21","Inter Transfer","Wallets, Transfers, Transactions & Fund Requests","",""
"","147","Transactions Create Wallet - No Auth","Personal Banking APIs - QA Test Suite","2026-09-21","failed","2026-09-21","Transactions Create Wallet","Target Savings","",""
"","259","Admin Games Stats - No Auth","Personal Banking APIs - QA Test Suite","2026-09-21","passed","2026-09-21","Admin Games Stats","Rewards, Cash Tokens & Wishlists","",""
"","141","Transactions Update Spend Wallet - Invalid Status Or Type","Personal Banking APIs - QA Test Suite","2026-09-21","passed","2026-09-21","Transactions Update Spend Wallet","Save & Spend","",""
"","278","Admin Games Sessions - Valid","Personal Banking APIs - QA Test Suite","2026-09-21","failed","2026-09-21","Admin Games Sessions","Rewards, Cash Tokens & Wishlists","",""
"","150","Reject Single Bulk Recipient - Empty Fields","Personal Banking APIs - QA Test Suite","2026-09-21","failed","2026-09-21","Reject Single Bulk Recipient","Wallets, Transfers, Transactions & Fund Requests","",""
"","165","Activate - Nonexistent ID","Personal Banking APIs - QA Test Suite","2026-09-21","passed","2026-09-21","Activate","Customer Cards","",""
"","151","Admin Complete Upgrade Request - Invalid ID","Personal Banking APIs - QA Test Suite","2026-09-21","failed","2026-09-21","Admin Complete Upgrade Request","KYC, Tier Upgrades & Young Moni","",""
"","139","Channel Settings - No Auth","Personal Banking APIs - QA Test Suite","2026-09-21","passed","2026-09-21","Channel Settings","Customer Cards","",""
"","166","Retrieve - Invalid Query","Personal Banking APIs - QA Test Suite","2026-09-21","failed","2026-09-21","Retrieve","Airtime, Data, Bills & VAS Beneficiaries","",""
"","180","Encrypt Login - Invalid Token Or PIN","Personal Banking APIs - QA Test Suite","2026-09-21","failed","2026-09-21","Encrypt Login","Login, Credentials, Security & Devices","",""
"","146","Admin Devices Deactivate - Valid","Personal Banking APIs - QA Test Suite","2026-09-21","failed","2026-09-21","Admin Devices Deactivate","Login, Credentials, Security & Devices","",""
"","151","Admin Reject Upgrade Request - Invalid ID","Personal Banking APIs - QA Test Suite","2026-09-21","failed","2026-09-21","Admin Reject Upgrade Request","KYC, Tier Upgrades & Young Moni","",""
"","271","Admin Games Rewards - Nonexistent ID","Personal Banking APIs - QA Test Suite","2026-09-21","failed","2026-09-21","Admin Games Rewards","Rewards, Cash Tokens & Wishlists","",""
"","140","Initiate Email Update - No Auth","Personal Banking APIs - QA Test Suite","2026-09-21","passed","2026-09-21","Initiate Email Update","KYC, Tier Upgrades & Young Moni","",""
"","145","Inter Name Enquiry - Missing Required Field","Personal Banking APIs - QA Test Suite","2026-09-21","passed","2026-09-21","Inter Name Enquiry","Wallets, Transfers, Transactions & Fund Requests","",""
"","152","List - Invalid Query","Personal Banking APIs - QA Test Suite","2026-09-21","failed","2026-09-21","List","Insurance","",""
"","156","Add Item - Invalid Status Or Type","Personal Banking APIs - QA Test Suite","2026-09-21","failed","2026-09-21","Add Item","Rewards, Cash Tokens & Wishlists","",""
"","151","Verify Email Update - Missing Required Field","Personal Banking APIs - QA Test Suite","2026-09-21","passed","2026-09-21","Verify Email Update","KYC, Tier Upgrades & Young Moni","",""
"","148","Reject Single Fund Request - Empty Fields","Personal Banking APIs - QA Test Suite","2026-09-21","failed","2026-09-21","Reject Single Fund Request","Wallets, Transfers, Transactions & Fund Requests","",""
"","150","Account Officer View Rating - Invalid Query","Personal Banking APIs - QA Test Suite","2026-09-21","failed","2026-09-21","Account Officer View Rating","Customer Profile, Accounts & Beneficiaries","",""
"","146","Transactions Update Spend Wallet - Nonexistent ID","Personal Banking APIs - QA Test Suite","2026-09-21","failed","2026-09-21","Transactions Update Spend Wallet","Save & Spend","",""
"","158","Dismiss Action - Nonexistent ID","Personal Banking APIs - QA Test Suite","2026-09-21","passed","2026-09-21","Dismiss Action","KYC, Tier Upgrades & Young Moni","",""
"","231","Validate Smart Card - Valid","Personal Banking APIs - QA Test Suite","2026-09-21","failed","2026-09-21","Validate Smart Card","Airtime, Data, Bills & VAS Beneficiaries","",""
"","150","Young Moni Requests - Invalid Query","Personal Banking APIs - QA Test Suite","2026-09-21","failed","2026-09-21","Young Moni Requests","KYC, Tier Upgrades & Young Moni","",""
"","142","Get Item Edit - Nonexistent ID","Personal Banking APIs - QA Test Suite","2026-09-21","failed","2026-09-21","Get Item Edit","Rewards, Cash Tokens & Wishlists","",""
"","400","Get Cable Providers - Invalid Query","Personal Banking APIs - QA Test Suite","2026-09-21","failed","2026-09-21","Get Cable Providers","Airtime, Data, Bills & VAS Beneficiaries","",""
"","148","Electricity - Missing Required Field","Personal Banking APIs - QA Test Suite","2026-09-21","passed","2026-09-21","Electricity","Scheduled Payments","",""
"","283","Admin Coins Rules - Valid","Personal Banking APIs - QA Test Suite","2026-09-21","failed","2026-09-21","Admin Coins Rules","Rewards, Cash Tokens & Wishlists","",""
"","146","Withdraw Cashback - Invalid ID","Personal Banking APIs - QA Test Suite","2026-09-21","failed","2026-09-21","Withdraw Cashback","Wallets, Transfers, Transactions & Fund Requests","",""
"","163","Youngmoni Transfer - Invalid Token Or PIN","Personal Banking APIs - QA Test Suite","2026-09-21","passed","2026-09-21","Youngmoni Transfer","Scheduled Payments","",""
"","140","Admin Devices Reactivate - Invalid Token Or PIN","Personal Banking APIs - QA Test Suite","2026-09-21","failed","2026-09-21","Admin Devices Reactivate","Login, Credentials, Security & Devices","",""
"","145","Admin Coins Redemption Rules - Nonexistent ID","Personal Banking APIs - QA Test Suite","2026-09-21","failed","2026-09-21","Admin Coins Redemption Rules","Rewards, Cash Tokens & Wishlists","",""
"","139","Approve Single Bulk Recipient - No Auth","Personal Banking APIs - QA Test Suite","2026-09-21","passed","2026-09-21","Approve Single Bulk Recipient","Wallets, Transfers, Transactions & Fund Requests","",""
"","201","Retrieve - Valid","Personal Banking APIs - QA Test Suite","2026-09-21","failed","2026-09-21","Retrieve","Customer Profile, Accounts & Beneficiaries","",""
"","156","Update Single Transfer Limit - Missing Required Field","Personal Banking APIs - QA Test Suite","2026-09-21","passed","2026-09-21","Update Single Transfer Limit","Customer Profile, Accounts & Beneficiaries","",""
"","164","Tier One Upgrade - Valid","Personal Banking APIs - QA Test Suite","2026-09-21","failed","2026-09-21","Tier One Upgrade","KYC, Tier Upgrades & Young Moni","",""
"","154","Channel Settings - Invalid Query","Personal Banking APIs - QA Test Suite","2026-09-21","failed","2026-09-21","Channel Settings","Customer Cards","",""
"","140","Validate Meter - No Auth","Personal Banking APIs - QA Test Suite","2026-09-21","passed","2026-09-21","Validate Meter","Airtime, Data, Bills & VAS Beneficiaries","",""
"","146","Create Transaction Pin - Missing Required Field","Personal Banking APIs - QA Test Suite","2026-09-21","failed","2026-09-21","Create Transaction Pin","Login, Credentials, Security & Devices","",""
"","142","Get Suggestions - No Auth","Personal Banking APIs - QA Test Suite","2026-09-21","passed","2026-09-21","Get Suggestions","Customer Profile, Accounts & Beneficiaries","",""
"","192","List - Valid","Personal Banking APIs - QA Test Suite","2026-09-21","failed","2026-09-21","List","Airtime, Data, Bills & VAS Beneficiaries","",""
"","149","Types - Invalid Amount","Personal Banking APIs - QA Test Suite","2026-09-21","failed","2026-09-21","Types","Supalock Savings","",""
"","245","Coin Redemption Rules - Valid","Personal Banking APIs - QA Test Suite","2026-09-21","failed","2026-09-21","Coin Redemption Rules","Rewards, Cash Tokens & Wishlists","",""
"","139","Wallet - No Auth","Personal Banking APIs - QA Test Suite","2026-09-21","passed","2026-09-21","Wallet","SWAG Savings","",""
"","171","Retrieve - Valid","Personal Banking APIs - QA Test Suite","2026-09-21","failed","2026-09-21","Retrieve","Airtime, Data, Bills & VAS Beneficiaries","",""
"","145","Transactions Create Wallet Product Specific - Invalid Status Or Type","Personal Banking APIs - QA Test Suite","2026-09-21","passed","2026-09-21","Transactions Create Wallet Product Specific","Target Savings","",""
"","150","Winner Dismiss Action - Invalid Amount","Personal Banking APIs - QA Test Suite","2026-09-21","failed","2026-09-21","Winner Dismiss Action","Rewards, Cash Tokens & Wishlists","",""
"","162","Young Moni - Invalid Query","Personal Banking APIs - QA Test Suite","2026-09-21","failed","2026-09-21","Young Moni","Customer Profile, Accounts & Beneficiaries","",""
"","147","Admin Coins Rules - Invalid Status Or Type","Personal Banking APIs - QA Test Suite","2026-09-21","failed","2026-09-21","Admin Coins Rules","Rewards, Cash Tokens & Wishlists","",""
"","141","Update Gender - No Auth","Personal Banking APIs - QA Test Suite","2026-09-21","passed","2026-09-21","Update Gender","Login, Credentials, Security & Devices","",""
"","1845","Login - Valid","Personal Banking APIs - QA Test Suite","2026-09-21","passed","2026-09-21","Login","Login, Credentials, Security & Devices","",""
"","153","Activate - Missing Required Field","Personal Banking APIs - QA Test Suite","2026-09-21","failed","2026-09-21","Activate","Customer Cards","",""
"","558","List - Valid","Personal Banking APIs - QA Test Suite","2026-09-21","passed","2026-09-21","List","Rewards, Cash Tokens & Wishlists","",""
"","153","Create - Empty Fields","Personal Banking APIs - QA Test Suite","2026-09-21","failed","2026-09-21","Create","Airtime, Data, Bills & VAS Beneficiaries","",""
"","150","Create Supalock - Invalid Token Or PIN","Personal Banking APIs - QA Test Suite","2026-09-21","failed","2026-09-21","Create Supalock","Supalock Savings","",""
"","146","Renew Insurance - Invalid Token Or PIN","Personal Banking APIs - QA Test Suite","2026-09-21","passed","2026-09-21","Renew Insurance","Insurance","",""
"","139","Tier One Upgrade With BVN - No Auth","Personal Banking APIs - QA Test Suite","2026-09-21","passed","2026-09-21","Tier One Upgrade With BVN","KYC, Tier Upgrades & Young Moni","",""
"","141","Requests Request Card - No Auth","Personal Banking APIs - QA Test Suite","2026-09-21","passed","2026-09-21","Requests Request Card","Customer Cards","",""
"","154","Restrict Accounts By BVN - No Auth","Personal Banking APIs - QA Test Suite","2026-09-21","passed","2026-09-21","Restrict Accounts By BVN","Customer Profile, Accounts & Beneficiaries","",""
"","275","Admin Coins Transactions - Valid","Personal Banking APIs - QA Test Suite","2026-09-21","failed","2026-09-21","Admin Coins Transactions","Rewards, Cash Tokens & Wishlists","",""
"","142","Young Moni Validate Details - Missing Required Field","Personal Banking APIs - QA Test Suite","2026-09-21","failed","2026-09-21","Young Moni Validate Details","Customer Profile, Accounts & Beneficiaries","",""
"","186","Terms - Valid","Personal Banking APIs - QA Test Suite","2026-09-21","failed","2026-09-21","Terms","Rewards, Cash Tokens & Wishlists","",""
"","152","Admin Coins Redemption Rules - No Auth","Personal Banking APIs - QA Test Suite","2026-09-21","passed","2026-09-21","Admin Coins Redemption Rules","Rewards, Cash Tokens & Wishlists","",""
"","146","Restrict Accounts By BVN - Empty Fields","Personal Banking APIs - QA Test Suite","2026-09-21","failed","2026-09-21","Restrict Accounts By BVN","Customer Profile, Accounts & Beneficiaries","",""
"","152","Update Communication Preference - Invalid ID","Personal Banking APIs - QA Test Suite","2026-09-21","passed","2026-09-21","Update Communication Preference","Customer Profile, Accounts & Beneficiaries","",""
"","137","Approve Single Fund Request - No Auth","Personal Banking APIs - QA Test Suite","2026-09-21","passed","2026-09-21","Approve Single Fund Request","Wallets, Transfers, Transactions & Fund Requests","",""
"","270","Admin Games Rewards - Invalid ID","Personal Banking APIs - QA Test Suite","2026-09-21","failed","2026-09-21","Admin Games Rewards","Rewards, Cash Tokens & Wishlists","",""
"","153","Request Alias Phone Verification - Empty Fields","Personal Banking APIs - QA Test Suite","2026-09-21","passed","2026-09-21","Request Alias Phone Verification","Customer Profile, Accounts & Beneficiaries","",""
"","148","Cancel Schedule Payment - Missing Required Field","Personal Banking APIs - QA Test Suite","2026-09-21","passed","2026-09-21","Cancel Schedule Payment","Scheduled Payments","",""
"","883","Providers - Valid","Personal Banking APIs - QA Test Suite","2026-09-21","failed","2026-09-21","Providers","Insurance","",""
"","195","Get Item - Valid","Personal Banking APIs - QA Test Suite","2026-09-21","failed","2026-09-21","Get Item","Rewards, Cash Tokens & Wishlists","",""
"","162","Coin Wallet - Invalid Query","Personal Banking APIs - QA Test Suite","2026-09-21","passed","2026-09-21","Coin Wallet","Rewards, Cash Tokens & Wishlists","",""
"","271","Admin Games Sessions - Invalid Query","Personal Banking APIs - QA Test Suite","2026-09-21","failed","2026-09-21","Admin Games Sessions","Rewards, Cash Tokens & Wishlists","",""
"","150","Setup Liveness Image - Empty Fields","Personal Banking APIs - QA Test Suite","2026-09-21","passed","2026-09-21","Setup Liveness Image","Login, Credentials, Security & Devices","",""
"","145","Initiate Reset Login Pin - No Auth","Personal Banking APIs - QA Test Suite","2026-09-21","passed","2026-09-21","Initiate Reset Login Pin","Login, Credentials, Security & Devices","",""
"","166","Reward With Cashback - Valid","Personal Banking APIs - QA Test Suite","2026-09-21","failed","2026-09-21","Reward With Cashback","Rewards, Cash Tokens & Wishlists","",""
"","153","Wallet - Invalid Query","Personal Banking APIs - QA Test Suite","2026-09-21","failed","2026-09-21","Wallet","Target Savings","",""
"","150","Approve Single Fund Request - Missing Required Field","Personal Banking APIs - QA Test Suite","2026-09-21","failed","2026-09-21","Approve Single Fund Request","Wallets, Transfers, Transactions & Fund Requests","",""
"","268","Admin Games Rewards - Invalid Query","Personal Banking APIs - QA Test Suite","2026-09-21","failed","2026-09-21","Admin Games Rewards","Rewards, Cash Tokens & Wishlists","",""
"","259","Admin Coins Rules Stats - No Auth","Personal Banking APIs - QA Test Suite","2026-09-21","passed","2026-09-21","Admin Coins Rules Stats","Rewards, Cash Tokens & Wishlists","",""
"","154","Document Delete - Missing Required Field","Personal Banking APIs - QA Test Suite","2026-09-21","failed","2026-09-21","Document Delete","KYC, Tier Upgrades & Young Moni","",""
"","151","Young Moni Initiate Account Without Identity - Empty Fields","Personal Banking APIs - QA Test Suite","2026-09-21","failed","2026-09-21","Young Moni Initiate Account Without Identity","Customer Profile, Accounts & Beneficiaries","",""
"","144","Verify Token - Empty Fields","Personal Banking APIs - QA Test Suite","2026-09-21","passed","2026-09-21","Verify Token","Login, Credentials, Security & Devices","",""
"","153","Reject Bulk Fund Request - Missing Required Field","Personal Banking APIs - QA Test Suite","2026-09-21","failed","2026-09-21","Reject Bulk Fund Request","Wallets, Transfers, Transactions & Fund Requests","",""
"","145","Reset Password - Invalid Email","Personal Banking APIs - QA Test Suite","2026-09-21","passed","2026-09-21","Reset Password","Login, Credentials, Security & Devices","",""
"","141","Create Login Pin - Invalid Token Or PIN","Personal Banking APIs - QA Test Suite","2026-09-21","failed","2026-09-21","Create Login Pin","Login, Credentials, Security & Devices","",""
"","160","Types - Missing Required Field","Personal Banking APIs - QA Test Suite","2026-09-21","failed","2026-09-21","Types","Supalock Savings","",""
"","229","Update - Valid","Personal Banking APIs - QA Test Suite","2026-09-21","failed","2026-09-21","Update","Scheduled Payments","",""
"","269","Admin Coins Rules Stats - Invalid Query","Personal Banking APIs - QA Test Suite","2026-09-21","failed","2026-09-21","Admin Coins Rules Stats","Rewards, Cash Tokens & Wishlists","",""
"","175","Tier Two Upgrade - Valid","Personal Banking APIs - QA Test Suite","2026-09-21","failed","2026-09-21","Tier Two Upgrade","KYC, Tier Upgrades & Young Moni","",""
"","154","Update - Invalid Status Or Type","Personal Banking APIs - QA Test Suite","2026-09-21","passed","2026-09-21","Update","Scheduled Payments","",""
"","157","Verify Device Changed - No Auth","Personal Banking APIs - QA Test Suite","2026-09-21","failed","2026-09-21","Verify Device Changed","Login, Credentials, Security & Devices","",""
"","146","Purchase Jamb - Valid","Personal Banking APIs - QA Test Suite","2026-09-21","failed","2026-09-21","Purchase Jamb","Airtime, Data, Bills & VAS Beneficiaries","",""
"","147","Wallet Total Balance - Invalid Query","Personal Banking APIs - QA Test Suite","2026-09-21","failed","2026-09-21","Wallet Total Balance","Save & Spend","",""
"","139","Leaderboard - No Auth","Personal Banking APIs - QA Test Suite","2026-09-21","passed","2026-09-21","Leaderboard","Customer Profile, Accounts & Beneficiaries","",""
"","189","Reset Login Pin - Valid","Personal Banking APIs - QA Test Suite","2026-09-21","failed","2026-09-21","Reset Login Pin","Login, Credentials, Security & Devices","",""
"","152","Register With Phone - Empty Fields","Personal Banking APIs - QA Test Suite","2026-09-21","passed","2026-09-21","Register With Phone","Customer Onboarding","",""
"","143","Upload Bulk Fund Request - Valid","Personal Banking APIs - QA Test Suite","2026-09-21","failed","2026-09-21","Upload Bulk Fund Request","Wallets, Transfers, Transactions & Fund Requests","",""
"","152","Requests - Invalid Query","Personal Banking APIs - QA Test Suite","2026-09-21","failed","2026-09-21","Requests","Customer Cards","",""
"","151","Youngmoni Transfer - Missing Required Field","Personal Banking APIs - QA Test Suite","2026-09-21","passed","2026-09-21","Youngmoni Transfer","Scheduled Payments","",""
"","171","Retrieve - Valid","Personal Banking APIs - QA Test Suite","2026-09-21","failed","2026-09-21","Retrieve","KYC, Tier Upgrades & Young Moni","",""
"","166","Update Tin - No Auth","Personal Banking APIs - QA Test Suite","2026-09-21","passed","2026-09-21","Update Tin","Customer Profile, Accounts & Beneficiaries","",""
"","145","Update Location - Valid","Personal Banking APIs - QA Test Suite","2026-09-21","failed","2026-09-21","Update Location","Login, Credentials, Security & Devices","",""
"","160","Young Moni Requests - Nonexistent ID","Personal Banking APIs - QA Test Suite","2026-09-21","failed","2026-09-21","Young Moni Requests","KYC, Tier Upgrades & Young Moni","",""
"","294","Admin Games - Valid","Personal Banking APIs - QA Test Suite","2026-09-21","failed","2026-09-21","Admin Games","Rewards, Cash Tokens & Wishlists","",""
"","141","Transactions Update Swag Monthly Rollover - No Auth","Personal Banking APIs - QA Test Suite","2026-09-21","passed","2026-09-21","Transactions Update Swag Monthly Rollover","SWAG Savings","",""
"","139","Admin Coins Rules - No Auth","Personal Banking APIs - QA Test Suite","2026-09-21","passed","2026-09-21","Admin Coins Rules","Rewards, Cash Tokens & Wishlists","",""
"","142","Transactions Create Plan - Invalid Status Or Type","Personal Banking APIs - QA Test Suite","2026-09-21","passed","2026-09-21","Transactions Create Plan","SWAG Savings","",""
"","143","Transactions Update Swag Plan - Missing Required Field","Personal Banking APIs - QA Test Suite","2026-09-21","passed","2026-09-21","Transactions Update Swag Plan","SWAG Savings","",""
"","183","Encrypt Login - Empty Fields","Personal Banking APIs - QA Test Suite","2026-09-21","failed","2026-09-21","Encrypt Login","Login, Credentials, Security & Devices","",""
"","152","Item - Invalid ID","Personal Banking APIs - QA Test Suite","2026-09-21","passed","2026-09-21","Item","Rewards, Cash Tokens & Wishlists","",""
"","146","Admin Coins Redemption Rules - Nonexistent ID","Personal Banking APIs - QA Test Suite","2026-09-21","failed","2026-09-21","Admin Coins Redemption Rules","Rewards, Cash Tokens & Wishlists","",""
"","144","Purchase Epin - Valid","Personal Banking APIs - QA Test Suite","2026-09-21","failed","2026-09-21","Purchase Epin","Airtime, Data, Bills & VAS Beneficiaries","",""
"","181","Add Account Alias - Valid","Personal Banking APIs - QA Test Suite","2026-09-21","failed","2026-09-21","Add Account Alias","Customer Profile, Accounts & Beneficiaries","",""
"","152","Update Tin - Missing Required Field","Personal Banking APIs - QA Test Suite","2026-09-21","passed","2026-09-21","Update Tin","Customer Profile, Accounts & Beneficiaries","",""
"","145","Transactions Deposit - Empty Fields","Personal Banking APIs - QA Test Suite","2026-09-21","passed","2026-09-21","Transactions Deposit","SWAG Savings","",""
"","143","Verify Token - Missing Required Field","Personal Banking APIs - QA Test Suite","2026-09-21","passed","2026-09-21","Verify Token","Login, Credentials, Security & Devices","",""
"","151","Transaction - Nonexistent ID","Personal Banking APIs - QA Test Suite","2026-09-21","failed","2026-09-21","Transaction","Airtime, Data, Bills & VAS Beneficiaries","",""
"","169","Request Alias Phone Verification - Valid","Personal Banking APIs - QA Test Suite","2026-09-21","failed","2026-09-21","Request Alias Phone Verification","Customer Profile, Accounts & Beneficiaries","",""
"","139","List - No Auth","Personal Banking APIs - QA Test Suite","2026-09-21","passed","2026-09-21","List","Airtime, Data, Bills & VAS Beneficiaries","",""
"","142","Transactions Break Wallet - Empty Fields","Personal Banking APIs - QA Test Suite","2026-09-21","passed","2026-09-21","Transactions Break Wallet","Save & Spend","",""
"","154","Update Daily Transfer Limit - Invalid Amount","Personal Banking APIs - QA Test Suite","2026-09-21","passed","2026-09-21","Update Daily Transfer Limit","Customer Profile, Accounts & Beneficiaries","",""
"","148","Unblock - Missing Required Field","Personal Banking APIs - QA Test Suite","2026-09-21","failed","2026-09-21","Unblock","Customer Cards","",""
"","145","Admin Games Rewards - Nonexistent ID","Personal Banking APIs - QA Test Suite","2026-09-21","failed","2026-09-21","Admin Games Rewards","Rewards, Cash Tokens & Wishlists","",""
"","320","Add Account Alias - Missing Required Field","Personal Banking APIs - QA Test Suite","2026-09-21","failed","2026-09-21","Add Account Alias","Customer Profile, Accounts & Beneficiaries","",""
"","213","Retry Payment Schedule - Valid","Personal Banking APIs - QA Test Suite","2026-09-21","failed","2026-09-21","Retry Payment Schedule","Scheduled Payments","",""
"","151","Inter Name Enquiry - Empty Fields","Personal Banking APIs - QA Test Suite","2026-09-21","passed","2026-09-21","Inter Name Enquiry","Wallets, Transfers, Transactions & Fund Requests","",""
"","743","List - Valid","Personal Banking APIs - QA Test Suite","2026-09-21","passed","2026-09-21","List","Customer Profile, Accounts & Beneficiaries","",""
"","144","Transactions Update Swag Plan - Invalid Token Or PIN","Personal Banking APIs - QA Test Suite","2026-09-21","passed","2026-09-21","Transactions Update Swag Plan","SWAG Savings","",""
"","140","Electricity - No Auth","Personal Banking APIs - QA Test Suite","2026-09-21","passed","2026-09-21","Electricity","Scheduled Payments","",""
"","139","Toolkit Accounts - No Auth","Personal Banking APIs - QA Test Suite","2026-09-21","passed","2026-09-21","Toolkit Accounts","Customer Profile, Accounts & Beneficiaries","",""
"","151","Admin Coins Rules - Invalid Amount","Personal Banking APIs - QA Test Suite","2026-09-21","failed","2026-09-21","Admin Coins Rules","Rewards, Cash Tokens & Wishlists","",""
"","141","Details - No Auth","Personal Banking APIs - QA Test Suite","2026-09-21","passed","2026-09-21","Details","Customer Profile, Accounts & Beneficiaries","",""
"","141","Young Moni Upload Guardian Documents - Invalid Status Or Type","Personal Banking APIs - QA Test Suite","2026-09-21","failed","2026-09-21","Young Moni Upload Guardian Documents","Customer Profile, Accounts & Beneficiaries","",""
"","139","Wallet - No Auth","Personal Banking APIs - QA Test Suite","2026-09-21","passed","2026-09-21","Wallet","Save & Spend","",""
"","151","Admin Games Rewards - Invalid ID","Personal Banking APIs - QA Test Suite","2026-09-21","failed","2026-09-21","Admin Games Rewards","Rewards, Cash Tokens & Wishlists","",""
"","150","Perform Action - Nonexistent ID","Personal Banking APIs - QA Test Suite","2026-09-21","failed","2026-09-21","Perform Action","Rewards, Cash Tokens & Wishlists","",""
"","148","Data - Invalid Amount","Personal Banking APIs - QA Test Suite","2026-09-21","passed","2026-09-21","Data","Scheduled Payments","",""
"","155","Transactions - Nonexistent ID","Personal Banking APIs - QA Test Suite","2026-09-21","passed","2026-09-21","Transactions","Target Savings","",""
"","145","Transactions Create Wallet Product Specific - Valid","Personal Banking APIs - QA Test Suite","2026-09-21","failed","2026-09-21","Transactions Create Wallet Product Specific","Target Savings","",""
"","154","Admin Admin Tier Zero Upgrade - Missing Required Field","Personal Banking APIs - QA Test Suite","2026-09-21","failed","2026-09-21","Admin Admin Tier Zero Upgrade","KYC, Tier Upgrades & Young Moni","",""
"","193","Webhook Cashtoken Webhook - Valid","Personal Banking APIs - QA Test Suite","2026-09-21","failed","2026-09-21","Webhook Cashtoken Webhook","Rewards, Cash Tokens & Wishlists","",""
"","149","Create Wishlist With Items - Empty Fields","Personal Banking APIs - QA Test Suite","2026-09-21","passed","2026-09-21","Create Wishlist With Items","Rewards, Cash Tokens & Wishlists","",""
"","158","Young Moni Initiate Account Request - Empty Fields","Personal Banking APIs - QA Test Suite","2026-09-21","passed","2026-09-21","Young Moni Initiate Account Request","Customer Profile, Accounts & Beneficiaries","",""
"","145","Admin Admin Submit - Empty Fields","Personal Banking APIs - QA Test Suite","2026-09-21","failed","2026-09-21","Admin Admin Submit","KYC, Tier Upgrades & Young Moni","",""
"","156","Transfers Left - Valid","Personal Banking APIs - QA Test Suite","2026-09-21","passed","2026-09-21","Transfers Left","Wallets, Transfers, Transactions & Fund Requests","",""
"","151","Export Fund Recipients - Valid","Personal Banking APIs - QA Test Suite","2026-09-21","failed","2026-09-21","Export Fund Recipients","Wallets, Transfers, Transactions & Fund Requests","",""
"","156","Admin Coins Rules - Valid","Personal Banking APIs - QA Test Suite","2026-09-21","failed","2026-09-21","Admin Coins Rules","Rewards, Cash Tokens & Wishlists","",""
"","157","Reset Login Pin - Missing Required Field","Personal Banking APIs - QA Test Suite","2026-09-21","passed","2026-09-21","Reset Login Pin","Login, Credentials, Security & Devices","",""
"","204","Overview - Valid","Personal Banking APIs - QA Test Suite","2026-09-21","passed","2026-09-21","Overview","Rewards, Cash Tokens & Wishlists","",""
"","143","Purchase Cable - Invalid Amount","Personal Banking APIs - QA Test Suite","2026-09-21","passed","2026-09-21","Purchase Cable","Airtime, Data, Bills & VAS Beneficiaries","",""
"","176","Retrieve - Valid","Personal Banking APIs - QA Test Suite","2026-09-21","failed","2026-09-21","Retrieve","Insurance","",""
"","162","Details - Missing Required Field","Personal Banking APIs - QA Test Suite","2026-09-21","failed","2026-09-21","Details","Customer Profile, Accounts & Beneficiaries","",""
"","146","Wallet - Invalid Query","Personal Banking APIs - QA Test Suite","2026-09-21","failed","2026-09-21","Wallet","SWAG Savings","",""
"","161","Wallet Total Balance - Valid","Personal Banking APIs - QA Test Suite","2026-09-21","failed","2026-09-21","Wallet Total Balance","Save & Spend","",""
"","139","Pay Schedule Early - No Auth","Personal Banking APIs - QA Test Suite","2026-09-21","passed","2026-09-21","Pay Schedule Early","Scheduled Payments","",""
"","139","Create Wishlist - No Auth","Personal Banking APIs - QA Test Suite","2026-09-21","passed","2026-09-21","Create Wishlist","Rewards, Cash Tokens & Wishlists","",""
"","162","Young Moni Requests Complete Review - Valid","Personal Banking APIs - QA Test Suite","2026-09-21","failed","2026-09-21","Young Moni Requests Complete Review","KYC, Tier Upgrades & Young Moni","",""
"","171","Inflow Outflow Analytics - Valid","Personal Banking APIs - QA Test Suite","2026-09-21","passed","2026-09-21","Inflow Outflow Analytics","Wallets, Transfers, Transactions & Fund Requests","",""
"","163","Reset Pin - Empty Fields","Personal Banking APIs - QA Test Suite","2026-09-21","failed","2026-09-21","Reset Pin","Customer Cards","",""
"","149","Restrict Accounts By BVN - Missing Required Field","Personal Banking APIs - QA Test Suite","2026-09-21","failed","2026-09-21","Restrict Accounts By BVN","Customer Profile, Accounts & Beneficiaries","",""
"","161","Reset Pin - Missing Required Field","Personal Banking APIs - QA Test Suite","2026-09-21","failed","2026-09-21","Reset Pin","Customer Cards","",""
"","148","Eligibility - Invalid Query","Personal Banking APIs - QA Test Suite","2026-09-21","failed","2026-09-21","Eligibility","Kolo Connect Advances","",""
"","148","Create - Empty Fields","Personal Banking APIs - QA Test Suite","2026-09-21","failed","2026-09-21","Create","Airtime, Data, Bills & VAS Beneficiaries","",""
"","140","Requests - No Auth","Personal Banking APIs - QA Test Suite","2026-09-21","passed","2026-09-21","Requests","Customer Cards","",""
"","145","Purchase Electricity - Invalid Amount","Personal Banking APIs - QA Test Suite","2026-09-21","passed","2026-09-21","Purchase Electricity","Airtime, Data, Bills & VAS Beneficiaries","",""
"","143","Request Phone Verification - Empty Fields","Personal Banking APIs - QA Test Suite","2026-09-21","failed","2026-09-21","Request Phone Verification","Login, Credentials, Security & Devices","",""
"","154","Payment Merchant - Invalid ID","Personal Banking APIs - QA Test Suite","2026-09-21","passed","2026-09-21","Payment Merchant","Customer Cards","",""
"","148","High Value Transactions - Invalid Query","Personal Banking APIs - QA Test Suite","2026-09-21","failed","2026-09-21","High Value Transactions","Wallets, Transfers, Transactions & Fund Requests","",""
"","139","Transactions - No Auth","Personal Banking APIs - QA Test Suite","2026-09-21","passed","2026-09-21","Transactions","Save & Spend","",""
"","148","Verify Alias Phone Number - Missing Required Field","Personal Banking APIs - QA Test Suite","2026-09-21","passed","2026-09-21","Verify Alias Phone Number","Customer Profile, Accounts & Beneficiaries","",""
"","679","Partial - Missing Required Field","Personal Banking APIs - QA Test Suite","2026-09-21","failed","2026-09-21","Partial","Airtime, Data, Bills & VAS Beneficiaries","",""
"","152","Admin Coins Redemption Rules - Invalid Status Or Type","Personal Banking APIs - QA Test Suite","2026-09-21","failed","2026-09-21","Admin Coins Redemption Rules","Rewards, Cash Tokens & Wishlists","",""
"","159","Retrieve - Nonexistent ID","Personal Banking APIs - QA Test Suite","2026-09-21","passed","2026-09-21","Retrieve","Customer Cards","",""
"","159","Unblock - Empty Fields","Personal Banking APIs - QA Test Suite","2026-09-21","failed","2026-09-21","Unblock","Customer Cards","",""
"","144","Get Betting Billers - No Auth","Personal Banking APIs - QA Test Suite","2026-09-21","passed","2026-09-21","Get Betting Billers","Airtime, Data, Bills & VAS Beneficiaries","",""
"","140","Transactions - No Auth","Personal Banking APIs - QA Test Suite","2026-09-21","passed","2026-09-21","Transactions","SWAG Savings","",""
"","442","Create Wishlist - Valid","Personal Banking APIs - QA Test Suite","2026-09-21","failed","2026-09-21","Create Wishlist","Rewards, Cash Tokens & Wishlists","",""
"","138","Young Moni Documents - No Auth","Personal Banking APIs - QA Test Suite","2026-09-21","passed","2026-09-21","Young Moni Documents","KYC, Tier Upgrades & Young Moni","",""
"","163","Young Moni Upload Child Documents - Missing Required Field","Personal Banking APIs - QA Test Suite","2026-09-21","failed","2026-09-21","Young Moni Upload Child Documents","Customer Profile, Accounts & Beneficiaries","",""
"","148","Tier One Upgrade - Missing Required Field","Personal Banking APIs - QA Test Suite","2026-09-21","passed","2026-09-21","Tier One Upgrade","KYC, Tier Upgrades & Young Moni","",""
"","144","List - No Auth","Personal Banking APIs - QA Test Suite","2026-09-21","passed","2026-09-21","List","Customer Profile, Accounts & Beneficiaries","",""
"","146","Transfers Left - Invalid Query","Personal Banking APIs - QA Test Suite","2026-09-21","failed","2026-09-21","Transfers Left","Wallets, Transfers, Transactions & Fund Requests","",""
"","145","Reward With Airtime - Invalid Amount","Personal Banking APIs - QA Test Suite","2026-09-21","failed","2026-09-21","Reward With Airtime","Rewards, Cash Tokens & Wishlists","",""
"","397","Get Cable Plans - Invalid ID","Personal Banking APIs - QA Test Suite","2026-09-21","failed","2026-09-21","Get Cable Plans","Airtime, Data, Bills & VAS Beneficiaries","",""
"","141","Verify Phone Number - Empty Fields","Personal Banking APIs - QA Test Suite","2026-09-21","failed","2026-09-21","Verify Phone Number","Login, Credentials, Security & Devices","",""
"","141","Fund Betting Wallet - Missing Required Field","Personal Banking APIs - QA Test Suite","2026-09-21","passed","2026-09-21","Fund Betting Wallet","Airtime, Data, Bills & VAS Beneficiaries","",""
"","140","Update - No Auth","Personal Banking APIs - QA Test Suite","2026-09-21","passed","2026-09-21","Update","Scheduled Payments","",""
"","139","Validate Jamb Profile - No Auth","Personal Banking APIs - QA Test Suite","2026-09-21","passed","2026-09-21","Validate Jamb Profile","Airtime, Data, Bills & VAS Beneficiaries","",""
"","152","Admin Coins Redemption Rules - Missing Required Field","Personal Banking APIs - QA Test Suite","2026-09-21","failed","2026-09-21","Admin Coins Redemption Rules","Rewards, Cash Tokens & Wishlists","",""
"","139","Inter Name Enquiry - No Auth","Personal Banking APIs - QA Test Suite","2026-09-21","passed","2026-09-21","Inter Name Enquiry","Wallets, Transfers, Transactions & Fund Requests","",""
"","155","Verify Email OTP - Invalid Token Or PIN","Personal Banking APIs - QA Test Suite","2026-09-21","passed","2026-09-21","Verify Email OTP","Customer Onboarding","",""
"","204","Purchase Jamb - Missing Required Field","Personal Banking APIs - QA Test Suite","2026-09-21","passed","2026-09-21","Purchase Jamb","Airtime, Data, Bills & VAS Beneficiaries","",""
"","156","Check Email / Phone Availability - Invalid Email","Personal Banking APIs - QA Test Suite","2026-09-21","passed","2026-09-21","Check Email / Phone Availability","Customer Onboarding","",""
"","137","Waec Lookup - No Auth","Personal Banking APIs - QA Test Suite","2026-09-21","passed","2026-09-21","Waec Lookup","Airtime, Data, Bills & VAS Beneficiaries","",""
"","157","Block - Invalid Token Or PIN","Personal Banking APIs - QA Test Suite","2026-09-21","failed","2026-09-21","Block","Customer Cards","",""
"","149","Retrieve - Invalid Query","Personal Banking APIs - QA Test Suite","2026-09-21","failed","2026-09-21","Retrieve","Supalock Savings","",""
"","173","Wallet - Valid","Personal Banking APIs - QA Test Suite","2026-09-21","failed","2026-09-21","Wallet","Target Savings","",""
"","140","Create - Invalid Amount","Personal Banking APIs - QA Test Suite","2026-09-21","passed","2026-09-21","Create","Wallets, Transfers, Transactions & Fund Requests","",""
"","147","Login - Empty Fields","Personal Banking APIs - QA Test Suite","2026-09-21","passed","2026-09-21","Login","Login, Credentials, Security & Devices","",""
"","154","Create Wishlist With Items - Missing Required Field","Personal Banking APIs - QA Test Suite","2026-09-21","passed","2026-09-21","Create Wishlist With Items","Rewards, Cash Tokens & Wishlists","",""
"","206","Transactions - Valid","Personal Banking APIs - QA Test Suite","2026-09-21","passed","2026-09-21","Transactions","Save & Spend","",""
"","168","Update Documents - Valid","Personal Banking APIs - QA Test Suite","2026-09-21","failed","2026-09-21","Update Documents","KYC, Tier Upgrades & Young Moni","",""
"","149","Young Moni Requests Request Stats - Valid","Personal Banking APIs - QA Test Suite","2026-09-21","failed","2026-09-21","Young Moni Requests Request Stats","KYC, Tier Upgrades & Young Moni","",""
"","153","Payment Merchant - Invalid Status Or Type","Personal Banking APIs - QA Test Suite","2026-09-21","failed","2026-09-21","Payment Merchant","Customer Cards","",""
"","141","Channel Settings - Empty Fields","Personal Banking APIs - QA Test Suite","2026-09-21","passed","2026-09-21","Channel Settings","Customer Cards","",""
"","161","Repay - Valid","Personal Banking APIs - QA Test Suite","2026-09-21","failed","2026-09-21","Repay","Kolo Connect Advances","",""
"","192","Types - Valid","Personal Banking APIs - QA Test Suite","2026-09-21","failed","2026-09-21","Types","Supalock Savings","",""
"","142","Reward With Cashback - Empty Fields","Personal Banking APIs - QA Test Suite","2026-09-21","passed","2026-09-21","Reward With Cashback","Rewards, Cash Tokens & Wishlists","",""
"","869","Check Email / Phone Availability - Valid","Personal Banking APIs - QA Test Suite","2026-09-21","failed","2026-09-21","Check Email / Phone Availability","Customer Onboarding","",""
"","149","Daily Spending Summary - Valid","Personal Banking APIs - QA Test Suite","2026-09-21","passed","2026-09-21","Daily Spending Summary","Wallets, Transfers, Transactions & Fund Requests","",""
"","143","Her Wealth Details - No Auth","Personal Banking APIs - QA Test Suite","2026-09-21","passed","2026-09-21","Her Wealth Details","Customer Profile, Accounts & Beneficiaries","",""
"","156","Games Get Rewards - Valid","Personal Banking APIs - QA Test Suite","2026-09-21","failed","2026-09-21","Games Get Rewards","Rewards, Cash Tokens & Wishlists","",""
"","143","Transactions Deposit - No Auth","Personal Banking APIs - QA Test Suite","2026-09-21","failed","2026-09-21","Transactions Deposit","Target Savings","",""
"","142","Types - No Auth","Personal Banking APIs - QA Test Suite","2026-09-21","passed","2026-09-21","Types","Supalock Savings","",""
"","163","Find Account Banks - Valid","Personal Banking APIs - QA Test Suite","2026-09-21","failed","2026-09-21","Find Account Banks","Customer Profile, Accounts & Beneficiaries","",""
"","145","Purchase Electricity - Invalid Status Or Type","Personal Banking APIs - QA Test Suite","2026-09-21","passed","2026-09-21","Purchase Electricity","Airtime, Data, Bills & VAS Beneficiaries","",""
"","299","Admin List Documents - Valid","Personal Banking APIs - QA Test Suite","2026-09-21","failed","2026-09-21","Admin List Documents","KYC, Tier Upgrades & Young Moni","",""
"","142","Create Wishlist With Items - No Auth","Personal Banking APIs - QA Test Suite","2026-09-21","passed","2026-09-21","Create Wishlist With Items","Rewards, Cash Tokens & Wishlists","",""
"","147","Create Password - Empty Fields","Personal Banking APIs - QA Test Suite","2026-09-21","passed","2026-09-21","Create Password","Login, Credentials, Security & Devices","",""
"","150","Channel Settings - Invalid Token Or PIN","Personal Banking APIs - QA Test Suite","2026-09-21","failed","2026-09-21","Channel Settings","Customer Cards","",""
"","147","Transactions Break Target - No Auth","Personal Banking APIs - QA Test Suite","2026-09-21","failed","2026-09-21","Transactions Break Target","Target Savings","",""
"","146","Tier Zero Upgrade - Invalid Status Or Type","Personal Banking APIs - QA Test Suite","2026-09-21","passed","2026-09-21","Tier Zero Upgrade","KYC, Tier Upgrades & Young Moni","",""
"","152","Create Password - Invalid Token Or PIN","Personal Banking APIs - QA Test Suite","2026-09-21","passed","2026-09-21","Create Password","Login, Credentials, Security & Devices","",""
"","150","Document Delete - Empty Fields","Personal Banking APIs - QA Test Suite","2026-09-21","failed","2026-09-21","Document Delete","KYC, Tier Upgrades & Young Moni","",""
"","142","Transactions Deposit - Invalid Token Or PIN","Personal Banking APIs - QA Test Suite","2026-09-21","passed","2026-09-21","Transactions Deposit","Target Savings","",""
"","181","Withdraw - Valid","Personal Banking APIs - QA Test Suite","2026-09-21","failed","2026-09-21","Withdraw","Rewards, Cash Tokens & Wishlists","",""
"","149","Validate Face Match - No Auth","Personal Banking APIs - QA Test Suite","2026-09-21","failed","2026-09-21","Validate Face Match","Login, Credentials, Security & Devices","",""
"","149","Verify Email Update - Empty Fields","Personal Banking APIs - QA Test Suite","2026-09-21","passed","2026-09-21","Verify Email Update","KYC, Tier Upgrades & Young Moni","",""
"","198","Transactions - Valid","Personal Banking APIs - QA Test Suite","2026-09-21","failed","2026-09-21","Transactions","Target Savings","",""
"","143","Purchase Waec - Invalid Amount","Personal Banking APIs - QA Test Suite","2026-09-21","passed","2026-09-21","Purchase Waec","Airtime, Data, Bills & VAS Beneficiaries","",""
"","161","Document Update Status - Valid","Personal Banking APIs - QA Test Suite","2026-09-21","failed","2026-09-21","Document Update Status","KYC, Tier Upgrades & Young Moni","",""
"","139","Partial - No Auth","Personal Banking APIs - QA Test Suite","2026-09-21","passed","2026-09-21","Partial","Airtime, Data, Bills & VAS Beneficiaries","",""
"","143","Young Moni Initiate Account Request - No Auth","Personal Banking APIs - QA Test Suite","2026-09-21","passed","2026-09-21","Young Moni Initiate Account Request","Customer Profile, Accounts & Beneficiaries","",""
"","138","List - No Auth","Personal Banking APIs - QA Test Suite","2026-09-21","passed","2026-09-21","List","Wallets, Transfers, Transactions & Fund Requests","",""
"","149","Admin Admin Tier Zero Upgrade - Empty Fields","Personal Banking APIs - QA Test Suite","2026-09-21","failed","2026-09-21","Admin Admin Tier Zero Upgrade","KYC, Tier Upgrades & Young Moni","",""
"","246","Add Account Alias - Empty Fields","Personal Banking APIs - QA Test Suite","2026-09-21","passed","2026-09-21","Add Account Alias","Customer Profile, Accounts & Beneficiaries","",""
"","146","Admin Coins Redemption Rules - Missing Required Field","Personal Banking APIs - QA Test Suite","2026-09-21","failed","2026-09-21","Admin Coins Redemption Rules","Rewards, Cash Tokens & Wishlists","",""
"","152","Withdraw - Invalid Token Or PIN","Personal Banking APIs - QA Test Suite","2026-09-21","failed","2026-09-21","Withdraw","Rewards, Cash Tokens & Wishlists","",""
"","139","Transactions - No Auth","Personal Banking APIs - QA Test Suite","2026-09-21","passed","2026-09-21","Transactions","SWAG Savings","",""
"","137","Update Request Recipients - No Auth","Personal Banking APIs - QA Test Suite","2026-09-21","passed","2026-09-21","Update Request Recipients","Wallets, Transfers, Transactions & Fund Requests","",""
"","222","Data Plans - Nonexistent ID","Personal Banking APIs - QA Test Suite","2026-09-21","failed","2026-09-21","Data Plans","Airtime, Data, Bills & VAS Beneficiaries","",""
"","193","Transactions - Valid","Personal Banking APIs - QA Test Suite","2026-09-21","failed","2026-09-21","Transactions","Save & Spend","",""
"","139","Account Officer Request Change - No Auth","Personal Banking APIs - QA Test Suite","2026-09-21","passed","2026-09-21","Account Officer Request Change","Customer Profile, Accounts & Beneficiaries","",""
"","143","Upload Bulk Fund Request - Invalid Token Or PIN","Personal Banking APIs - QA Test Suite","2026-09-21","passed","2026-09-21","Upload Bulk Fund Request","Wallets, Transfers, Transactions & Fund Requests","",""
"","154","Verify Phone OTP - Empty Fields","Personal Banking APIs - QA Test Suite","2026-09-21","passed","2026-09-21","Verify Phone OTP","Customer Onboarding","",""
"","152","List - Invalid Query","Personal Banking APIs - QA Test Suite","2026-09-21","failed","2026-09-21","List","Customer Profile, Accounts & Beneficiaries","",""
"","155","Retrieve - Nonexistent ID","Personal Banking APIs - QA Test Suite","2026-09-21","failed","2026-09-21","Retrieve","Wallets, Transfers, Transactions & Fund Requests","",""
"","140","Young Moni Upload Guardian Documents - Empty Fields","Personal Banking APIs - QA Test Suite","2026-09-21","failed","2026-09-21","Young Moni Upload Guardian Documents","Customer Profile, Accounts & Beneficiaries","",""
"","154","Enabled Setting - Valid","Personal Banking APIs - QA Test Suite","2026-09-21","failed","2026-09-21","Enabled Setting","Wallets, Transfers, Transactions & Fund Requests","",""
"","266","Admin Coins Rules - Invalid Query","Personal Banking APIs - QA Test Suite","2026-09-21","failed","2026-09-21","Admin Coins Rules","Rewards, Cash Tokens & Wishlists","",""
"","152","Admin Coins Rules - Empty Fields","Personal Banking APIs - QA Test Suite","2026-09-21","failed","2026-09-21","Admin Coins Rules","Rewards, Cash Tokens & Wishlists","",""
"","147","Recipients - Nonexistent ID","Personal Banking APIs - QA Test Suite","2026-09-21","failed","2026-09-21","Recipients","Wallets, Transfers, Transactions & Fund Requests","",""
"","149","Admin Coins Rules - Missing Required Field","Personal Banking APIs - QA Test Suite","2026-09-21","failed","2026-09-21","Admin Coins Rules","Rewards, Cash Tokens & Wishlists","",""
"","170","Retrieve - Valid","Personal Banking APIs - QA Test Suite","2026-09-21","failed","2026-09-21","Retrieve","Airtime, Data, Bills & VAS Beneficiaries","",""
"","142","Get Item Edit - Invalid Amount","Personal Banking APIs - QA Test Suite","2026-09-21","failed","2026-09-21","Get Item Edit","Rewards, Cash Tokens & Wishlists","",""
"","166","Kyc Level Count - Valid","Personal Banking APIs - QA Test Suite","2026-09-21","failed","2026-09-21","Kyc Level Count","Customer Profile, Accounts & Beneficiaries","",""
"","136","List - No Auth","Personal Banking APIs - QA Test Suite","2026-09-21","passed","2026-09-21","List","Wallets, Transfers, Transactions & Fund Requests","",""
"","149","Young Moni Documents - Invalid Query","Personal Banking APIs - QA Test Suite","2026-09-21","failed","2026-09-21","Young Moni Documents","KYC, Tier Upgrades & Young Moni","",""
"","152","Young Moni Documents Action Document - Missing Required Field","Personal Banking APIs - QA Test Suite","2026-09-21","failed","2026-09-21","Young Moni Documents Action Document","KYC, Tier Upgrades & Young Moni","",""
"","148","Transactions - Nonexistent ID","Personal Banking APIs - QA Test Suite","2026-09-21","passed","2026-09-21","Transactions","Supalock Savings","",""
"","135","Remaining Limit Today - No Auth","Personal Banking APIs - QA Test Suite","2026-09-21","passed","2026-09-21","Remaining Limit Today","Wallets, Transfers, Transactions & Fund Requests","",""
"","140","Admin Devices Reactivate - Missing Required Field","Personal Banking APIs - QA Test Suite","2026-09-21","failed","2026-09-21","Admin Devices Reactivate","Login, Credentials, Security & Devices","",""
"","171","Requests Fetch Agents - Empty Fields","Personal Banking APIs - QA Test Suite","2026-09-21","passed","2026-09-21","Requests Fetch Agents","Customer Cards","",""
"","171","Destroy - Valid","Personal Banking APIs - QA Test Suite","2026-09-21","failed","2026-09-21","Destroy","Customer Profile, Accounts & Beneficiaries","",""
"","271","Admin List Documents - Nonexistent ID","Personal Banking APIs - QA Test Suite","2026-09-21","passed","2026-09-21","Admin List Documents","KYC, Tier Upgrades & Young Moni","",""
"","201","Transactions Evaluate Target - Valid","Personal Banking APIs - QA Test Suite","2026-09-21","failed","2026-09-21","Transactions Evaluate Target","Target Savings","",""
"","172","Toolkit Accounts - Valid","Personal Banking APIs - QA Test Suite","2026-09-21","failed","2026-09-21","Toolkit Accounts","Customer Profile, Accounts & Beneficiaries","",""
"","151","Transactions Create Wallet Product Specific - Missing Required Field","Personal Banking APIs - QA Test Suite","2026-09-21","passed","2026-09-21","Transactions Create Wallet Product Specific","Target Savings","",""
"","141","Admin Devices Deactivate - Invalid ID","Personal Banking APIs - QA Test Suite","2026-09-21","failed","2026-09-21","Admin Devices Deactivate","Login, Credentials, Security & Devices","",""
"","166","Games - Valid","Personal Banking APIs - QA Test Suite","2026-09-21","failed","2026-09-21","Games","Rewards, Cash Tokens & Wishlists","",""
"","152","Transactions Update Swag Monthly Rollover - Missing Required Field","Personal Banking APIs - QA Test Suite","2026-09-21","failed","2026-09-21","Transactions Update Swag Monthly Rollover","SWAG Savings","",""
"","142","Get Item Edit - Missing Required Field","Personal Banking APIs - QA Test Suite","2026-09-21","failed","2026-09-21","Get Item Edit","Rewards, Cash Tokens & Wishlists","",""
"","141","Fund Betting Wallet - Invalid Status Or Type","Personal Banking APIs - QA Test Suite","2026-09-21","passed","2026-09-21","Fund Betting Wallet","Airtime, Data, Bills & VAS Beneficiaries","",""
"","266","Admin List Documents - Invalid ID","Personal Banking APIs - QA Test Suite","2026-09-21","passed","2026-09-21","Admin List Documents","KYC, Tier Upgrades & Young Moni","",""
"","141","Upload Documents - No Auth","Personal Banking APIs - QA Test Suite","2026-09-21","passed","2026-09-21","Upload Documents","KYC, Tier Upgrades & Young Moni","",""
"","365","Total Young Moni Balance - Invalid Query","Personal Banking APIs - QA Test Suite","2026-09-21","failed","2026-09-21","Total Young Moni Balance","Customer Profile, Accounts & Beneficiaries","",""
"","145","Purchase Airtime - Invalid Amount","Personal Banking APIs - QA Test Suite","2026-09-21","passed","2026-09-21","Purchase Airtime","Airtime, Data, Bills & VAS Beneficiaries","",""
"","147","Admin Admin Tier Two Upgrade - Empty Fields","Personal Banking APIs - QA Test Suite","2026-09-21","failed","2026-09-21","Admin Admin Tier Two Upgrade","KYC, Tier Upgrades & Young Moni","",""
"","153","Transfer - Invalid Amount","Personal Banking APIs - QA Test Suite","2026-09-21","passed","2026-09-21","Transfer","Scheduled Payments","",""
"","140","Admin Admin Tier Zero Upgrade - No Auth","Personal Banking APIs - QA Test Suite","2026-09-21","passed","2026-09-21","Admin Admin Tier Zero Upgrade","KYC, Tier Upgrades & Young Moni","",""
"","149","Wishlist Config - Invalid Query","Personal Banking APIs - QA Test Suite","2026-09-21","failed","2026-09-21","Wishlist Config","Rewards, Cash Tokens & Wishlists","",""
"","259","Admin Request Stats - No Auth","Personal Banking APIs - QA Test Suite","2026-09-21","passed","2026-09-21","Admin Request Stats","KYC, Tier Upgrades & Young Moni","",""
"","151","Retrieve - Invalid Query","Personal Banking APIs - QA Test Suite","2026-09-21","failed","2026-09-21","Retrieve","KYC, Tier Upgrades & Young Moni","",""
"","149","Verify Email Update - Invalid Email","Personal Banking APIs - QA Test Suite","2026-09-21","passed","2026-09-21","Verify Email Update","KYC, Tier Upgrades & Young Moni","",""
"","161","Retrieve - Valid","Personal Banking APIs - QA Test Suite","2026-09-21","failed","2026-09-21","Retrieve","Wallets, Transfers, Transactions & Fund Requests","",""
"","151","Validate Liveness (When Required) - Missing Required Field","Personal Banking APIs - QA Test Suite","2026-09-21","passed","2026-09-21","Validate Liveness (When Required)","Customer Onboarding","",""
"","273","Admin Games Rewards - Invalid Query","Personal Banking APIs - QA Test Suite","2026-09-21","failed","2026-09-21","Admin Games Rewards","Rewards, Cash Tokens & Wishlists","",""
"","166","Withdraw Cashback - Empty Fields","Personal Banking APIs - QA Test Suite","2026-09-21","passed","2026-09-21","Withdraw Cashback","Wallets, Transfers, Transactions & Fund Requests","",""
"","141","Admin Coins Redemption Rules - No Auth","Personal Banking APIs - QA Test Suite","2026-09-21","passed","2026-09-21","Admin Coins Redemption Rules","Rewards, Cash Tokens & Wishlists","",""
"","145","Transactions Break Target - Valid","Personal Banking APIs - QA Test Suite","2026-09-21","failed","2026-09-21","Transactions Break Target","Target Savings","",""
"","155","Account Officer Change Request - Invalid Query","Personal Banking APIs - QA Test Suite","2026-09-21","failed","2026-09-21","Account Officer Change Request","Customer Profile, Accounts & Beneficiaries","",""
"","146","Tier One Upgrade - Invalid Status Or Type","Personal Banking APIs - QA Test Suite","2026-09-21","passed","2026-09-21","Tier One Upgrade","KYC, Tier Upgrades & Young Moni","",""
"","144","Transactions Update Spend Wallet - Empty Fields","Personal Banking APIs - QA Test Suite","2026-09-21","passed","2026-09-21","Transactions Update Spend Wallet","Save & Spend","",""
"","436","Her Wealth Details - Invalid ID","Personal Banking APIs - QA Test Suite","2026-09-21","passed","2026-09-21","Her Wealth Details","Customer Profile, Accounts & Beneficiaries","",""
"","140","Admin Coins Rules - No Auth","Personal Banking APIs - QA Test Suite","2026-09-21","passed","2026-09-21","Admin Coins Rules","Rewards, Cash Tokens & Wishlists","",""
"","146","Transactions Update Spend Wallet - No Auth","Personal Banking APIs - QA Test Suite","2026-09-21","passed","2026-09-21","Transactions Update Spend Wallet","Save & Spend","",""
"","144","Update Location - Empty Fields","Personal Banking APIs - QA Test Suite","2026-09-21","failed","2026-09-21","Update Location","Login, Credentials, Security & Devices","",""
"","143","Purchase Cable - No Auth","Personal Banking APIs - QA Test Suite","2026-09-21","failed","2026-09-21","Purchase Cable","Airtime, Data, Bills & VAS Beneficiaries","",""
"","146","Transactions Create Wallet - Invalid Status Or Type","Personal Banking APIs - QA Test Suite","2026-09-21","passed","2026-09-21","Transactions Create Wallet","Save & Spend","",""
"","167","Validate Face Match - Valid","Personal Banking APIs - QA Test Suite","2026-09-21","failed","2026-09-21","Validate Face Match","Login, Credentials, Security & Devices","",""
"","148","Retrieve - Invalid Query","Personal Banking APIs - QA Test Suite","2026-09-21","failed","2026-09-21","Retrieve","Wallets, Transfers, Transactions & Fund Requests","",""
"","151","Repayment Plan - Nonexistent ID","Personal Banking APIs - QA Test Suite","2026-09-21","failed","2026-09-21","Repayment Plan","Kolo Connect Advances","",""
"","137","High Value Transactions - No Auth","Personal Banking APIs - QA Test Suite","2026-09-21","passed","2026-09-21","High Value Transactions","Wallets, Transfers, Transactions & Fund Requests","",""
"","274","Admin Coins Rules - Invalid Query","Personal Banking APIs - QA Test Suite","2026-09-21","failed","2026-09-21","Admin Coins Rules","Rewards, Cash Tokens & Wishlists","",""
"","155","Document Delete - Invalid Token Or PIN","Personal Banking APIs - QA Test Suite","2026-09-21","failed","2026-09-21","Document Delete","KYC, Tier Upgrades & Young Moni","",""
"","141","Partial - Empty Fields","Personal Banking APIs - QA Test Suite","2026-09-21","passed","2026-09-21","Partial","Wallets, Transfers, Transactions & Fund Requests","",""
"","151","Update Communication Preference - Empty Fields","Personal Banking APIs - QA Test Suite","2026-09-21","passed","2026-09-21","Update Communication Preference","Customer Profile, Accounts & Beneficiaries","",""
"","154","Create Password - Valid","Personal Banking APIs - QA Test Suite","2026-09-21","failed","2026-09-21","Create Password","Login, Credentials, Security & Devices","",""
"","156","Create - Missing Required Field","Personal Banking APIs - QA Test Suite","2026-09-21","failed","2026-09-21","Create","Airtime, Data, Bills & VAS Beneficiaries","",""
"","152","Requests - Nonexistent ID","Personal Banking APIs - QA Test Suite","2026-09-21","passed","2026-09-21","Requests","Customer Cards","",""
"","151","Verify Email OTP - Empty Fields","Personal Banking APIs - QA Test Suite","2026-09-21","passed","2026-09-21","Verify Email OTP","Customer Onboarding","",""
"","172","Admin Admin Tier One Upgrade - Valid","Personal Banking APIs - QA Test Suite","2026-09-21","failed","2026-09-21","Admin Admin Tier One Upgrade","KYC, Tier Upgrades & Young Moni","",""
"","139","Games Eligibility Requirements - No Auth","Personal Banking APIs - QA Test Suite","2026-09-21","passed","2026-09-21","Games Eligibility Requirements","Rewards, Cash Tokens & Wishlists","",""
"","151","Retrieve - Invalid ID","Personal Banking APIs - QA Test Suite","2026-09-21","failed","2026-09-21","Retrieve","Wallets, Transfers, Transactions & Fund Requests","",""
"","169","Tier Progress - Valid","Personal Banking APIs - QA Test Suite","2026-09-21","failed","2026-09-21","Tier Progress","Rewards, Cash Tokens & Wishlists","",""
"","147","Get Transaction Overview - Valid","Personal Banking APIs - QA Test Suite","2026-09-21","failed","2026-09-21","Get Transaction Overview","Wallets, Transfers, Transactions & Fund Requests","",""
"","150","Continue With Email - Empty Fields","Personal Banking APIs - QA Test Suite","2026-09-21","passed","2026-09-21","Continue With Email","Customer Onboarding","",""
"","143","Purchase Airtime - Invalid Token Or PIN","Personal Banking APIs - QA Test Suite","2026-09-21","passed","2026-09-21","Purchase Airtime","Airtime, Data, Bills & VAS Beneficiaries","",""
"","161","Cancel Schedule Payment - Valid","Personal Banking APIs - QA Test Suite","2026-09-21","failed","2026-09-21","Cancel Schedule Payment","Scheduled Payments","",""
"","146","Types Get Supa Lock Special Interest - Invalid Query","Personal Banking APIs - QA Test Suite","2026-09-21","failed","2026-09-21","Types Get Supa Lock Special Interest","Supalock Savings","",""
"","144","Transactions Create Plan - Valid","Personal Banking APIs - QA Test Suite","2026-09-21","failed","2026-09-21","Transactions Create Plan","SWAG Savings","",""
"","151","Set Password & Create Pending User - Missing Required Field","Personal Banking APIs - QA Test Suite","2026-09-21","passed","2026-09-21","Set Password & Create Pending User","Customer Onboarding","",""
"","185","Types - Valid","Personal Banking APIs - QA Test Suite","2026-09-21","failed","2026-09-21","Types","Supalock Savings","",""
"","142","Update - Empty Fields","Personal Banking APIs - QA Test Suite","2026-09-21","passed","2026-09-21","Update","Scheduled Payments","",""
"","149","Verify Email OTP - Invalid Email","Personal Banking APIs - QA Test Suite","2026-09-21","passed","2026-09-21","Verify Email OTP","Customer Onboarding","",""
"","143","Transactions Update Swag Plan - No Auth","Personal Banking APIs - QA Test Suite","2026-09-21","failed","2026-09-21","Transactions Update Swag Plan","SWAG Savings","",""
"","172","Update Location - Invalid ID","Personal Banking APIs - QA Test Suite","2026-09-21","failed","2026-09-21","Update Location","Login, Credentials, Security & Devices","",""
"","155","Request Account Reactivation - Empty Fields","Personal Banking APIs - QA Test Suite","2026-09-21","passed","2026-09-21","Request Account Reactivation","KYC, Tier Upgrades & Young Moni","",""
"","148","Pay Schedule Early - Missing Required Field","Personal Banking APIs - QA Test Suite","2026-09-21","passed","2026-09-21","Pay Schedule Early","Scheduled Payments","",""
"","149","Channel Settings - Invalid ID","Personal Banking APIs - QA Test Suite","2026-09-21","passed","2026-09-21","Channel Settings","Customer Cards","",""
"","152","Wallet - Invalid Query","Personal Banking APIs - QA Test Suite","2026-09-21","failed","2026-09-21","Wallet","Save & Spend","",""
"","179","Young Moni Initiate Account Request - Valid","Personal Banking APIs - QA Test Suite","2026-09-21","failed","2026-09-21","Young Moni Initiate Account Request","Customer Profile, Accounts & Beneficiaries","",""
"","168","Verify Alias Phone Number - Invalid Token Or PIN","Personal Banking APIs - QA Test Suite","2026-09-21","passed","2026-09-21","Verify Alias Phone Number","Customer Profile, Accounts & Beneficiaries","",""
"","261","Admin Coins Redemption Rules - No Auth","Personal Banking APIs - QA Test Suite","2026-09-21","passed","2026-09-21","Admin Coins Redemption Rules","Rewards, Cash Tokens & Wishlists","",""
"","150","Admin Coins Rules - Missing Required Field","Personal Banking APIs - QA Test Suite","2026-09-21","failed","2026-09-21","Admin Coins Rules","Rewards, Cash Tokens & Wishlists","",""
"","147","Retrieve - Valid","Personal Banking APIs - QA Test Suite","2026-09-21","failed","2026-09-21","Retrieve","Wallets, Transfers, Transactions & Fund Requests","",""
"","143","Purchase Waec - Invalid Token Or PIN","Personal Banking APIs - QA Test Suite","2026-09-21","passed","2026-09-21","Purchase Waec","Airtime, Data, Bills & VAS Beneficiaries","",""
"","154","Retrieve - Invalid ID","Personal Banking APIs - QA Test Suite","2026-09-21","failed","2026-09-21","Retrieve","Airtime, Data, Bills & VAS Beneficiaries","",""
"","142","Wallet - No Auth","Personal Banking APIs - QA Test Suite","2026-09-21","passed","2026-09-21","Wallet","Save & Spend","",""
"","152","Payment Merchant - Missing Required Field","Personal Banking APIs - QA Test Suite","2026-09-21","failed","2026-09-21","Payment Merchant","Customer Cards","",""
"","152","List - Invalid Query","Personal Banking APIs - QA Test Suite","2026-09-21","failed","2026-09-21","List","Wallets, Transfers, Transactions & Fund Requests","",""
"","268","Admin Coins Rules - Valid","Personal Banking APIs - QA Test Suite","2026-09-21","failed","2026-09-21","Admin Coins Rules","Rewards, Cash Tokens & Wishlists","",""
"","142","Transactions Break Wallet - No Auth","Personal Banking APIs - QA Test Suite","2026-09-21","failed","2026-09-21","Transactions Break Wallet","Save & Spend","",""
"","176","Item - Nonexistent ID","Personal Banking APIs - QA Test Suite","2026-09-21","passed","2026-09-21","Item","Rewards, Cash Tokens & Wishlists","",""
"","427","Retrieve - Valid","Personal Banking APIs - QA Test Suite","2026-09-21","passed","2026-09-21","Retrieve","Customer Profile, Accounts & Beneficiaries","",""
"","150","Tier One Upgrade - Empty Fields","Personal Banking APIs - QA Test Suite","2026-09-21","passed","2026-09-21","Tier One Upgrade","KYC, Tier Upgrades & Young Moni","",""
"","142","Toolkit Accounts - No Auth","Personal Banking APIs - QA Test Suite","2026-09-21","passed","2026-09-21","Toolkit Accounts","Customer Profile, Accounts & Beneficiaries","",""
"","155","Retrieve - Nonexistent ID","Personal Banking APIs - QA Test Suite","2026-09-21","passed","2026-09-21","Retrieve","Customer Profile, Accounts & Beneficiaries","",""
"","160","Young Moni Upload Child Documents - Invalid Status Or Type","Personal Banking APIs - QA Test Suite","2026-09-21","failed","2026-09-21","Young Moni Upload Child Documents","Customer Profile, Accounts & Beneficiaries","",""
"","156","Create Insurance - Valid","Personal Banking APIs - QA Test Suite","2026-09-21","failed","2026-09-21","Create Insurance","Insurance","",""
"","149","List - Valid","Personal Banking APIs - QA Test Suite","2026-09-21","failed","2026-09-21","List","Wallets, Transfers, Transactions & Fund Requests","",""
"","168","Wallet - Valid","Personal Banking APIs - QA Test Suite","2026-09-21","failed","2026-09-21","Wallet","Save & Spend","",""
"","149","Intra Name Enquiry By Phone - Missing Required Field","Personal Banking APIs - QA Test Suite","2026-09-21","failed","2026-09-21","Intra Name Enquiry By Phone","Wallets, Transfers, Transactions & Fund Requests","",""
"","402","Info - Invalid Query","Personal Banking APIs - QA Test Suite","2026-09-21","failed","2026-09-21","Info","Customer Profile, Accounts & Beneficiaries","",""
"","152","Add Item - Nonexistent ID","Personal Banking APIs - QA Test Suite","2026-09-21","passed","2026-09-21","Add Item","Rewards, Cash Tokens & Wishlists","",""
"","143","Transactions Deposit - Invalid Amount","Personal Banking APIs - QA Test Suite","2026-09-21","passed","2026-09-21","Transactions Deposit","SWAG Savings","",""
"","145","Transactions Create Wallet - Valid","Personal Banking APIs - QA Test Suite","2026-09-21","failed","2026-09-21","Transactions Create Wallet","Save & Spend","",""
"","145","Partial - Nonexistent ID","Personal Banking APIs - QA Test Suite","2026-09-21","passed","2026-09-21","Partial","Airtime, Data, Bills & VAS Beneficiaries","",""
"","148","Disable - Nonexistent ID","Personal Banking APIs - QA Test Suite","2026-09-21","failed","2026-09-21","Disable","Wallets, Transfers, Transactions & Fund Requests","",""
"","158","Validate Meter - Missing Required Field","Personal Banking APIs - QA Test Suite","2026-09-21","failed","2026-09-21","Validate Meter","Airtime, Data, Bills & VAS Beneficiaries","",""
"","160","Retrieve - Invalid ID","Personal Banking APIs - QA Test Suite","2026-09-21","failed","2026-09-21","Retrieve","Kolo Connect Advances","",""
"","154","Requests Get Delivery Cost - Empty Fields","Personal Banking APIs - QA Test Suite","2026-09-21","passed","2026-09-21","Requests Get Delivery Cost","Customer Cards","",""
"","143","Young Moni Upload Guardian Documents - Invalid ID","Personal Banking APIs - QA Test Suite","2026-09-21","passed","2026-09-21","Young Moni Upload Guardian Documents","Customer Profile, Accounts & Beneficiaries","",""
"","150","Toolkit Accounts - Nonexistent ID","Personal Banking APIs - QA Test Suite","2026-09-21","failed","2026-09-21","Toolkit Accounts","Customer Profile, Accounts & Beneficiaries","",""
"","150","Admin Coins Rules - Invalid Status Or Type","Personal Banking APIs - QA Test Suite","2026-09-21","failed","2026-09-21","Admin Coins Rules","Rewards, Cash Tokens & Wishlists","",""
"","149","Account Officer Request Change - Empty Fields","Personal Banking APIs - QA Test Suite","2026-09-21","passed","2026-09-21","Account Officer Request Change","Customer Profile, Accounts & Beneficiaries","",""
"","146","Intra Account Transfer - Missing Required Field","Personal Banking APIs - QA Test Suite","2026-09-21","passed","2026-09-21","Intra Account Transfer","Wallets, Transfers, Transactions & Fund Requests","",""
"","146","Retrieve - Invalid Query","Personal Banking APIs - QA Test Suite","2026-09-21","failed","2026-09-21","Retrieve","Airtime, Data, Bills & VAS Beneficiaries","",""
"","164","Notify Of Missed Inward - Valid","Personal Banking APIs - QA Test Suite","2026-09-21","failed","2026-09-21","Notify Of Missed Inward","Wallets, Transfers, Transactions & Fund Requests","",""
"","146","Transactions Withdraw Interest - Invalid Amount","Personal Banking APIs - QA Test Suite","2026-09-21","passed","2026-09-21","Transactions Withdraw Interest","SWAG Savings","",""
"","153","Account Officer Change Request - Invalid ID","Personal Banking APIs - QA Test Suite","2026-09-21","passed","2026-09-21","Account Officer Change Request","Customer Profile, Accounts & Beneficiaries","",""
"","223","Daily Income Summary - Valid","Personal Banking APIs - QA Test Suite","2026-09-21","passed","2026-09-21","Daily Income Summary","Wallets, Transfers, Transactions & Fund Requests","",""
"","138","Young Moni Documents - No Auth","Personal Banking APIs - QA Test Suite","2026-09-21","passed","2026-09-21","Young Moni Documents","KYC, Tier Upgrades & Young Moni","",""
"","140","Tier Progress - No Auth","Personal Banking APIs - QA Test Suite","2026-09-21","passed","2026-09-21","Tier Progress","Rewards, Cash Tokens & Wishlists","",""
"","168","Admin Coins Rules - Valid","Personal Banking APIs - QA Test Suite","2026-09-21","failed","2026-09-21","Admin Coins Rules","Rewards, Cash Tokens & Wishlists","",""
"","151","Webhook Cashtoken Webhook - No Auth","Personal Banking APIs - QA Test Suite","2026-09-21","passed","2026-09-21","Webhook Cashtoken Webhook","Rewards, Cash Tokens & Wishlists","",""
"","146","Document Delete - Nonexistent ID","Personal Banking APIs - QA Test Suite","2026-09-21","failed","2026-09-21","Document Delete","KYC, Tier Upgrades & Young Moni","",""
"","472","Admin - Valid","Personal Banking APIs - QA Test Suite","2026-09-21","failed","2026-09-21","Admin","KYC, Tier Upgrades & Young Moni","",""
"","138","List - No Auth","Personal Banking APIs - QA Test Suite","2026-09-21","passed","2026-09-21","List","Airtime, Data, Bills & VAS Beneficiaries","",""
"","143","Purchase Data - Valid","Personal Banking APIs - QA Test Suite","2026-09-21","failed","2026-09-21","Purchase Data","Airtime, Data, Bills & VAS Beneficiaries","",""
"","156","Disable - Valid","Personal Banking APIs - QA Test Suite","2026-09-21","failed","2026-09-21","Disable","Wallets, Transfers, Transactions & Fund Requests","",""
"","148","Topup Supalock - Empty Fields","Personal Banking APIs - QA Test Suite","2026-09-21","failed","2026-09-21","Topup Supalock","Supalock Savings","",""
"","154","Admin Coins Redemption Rules - Valid","Personal Banking APIs - QA Test Suite","2026-09-21","failed","2026-09-21","Admin Coins Redemption Rules","Rewards, Cash Tokens & Wishlists","",""
"","142","Fund Betting Wallet - Invalid Token Or PIN","Personal Banking APIs - QA Test Suite","2026-09-21","passed","2026-09-21","Fund Betting Wallet","Airtime, Data, Bills & VAS Beneficiaries","",""
"","150","Retrieve - Valid","Personal Banking APIs - QA Test Suite","2026-09-21","failed","2026-09-21","Retrieve","Wallets, Transfers, Transactions & Fund Requests","",""
"","162","Item - Invalid ID","Personal Banking APIs - QA Test Suite","2026-09-21","passed","2026-09-21","Item","Rewards, Cash Tokens & Wishlists","",""
"","148","Partial - Empty Fields","Personal Banking APIs - QA Test Suite","2026-09-21","failed","2026-09-21","Partial","Airtime, Data, Bills & VAS Beneficiaries","",""
"","150","Transactions - Invalid Query","Personal Banking APIs - QA Test Suite","2026-09-21","failed","2026-09-21","Transactions","Supalock Savings","",""
"","148","Update Single Transfer Limit - Invalid Token Or PIN","Personal Banking APIs - QA Test Suite","2026-09-21","passed","2026-09-21","Update Single Transfer Limit","Customer Profile, Accounts & Beneficiaries","",""
"","139","Retrieve - No Auth","Personal Banking APIs - QA Test Suite","2026-09-21","passed","2026-09-21","Retrieve","Customer Cards","",""
"","139","Transfers Left - No Auth","Personal Banking APIs - QA Test Suite","2026-09-21","passed","2026-09-21","Transfers Left","Wallets, Transfers, Transactions & Fund Requests","",""
"","152","Requests Request Card - Invalid Token Or PIN","Personal Banking APIs - QA Test Suite","2026-09-21","passed","2026-09-21","Requests Request Card","Customer Cards","",""
"","155","Approve Bulk Fund Request - Missing Required Field","Personal Banking APIs - QA Test Suite","2026-09-21","failed","2026-09-21","Approve Bulk Fund Request","Wallets, Transfers, Transactions & Fund Requests","",""
"","145","Transactions Break Wallet - Valid","Personal Banking APIs - QA Test Suite","2026-09-21","failed","2026-09-21","Transactions Break Wallet","Save & Spend","",""
"","270","Admin Games - Invalid ID","Personal Banking APIs - QA Test Suite","2026-09-21","failed","2026-09-21","Admin Games","Rewards, Cash Tokens & Wishlists","",""
"","155","Get Item - Invalid ID","Personal Banking APIs - QA Test Suite","2026-09-21","passed","2026-09-21","Get Item","Rewards, Cash Tokens & Wishlists","",""
"","199","Encrypt Login - Missing Required Field","Personal Banking APIs - QA Test Suite","2026-09-21","failed","2026-09-21","Encrypt Login","Login, Credentials, Security & Devices","",""
"","154","Transactions - Invalid Query","Personal Banking APIs - QA Test Suite","2026-09-21","failed","2026-09-21","Transactions","Target Savings","",""
"","171","Repayment Plan - Valid","Personal Banking APIs - QA Test Suite","2026-09-21","failed","2026-09-21","Repayment Plan","Kolo Connect Advances","",""
"","161","Games - Invalid Query","Personal Banking APIs - QA Test Suite","2026-09-21","passed","2026-09-21","Games","Rewards, Cash Tokens & Wishlists","",""
"","152","Create Wishlist With Items - Invalid Amount","Personal Banking APIs - QA Test Suite","2026-09-21","passed","2026-09-21","Create Wishlist With Items","Rewards, Cash Tokens & Wishlists","",""
"","141","Withdraw - No Auth","Personal Banking APIs - QA Test Suite","2026-09-21","passed","2026-09-21","Withdraw","Rewards, Cash Tokens & Wishlists","",""
"","191","Initiate Email Update - Valid","Personal Banking APIs - QA Test Suite","2026-09-21","failed","2026-09-21","Initiate Email Update","KYC, Tier Upgrades & Young Moni","",""
"","156","Games Spin Wheel - Invalid Query","Personal Banking APIs - QA Test Suite","2026-09-21","passed","2026-09-21","Games Spin Wheel","Rewards, Cash Tokens & Wishlists","",""
"","165","Account Officer Rate Officer - Valid","Personal Banking APIs - QA Test Suite","2026-09-21","failed","2026-09-21","Account Officer Rate Officer","Customer Profile, Accounts & Beneficiaries","",""
"","141","Young Moni Upload Guardian Documents - Nonexistent ID","Personal Banking APIs - QA Test Suite","2026-09-21","passed","2026-09-21","Young Moni Upload Guardian Documents","Customer Profile, Accounts & Beneficiaries","",""
"","140","Single Fund Request - Empty Fields","Personal Banking APIs - QA Test Suite","2026-09-21","passed","2026-09-21","Single Fund Request","Wallets, Transfers, Transactions & Fund Requests","",""
"","157","Profile - Invalid Query","Personal Banking APIs - QA Test Suite","2026-09-21","failed","2026-09-21","Profile","Customer Profile, Accounts & Beneficiaries","",""
"","171","Get Item - No Auth","Personal Banking APIs - QA Test Suite","2026-09-21","failed","2026-09-21","Get Item","Rewards, Cash Tokens & Wishlists","",""
"","138","Types - No Auth","Personal Banking APIs - QA Test Suite","2026-09-21","passed","2026-09-21","Types","Supalock Savings","",""
"","149","Tier One Upgrade With BVN - Missing Required Field","Personal Banking APIs - QA Test Suite","2026-09-21","passed","2026-09-21","Tier One Upgrade With BVN","KYC, Tier Upgrades & Young Moni","",""
"","148","Kyc Level Count - No Auth","Personal Banking APIs - QA Test Suite","2026-09-21","passed","2026-09-21","Kyc Level Count","Customer Profile, Accounts & Beneficiaries","",""
"","163","Channel Settings - Invalid ID","Personal Banking APIs - QA Test Suite","2026-09-21","passed","2026-09-21","Channel Settings","Customer Cards","",""
"","159","Tier Zero Upgrade - Valid","Personal Banking APIs - QA Test Suite","2026-09-21","failed","2026-09-21","Tier Zero Upgrade","KYC, Tier Upgrades & Young Moni","",""
"","137","Coin Wallet - No Auth","Personal Banking APIs - QA Test Suite","2026-09-21","passed","2026-09-21","Coin Wallet","Rewards, Cash Tokens & Wishlists","",""
"","245","List - Valid","Personal Banking APIs - QA Test Suite","2026-09-21","passed","2026-09-21","List","Scheduled Payments","",""
"","143","Verify Alias Phone Number - No Auth","Personal Banking APIs - QA Test Suite","2026-09-21","passed","2026-09-21","Verify Alias Phone Number","Customer Profile, Accounts & Beneficiaries","",""
"","162","Admin Admin Submit - Valid","Personal Banking APIs - QA Test Suite","2026-09-21","failed","2026-09-21","Admin Admin Submit","KYC, Tier Upgrades & Young Moni","",""
"","160","Update Single Transfer Limit - Invalid Amount","Personal Banking APIs - QA Test Suite","2026-09-21","passed","2026-09-21","Update Single Transfer Limit","Customer Profile, Accounts & Beneficiaries","",""
"","149","Overview - Invalid Query","Personal Banking APIs - QA Test Suite","2026-09-21","failed","2026-09-21","Overview","Rewards, Cash Tokens & Wishlists","",""
"","381","Her Wealth Details - Valid","Personal Banking APIs - QA Test Suite","2026-09-21","failed","2026-09-21","Her Wealth Details","Customer Profile, Accounts & Beneficiaries","",""
"","143","Transactions Withdraw Principal - Invalid Token Or PIN","Personal Banking APIs - QA Test Suite","2026-09-21","passed","2026-09-21","Transactions Withdraw Principal","SWAG Savings","",""
"","152","Verify BVN (Choose BVN or NIN) - Missing Required Field","Personal Banking APIs - QA Test Suite","2026-09-21","passed","2026-09-21","Verify BVN (Choose BVN or NIN)","Customer Onboarding","",""
"","271","Admin - Invalid Query","Personal Banking APIs - QA Test Suite","2026-09-21","failed","2026-09-21","Admin","KYC, Tier Upgrades & Young Moni","",""
"","145","Admin Coins Rules - Invalid ID","Personal Banking APIs - QA Test Suite","2026-09-21","failed","2026-09-21","Admin Coins Rules","Rewards, Cash Tokens & Wishlists","",""
"","147","Reject Single Bulk Recipient - Missing Required Field","Personal Banking APIs - QA Test Suite","2026-09-21","failed","2026-09-21","Reject Single Bulk Recipient","Wallets, Transfers, Transactions & Fund Requests","",""
"","428","Fetch Balance - Nonexistent ID","Personal Banking APIs - QA Test Suite","2026-09-21","passed","2026-09-21","Fetch Balance","Customer Profile, Accounts & Beneficiaries","",""
"","195","Partial - Valid","Personal Banking APIs - QA Test Suite","2026-09-21","passed","2026-09-21","Partial","Airtime, Data, Bills & VAS Beneficiaries","",""
"","163","Wallet Download Target Statement - Valid","Personal Banking APIs - QA Test Suite","2026-09-21","failed","2026-09-21","Wallet Download Target Statement","Target Savings","",""
"","151","Create Supalock - Empty Fields","Personal Banking APIs - QA Test Suite","2026-09-21","failed","2026-09-21","Create Supalock","Supalock Savings","",""
"","150","Winner Dismiss Action - Empty Fields","Personal Banking APIs - QA Test Suite","2026-09-21","failed","2026-09-21","Winner Dismiss Action","Rewards, Cash Tokens & Wishlists","",""
"","146","Wallet - Invalid Query","Personal Banking APIs - QA Test Suite","2026-09-21","failed","2026-09-21","Wallet","Save & Spend","",""
"","150","Channel Settings - Invalid Amount","Personal Banking APIs - QA Test Suite","2026-09-21","failed","2026-09-21","Channel Settings","Customer Cards","",""
"","156","Block - Invalid ID","Personal Banking APIs - QA Test Suite","2026-09-21","passed","2026-09-21","Block","Customer Cards","",""
"","149","Create Sub Account - Missing Required Field","Personal Banking APIs - QA Test Suite","2026-09-21","passed","2026-09-21","Create Sub Account","Customer Profile, Accounts & Beneficiaries","",""
"","160","Proposed Contributor - No Auth","Personal Banking APIs - QA Test Suite","2026-09-21","failed","2026-09-21","Proposed Contributor","Rewards, Cash Tokens & Wishlists","",""
"","166","Reject Single Fund Request - Valid","Personal Banking APIs - QA Test Suite","2026-09-21","failed","2026-09-21","Reject Single Fund Request","Wallets, Transfers, Transactions & Fund Requests","",""
"","142","Young Moni Upload Child Documents - No Auth","Personal Banking APIs - QA Test Suite","2026-09-21","passed","2026-09-21","Young Moni Upload Child Documents","Customer Profile, Accounts & Beneficiaries","",""
"","141","Initiate Liveness Setup - Valid","Personal Banking APIs - QA Test Suite","2026-09-21","failed","2026-09-21","Initiate Liveness Setup","Login, Credentials, Security & Devices","",""
"","149","Admin Coins Rules - Invalid Amount","Personal Banking APIs - QA Test Suite","2026-09-21","failed","2026-09-21","Admin Coins Rules","Rewards, Cash Tokens & Wishlists","",""
"","138","Export Fund Recipients - No Auth","Personal Banking APIs - QA Test Suite","2026-09-21","passed","2026-09-21","Export Fund Recipients","Wallets, Transfers, Transactions & Fund Requests","",""
"","149","Young Moni Documents Action Document - Invalid ID","Personal Banking APIs - QA Test Suite","2026-09-21","failed","2026-09-21","Young Moni Documents Action Document","KYC, Tier Upgrades & Young Moni","",""
"","207","Winner - Valid","Personal Banking APIs - QA Test Suite","2026-09-21","passed","2026-09-21","Winner","Rewards, Cash Tokens & Wishlists","",""
"","141","Get Electricity Billers - No Auth","Personal Banking APIs - QA Test Suite","2026-09-21","passed","2026-09-21","Get Electricity Billers","Airtime, Data, Bills & VAS Beneficiaries","",""
"","157","Update Gender - Missing Required Field","Personal Banking APIs - QA Test Suite","2026-09-21","passed","2026-09-21","Update Gender","Login, Credentials, Security & Devices","",""
"","144","Transactions Create Plan - Invalid Amount","Personal Banking APIs - QA Test Suite","2026-09-21","passed","2026-09-21","Transactions Create Plan","SWAG Savings","",""
"","150","Youngmoni Transfer - Invalid Amount","Personal Banking APIs - QA Test Suite","2026-09-21","passed","2026-09-21","Youngmoni Transfer","Scheduled Payments","",""
"","142","Request Alias Phone Verification - No Auth","Personal Banking APIs - QA Test Suite","2026-09-21","passed","2026-09-21","Request Alias Phone Verification","Customer Profile, Accounts & Beneficiaries","",""
"","142","Purchase Electricity - Empty Fields","Personal Banking APIs - QA Test Suite","2026-09-21","passed","2026-09-21","Purchase Electricity","Airtime, Data, Bills & VAS Beneficiaries","",""
"","143","Intra Transfer - Missing Required Field","Personal Banking APIs - QA Test Suite","2026-09-21","passed","2026-09-21","Intra Transfer","Wallets, Transfers, Transactions & Fund Requests","",""
"","184","Create Wishlist With Items - Valid","Personal Banking APIs - QA Test Suite","2026-09-21","failed","2026-09-21","Create Wishlist With Items","Rewards, Cash Tokens & Wishlists","",""
"","146","Young Moni Upload Guardian Documents - Valid","Personal Banking APIs - QA Test Suite","2026-09-21","failed","2026-09-21","Young Moni Upload Guardian Documents","Customer Profile, Accounts & Beneficiaries","",""
"","615","List - No Auth","Personal Banking APIs - QA Test Suite","2026-09-21","passed","2026-09-21","List","Airtime, Data, Bills & VAS Beneficiaries","",""
"","149","Admin Coins Rules - Nonexistent ID","Personal Banking APIs - QA Test Suite","2026-09-21","failed","2026-09-21","Admin Coins Rules","Rewards, Cash Tokens & Wishlists","",""
"","156","Wallet - Invalid ID","Personal Banking APIs - QA Test Suite","2026-09-21","failed","2026-09-21","Wallet","Save & Spend","",""
"","140","Cancel Schedule Payment - No Auth","Personal Banking APIs - QA Test Suite","2026-09-21","passed","2026-09-21","Cancel Schedule Payment","Scheduled Payments","",""
"","142","Requests Get Delivery Cost - No Auth","Personal Banking APIs - QA Test Suite","2026-09-21","passed","2026-09-21","Requests Get Delivery Cost","Customer Cards","",""
"","149","Create Wishlist - Empty Fields","Personal Banking APIs - QA Test Suite","2026-09-21","passed","2026-09-21","Create Wishlist","Rewards, Cash Tokens & Wishlists","",""
"","147","Download Statement - Missing Required Field","Personal Banking APIs - QA Test Suite","2026-09-21","failed","2026-09-21","Download Statement","Wallets, Transfers, Transactions & Fund Requests","",""
"","150","Enable - Empty Fields","Personal Banking APIs - QA Test Suite","2026-09-21","failed","2026-09-21","Enable","Wallets, Transfers, Transactions & Fund Requests","",""
"","157","Types Get Supa Lock Special Interest - Nonexistent ID","Personal Banking APIs - QA Test Suite","2026-09-21","failed","2026-09-21","Types Get Supa Lock Special Interest","Supalock Savings","",""
"","145","Enable - Missing Required Field","Personal Banking APIs - QA Test Suite","2026-09-21","failed","2026-09-21","Enable","Wallets, Transfers, Transactions & Fund Requests","",""
"","153","Young Moni Initiate Account Request - Missing Required Field","Personal Banking APIs - QA Test Suite","2026-09-21","passed","2026-09-21","Young Moni Initiate Account Request","Customer Profile, Accounts & Beneficiaries","",""
"","509","Info - Valid","Personal Banking APIs - QA Test Suite","2026-09-21","passed","2026-09-21","Info","Customer Profile, Accounts & Beneficiaries","",""
"","141","Proposed Contributor - Empty Fields","Personal Banking APIs - QA Test Suite","2026-09-21","passed","2026-09-21","Proposed Contributor","Rewards, Cash Tokens & Wishlists","",""
"","146","Inter Transfer - Valid","Personal Banking APIs - QA Test Suite","2026-09-21","failed","2026-09-21","Inter Transfer","Wallets, Transfers, Transactions & Fund Requests","",""
"","174","Validate Betting Id - Valid","Personal Banking APIs - QA Test Suite","2026-09-21","failed","2026-09-21","Validate Betting Id","Airtime, Data, Bills & VAS Beneficiaries","",""
"","152","Renew Insurance - Empty Fields","Personal Banking APIs - QA Test Suite","2026-09-21","passed","2026-09-21","Renew Insurance","Insurance","",""
"","141","Admin Devices Deactivate - Empty Fields","Personal Banking APIs - QA Test Suite","2026-09-21","failed","2026-09-21","Admin Devices Deactivate","Login, Credentials, Security & Devices","",""
"","153","Update Request Recipients - Missing Required Field","Personal Banking APIs - QA Test Suite","2026-09-21","failed","2026-09-21","Update Request Recipients","Wallets, Transfers, Transactions & Fund Requests","",""
"","157","Young Moni Requests - Invalid ID","Personal Banking APIs - QA Test Suite","2026-09-21","failed","2026-09-21","Young Moni Requests","KYC, Tier Upgrades & Young Moni","",""
"","153","Young Moni Initiate Account Request - Invalid Status Or Type","Personal Banking APIs - QA Test Suite","2026-09-21","passed","2026-09-21","Young Moni Initiate Account Request","Customer Profile, Accounts & Beneficiaries","",""
"","154","Partial - Empty Fields","Personal Banking APIs - QA Test Suite","2026-09-21","failed","2026-09-21","Partial","Airtime, Data, Bills & VAS Beneficiaries","",""
"","142","Purchase Data - Missing Required Field","Personal Banking APIs - QA Test Suite","2026-09-21","passed","2026-09-21","Purchase Data","Airtime, Data, Bills & VAS Beneficiaries","",""
"","152","Retrieve - Valid","Personal Banking APIs - QA Test Suite","2026-09-21","failed","2026-09-21","Retrieve","Wallets, Transfers, Transactions & Fund Requests","",""
"","167","Admin Coins Rules - Nonexistent ID","Personal Banking APIs - QA Test Suite","2026-09-21","failed","2026-09-21","Admin Coins Rules","Rewards, Cash Tokens & Wishlists","",""
"","154","Update Daily Transfer Limit - Missing Required Field","Personal Banking APIs - QA Test Suite","2026-09-21","passed","2026-09-21","Update Daily Transfer Limit","Customer Profile, Accounts & Beneficiaries","",""
"","143","Document Update Status - No Auth","Personal Banking APIs - QA Test Suite","2026-09-21","passed","2026-09-21","Document Update Status","KYC, Tier Upgrades & Young Moni","",""
"","806","Jamb Lookup - Valid","Personal Banking APIs - QA Test Suite","2026-09-21","failed","2026-09-21","Jamb Lookup","Airtime, Data, Bills & VAS Beneficiaries","",""
"","262","Admin Coins Redemption Rules - No Auth","Personal Banking APIs - QA Test Suite","2026-09-21","passed","2026-09-21","Admin Coins Redemption Rules","Rewards, Cash Tokens & Wishlists","",""
"","161","Set Password & Create Pending User - Valid","Personal Banking APIs - QA Test Suite","2026-09-21","failed","2026-09-21","Set Password & Create Pending User","Customer Onboarding","",""
"","151","Initiate Reset Card Pin - Invalid Query","Personal Banking APIs - QA Test Suite","2026-09-21","failed","2026-09-21","Initiate Reset Card Pin","Customer Cards","",""
"","155","Find Account Banks - Empty Fields","Personal Banking APIs - QA Test Suite","2026-09-21","passed","2026-09-21","Find Account Banks","Customer Profile, Accounts & Beneficiaries","",""
"","149","Admin Update Documents - Missing Required Field","Personal Banking APIs - QA Test Suite","2026-09-21","passed","2026-09-21","Admin Update Documents","KYC, Tier Upgrades & Young Moni","",""
"","144","Update Credit Stage - No Auth","Personal Banking APIs - QA Test Suite","2026-09-21","passed","2026-09-21","Update Credit Stage","Wallets, Transfers, Transactions & Fund Requests","",""
"","140","Transactions - No Auth","Personal Banking APIs - QA Test Suite","2026-09-21","passed","2026-09-21","Transactions","Supalock Savings","",""
"","181","Deals Active - Valid","Personal Banking APIs - QA Test Suite","2026-09-21","failed","2026-09-21","Deals Active","Rewards, Cash Tokens & Wishlists","",""
"","153","Set Password & Create Pending User - Empty Fields","Personal Banking APIs - QA Test Suite","2026-09-21","passed","2026-09-21","Set Password & Create Pending User","Customer Onboarding","",""
"","140","Verify Phone Number - No Auth","Personal Banking APIs - QA Test Suite","2026-09-21","passed","2026-09-21","Verify Phone Number","Login, Credentials, Security & Devices","",""
"","157","Wallet Download Target Statement - Invalid Amount","Personal Banking APIs - QA Test Suite","2026-09-21","failed","2026-09-21","Wallet Download Target Statement","Target Savings","",""
"","141","Total Young Moni Balance - No Auth","Personal Banking APIs - QA Test Suite","2026-09-21","passed","2026-09-21","Total Young Moni Balance","Customer Profile, Accounts & Beneficiaries","",""
"","145","Transactions Update Swag Plan - Invalid Amount","Personal Banking APIs - QA Test Suite","2026-09-21","passed","2026-09-21","Transactions Update Swag Plan","SWAG Savings","",""
"","156","Request Account Reactivation - Missing Required Field","Personal Banking APIs - QA Test Suite","2026-09-21","passed","2026-09-21","Request Account Reactivation","KYC, Tier Upgrades & Young Moni","",""
"","143","Intra Account Transfer - Invalid Amount","Personal Banking APIs - QA Test Suite","2026-09-21","passed","2026-09-21","Intra Account Transfer","Wallets, Transfers, Transactions & Fund Requests","",""
"","148","List - Invalid Query","Personal Banking APIs - QA Test Suite","2026-09-21","failed","2026-09-21","List","Supalock Savings","",""
"","235","Transactions - Valid","Personal Banking APIs - QA Test Suite","2026-09-21","passed","2026-09-21","Transactions","Wallets, Transfers, Transactions & Fund Requests","",""
"","148","Channel Settings - Nonexistent ID","Personal Banking APIs - QA Test Suite","2026-09-21","passed","2026-09-21","Channel Settings","Customer Cards","",""
"","140","List Schedule Payments - No Auth","Personal Banking APIs - QA Test Suite","2026-09-21","passed","2026-09-21","List Schedule Payments","Scheduled Payments","",""
"","144","Retrieve - No Auth","Personal Banking APIs - QA Test Suite","2026-09-21","passed","2026-09-21","Retrieve","Customer Profile, Accounts & Beneficiaries","",""
"","150","Dismiss Action - Invalid Email","Personal Banking APIs - QA Test Suite","2026-09-21","failed","2026-09-21","Dismiss Action","KYC, Tier Upgrades & Young Moni","",""
"","139","Games Spin Wheel - No Auth","Personal Banking APIs - QA Test Suite","2026-09-21","passed","2026-09-21","Games Spin Wheel","Rewards, Cash Tokens & Wishlists","",""
"","152","Details - Empty Fields","Personal Banking APIs - QA Test Suite","2026-09-21","passed","2026-09-21","Details","Customer Profile, Accounts & Beneficiaries","",""
"","142","Transactions Create Wallet - Invalid Token Or PIN","Personal Banking APIs - QA Test Suite","2026-09-21","passed","2026-09-21","Transactions Create Wallet","Target Savings","",""
"","146","Account Officer - Invalid ID","Personal Banking APIs - QA Test Suite","2026-09-21","passed","2026-09-21","Account Officer","Customer Profile, Accounts & Beneficiaries","",""
"","259","Admin Coins Rules - No Auth","Personal Banking APIs - QA Test Suite","2026-09-21","passed","2026-09-21","Admin Coins Rules","Rewards, Cash Tokens & Wishlists","",""
"","148","Item - Invalid Query","Personal Banking APIs - QA Test Suite","2026-09-21","failed","2026-09-21","Item","Rewards, Cash Tokens & Wishlists","",""
"","141","Account Officer View Rating - No Auth","Personal Banking APIs - QA Test Suite","2026-09-21","passed","2026-09-21","Account Officer View Rating","Customer Profile, Accounts & Beneficiaries","",""
"","156","Update Gender - Empty Fields","Personal Banking APIs - QA Test Suite","2026-09-21","passed","2026-09-21","Update Gender","Login, Credentials, Security & Devices","",""
"","147","Disable - Invalid Amount","Personal Banking APIs - QA Test Suite","2026-09-21","failed","2026-09-21","Disable","Wallets, Transfers, Transactions & Fund Requests","",""
"","149","Pay Schedule Early - Empty Fields","Personal Banking APIs - QA Test Suite","2026-09-21","passed","2026-09-21","Pay Schedule Early","Scheduled Payments","",""
"","191","Requests Get Delivery Cost - Valid","Personal Banking APIs - QA Test Suite","2026-09-21","failed","2026-09-21","Requests Get Delivery Cost","Customer Cards","",""
"","143","Create Insurance - No Auth","Personal Banking APIs - QA Test Suite","2026-09-21","passed","2026-09-21","Create Insurance","Insurance","",""
"","268","Admin Coins Transactions - Invalid Query","Personal Banking APIs - QA Test Suite","2026-09-21","failed","2026-09-21","Admin Coins Transactions","Rewards, Cash Tokens & Wishlists","",""
"","143","Create Password - Invalid Email","Personal Banking APIs - QA Test Suite","2026-09-21","passed","2026-09-21","Create Password","Login, Credentials, Security & Devices","",""
"","138","Retrieve - No Auth","Personal Banking APIs - QA Test Suite","2026-09-21","passed","2026-09-21","Retrieve","Airtime, Data, Bills & VAS Beneficiaries","",""
"","272","Admin Games Sessions - Invalid ID","Personal Banking APIs - QA Test Suite","2026-09-21","failed","2026-09-21","Admin Games Sessions","Rewards, Cash Tokens & Wishlists","",""
"","140","Create Transaction Pin - Empty Fields","Personal Banking APIs - QA Test Suite","2026-09-21","failed","2026-09-21","Create Transaction Pin","Login, Credentials, Security & Devices","",""
"","155","Transactions - Invalid Query","Personal Banking APIs - QA Test Suite","2026-09-21","failed","2026-09-21","Transactions","Save & Spend","",""
"","146","Update Identity - Missing Required Field","Personal Banking APIs - QA Test Suite","2026-09-21","passed","2026-09-21","Update Identity","KYC, Tier Upgrades & Young Moni","",""
"","146","Data - Missing Required Field","Personal Banking APIs - QA Test Suite","2026-09-21","passed","2026-09-21","Data","Scheduled Payments","",""
"","137","List - No Auth","Personal Banking APIs - QA Test Suite","2026-09-21","passed","2026-09-21","List","Scheduled Payments","",""
"","153","Admin Coins Redemption Rules - Nonexistent ID","Personal Banking APIs - QA Test Suite","2026-09-21","failed","2026-09-21","Admin Coins Redemption Rules","Rewards, Cash Tokens & Wishlists","",""
"","145","Transactions Create Wallet - Invalid Token Or PIN","Personal Banking APIs - QA Test Suite","2026-09-21","passed","2026-09-21","Transactions Create Wallet","Save & Spend","",""
"","144","Games Get Rewards - Invalid Query","Personal Banking APIs - QA Test Suite","2026-09-21","passed","2026-09-21","Games Get Rewards","Rewards, Cash Tokens & Wishlists","",""
"","174","Requests - Valid","Personal Banking APIs - QA Test Suite","2026-09-21","failed","2026-09-21","Requests","Customer Cards","",""
"","157","Youngmoni Transfer - Invalid Status Or Type","Personal Banking APIs - QA Test Suite","2026-09-21","passed","2026-09-21","Youngmoni Transfer","Scheduled Payments","",""
"","163","Young Moni Documents - Valid","Personal Banking APIs - QA Test Suite","2026-09-21","failed","2026-09-21","Young Moni Documents","KYC, Tier Upgrades & Young Moni","",""
"","160","Young Moni Requests - Valid","Personal Banking APIs - QA Test Suite","2026-09-21","failed","2026-09-21","Young Moni Requests","KYC, Tier Upgrades & Young Moni","",""
"","827","List - Valid","Personal Banking APIs - QA Test Suite","2026-09-21","passed","2026-09-21","List","Insurance","",""
"","147","Airtime - Invalid Token Or PIN","Personal Banking APIs - QA Test Suite","2026-09-21","passed","2026-09-21","Airtime","Scheduled Payments","",""
"","150","Get Betting Billers - Invalid Query","Personal Banking APIs - QA Test Suite","2026-09-21","failed","2026-09-21","Get Betting Billers","Airtime, Data, Bills & VAS Beneficiaries","",""
"","169","List - Valid","Personal Banking APIs - QA Test Suite","2026-09-21","failed","2026-09-21","List","Airtime, Data, Bills & VAS Beneficiaries","",""
"","149","Kyc Level Distribution - Invalid Query","Personal Banking APIs - QA Test Suite","2026-09-21","failed","2026-09-21","Kyc Level Distribution","Customer Profile, Accounts & Beneficiaries","",""
"","156","Channel Settings - Invalid Amount","Personal Banking APIs - QA Test Suite","2026-09-21","failed","2026-09-21","Channel Settings","Customer Cards","",""
"","156","Upload Documents - Invalid Status Or Type","Personal Banking APIs - QA Test Suite","2026-09-21","passed","2026-09-21","Upload Documents","KYC, Tier Upgrades & Young Moni","",""
"","287","Admin Games Sessions - Valid","Personal Banking APIs - QA Test Suite","2026-09-21","failed","2026-09-21","Admin Games Sessions","Rewards, Cash Tokens & Wishlists","",""
"","156","Electricity - Invalid Token Or PIN","Personal Banking APIs - QA Test Suite","2026-09-21","passed","2026-09-21","Electricity","Scheduled Payments","",""
"","150","Find Account Banks - Missing Required Field","Personal Banking APIs - QA Test Suite","2026-09-21","passed","2026-09-21","Find Account Banks","Customer Profile, Accounts & Beneficiaries","",""
"","149","Destroy - Nonexistent ID","Personal Banking APIs - QA Test Suite","2026-09-21","passed","2026-09-21","Destroy","Customer Profile, Accounts & Beneficiaries","",""
"","138","Retry Payment Schedule - No Auth","Personal Banking APIs - QA Test Suite","2026-09-21","passed","2026-09-21","Retry Payment Schedule","Scheduled Payments","",""
"","140","Intra Name Enquiry By Phone - No Auth","Personal Banking APIs - QA Test Suite","2026-09-21","passed","2026-09-21","Intra Name Enquiry By Phone","Wallets, Transfers, Transactions & Fund Requests","",""
"","154","Partial - Nonexistent ID","Personal Banking APIs - QA Test Suite","2026-09-21","failed","2026-09-21","Partial","Airtime, Data, Bills & VAS Beneficiaries","",""
"","144","Purchase Waec - Missing Required Field","Personal Banking APIs - QA Test Suite","2026-09-21","passed","2026-09-21","Purchase Waec","Airtime, Data, Bills & VAS Beneficiaries","",""
"","154","Retrieve - Invalid ID","Personal Banking APIs - QA Test Suite","2026-09-21","passed","2026-09-21","Retrieve","Customer Cards","",""
"","139","Young Moni Initiate Account Without Identity - No Auth","Personal Banking APIs - QA Test Suite","2026-09-21","passed","2026-09-21","Young Moni Initiate Account Without Identity","Customer Profile, Accounts & Beneficiaries","",""
"","158","Partial - Invalid ID","Personal Banking APIs - QA Test Suite","2026-09-21","failed","2026-09-21","Partial","Airtime, Data, Bills & VAS Beneficiaries","",""
"","151","Partial - Invalid Amount","Personal Banking APIs - QA Test Suite","2026-09-21","failed","2026-09-21","Partial","Customer Profile, Accounts & Beneficiaries","",""
"","163","Overview - Empty Fields","Personal Banking APIs - QA Test Suite","2026-09-21","passed","2026-09-21","Overview","Customer Profile, Accounts & Beneficiaries","",""
"","138","Get Cable Plans - No Auth","Personal Banking APIs - QA Test Suite","2026-09-21","passed","2026-09-21","Get Cable Plans","Airtime, Data, Bills & VAS Beneficiaries","",""
"","141","Games Card Match - No Auth","Personal Banking APIs - QA Test Suite","2026-09-21","passed","2026-09-21","Games Card Match","Rewards, Cash Tokens & Wishlists","",""
"","142","Fund Betting Wallet - Invalid Amount","Personal Banking APIs - QA Test Suite","2026-09-21","passed","2026-09-21","Fund Betting Wallet","Airtime, Data, Bills & VAS Beneficiaries","",""
"","148","Admin Complete Upgrade Request - Nonexistent ID","Personal Banking APIs - QA Test Suite","2026-09-21","failed","2026-09-21","Admin Complete Upgrade Request","KYC, Tier Upgrades & Young Moni","",""
"","395","Get Cable Plans - Nonexistent ID","Personal Banking APIs - QA Test Suite","2026-09-21","failed","2026-09-21","Get Cable Plans","Airtime, Data, Bills & VAS Beneficiaries","",""
"","424","Retrieve - Nonexistent ID","Personal Banking APIs - QA Test Suite","2026-09-21","passed","2026-09-21","Retrieve","Customer Profile, Accounts & Beneficiaries","",""
"","160","Transaction - Invalid ID","Personal Banking APIs - QA Test Suite","2026-09-21","failed","2026-09-21","Transaction","Airtime, Data, Bills & VAS Beneficiaries","",""
"","140","Withdraw Supalock - No Auth","Personal Banking APIs - QA Test Suite","2026-09-21","passed","2026-09-21","Withdraw Supalock","Supalock Savings","",""
"","145","Update Identity - Empty Fields","Personal Banking APIs - QA Test Suite","2026-09-21","passed","2026-09-21","Update Identity","KYC, Tier Upgrades & Young Moni","",""
"","155","Perform Action - Empty Fields","Personal Banking APIs - QA Test Suite","2026-09-21","failed","2026-09-21","Perform Action","Rewards, Cash Tokens & Wishlists","",""
"","151","Webhook Cashtoken Webhook - Empty Fields","Personal Banking APIs - QA Test Suite","2026-09-21","failed","2026-09-21","Webhook Cashtoken Webhook","Rewards, Cash Tokens & Wishlists","",""
"","148","Login With Pin - Invalid Token Or PIN","Personal Banking APIs - QA Test Suite","2026-09-21","passed","2026-09-21","Login With Pin","Login, Credentials, Security & Devices","",""
"","140","Customer Submit - No Auth","Personal Banking APIs - QA Test Suite","2026-09-21","passed","2026-09-21","Customer Submit","KYC, Tier Upgrades & Young Moni","",""
"","152","Payment Merchant - Invalid Query","Personal Banking APIs - QA Test Suite","2026-09-21","failed","2026-09-21","Payment Merchant","Customer Cards","",""
"","174","List - Valid","Personal Banking APIs - QA Test Suite","2026-09-21","passed","2026-09-21","List","Airtime, Data, Bills & VAS Beneficiaries","",""
"","137","List - No Auth","Personal Banking APIs - QA Test Suite","2026-09-21","passed","2026-09-21","List","KYC, Tier Upgrades & Young Moni","",""
"","147","Customer Submit - Empty Fields","Personal Banking APIs - QA Test Suite","2026-09-21","passed","2026-09-21","Customer Submit","KYC, Tier Upgrades & Young Moni","",""
"","143","Terms - No Auth","Personal Banking APIs - QA Test Suite","2026-09-21","passed","2026-09-21","Terms","Rewards, Cash Tokens & Wishlists","",""
"","151","Winner Dismiss Action - Invalid Token Or PIN","Personal Banking APIs - QA Test Suite","2026-09-21","failed","2026-09-21","Winner Dismiss Action","Rewards, Cash Tokens & Wishlists","",""
"","152","Repayment Plan - Invalid ID","Personal Banking APIs - QA Test Suite","2026-09-21","failed","2026-09-21","Repayment Plan","Kolo Connect Advances","",""
"","152","Get Item - Nonexistent ID","Personal Banking APIs - QA Test Suite","2026-09-21","passed","2026-09-21","Get Item","Rewards, Cash Tokens & Wishlists","",""
"","144","Login - Missing Required Field","Personal Banking APIs - QA Test Suite","2026-09-21","passed","2026-09-21","Login","Login, Credentials, Security & Devices","",""
"","147","Purchase Data - Invalid Amount","Personal Banking APIs - QA Test Suite","2026-09-21","passed","2026-09-21","Purchase Data","Airtime, Data, Bills & VAS Beneficiaries","",""
"","138","Transaction - No Auth","Personal Banking APIs - QA Test Suite","2026-09-21","passed","2026-09-21","Transaction","Airtime, Data, Bills & VAS Beneficiaries","",""
"","147","Withdraw Cashback - Nonexistent ID","Personal Banking APIs - QA Test Suite","2026-09-21","failed","2026-09-21","Withdraw Cashback","Wallets, Transfers, Transactions & Fund Requests","",""
"","144","Purchase Epin - Empty Fields","Personal Banking APIs - QA Test Suite","2026-09-21","passed","2026-09-21","Purchase Epin","Airtime, Data, Bills & VAS Beneficiaries","",""
"","180","Validate Meter - Valid","Personal Banking APIs - QA Test Suite","2026-09-21","failed","2026-09-21","Validate Meter","Airtime, Data, Bills & VAS Beneficiaries","",""
"","156","Admin Reject Upgrade Request - Valid","Personal Banking APIs - QA Test Suite","2026-09-21","failed","2026-09-21","Admin Reject Upgrade Request","KYC, Tier Upgrades & Young Moni","",""
"","159","Unblock - Invalid ID","Personal Banking APIs - QA Test Suite","2026-09-21","passed","2026-09-21","Unblock","Customer Cards","",""
"","145","Admin Devices Deactivate - Missing Required Field","Personal Banking APIs - QA Test Suite","2026-09-21","failed","2026-09-21","Admin Devices Deactivate","Login, Credentials, Security & Devices","",""
"","155","Retrieve - Invalid ID","Personal Banking APIs - QA Test Suite","2026-09-21","passed","2026-09-21","Retrieve","Customer Profile, Accounts & Beneficiaries","",""
"","756","Validate Meter - Empty Fields","Personal Banking APIs - QA Test Suite","2026-09-21","failed","2026-09-21","Validate Meter","Airtime, Data, Bills & VAS Beneficiaries","",""
"","140","Wallet Total Balance - No Auth","Personal Banking APIs - QA Test Suite","2026-09-21","passed","2026-09-21","Wallet Total Balance","Save & Spend","",""
"","151","Create Sub Account - Empty Fields","Personal Banking APIs - QA Test Suite","2026-09-21","passed","2026-09-21","Create Sub Account","Customer Profile, Accounts & Beneficiaries","",""
"","154","Approve Single Bulk Recipient - Missing Required Field","Personal Banking APIs - QA Test Suite","2026-09-21","failed","2026-09-21","Approve Single Bulk Recipient","Wallets, Transfers, Transactions & Fund Requests","",""
"","147","Transactions Create Wallet - No Auth","Personal Banking APIs - QA Test Suite","2026-09-21","failed","2026-09-21","Transactions Create Wallet","Save & Spend","",""
"","156","Transactions Create Wallet Product Specific - Empty Fields","Personal Banking APIs - QA Test Suite","2026-09-21","passed","2026-09-21","Transactions Create Wallet Product Specific","Target Savings","",""
"","391","Profile - Valid","Personal Banking APIs - QA Test Suite","2026-09-21","passed","2026-09-21","Profile","Customer Profile, Accounts & Beneficiaries","",""
"","150","Airtime - Missing Required Field","Personal Banking APIs - QA Test Suite","2026-09-21","passed","2026-09-21","Airtime","Scheduled Payments","",""
"","161","Waec Lookup - Valid","Personal Banking APIs - QA Test Suite","2026-09-21","failed","2026-09-21","Waec Lookup","Airtime, Data, Bills & VAS Beneficiaries","",""
"","141","Intra Transfer - Invalid Token Or PIN","Personal Banking APIs - QA Test Suite","2026-09-21","passed","2026-09-21","Intra Transfer","Wallets, Transfers, Transactions & Fund Requests","",""
"","149","Partial - Valid","Personal Banking APIs - QA Test Suite","2026-09-21","failed","2026-09-21","Partial","Wallets, Transfers, Transactions & Fund Requests","",""
"","144","Young Moni Validate Details - Invalid Email","Personal Banking APIs - QA Test Suite","2026-09-21","failed","2026-09-21","Young Moni Validate Details","Customer Profile, Accounts & Beneficiaries","",""
"","150","Borrow - Invalid Status Or Type","Personal Banking APIs - QA Test Suite","2026-09-21","failed","2026-09-21","Borrow","Kolo Connect Advances","",""
"","278","Admin Games Sessions - Nonexistent ID","Personal Banking APIs - QA Test Suite","2026-09-21","failed","2026-09-21","Admin Games Sessions","Rewards, Cash Tokens & Wishlists","",""
"","156","Admin Coins Redemption Rules - Empty Fields","Personal Banking APIs - QA Test Suite","2026-09-21","failed","2026-09-21","Admin Coins Redemption Rules","Rewards, Cash Tokens & Wishlists","",""
"","148","Verify Alias Phone Number - Empty Fields","Personal Banking APIs - QA Test Suite","2026-09-21","passed","2026-09-21","Verify Alias Phone Number","Customer Profile, Accounts & Beneficiaries","",""
"","145","Transactions Create Wallet - Missing Required Field","Personal Banking APIs - QA Test Suite","2026-09-21","passed","2026-09-21","Transactions Create Wallet","Save & Spend","",""
"","150","Update Daily Transfer Limit - Invalid Token Or PIN","Personal Banking APIs - QA Test Suite","2026-09-21","passed","2026-09-21","Update Daily Transfer Limit","Customer Profile, Accounts & Beneficiaries","",""
"","176","Wallet - Valid","Personal Banking APIs - QA Test Suite","2026-09-21","failed","2026-09-21","Wallet","Save & Spend","",""
"","149","Verify BVN (Choose BVN or NIN) - Empty Fields","Personal Banking APIs - QA Test Suite","2026-09-21","passed","2026-09-21","Verify BVN (Choose BVN or NIN)","Customer Onboarding","",""
"","143","Airtime - Empty Fields","Personal Banking APIs - QA Test Suite","2026-09-21","passed","2026-09-21","Airtime","Scheduled Payments","",""
"","160","Intra Name Enquiry By Phone - Valid","Personal Banking APIs - QA Test Suite","2026-09-21","failed","2026-09-21","Intra Name Enquiry By Phone","Wallets, Transfers, Transactions & Fund Requests","",""
"","144","Transactions Deposit - Valid","Personal Banking APIs - QA Test Suite","2026-09-21","failed","2026-09-21","Transactions Deposit","SWAG Savings","",""
"","143","Young Moni Requests - No Auth","Personal Banking APIs - QA Test Suite","2026-09-21","passed","2026-09-21","Young Moni Requests","KYC, Tier Upgrades & Young Moni","",""
"","180","Admin Coins Redemption Rules - Valid","Personal Banking APIs - QA Test Suite","2026-09-21","failed","2026-09-21","Admin Coins Redemption Rules","Rewards, Cash Tokens & Wishlists","",""
"","148","Recipients - Invalid Query","Personal Banking APIs - QA Test Suite","2026-09-21","failed","2026-09-21","Recipients","Wallets, Transfers, Transactions & Fund Requests","",""
"","406","Her Wealth Details - Invalid Query","Personal Banking APIs - QA Test Suite","2026-09-21","passed","2026-09-21","Her Wealth Details","Customer Profile, Accounts & Beneficiaries","",""
"","141","Purchase Electricity - No Auth","Personal Banking APIs - QA Test Suite","2026-09-21","failed","2026-09-21","Purchase Electricity","Airtime, Data, Bills & VAS Beneficiaries","",""
"","150","Reject Bulk Fund Request - Empty Fields","Personal Banking APIs - QA Test Suite","2026-09-21","failed","2026-09-21","Reject Bulk Fund Request","Wallets, Transfers, Transactions & Fund Requests","",""
"","144","Add Item - No Auth","Personal Banking APIs - QA Test Suite","2026-09-21","passed","2026-09-21","Add Item","Rewards, Cash Tokens & Wishlists","",""
"","142","Purchase Epin - Invalid Token Or PIN","Personal Banking APIs - QA Test Suite","2026-09-21","passed","2026-09-21","Purchase Epin","Airtime, Data, Bills & VAS Beneficiaries","",""
"","140","Transfer - No Auth","Personal Banking APIs - QA Test Suite","2026-09-21","passed","2026-09-21","Transfer","Scheduled Payments","",""
"","139","Admin Games Rewards - No Auth","Personal Banking APIs - QA Test Suite","2026-09-21","passed","2026-09-21","Admin Games Rewards","Rewards, Cash Tokens & Wishlists","",""
"","176","Encrypt Login - Invalid Email","Personal Banking APIs - QA Test Suite","2026-09-21","failed","2026-09-21","Encrypt Login","Login, Credentials, Security & Devices","",""
"","152","List - Invalid Query","Personal Banking APIs - QA Test Suite","2026-09-21","failed","2026-09-21","List","Kolo Connect Advances","",""
"","148","Admin Update Documents - Empty Fields","Personal Banking APIs - QA Test Suite","2026-09-21","passed","2026-09-21","Admin Update Documents","KYC, Tier Upgrades & Young Moni","",""
"","148","Update Credit Stage - Invalid Status Or Type","Personal Banking APIs - QA Test Suite","2026-09-21","failed","2026-09-21","Update Credit Stage","Wallets, Transfers, Transactions & Fund Requests","",""
"","285","Admin - Valid","Personal Banking APIs - QA Test Suite","2026-09-21","failed","2026-09-21","Admin","KYC, Tier Upgrades & Young Moni","",""
"","140","Terms Terms And Rewards - No Auth","Personal Banking APIs - QA Test Suite","2026-09-21","passed","2026-09-21","Terms Terms And Rewards","Rewards, Cash Tokens & Wishlists","",""
"","267","Admin Games - Nonexistent ID","Personal Banking APIs - QA Test Suite","2026-09-21","failed","2026-09-21","Admin Games","Rewards, Cash Tokens & Wishlists","",""
"","147","Export Fund Recipients - Missing Required Field","Personal Banking APIs - QA Test Suite","2026-09-21","failed","2026-09-21","Export Fund Recipients","Wallets, Transfers, Transactions & Fund Requests","",""
"","143","Purchase Epin - Invalid Amount","Personal Banking APIs - QA Test Suite","2026-09-21","passed","2026-09-21","Purchase Epin","Airtime, Data, Bills & VAS Beneficiaries","",""
"","141","Transactions Create Wallet - Invalid Status Or Type","Personal Banking APIs - QA Test Suite","2026-09-21","passed","2026-09-21","Transactions Create Wallet","Target Savings","",""
"","147","Retrieve - Invalid ID","Personal Banking APIs - QA Test Suite","2026-09-21","passed","2026-09-21","Retrieve","Scheduled Payments","",""
"","139","Partial - No Auth","Personal Banking APIs - QA Test Suite","2026-09-21","passed","2026-09-21","Partial","Airtime, Data, Bills & VAS Beneficiaries","",""
"","149","Admin Admin Tier One Upgrade - Missing Required Field","Personal Banking APIs - QA Test Suite","2026-09-21","failed","2026-09-21","Admin Admin Tier One Upgrade","KYC, Tier Upgrades & Young Moni","",""
"","165","Reset Pin - Invalid Token Or PIN","Personal Banking APIs - QA Test Suite","2026-09-21","failed","2026-09-21","Reset Pin","Customer Cards","",""
"","141","Add Account Alias - No Auth","Personal Banking APIs - QA Test Suite","2026-09-21","passed","2026-09-21","Add Account Alias","Customer Profile, Accounts & Beneficiaries","",""
"","139","Download Statement - No Auth","Personal Banking APIs - QA Test Suite","2026-09-21","passed","2026-09-21","Download Statement","Wallets, Transfers, Transactions & Fund Requests","",""
"","141","Transactions Withdraw Interest - Invalid Token Or PIN","Personal Banking APIs - QA Test Suite","2026-09-21","passed","2026-09-21","Transactions Withdraw Interest","SWAG Savings","",""
"","163","Transactions - Valid","Personal Banking APIs - QA Test Suite","2026-09-21","failed","2026-09-21","Transactions","SWAG Savings","",""
"","137","Inflow Outflow Analytics - No Auth","Personal Banking APIs - QA Test Suite","2026-09-21","passed","2026-09-21","Inflow Outflow Analytics","Wallets, Transfers, Transactions & Fund Requests","",""
"","150","Redeem Insurance - Invalid Amount","Personal Banking APIs - QA Test Suite","2026-09-21","passed","2026-09-21","Redeem Insurance","Insurance","",""
"","150","Types - Nonexistent ID","Personal Banking APIs - QA Test Suite","2026-09-21","passed","2026-09-21","Types","Supalock Savings","",""
"","138","Providers - No Auth","Personal Banking APIs - QA Test Suite","2026-09-21","passed","2026-09-21","Providers","Insurance","",""
"","144","Login With Pin - Invalid Email","Personal Banking APIs - QA Test Suite","2026-09-21","passed","2026-09-21","Login With Pin","Login, Credentials, Security & Devices","",""
"","163","Withdraw - Invalid ID","Personal Banking APIs - QA Test Suite","2026-09-21","passed","2026-09-21","Withdraw","Rewards, Cash Tokens & Wishlists","",""
"","144","Find Customers By Phone - No Auth","Personal Banking APIs - QA Test Suite","2026-09-21","passed","2026-09-21","Find Customers By Phone","Customer Profile, Accounts & Beneficiaries","",""
"","150","Redeem Insurance - Empty Fields","Personal Banking APIs - QA Test Suite","2026-09-21","passed","2026-09-21","Redeem Insurance","Insurance","",""
"","152","Repay - Empty Fields","Personal Banking APIs - QA Test Suite","2026-09-21","failed","2026-09-21","Repay","Kolo Connect Advances","",""
"","160","Fee Settings - Invalid Query","Personal Banking APIs - QA Test Suite","2026-09-21","failed","2026-09-21","Fee Settings","Customer Cards","",""
"","275","Admin Games - Invalid Query","Personal Banking APIs - QA Test Suite","2026-09-21","failed","2026-09-21","Admin Games","Rewards, Cash Tokens & Wishlists","",""
"","147","Young Moni Validate Details Without Identity - Empty Fields","Personal Banking APIs - QA Test Suite","2026-09-21","failed","2026-09-21","Young Moni Validate Details Without Identity","Customer Profile, Accounts & Beneficiaries","",""
"","142","Update Single Transfer Limit - No Auth","Personal Banking APIs - QA Test Suite","2026-09-21","passed","2026-09-21","Update Single Transfer Limit","Customer Profile, Accounts & Beneficiaries","",""
"","160","Account Officer Change Request - Invalid Query","Personal Banking APIs - QA Test Suite","2026-09-21","failed","2026-09-21","Account Officer Change Request","Customer Profile, Accounts & Beneficiaries","",""
"","138","Transactions Evaluate Target - No Auth","Personal Banking APIs - QA Test Suite","2026-09-21","passed","2026-09-21","Transactions Evaluate Target","Target Savings","",""
"","141","Initiate Reset Transaction Pin - Valid","Personal Banking APIs - QA Test Suite","2026-09-21","failed","2026-09-21","Initiate Reset Transaction Pin","Login, Credentials, Security & Devices","",""
"","142","Total Supalock Amount - No Auth","Personal Banking APIs - QA Test Suite","2026-09-21","passed","2026-09-21","Total Supalock Amount","Supalock Savings","",""
"","157","Create Her Wealth - Missing Required Field","Personal Banking APIs - QA Test Suite","2026-09-21","passed","2026-09-21","Create Her Wealth","Customer Profile, Accounts & Beneficiaries","",""
"","146","Intra Account Transfer - Valid","Personal Banking APIs - QA Test Suite","2026-09-21","failed","2026-09-21","Intra Account Transfer","Wallets, Transfers, Transactions & Fund Requests","",""
"","142","Tier One Upgrade - No Auth","Personal Banking APIs - QA Test Suite","2026-09-21","passed","2026-09-21","Tier One Upgrade","KYC, Tier Upgrades & Young Moni","",""
"","145","Intra Transfer - Empty Fields","Personal Banking APIs - QA Test Suite","2026-09-21","passed","2026-09-21","Intra Transfer","Wallets, Transfers, Transactions & Fund Requests","",""
"","157","Approve Single Fund Request - Invalid Token Or PIN","Personal Banking APIs - QA Test Suite","2026-09-21","failed","2026-09-21","Approve Single Fund Request","Wallets, Transfers, Transactions & Fund Requests","",""
"","146","Purchase Jamb - No Auth","Personal Banking APIs - QA Test Suite","2026-09-21","failed","2026-09-21","Purchase Jamb","Airtime, Data, Bills & VAS Beneficiaries","",""
"","149","Download Statement - Empty Fields","Personal Banking APIs - QA Test Suite","2026-09-21","failed","2026-09-21","Download Statement","Wallets, Transfers, Transactions & Fund Requests","",""
"","142","Transactions Update Swag Plan - Empty Fields","Personal Banking APIs - QA Test Suite","2026-09-21","passed","2026-09-21","Transactions Update Swag Plan","SWAG Savings","",""
"","152","Continue With Email - Missing Required Field","Personal Banking APIs - QA Test Suite","2026-09-21","passed","2026-09-21","Continue With Email","Customer Onboarding","",""
"","158","Block - Missing Required Field","Personal Banking APIs - QA Test Suite","2026-09-21","failed","2026-09-21","Block","Customer Cards","",""
"","146","Retrieve - Invalid ID","Personal Banking APIs - QA Test Suite","2026-09-21","failed","2026-09-21","Retrieve","Wallets, Transfers, Transactions & Fund Requests","",""
"","149","Initiate Email Update - Invalid Email","Personal Banking APIs - QA Test Suite","2026-09-21","passed","2026-09-21","Initiate Email Update","KYC, Tier Upgrades & Young Moni","",""
"","146","Reset Transaction Pin - Invalid Token Or PIN","Personal Banking APIs - QA Test Suite","2026-09-21","passed","2026-09-21","Reset Transaction Pin","Login, Credentials, Security & Devices","",""
"","158","Transactions Evaluate Target - Invalid Amount","Personal Banking APIs - QA Test Suite","2026-09-21","passed","2026-09-21","Transactions Evaluate Target","Target Savings","",""
"","140","Verify Email Update - No Auth","Personal Banking APIs - QA Test Suite","2026-09-21","passed","2026-09-21","Verify Email Update","KYC, Tier Upgrades & Young Moni","",""
"","141","Eligibility - No Auth","Personal Banking APIs - QA Test Suite","2026-09-21","passed","2026-09-21","Eligibility","Kolo Connect Advances","",""
"","141","Single Fund Request - Missing Required Field","Personal Banking APIs - QA Test Suite","2026-09-21","passed","2026-09-21","Single Fund Request","Wallets, Transfers, Transactions & Fund Requests","",""
"","231","Channel Settings - Valid","Personal Banking APIs - QA Test Suite","2026-09-21","failed","2026-09-21","Channel Settings","Customer Cards","",""
"","160","Update Single Transfer Limit - Empty Fields","Personal Banking APIs - QA Test Suite","2026-09-21","failed","2026-09-21","Update Single Transfer Limit","Customer Profile, Accounts & Beneficiaries","",""
"","179","Block - Valid","Personal Banking APIs - QA Test Suite","2026-09-21","failed","2026-09-21","Block","Customer Cards","",""
"","140","Create - Empty Fields","Personal Banking APIs - QA Test Suite","2026-09-21","passed","2026-09-21","Create","Wallets, Transfers, Transactions & Fund Requests","",""
"","162","Partial - Valid","Personal Banking APIs - QA Test Suite","2026-09-21","failed","2026-09-21","Partial","Customer Profile, Accounts & Beneficiaries","",""
"","146","Admin Games Rewards - Nonexistent ID","Personal Banking APIs - QA Test Suite","2026-09-21","failed","2026-09-21","Admin Games Rewards","Rewards, Cash Tokens & Wishlists","",""
"","142","Transactions Deposit - Missing Required Field","Personal Banking APIs - QA Test Suite","2026-09-21","passed","2026-09-21","Transactions Deposit","SWAG Savings","",""
"","148","Partial - Nonexistent ID","Personal Banking APIs - QA Test Suite","2026-09-21","failed","2026-09-21","Partial","Wallets, Transfers, Transactions & Fund Requests","",""
"","166","Jamb Lookup - Invalid Query","Personal Banking APIs - QA Test Suite","2026-09-21","failed","2026-09-21","Jamb Lookup","Airtime, Data, Bills & VAS Beneficiaries","",""
"","156","Admin Upload Documents - Missing Required Field","Personal Banking APIs - QA Test Suite","2026-09-21","passed","2026-09-21","Admin Upload Documents","KYC, Tier Upgrades & Young Moni","",""
"","155","Reset Password - Missing Required Field","Personal Banking APIs - QA Test Suite","2026-09-21","passed","2026-09-21","Reset Password","Login, Credentials, Security & Devices","",""
"","264","Admin Games Sessions - No Auth","Personal Banking APIs - QA Test Suite","2026-09-21","passed","2026-09-21","Admin Games Sessions","Rewards, Cash Tokens & Wishlists","",""
"","152","Transactions - Invalid Query","Personal Banking APIs - QA Test Suite","2026-09-21","failed","2026-09-21","Transactions","Save & Spend","",""
"","154","Destroy - Invalid ID","Personal Banking APIs - QA Test Suite","2026-09-21","passed","2026-09-21","Destroy","Customer Profile, Accounts & Beneficiaries","",""
"","151","Wallet Interest Balance - Invalid Query","Personal Banking APIs - QA Test Suite","2026-09-21","failed","2026-09-21","Wallet Interest Balance","Save & Spend","",""
"","151","Enable - Valid","Personal Banking APIs - QA Test Suite","2026-09-21","failed","2026-09-21","Enable","Wallets, Transfers, Transactions & Fund Requests","",""
"","148","Get Transaction Overview - Invalid Query","Personal Banking APIs - QA Test Suite","2026-09-21","failed","2026-09-21","Get Transaction Overview","Wallets, Transfers, Transactions & Fund Requests","",""
"","157","Set Password & Create Pending User - Invalid Token Or PIN","Personal Banking APIs - QA Test Suite","2026-09-21","passed","2026-09-21","Set Password & Create Pending User","Customer Onboarding","",""
"","258","Admin Games - No Auth","Personal Banking APIs - QA Test Suite","2026-09-21","passed","2026-09-21","Admin Games","Rewards, Cash Tokens & Wishlists","",""
"","152","Borrow - Empty Fields","Personal Banking APIs - QA Test Suite","2026-09-21","failed","2026-09-21","Borrow","Kolo Connect Advances","",""
"","141","Retrieve - No Auth","Personal Banking APIs - QA Test Suite","2026-09-21","passed","2026-09-21","Retrieve","Customer Profile, Accounts & Beneficiaries","",""
"","164","Topup Supalock - Invalid Amount","Personal Banking APIs - QA Test Suite","2026-09-21","failed","2026-09-21","Topup Supalock","Supalock Savings","",""
"","140","Kyc Level Distribution - No Auth","Personal Banking APIs - QA Test Suite","2026-09-21","passed","2026-09-21","Kyc Level Distribution","Customer Profile, Accounts & Beneficiaries","",""
"","156","Retrieve - Invalid ID","Personal Banking APIs - QA Test Suite","2026-09-21","failed","2026-09-21","Retrieve","Wallets, Transfers, Transactions & Fund Requests","",""
"","142","Inter Transfer - Empty Fields","Personal Banking APIs - QA Test Suite","2026-09-21","passed","2026-09-21","Inter Transfer","Wallets, Transfers, Transactions & Fund Requests","",""
"","150","Initiate Email Update - Empty Fields","Personal Banking APIs - QA Test Suite","2026-09-21","passed","2026-09-21","Initiate Email Update","KYC, Tier Upgrades & Young Moni","",""
"","143","Channel Settings - No Auth","Personal Banking APIs - QA Test Suite","2026-09-21","passed","2026-09-21","Channel Settings","Customer Cards","",""
"","152","Update Daily Transfer Limit - Empty Fields","Personal Banking APIs - QA Test Suite","2026-09-21","failed","2026-09-21","Update Daily Transfer Limit","Customer Profile, Accounts & Beneficiaries","",""
"","147","Reward With Airtime - No Auth","Personal Banking APIs - QA Test Suite","2026-09-21","passed","2026-09-21","Reward With Airtime","Rewards, Cash Tokens & Wishlists","",""
"","138","Requests - No Auth","Personal Banking APIs - QA Test Suite","2026-09-21","passed","2026-09-21","Requests","Customer Cards","",""
"","216","Get Betting Billers - Valid","Personal Banking APIs - QA Test Suite","2026-09-21","passed","2026-09-21","Get Betting Billers","Airtime, Data, Bills & VAS Beneficiaries","",""
"","172","Partial - Valid","Personal Banking APIs - QA Test Suite","2026-09-21","failed","2026-09-21","Partial","Airtime, Data, Bills & VAS Beneficiaries","",""
"","154","Requests Get Delivery Cost - Missing Required Field","Personal Banking APIs - QA Test Suite","2026-09-21","passed","2026-09-21","Requests Get Delivery Cost","Customer Cards","",""
"","151","Approve Bulk Fund Request - Invalid Token Or PIN","Personal Banking APIs - QA Test Suite","2026-09-21","failed","2026-09-21","Approve Bulk Fund Request","Wallets, Transfers, Transactions & Fund Requests","",""
"","305","Admin Coins Redemption Rules - Valid","Personal Banking APIs - QA Test Suite","2026-09-21","failed","2026-09-21","Admin Coins Redemption Rules","Rewards, Cash Tokens & Wishlists","",""
"","153","Renew Insurance - Missing Required Field","Personal Banking APIs - QA Test Suite","2026-09-21","passed","2026-09-21","Renew Insurance","Insurance","",""
"","160","Validate Smart Card - Invalid Status Or Type","Personal Banking APIs - QA Test Suite","2026-09-21","failed","2026-09-21","Validate Smart Card","Airtime, Data, Bills & VAS Beneficiaries","",""
"","148","Withdraw - Missing Required Field","Personal Banking APIs - QA Test Suite","2026-09-21","failed","2026-09-21","Withdraw","Rewards, Cash Tokens & Wishlists","",""
"","142","Initiate Reset Transaction Pin - Invalid Query","Personal Banking APIs - QA Test Suite","2026-09-21","failed","2026-09-21","Initiate Reset Transaction Pin","Login, Credentials, Security & Devices","",""
"","154","Validate Face Match - Empty Fields","Personal Banking APIs - QA Test Suite","2026-09-21","passed","2026-09-21","Validate Face Match","Login, Credentials, Security & Devices","",""
"","165","Create Supalock - Valid","Personal Banking APIs - QA Test Suite","2026-09-21","failed","2026-09-21","Create Supalock","Supalock Savings","",""
"","141","Find Account Banks - No Auth","Personal Banking APIs - QA Test Suite","2026-09-21","passed","2026-09-21","Find Account Banks","Customer Profile, Accounts & Beneficiaries","",""
"","147","List Schedule Payments - Invalid Query","Personal Banking APIs - QA Test Suite","2026-09-21","failed","2026-09-21","List Schedule Payments","Scheduled Payments","",""
"","160","Terms - Invalid Query","Personal Banking APIs - QA Test Suite","2026-09-21","failed","2026-09-21","Terms","Rewards, Cash Tokens & Wishlists","",""
"","138","Retrieve - No Auth","Personal Banking APIs - QA Test Suite","2026-09-21","passed","2026-09-21","Retrieve","KYC, Tier Upgrades & Young Moni","",""
"","273","Admin Coins Redemption Rules - Invalid Query","Personal Banking APIs - QA Test Suite","2026-09-21","failed","2026-09-21","Admin Coins Redemption Rules","Rewards, Cash Tokens & Wishlists","",""
"","150","Channel Settings - Missing Required Field","Personal Banking APIs - QA Test Suite","2026-09-21","failed","2026-09-21","Channel Settings","Customer Cards","",""
"","161","Reward With Airtime - Valid","Personal Banking APIs - QA Test Suite","2026-09-21","failed","2026-09-21","Reward With Airtime","Rewards, Cash Tokens & Wishlists","",""
"","150","Games Eligibility Requirements - Invalid Query","Personal Banking APIs - QA Test Suite","2026-09-21","passed","2026-09-21","Games Eligibility Requirements","Rewards, Cash Tokens & Wishlists","",""
"","157","Admin Admin Tier Zero Upgrade - Valid","Personal Banking APIs - QA Test Suite","2026-09-21","failed","2026-09-21","Admin Admin Tier Zero Upgrade","KYC, Tier Upgrades & Young Moni","",""
"","148","Wallet - Invalid ID","Personal Banking APIs - QA Test Suite","2026-09-21","failed","2026-09-21","Wallet","Target Savings","",""
"","164","Verify Reset Token - Valid","Personal Banking APIs - QA Test Suite","2026-09-21","failed","2026-09-21","Verify Reset Token","Login, Credentials, Security & Devices","",""
"","149","Admin Admin Upgrade To Merchant - Invalid Token Or PIN","Personal Banking APIs - QA Test Suite","2026-09-21","failed","2026-09-21","Admin Admin Upgrade To Merchant","KYC, Tier Upgrades & Young Moni","",""
"","159","Validate Jamb Profile - Empty Fields","Personal Banking APIs - QA Test Suite","2026-09-21","failed","2026-09-21","Validate Jamb Profile","Airtime, Data, Bills & VAS Beneficiaries","",""
"","147","Retrieve - Nonexistent ID","Personal Banking APIs - QA Test Suite","2026-09-21","passed","2026-09-21","Retrieve","Scheduled Payments","",""
"","169","Renew Insurance - Valid","Personal Banking APIs - QA Test Suite","2026-09-21","failed","2026-09-21","Renew Insurance","Insurance","",""
"","143","Purchase Data - No Auth","Personal Banking APIs - QA Test Suite","2026-09-21","failed","2026-09-21","Purchase Data","Airtime, Data, Bills & VAS Beneficiaries","",""
"","159","Dismiss Action - Missing Required Field","Personal Banking APIs - QA Test Suite","2026-09-21","failed","2026-09-21","Dismiss Action","KYC, Tier Upgrades & Young Moni","",""
"","177","Retrieve - Valid","Personal Banking APIs - QA Test Suite","2026-09-21","failed","2026-09-21","Retrieve","Scheduled Payments","",""
"","167","Wishlist Config Edit - Invalid ID","Personal Banking APIs - QA Test Suite","2026-09-21","failed","2026-09-21","Wishlist Config Edit","Rewards, Cash Tokens & Wishlists","",""
"","271","Admin Coins Redemption Rules - Invalid Query","Personal Banking APIs - QA Test Suite","2026-09-21","failed","2026-09-21","Admin Coins Redemption Rules","Rewards, Cash Tokens & Wishlists","",""
"","146","Update Request Recipients - Invalid Amount","Personal Banking APIs - QA Test Suite","2026-09-21","failed","2026-09-21","Update Request Recipients","Wallets, Transfers, Transactions & Fund Requests","",""
"","147","Update Documents - Empty Fields","Personal Banking APIs - QA Test Suite","2026-09-21","passed","2026-09-21","Update Documents","KYC, Tier Upgrades & Young Moni","",""
"","184","Upload Documents - Valid","Personal Banking APIs - QA Test Suite","2026-09-21","failed","2026-09-21","Upload Documents","KYC, Tier Upgrades & Young Moni","",""
"","144","Purchase Jamb - Invalid Amount","Personal Banking APIs - QA Test Suite","2026-09-21","passed","2026-09-21","Purchase Jamb","Airtime, Data, Bills & VAS Beneficiaries","",""
"","145","List Schedule Payments - Invalid ID","Personal Banking APIs - QA Test Suite","2026-09-21","failed","2026-09-21","List Schedule Payments","Scheduled Payments","",""
"","182","Item - Valid","Personal Banking APIs - QA Test Suite","2026-09-21","failed","2026-09-21","Item","Rewards, Cash Tokens & Wishlists","",""
"","155","Retrieve - Invalid Query","Personal Banking APIs - QA Test Suite","2026-09-21","failed","2026-09-21","Retrieve","Insurance","",""
"","150","Redeem Insurance - Missing Required Field","Personal Banking APIs - QA Test Suite","2026-09-21","passed","2026-09-21","Redeem Insurance","Insurance","",""
"","147","High Value Transactions - Valid","Personal Banking APIs - QA Test Suite","2026-09-21","passed","2026-09-21","High Value Transactions","Wallets, Transfers, Transactions & Fund Requests","",""
"","279","Terms Draw Details - Valid","Personal Banking APIs - QA Test Suite","2026-09-21","passed","2026-09-21","Terms Draw Details","Rewards, Cash Tokens & Wishlists","",""
"","268","Admin Games - Invalid Query","Personal Banking APIs - QA Test Suite","2026-09-21","failed","2026-09-21","Admin Games","Rewards, Cash Tokens & Wishlists","",""
"","140","Admin Update Documents - No Auth","Personal Banking APIs - QA Test Suite","2026-09-21","passed","2026-09-21","Admin Update Documents","KYC, Tier Upgrades & Young Moni","",""
"","300","Get Item Edit - Valid","Personal Banking APIs - QA Test Suite","2026-09-21","failed","2026-09-21","Get Item Edit","Rewards, Cash Tokens & Wishlists","",""
"","147","Admin Coins Redemption Rules - Invalid ID","Personal Banking APIs - QA Test Suite","2026-09-21","failed","2026-09-21","Admin Coins Redemption Rules","Rewards, Cash Tokens & Wishlists","",""
"","142","Purchase Cable - Invalid Status Or Type","Personal Banking APIs - QA Test Suite","2026-09-21","passed","2026-09-21","Purchase Cable","Airtime, Data, Bills & VAS Beneficiaries","",""
"","162","Validate Liveness (When Required) - Valid","Personal Banking APIs - QA Test Suite","2026-09-21","failed","2026-09-21","Validate Liveness (When Required)","Customer Onboarding","",""
"","151","Create Supalock - Missing Required Field","Personal Banking APIs - QA Test Suite","2026-09-21","failed","2026-09-21","Create Supalock","Supalock Savings","",""
"","152","Transactions Evaluate Target - Invalid Status Or Type","Personal Banking APIs - QA Test Suite","2026-09-21","passed","2026-09-21","Transactions Evaluate Target","Target Savings","",""
"","155","Young Moni Upload Child Documents - Invalid ID","Personal Banking APIs - QA Test Suite","2026-09-21","passed","2026-09-21","Young Moni Upload Child Documents","Customer Profile, Accounts & Beneficiaries","",""
"","153","Partial - Empty Fields","Personal Banking APIs - QA Test Suite","2026-09-21","failed","2026-09-21","Partial","Customer Profile, Accounts & Beneficiaries","",""
"","139","Repayment Plan - No Auth","Personal Banking APIs - QA Test Suite","2026-09-21","passed","2026-09-21","Repayment Plan","Kolo Connect Advances","",""
"","159","Coin Wallet Transactions - Invalid Query","Personal Banking APIs - QA Test Suite","2026-09-21","passed","2026-09-21","Coin Wallet Transactions","Rewards, Cash Tokens & Wishlists","",""
"","151","Verify NIN (Choose BVN or NIN) - Missing Required Field","Personal Banking APIs - QA Test Suite","2026-09-21","passed","2026-09-21","Verify NIN (Choose BVN or NIN)","Customer Onboarding","",""
"","148","Wallet Interest Balance - Nonexistent ID","Personal Banking APIs - QA Test Suite","2026-09-21","failed","2026-09-21","Wallet Interest Balance","Save & Spend","",""
"","242","Create Wishlist - Missing Required Field","Personal Banking APIs - QA Test Suite","2026-09-21","passed","2026-09-21","Create Wishlist","Rewards, Cash Tokens & Wishlists","",""
"","150","Partial - Nonexistent ID","Personal Banking APIs - QA Test Suite","2026-09-21","failed","2026-09-21","Partial","Customer Profile, Accounts & Beneficiaries","",""
"","210","Leaderboard - Valid","Personal Banking APIs - QA Test Suite","2026-09-21","passed","2026-09-21","Leaderboard","Customer Profile, Accounts & Beneficiaries","",""
"","157","Block - Nonexistent ID","Personal Banking APIs - QA Test Suite","2026-09-21","passed","2026-09-21","Block","Customer Cards","",""
"","157","Admin Admin Tier Two Upgrade - Valid","Personal Banking APIs - QA Test Suite","2026-09-21","failed","2026-09-21","Admin Admin Tier Two Upgrade","KYC, Tier Upgrades & Young Moni","",""
"","144","Inter Transfer - Invalid Token Or PIN","Personal Banking APIs - QA Test Suite","2026-09-21","passed","2026-09-21","Inter Transfer","Wallets, Transfers, Transactions & Fund Requests","",""
"","158","Verify Phone OTP - Missing Required Field","Personal Banking APIs - QA Test Suite","2026-09-21","passed","2026-09-21","Verify Phone OTP","Customer Onboarding","",""
"","171","Tenors - Valid","Personal Banking APIs - QA Test Suite","2026-09-21","failed","2026-09-21","Tenors","Kolo Connect Advances","",""
"","141","Winner - No Auth","Personal Banking APIs - QA Test Suite","2026-09-21","passed","2026-09-21","Winner","Rewards, Cash Tokens & Wishlists","",""
"","144","Purchase Jamb - Invalid Token Or PIN","Personal Banking APIs - QA Test Suite","2026-09-21","passed","2026-09-21","Purchase Jamb","Airtime, Data, Bills & VAS Beneficiaries","",""
"","261","Admin Games Rewards - No Auth","Personal Banking APIs - QA Test Suite","2026-09-21","passed","2026-09-21","Admin Games Rewards","Rewards, Cash Tokens & Wishlists","",""
"","150","Airtime - Invalid Amount","Personal Banking APIs - QA Test Suite","2026-09-21","passed","2026-09-21","Airtime","Scheduled Payments","",""
"","139","Tier Zero Upgrade - No Auth","Personal Banking APIs - QA Test Suite","2026-09-21","passed","2026-09-21","Tier Zero Upgrade","KYC, Tier Upgrades & Young Moni","",""
"","139","Partial - No Auth","Personal Banking APIs - QA Test Suite","2026-09-21","passed","2026-09-21","Partial","Wallets, Transfers, Transactions & Fund Requests","",""
"","153","Admin Games Rewards - Valid","Personal Banking APIs - QA Test Suite","2026-09-21","failed","2026-09-21","Admin Games Rewards","Rewards, Cash Tokens & Wishlists","",""
"","282","List - Valid","Personal Banking APIs - QA Test Suite","2026-09-21","passed","2026-09-21","List","Airtime, Data, Bills & VAS Beneficiaries","",""
"","141","Create Login Pin - Empty Fields","Personal Banking APIs - QA Test Suite","2026-09-21","failed","2026-09-21","Create Login Pin","Login, Credentials, Security & Devices","",""
"","159","Inter Name Enquiry - Valid","Personal Banking APIs - QA Test Suite","2026-09-21","failed","2026-09-21","Inter Name Enquiry","Wallets, Transfers, Transactions & Fund Requests","",""
"","147","Providers - Invalid Query","Personal Banking APIs - QA Test Suite","2026-09-21","failed","2026-09-21","Providers","Insurance","",""
"","148","Data - Invalid Status Or Type","Personal Banking APIs - QA Test Suite","2026-09-21","passed","2026-09-21","Data","Scheduled Payments","",""
"","148","Verify Reset Token - Empty Fields","Personal Banking APIs - QA Test Suite","2026-09-21","passed","2026-09-21","Verify Reset Token","Login, Credentials, Security & Devices","",""
"","168","Create Supalock - Invalid Amount","Personal Banking APIs - QA Test Suite","2026-09-21","failed","2026-09-21","Create Supalock","Supalock Savings","",""
"","137","Get Transaction Overview - No Auth","Personal Banking APIs - QA Test Suite","2026-09-21","passed","2026-09-21","Get Transaction Overview","Wallets, Transfers, Transactions & Fund Requests","",""
"","175","Airtime - Valid","Personal Banking APIs - QA Test Suite","2026-09-21","failed","2026-09-21","Airtime","Scheduled Payments","",""
"","139","List - No Auth","Personal Banking APIs - QA Test Suite","2026-09-21","passed","2026-09-21","List","Kolo Connect Advances","",""
"","153","Admin Coins Rules - Empty Fields","Personal Banking APIs - QA Test Suite","2026-09-21","failed","2026-09-21","Admin Coins Rules","Rewards, Cash Tokens & Wishlists","",""
"","167","Validate Smart Card - Empty Fields","Personal Banking APIs - QA Test Suite","2026-09-21","failed","2026-09-21","Validate Smart Card","Airtime, Data, Bills & VAS Beneficiaries","",""
"","266","Admin Games Stats - Invalid Query","Personal Banking APIs - QA Test Suite","2026-09-21","failed","2026-09-21","Admin Games Stats","Rewards, Cash Tokens & Wishlists","",""
"","151","Admin Reject Upgrade Request - Empty Fields","Personal Banking APIs - QA Test Suite","2026-09-21","failed","2026-09-21","Admin Reject Upgrade Request","KYC, Tier Upgrades & Young Moni","",""
"","146","Intra Name Enquiry By Phone - Empty Fields","Personal Banking APIs - QA Test Suite","2026-09-21","failed","2026-09-21","Intra Name Enquiry By Phone","Wallets, Transfers, Transactions & Fund Requests","",""
"","142","Wishlist Config Edit - Valid","Personal Banking APIs - QA Test Suite","2026-09-21","failed","2026-09-21","Wishlist Config Edit","Rewards, Cash Tokens & Wishlists","",""
"","154","Channel Settings - Nonexistent ID","Personal Banking APIs - QA Test Suite","2026-09-21","passed","2026-09-21","Channel Settings","Customer Cards","",""
"","159","Register With Phone - Missing Required Field","Personal Banking APIs - QA Test Suite","2026-09-21","passed","2026-09-21","Register With Phone","Customer Onboarding","",""
"","292","Details - Valid","Personal Banking APIs - QA Test Suite","2026-09-21","passed","2026-09-21","Details","Customer Profile, Accounts & Beneficiaries","",""
"","150","Types - Invalid Status Or Type","Personal Banking APIs - QA Test Suite","2026-09-21","failed","2026-09-21","Types","Supalock Savings","",""
"","149","Reject Single Bulk Recipient - Valid","Personal Banking APIs - QA Test Suite","2026-09-21","failed","2026-09-21","Reject Single Bulk Recipient","Wallets, Transfers, Transactions & Fund Requests","",""
"","141","Create Login Pin - No Auth","Personal Banking APIs - QA Test Suite","2026-09-21","passed","2026-09-21","Create Login Pin","Login, Credentials, Security & Devices","",""
"","140","Destroy - No Auth","Personal Banking APIs - QA Test Suite","2026-09-21","passed","2026-09-21","Destroy","Customer Profile, Accounts & Beneficiaries","",""
"","144","Transactions Break Target - Empty Fields","Personal Banking APIs - QA Test Suite","2026-09-21","passed","2026-09-21","Transactions Break Target","Target Savings","",""
"","138","Create - No Auth","Personal Banking APIs - QA Test Suite","2026-09-21","passed","2026-09-21","Create","Wallets, Transfers, Transactions & Fund Requests","",""
"","143","Transactions Create Wallet Product Specific - Invalid Amount","Personal Banking APIs - QA Test Suite","2026-09-21","passed","2026-09-21","Transactions Create Wallet Product Specific","Target Savings","",""
"","139","Block - No Auth","Personal Banking APIs - QA Test Suite","2026-09-21","passed","2026-09-21","Block","Customer Cards","",""
"","837","Retrieve - Invalid ID","Personal Banking APIs - QA Test Suite","2026-09-21","failed","2026-09-21","Retrieve","Wallets, Transfers, Transactions & Fund Requests","",""
"","148","Tier Zero Upgrade - Empty Fields","Personal Banking APIs - QA Test Suite","2026-09-21","passed","2026-09-21","Tier Zero Upgrade","KYC, Tier Upgrades & Young Moni","",""
"","147","Redeem Coins - Missing Required Field","Personal Banking APIs - QA Test Suite","2026-09-21","passed","2026-09-21","Redeem Coins","Rewards, Cash Tokens & Wishlists","",""
"","162","Validate Smart Card - Missing Required Field","Personal Banking APIs - QA Test Suite","2026-09-21","failed","2026-09-21","Validate Smart Card","Airtime, Data, Bills & VAS Beneficiaries","",""
"","191","Register With Phone - Valid","Personal Banking APIs - QA Test Suite","2026-09-21","failed","2026-09-21","Register With Phone","Customer Onboarding","",""
"","149","Add Item - Empty Fields","Personal Banking APIs - QA Test Suite","2026-09-21","failed","2026-09-21","Add Item","Rewards, Cash Tokens & Wishlists","",""
"","137","Fee Settings - No Auth","Personal Banking APIs - QA Test Suite","2026-09-21","passed","2026-09-21","Fee Settings","Customer Cards","",""
"","142","Transactions Create Plan - Missing Required Field","Personal Banking APIs - QA Test Suite","2026-09-21","passed","2026-09-21","Transactions Create Plan","SWAG Savings","",""
"","152","Waec Lookup - Invalid Query","Personal Banking APIs - QA Test Suite","2026-09-21","failed","2026-09-21","Waec Lookup","Airtime, Data, Bills & VAS Beneficiaries","",""
"","147","Transactions Update Swag Plan - Valid","Personal Banking APIs - QA Test Suite","2026-09-21","failed","2026-09-21","Transactions Update Swag Plan","SWAG Savings","",""
"","143","Purchase Jamb - Invalid Status Or Type","Personal Banking APIs - QA Test Suite","2026-09-21","passed","2026-09-21","Purchase Jamb","Airtime, Data, Bills & VAS Beneficiaries","",""
"","162","Transactions - Invalid Query","Personal Banking APIs - QA Test Suite","2026-09-21","failed","2026-09-21","Transactions","Target Savings","",""
"","151","Complete Registration - Missing Required Field","Personal Banking APIs - QA Test Suite","2026-09-21","passed","2026-09-21","Complete Registration","Customer Onboarding","",""
"","157","Create Her Wealth - Empty Fields","Personal Banking APIs - QA Test Suite","2026-09-21","passed","2026-09-21","Create Her Wealth","Customer Profile, Accounts & Beneficiaries","",""
"","148","Repay - Invalid Token Or PIN","Personal Banking APIs - QA Test Suite","2026-09-21","failed","2026-09-21","Repay","Kolo Connect Advances","",""
"","157","Update Request Recipients - Valid","Personal Banking APIs - QA Test Suite","2026-09-21","failed","2026-09-21","Update Request Recipients","Wallets, Transfers, Transactions & Fund Requests","",""
"","170","List Schedule Payments - Valid","Personal Banking APIs - QA Test Suite","2026-09-21","failed","2026-09-21","List Schedule Payments","Scheduled Payments","",""
"","205","Reset Password - Valid","Personal Banking APIs - QA Test Suite","2026-09-21","passed","2026-09-21","Reset Password","Login, Credentials, Security & Devices","",""
"","182","Customer Submit - Valid","Personal Banking APIs - QA Test Suite","2026-09-21","failed","2026-09-21","Customer Submit","KYC, Tier Upgrades & Young Moni","",""
"","142","Verify Phone Number - Invalid Token Or PIN","Personal Banking APIs - QA Test Suite","2026-09-21","failed","2026-09-21","Verify Phone Number","Login, Credentials, Security & Devices","",""
"","228","Retrieve - Valid","Personal Banking APIs - QA Test Suite","2026-09-21","failed","2026-09-21","Retrieve","Rewards, Cash Tokens & Wishlists","",""
"","354","Find Customers By Phone - Valid","Personal Banking APIs - QA Test Suite","2026-09-21","passed","2026-09-21","Find Customers By Phone","Customer Profile, Accounts & Beneficiaries","",""
"","147","Enable - Nonexistent ID","Personal Banking APIs - QA Test Suite","2026-09-21","failed","2026-09-21","Enable","Wallets, Transfers, Transactions & Fund Requests","",""
"","156","Borrow - Invalid Amount","Personal Banking APIs - QA Test Suite","2026-09-21","failed","2026-09-21","Borrow","Kolo Connect Advances","",""
"","220","Transactions - Valid","Personal Banking APIs - QA Test Suite","2026-09-21","passed","2026-09-21","Transactions","Target Savings","",""
"","139","List - No Auth","Personal Banking APIs - QA Test Suite","2026-09-21","passed","2026-09-21","List","Supalock Savings","",""
"","149","Partial - Missing Required Field","Personal Banking APIs - QA Test Suite","2026-09-21","failed","2026-09-21","Partial","Customer Profile, Accounts & Beneficiaries","",""
"","137","Info - No Auth","Personal Banking APIs - QA Test Suite","2026-09-21","passed","2026-09-21","Info","Customer Profile, Accounts & Beneficiaries","",""
"","144","Purchase Data - Empty Fields","Personal Banking APIs - QA Test Suite","2026-09-21","passed","2026-09-21","Purchase Data","Airtime, Data, Bills & VAS Beneficiaries","",""
"","147","Retrieve - Nonexistent ID","Personal Banking APIs - QA Test Suite","2026-09-21","passed","2026-09-21","Retrieve","Airtime, Data, Bills & VAS Beneficiaries","",""
"","178","Reject Bulk Fund Request - Valid","Personal Banking APIs - QA Test Suite","2026-09-21","failed","2026-09-21","Reject Bulk Fund Request","Wallets, Transfers, Transactions & Fund Requests","",""
"","142","Single Fund Request - Valid","Personal Banking APIs - QA Test Suite","2026-09-21","failed","2026-09-21","Single Fund Request","Wallets, Transfers, Transactions & Fund Requests","",""
"","158","Terms Terms And Rewards - Invalid Query","Personal Banking APIs - QA Test Suite","2026-09-21","failed","2026-09-21","Terms Terms And Rewards","Rewards, Cash Tokens & Wishlists","",""
"","167","Electricity - Valid","Personal Banking APIs - QA Test Suite","2026-09-21","failed","2026-09-21","Electricity","Scheduled Payments","",""
"","192","Channel Settings - Valid","Personal Banking APIs - QA Test Suite","2026-09-21","passed","2026-09-21","Channel Settings","Customer Cards","",""
"","140","Wishlist Config Edit - Empty Fields","Personal Banking APIs - QA Test Suite","2026-09-21","failed","2026-09-21","Wishlist Config Edit","Rewards, Cash Tokens & Wishlists","",""
"","140","Overview - No Auth","Personal Banking APIs - QA Test Suite","2026-09-21","passed","2026-09-21","Overview","Rewards, Cash Tokens & Wishlists","",""
"","178","Coin Wallet - Valid","Personal Banking APIs - QA Test Suite","2026-09-21","failed","2026-09-21","Coin Wallet","Rewards, Cash Tokens & Wishlists","",""
"","146","Wallet Download Swag Statement - Empty Fields","Personal Banking APIs - QA Test Suite","2026-09-21","failed","2026-09-21","Wallet Download Swag Statement","SWAG Savings","",""
"","184","Get Suggestions - Valid","Personal Banking APIs - QA Test Suite","2026-09-21","passed","2026-09-21","Get Suggestions","Customer Profile, Accounts & Beneficiaries","",""
"","153","List - Invalid Query","Personal Banking APIs - QA Test Suite","2026-09-21","failed","2026-09-21","List","Airtime, Data, Bills & VAS Beneficiaries","",""
"","142","Overview - No Auth","Personal Banking APIs - QA Test Suite","2026-09-21","passed","2026-09-21","Overview","Customer Profile, Accounts & Beneficiaries","",""
"","159","Request Account Reactivation - Valid","Personal Banking APIs - QA Test Suite","2026-09-21","failed","2026-09-21","Request Account Reactivation","KYC, Tier Upgrades & Young Moni","",""
"","147","Create Transaction Pin - Valid","Personal Banking APIs - QA Test Suite","2026-09-21","failed","2026-09-21","Create Transaction Pin","Login, Credentials, Security & Devices","",""
"","157","Activate - Invalid ID","Personal Banking APIs - QA Test Suite","2026-09-21","passed","2026-09-21","Activate","Customer Cards","",""
"","155","Data - Invalid Token Or PIN","Personal Banking APIs - QA Test Suite","2026-09-21","passed","2026-09-21","Data","Scheduled Payments","",""
"","150","Repay - Invalid ID","Personal Banking APIs - QA Test Suite","2026-09-21","failed","2026-09-21","Repay","Kolo Connect Advances","",""
"","154","Activate - Empty Fields","Personal Banking APIs - QA Test Suite","2026-09-21","failed","2026-09-21","Activate","Customer Cards","",""
"","143","Upload Bulk Fund Request - Empty Fields","Personal Banking APIs - QA Test Suite","2026-09-21","passed","2026-09-21","Upload Bulk Fund Request","Wallets, Transfers, Transactions & Fund Requests","",""
"","263","Admin Games Rewards - No Auth","Personal Banking APIs - QA Test Suite","2026-09-21","passed","2026-09-21","Admin Games Rewards","Rewards, Cash Tokens & Wishlists","",""
"","138","List - No Auth","Personal Banking APIs - QA Test Suite","2026-09-21","passed","2026-09-21","List","Insurance","",""
"","164","Coin Redemption Rules - Invalid Query","Personal Banking APIs - QA Test Suite","2026-09-21","passed","2026-09-21","Coin Redemption Rules","Rewards, Cash Tokens & Wishlists","",""
"","149","Types - Invalid Query","Personal Banking APIs - QA Test Suite","2026-09-21","failed","2026-09-21","Types","Supalock Savings","",""
"","152","Winner Dismiss Action - Missing Required Field","Personal Banking APIs - QA Test Suite","2026-09-21","failed","2026-09-21","Winner Dismiss Action","Rewards, Cash Tokens & Wishlists","",""
"","145","Requests Fetch Agents - No Auth","Personal Banking APIs - QA Test Suite","2026-09-21","passed","2026-09-21","Requests Fetch Agents","Customer Cards","",""
"","151","Unblock - Invalid Token Or PIN","Personal Banking APIs - QA Test Suite","2026-09-21","failed","2026-09-21","Unblock","Customer Cards","",""
"","143","Upload Bulk Fund Request - Missing Required Field","Personal Banking APIs - QA Test Suite","2026-09-21","passed","2026-09-21","Upload Bulk Fund Request","Wallets, Transfers, Transactions & Fund Requests","",""
"","149","Notify Of Missed Inward - Empty Fields","Personal Banking APIs - QA Test Suite","2026-09-21","failed","2026-09-21","Notify Of Missed Inward","Wallets, Transfers, Transactions & Fund Requests","",""
"","151","Transactions - Invalid Query","Personal Banking APIs - QA Test Suite","2026-09-21","failed","2026-09-21","Transactions","Supalock Savings","",""
"","149","Initiate Email Update - Missing Required Field","Personal Banking APIs - QA Test Suite","2026-09-21","passed","2026-09-21","Initiate Email Update","KYC, Tier Upgrades & Young Moni","",""
"","140","Admin Admin Tier Two Upgrade - No Auth","Personal Banking APIs - QA Test Suite","2026-09-21","passed","2026-09-21","Admin Admin Tier Two Upgrade","KYC, Tier Upgrades & Young Moni","",""
"","148","Update Location - No Auth","Personal Banking APIs - QA Test Suite","2026-09-21","failed","2026-09-21","Update Location","Login, Credentials, Security & Devices","",""
"","155","Tier Two Upgrade - Empty Fields","Personal Banking APIs - QA Test Suite","2026-09-21","passed","2026-09-21","Tier Two Upgrade","KYC, Tier Upgrades & Young Moni","",""
"","153","Transaction - Invalid Query","Personal Banking APIs - QA Test Suite","2026-09-21","failed","2026-09-21","Transaction","Airtime, Data, Bills & VAS Beneficiaries","",""
"","155","Young Moni Documents - Valid","Personal Banking APIs - QA Test Suite","2026-09-21","failed","2026-09-21","Young Moni Documents","KYC, Tier Upgrades & Young Moni","",""
"","138","Retrieve - No Auth","Personal Banking APIs - QA Test Suite","2026-09-21","passed","2026-09-21","Retrieve","Kolo Connect Advances","",""
"","143","Games - No Auth","Personal Banking APIs - QA Test Suite","2026-09-21","passed","2026-09-21","Games","Rewards, Cash Tokens & Wishlists","",""
"","324","Terms - Valid","Personal Banking APIs - QA Test Suite","2026-09-21","passed","2026-09-21","Terms","Rewards, Cash Tokens & Wishlists","",""
"","151","Get Electricity Billers - Invalid Query","Personal Banking APIs - QA Test Suite","2026-09-21","failed","2026-09-21","Get Electricity Billers","Airtime, Data, Bills & VAS Beneficiaries","",""
"","142","Admin Devices Reactivate - Empty Fields","Personal Banking APIs - QA Test Suite","2026-09-21","failed","2026-09-21","Admin Devices Reactivate","Login, Credentials, Security & Devices","",""
"","143","Verify Token - Invalid Token Or PIN","Personal Banking APIs - QA Test Suite","2026-09-21","passed","2026-09-21","Verify Token","Login, Credentials, Security & Devices","",""
"","152","Dismiss Action - Invalid ID","Personal Banking APIs - QA Test Suite","2026-09-21","passed","2026-09-21","Dismiss Action","KYC, Tier Upgrades & Young Moni","",""
"","169","List - Valid","Personal Banking APIs - QA Test Suite","2026-09-21","failed","2026-09-21","List","Kolo Connect Advances","",""
"","164","List Documents - Valid","Personal Banking APIs - QA Test Suite","2026-09-21","failed","2026-09-21","List Documents","KYC, Tier Upgrades & Young Moni","",""
"","260","Admin Coins Rules - No Auth","Personal Banking APIs - QA Test Suite","2026-09-21","passed","2026-09-21","Admin Coins Rules","Rewards, Cash Tokens & Wishlists","",""
"","150","Update Communication Preference - Missing Required Field","Personal Banking APIs - QA Test Suite","2026-09-21","passed","2026-09-21","Update Communication Preference","Customer Profile, Accounts & Beneficiaries","",""
"","147","Retry Payment Schedule - Missing Required Field","Personal Banking APIs - QA Test Suite","2026-09-21","passed","2026-09-21","Retry Payment Schedule","Scheduled Payments","",""
"","152","Wallet - Invalid ID","Personal Banking APIs - QA Test Suite","2026-09-21","failed","2026-09-21","Wallet","SWAG Savings","",""
"","174","Winner Dismiss Action - Valid","Personal Banking APIs - QA Test Suite","2026-09-21","failed","2026-09-21","Winner Dismiss Action","Rewards, Cash Tokens & Wishlists","",""
"","153","Verify BVN (Choose BVN or NIN) - Invalid Status Or Type","Personal Banking APIs - QA Test Suite","2026-09-21","passed","2026-09-21","Verify BVN (Choose BVN or NIN)","Customer Onboarding","",""
"","142","Purchase Cable - Empty Fields","Personal Banking APIs - QA Test Suite","2026-09-21","passed","2026-09-21","Purchase Cable","Airtime, Data, Bills & VAS Beneficiaries","",""
"","142","Create Login Pin - Missing Required Field","Personal Banking APIs - QA Test Suite","2026-09-21","failed","2026-09-21","Create Login Pin","Login, Credentials, Security & Devices","",""
"","151","Admin Coins Redemption Rules - Invalid ID","Personal Banking APIs - QA Test Suite","2026-09-21","failed","2026-09-21","Admin Coins Redemption Rules","Rewards, Cash Tokens & Wishlists","",""
"","226","Add Item - Valid","Personal Banking APIs - QA Test Suite","2026-09-21","failed","2026-09-21","Add Item","Rewards, Cash Tokens & Wishlists","",""
"","159","Validate Betting Id - Invalid Status Or Type","Personal Banking APIs - QA Test Suite","2026-09-21","passed","2026-09-21","Validate Betting Id","Airtime, Data, Bills & VAS Beneficiaries","",""
"","145","Retrieve - Invalid Query","Personal Banking APIs - QA Test Suite","2026-09-21","failed","2026-09-21","Retrieve","Wallets, Transfers, Transactions & Fund Requests","",""
"","243","Wallet - Valid","Personal Banking APIs - QA Test Suite","2026-09-21","failed","2026-09-21","Wallet","Target Savings","",""
"","169","Terms Terms And Rewards - Valid","Personal Banking APIs - QA Test Suite","2026-09-21","passed","2026-09-21","Terms Terms And Rewards","Rewards, Cash Tokens & Wishlists","",""
"","147","Daily Spending Summary - Invalid Query","Personal Banking APIs - QA Test Suite","2026-09-21","failed","2026-09-21","Daily Spending Summary","Wallets, Transfers, Transactions & Fund Requests","",""
"","259","Admin - No Auth","Personal Banking APIs - QA Test Suite","2026-09-21","passed","2026-09-21","Admin","KYC, Tier Upgrades & Young Moni","",""
"","159","Requests Request Card - Empty Fields","Personal Banking APIs - QA Test Suite","2026-09-21","passed","2026-09-21","Requests Request Card","Customer Cards","",""
"","151","Young Moni Documents - Nonexistent ID","Personal Banking APIs - QA Test Suite","2026-09-21","failed","2026-09-21","Young Moni Documents","KYC, Tier Upgrades & Young Moni","",""
"","150","Validate Liveness (When Required) - Empty Fields","Personal Banking APIs - QA Test Suite","2026-09-21","passed","2026-09-21","Validate Liveness (When Required)","Customer Onboarding","",""
"","149","Partial - Invalid Status Or Type","Personal Banking APIs - QA Test Suite","2026-09-21","passed","2026-09-21","Partial","Airtime, Data, Bills & VAS Beneficiaries","",""
"","340","Data Plans - Valid","Personal Banking APIs - QA Test Suite","2026-09-21","failed","2026-09-21","Data Plans","Airtime, Data, Bills & VAS Beneficiaries","",""
"","164","Update - Invalid ID","Personal Banking APIs - QA Test Suite","2026-09-21","passed","2026-09-21","Update","Scheduled Payments","",""
"","155","Transactions Update Spend Wallet - Invalid ID","Personal Banking APIs - QA Test Suite","2026-09-21","passed","2026-09-21","Transactions Update Spend Wallet","Save & Spend","",""
"","148","Intra Name Enquiry - Missing Required Field","Personal Banking APIs - QA Test Suite","2026-09-21","passed","2026-09-21","Intra Name Enquiry","Wallets, Transfers, Transactions & Fund Requests","",""
"","150","Proposed Contributor - Missing Required Field","Personal Banking APIs - QA Test Suite","2026-09-21","passed","2026-09-21","Proposed Contributor","Rewards, Cash Tokens & Wishlists","",""
"","214","List - Invalid Query","Personal Banking APIs - QA Test Suite","2026-09-21","failed","2026-09-21","List","Rewards, Cash Tokens & Wishlists","",""
"","171","Games Spin Wheel - Valid","Personal Banking APIs - QA Test Suite","2026-09-21","failed","2026-09-21","Games Spin Wheel","Rewards, Cash Tokens & Wishlists","",""
"","171","Validate Jamb Profile - Valid","Personal Banking APIs - QA Test Suite","2026-09-21","failed","2026-09-21","Validate Jamb Profile","Airtime, Data, Bills & VAS Beneficiaries","",""
"","141","Young Moni Upload Guardian Documents - Missing Required Field","Personal Banking APIs - QA Test Suite","2026-09-21","failed","2026-09-21","Young Moni Upload Guardian Documents","Customer Profile, Accounts & Beneficiaries","",""
"","141","Wallet - No Auth","Personal Banking APIs - QA Test Suite","2026-09-21","passed","2026-09-21","Wallet","Target Savings","",""
"","147","List - Invalid Query","Personal Banking APIs - QA Test Suite","2026-09-21","failed","2026-09-21","List","Wallets, Transfers, Transactions & Fund Requests","",""
"","149","Retrieve - Invalid Query","Personal Banking APIs - QA Test Suite","2026-09-21","failed","2026-09-21","Retrieve","Wallets, Transfers, Transactions & Fund Requests","",""
"","142","Intra Account Transfer - Empty Fields","Personal Banking APIs - QA Test Suite","2026-09-21","passed","2026-09-21","Intra Account Transfer","Wallets, Transfers, Transactions & Fund Requests","",""
"","172","Admin Coins Redemption Rules - Valid","Personal Banking APIs - QA Test Suite","2026-09-21","failed","2026-09-21","Admin Coins Redemption Rules","Rewards, Cash Tokens & Wishlists","",""
"","152","Young Moni Requests Complete Review - Invalid ID","Personal Banking APIs - QA Test Suite","2026-09-21","failed","2026-09-21","Young Moni Requests Complete Review","KYC, Tier Upgrades & Young Moni","",""
"","154","Topup Supalock - Invalid ID","Personal Banking APIs - QA Test Suite","2026-09-21","failed","2026-09-21","Topup Supalock","Supalock Savings","",""
"","148","Update Communication Preference - Invalid Token Or PIN","Personal Banking APIs - QA Test Suite","2026-09-21","passed","2026-09-21","Update Communication Preference","Customer Profile, Accounts & Beneficiaries","",""
"","232","Young Moni Initiate Account Without Identity - Valid","Personal Banking APIs - QA Test Suite","2026-09-21","failed","2026-09-21","Young Moni Initiate Account Without Identity","Customer Profile, Accounts & Beneficiaries","",""
"","148","Create - Invalid Status Or Type","Personal Banking APIs - QA Test Suite","2026-09-21","passed","2026-09-21","Create","Airtime, Data, Bills & VAS Beneficiaries","",""
"","156","Update - Nonexistent ID","Personal Banking APIs - QA Test Suite","2026-09-21","failed","2026-09-21","Update","Scheduled Payments","",""
"","227","Payment Merchant - Valid","Personal Banking APIs - QA Test Suite","2026-09-21","passed","2026-09-21","Payment Merchant","Customer Cards","",""
"","155","Verify NIN (Choose BVN or NIN) - Empty Fields","Personal Banking APIs - QA Test Suite","2026-09-21","passed","2026-09-21","Verify NIN (Choose BVN or NIN)","Customer Onboarding","",""
"","147","Retrieve - Invalid ID","Personal Banking APIs - QA Test Suite","2026-09-21","passed","2026-09-21","Retrieve","Airtime, Data, Bills & VAS Beneficiaries","",""
"","156","Verify Reset Token - Invalid Status Or Type","Personal Banking APIs - QA Test Suite","2026-09-21","passed","2026-09-21","Verify Reset Token","Login, Credentials, Security & Devices","",""
"","147","Customer Submit - Missing Required Field","Personal Banking APIs - QA Test Suite","2026-09-21","passed","2026-09-21","Customer Submit","KYC, Tier Upgrades & Young Moni","",""
"","158","Create - Empty Fields","Personal Banking APIs - QA Test Suite","2026-09-21","passed","2026-09-21","Create","Customer Profile, Accounts & Beneficiaries","",""
"","148","Validate Betting Id - Missing Required Field","Personal Banking APIs - QA Test Suite","2026-09-21","passed","2026-09-21","Validate Betting Id","Airtime, Data, Bills & VAS Beneficiaries","",""
"","155","Admin Coins Rules - Invalid ID","Personal Banking APIs - QA Test Suite","2026-09-21","failed","2026-09-21","Admin Coins Rules","Rewards, Cash Tokens & Wishlists","",""
"","153","Account Officer Change Request - Nonexistent ID","Personal Banking APIs - QA Test Suite","2026-09-21","passed","2026-09-21","Account Officer Change Request","Customer Profile, Accounts & Beneficiaries","",""
"","137","List - No Auth","Personal Banking APIs - QA Test Suite","2026-09-21","passed","2026-09-21","List","Wallets, Transfers, Transactions & Fund Requests","",""
"","146","Channel Settings - Empty Fields","Personal Banking APIs - QA Test Suite","2026-09-21","passed","2026-09-21","Channel Settings","Customer Cards","",""
"","139","Reject Single Bulk Recipient - No Auth","Personal Banking APIs - QA Test Suite","2026-09-21","passed","2026-09-21","Reject Single Bulk Recipient","Wallets, Transfers, Transactions & Fund Requests","",""
"","141","Get Cable Providers - No Auth","Personal Banking APIs - QA Test Suite","2026-09-21","passed","2026-09-21","Get Cable Providers","Airtime, Data, Bills & VAS Beneficiaries","",""
"","155","Admin Games Rewards - Valid","Personal Banking APIs - QA Test Suite","2026-09-21","failed","2026-09-21","Admin Games Rewards","Rewards, Cash Tokens & Wishlists","",""
"","161","Topup Supalock - Valid","Personal Banking APIs - QA Test Suite","2026-09-21","failed","2026-09-21","Topup Supalock","Supalock Savings","",""
"","151","Account Officer Rate Officer - Empty Fields","Personal Banking APIs - QA Test Suite","2026-09-21","failed","2026-09-21","Account Officer Rate Officer","Customer Profile, Accounts & Beneficiaries","",""
"","149","Airtime - Invalid Status Or Type","Personal Banking APIs - QA Test Suite","2026-09-21","passed","2026-09-21","Airtime","Scheduled Payments","",""
"","143","Single Fund Request - Invalid Amount","Personal Banking APIs - QA Test Suite","2026-09-21","passed","2026-09-21","Single Fund Request","Wallets, Transfers, Transactions & Fund Requests","",""
"","146","Purchase Waec - Empty Fields","Personal Banking APIs - QA Test Suite","2026-09-21","passed","2026-09-21","Purchase Waec","Airtime, Data, Bills & VAS Beneficiaries","",""
"","152","Admin Coins Redemption Rules - Invalid Status Or Type","Personal Banking APIs - QA Test Suite","2026-09-21","failed","2026-09-21","Admin Coins Redemption Rules","Rewards, Cash Tokens & Wishlists","",""
"","165","Admin Coins Rules - Valid","Personal Banking APIs - QA Test Suite","2026-09-21","failed","2026-09-21","Admin Coins Rules","Rewards, Cash Tokens & Wishlists","",""
"","152","Wishlist Config Edit - Nonexistent ID","Personal Banking APIs - QA Test Suite","2026-09-21","failed","2026-09-21","Wishlist Config Edit","Rewards, Cash Tokens & Wishlists","",""
"","141","Inter Transfer - Invalid Amount","Personal Banking APIs - QA Test Suite","2026-09-21","passed","2026-09-21","Inter Transfer","Wallets, Transfers, Transactions & Fund Requests","",""
"","152","Admin Coins Rules - Invalid ID","Personal Banking APIs - QA Test Suite","2026-09-21","failed","2026-09-21","Admin Coins Rules","Rewards, Cash Tokens & Wishlists","",""
"","144","Admin Devices Deactivate - Nonexistent ID","Personal Banking APIs - QA Test Suite","2026-09-21","failed","2026-09-21","Admin Devices Deactivate","Login, Credentials, Security & Devices","",""
"","149","Wallet Download Swag Statement - Invalid Status Or Type","Personal Banking APIs - QA Test Suite","2026-09-21","failed","2026-09-21","Wallet Download Swag Statement","SWAG Savings","",""
"","143","Transactions Deposit - Invalid Amount","Personal Banking APIs - QA Test Suite","2026-09-21","passed","2026-09-21","Transactions Deposit","Target Savings","",""
"","143","Purchase Airtime - Empty Fields","Personal Banking APIs - QA Test Suite","2026-09-21","passed","2026-09-21","Purchase Airtime","Airtime, Data, Bills & VAS Beneficiaries","",""
"","140","List Documents - No Auth","Personal Banking APIs - QA Test Suite","2026-09-21","passed","2026-09-21","List Documents","KYC, Tier Upgrades & Young Moni","",""
"","138","Daily Income Summary - No Auth","Personal Banking APIs - QA Test Suite","2026-09-21","passed","2026-09-21","Daily Income Summary","Wallets, Transfers, Transactions & Fund Requests","",""
"","150","Withdraw - Nonexistent ID","Personal Banking APIs - QA Test Suite","2026-09-21","passed","2026-09-21","Withdraw","Rewards, Cash Tokens & Wishlists","",""
"","269","Admin Coins Rules - Invalid ID","Personal Banking APIs - QA Test Suite","2026-09-21","failed","2026-09-21","Admin Coins Rules","Rewards, Cash Tokens & Wishlists","",""
"","138","Retrieve - No Auth","Personal Banking APIs - QA Test Suite","2026-09-21","passed","2026-09-21","Retrieve","Wallets, Transfers, Transactions & Fund Requests","",""
"","141","Initiate Reset Login Pin - Invalid Query","Personal Banking APIs - QA Test Suite","2026-09-21","failed","2026-09-21","Initiate Reset Login Pin","Login, Credentials, Security & Devices","",""
"","189","Overview - Valid","Personal Banking APIs - QA Test Suite","2026-09-21","passed","2026-09-21","Overview","Customer Profile, Accounts & Beneficiaries","",""
"","151","Retrieve - Invalid Query","Personal Banking APIs - QA Test Suite","2026-09-21","failed","2026-09-21","Retrieve","Wallets, Transfers, Transactions & Fund Requests","",""
"","151","Withdraw Supalock - Invalid ID","Personal Banking APIs - QA Test Suite","2026-09-21","failed","2026-09-21","Withdraw Supalock","Supalock Savings","",""
"","149","Wallet - Invalid Query","Personal Banking APIs - QA Test Suite","2026-09-21","failed","2026-09-21","Wallet","Target Savings","",""
"","158","Perform Action - Missing Required Field","Personal Banking APIs - QA Test Suite","2026-09-21","failed","2026-09-21","Perform Action","Rewards, Cash Tokens & Wishlists","",""
"","268","Admin Request Stats - Valid","Personal Banking APIs - QA Test Suite","2026-09-21","failed","2026-09-21","Admin Request Stats","KYC, Tier Upgrades & Young Moni","",""
"","140","Account Officer Change Request - No Auth","Personal Banking APIs - QA Test Suite","2026-09-21","passed","2026-09-21","Account Officer Change Request","Customer Profile, Accounts & Beneficiaries","",""
"","184","Encrypt Login - Valid","Personal Banking APIs - QA Test Suite","2026-09-21","passed","2026-09-21","Encrypt Login","Login, Credentials, Security & Devices","",""
"","163","Withdraw Supalock - Valid","Personal Banking APIs - QA Test Suite","2026-09-21","failed","2026-09-21","Withdraw Supalock","Supalock Savings","",""
"","162","Games Check Eligibility - Valid","Personal Banking APIs - QA Test Suite","2026-09-21","failed","2026-09-21","Games Check Eligibility","Rewards, Cash Tokens & Wishlists","",""
"","211","Young Moni Upload Child Documents - Valid","Personal Banking APIs - QA Test Suite","2026-09-21","failed","2026-09-21","Young Moni Upload Child Documents","Customer Profile, Accounts & Beneficiaries","",""
"","156","Activate - Invalid Token Or PIN","Personal Banking APIs - QA Test Suite","2026-09-21","failed","2026-09-21","Activate","Customer Cards","",""
"","150","Reject Bulk Fund Request - Invalid Token Or PIN","Personal Banking APIs - QA Test Suite","2026-09-21","failed","2026-09-21","Reject Bulk Fund Request","Wallets, Transfers, Transactions & Fund Requests","",""
"","155","Verify Device Changed - Missing Required Field","Personal Banking APIs - QA Test Suite","2026-09-21","passed","2026-09-21","Verify Device Changed","Login, Credentials, Security & Devices","",""
"","261","Admin Games Sessions - No Auth","Personal Banking APIs - QA Test Suite","2026-09-21","passed","2026-09-21","Admin Games Sessions","Rewards, Cash Tokens & Wishlists","",""
"","152","Borrow - Missing Required Field","Personal Banking APIs - QA Test Suite","2026-09-21","failed","2026-09-21","Borrow","Kolo Connect Advances","",""
"","152","Wallet Download Target Statement - Invalid Status Or Type","Personal Banking APIs - QA Test Suite","2026-09-21","failed","2026-09-21","Wallet Download Target Statement","Target Savings","",""
"","148","Document Update Status - Nonexistent ID","Personal Banking APIs - QA Test Suite","2026-09-21","failed","2026-09-21","Document Update Status","KYC, Tier Upgrades & Young Moni","",""
"","140","Admin Coins Redemption Rules - No Auth","Personal Banking APIs - QA Test Suite","2026-09-21","passed","2026-09-21","Admin Coins Redemption Rules","Rewards, Cash Tokens & Wishlists","",""
"","161","Admin Admin Upgrade To Merchant - Valid","Personal Banking APIs - QA Test Suite","2026-09-21","failed","2026-09-21","Admin Admin Upgrade To Merchant","KYC, Tier Upgrades & Young Moni","",""
"","152","Inflow Outflow Analytics - Invalid Query","Personal Banking APIs - QA Test Suite","2026-09-21","failed","2026-09-21","Inflow Outflow Analytics","Wallets, Transfers, Transactions & Fund Requests","",""
"","158","Young Moni Upload Child Documents - Empty Fields","Personal Banking APIs - QA Test Suite","2026-09-21","failed","2026-09-21","Young Moni Upload Child Documents","Customer Profile, Accounts & Beneficiaries","",""
"","148","Reset Transaction Pin - Empty Fields","Personal Banking APIs - QA Test Suite","2026-09-21","passed","2026-09-21","Reset Transaction Pin","Login, Credentials, Security & Devices","",""
"","151","Partial - Invalid ID","Personal Banking APIs - QA Test Suite","2026-09-21","failed","2026-09-21","Partial","Wallets, Transfers, Transactions & Fund Requests","",""
"","140","Data Plans - No Auth","Personal Banking APIs - QA Test Suite","2026-09-21","passed","2026-09-21","Data Plans","Airtime, Data, Bills & VAS Beneficiaries","",""
"","165","Verify Email Update - Invalid Token Or PIN","Personal Banking APIs - QA Test Suite","2026-09-21","passed","2026-09-21","Verify Email Update","KYC, Tier Upgrades & Young Moni","",""
"","141","Reset Transaction Pin - No Auth","Personal Banking APIs - QA Test Suite","2026-09-21","passed","2026-09-21","Reset Transaction Pin","Login, Credentials, Security & Devices","",""
"","605","List - Valid","Personal Banking APIs - QA Test Suite","2026-09-21","failed","2026-09-21","List","Wallets, Transfers, Transactions & Fund Requests","",""
"","141","Renew Insurance - No Auth","Personal Banking APIs - QA Test Suite","2026-09-21","passed","2026-09-21","Renew Insurance","Insurance","",""
"","149","Wallet Download Target Statement - Missing Required Field","Personal Banking APIs - QA Test Suite","2026-09-21","failed","2026-09-21","Wallet Download Target Statement","Target Savings","",""
"","262","Admin - No Auth","Personal Banking APIs - QA Test Suite","2026-09-21","passed","2026-09-21","Admin","KYC, Tier Upgrades & Young Moni","",""
"","147","Reject Single Fund Request - Missing Required Field","Personal Banking APIs - QA Test Suite","2026-09-21","failed","2026-09-21","Reject Single Fund Request","Wallets, Transfers, Transactions & Fund Requests","",""
"","149","Update Tin - Empty Fields","Personal Banking APIs - QA Test Suite","2026-09-21","passed","2026-09-21","Update Tin","Customer Profile, Accounts & Beneficiaries","",""
"","151","Topup Supalock - Nonexistent ID","Personal Banking APIs - QA Test Suite","2026-09-21","failed","2026-09-21","Topup Supalock","Supalock Savings","",""
"","158","Youngmoni Transfer - Valid","Personal Banking APIs - QA Test Suite","2026-09-21","failed","2026-09-21","Youngmoni Transfer","Scheduled Payments","",""
"","147","Disable - Invalid ID","Personal Banking APIs - QA Test Suite","2026-09-21","failed","2026-09-21","Disable","Wallets, Transfers, Transactions & Fund Requests","",""
"","140","Admin Admin Upgrade To Merchant - No Auth","Personal Banking APIs - QA Test Suite","2026-09-21","passed","2026-09-21","Admin Admin Upgrade To Merchant","KYC, Tier Upgrades & Young Moni","",""
"","149","Terms - Invalid Query","Personal Banking APIs - QA Test Suite","2026-09-21","failed","2026-09-21","Terms","Rewards, Cash Tokens & Wishlists","",""
"","266","Admin Games - Valid","Personal Banking APIs - QA Test Suite","2026-09-21","failed","2026-09-21","Admin Games","Rewards, Cash Tokens & Wishlists","",""
"","162","Document Delete - Valid","Personal Banking APIs - QA Test Suite","2026-09-21","failed","2026-09-21","Document Delete","KYC, Tier Upgrades & Young Moni","",""
"","189","Requests Request Card - Valid","Personal Banking APIs - QA Test Suite","2026-09-21","failed","2026-09-21","Requests Request Card","Customer Cards","",""
"","144","Create Her Wealth - No Auth","Personal Banking APIs - QA Test Suite","2026-09-21","passed","2026-09-21","Create Her Wealth","Customer Profile, Accounts & Beneficiaries","",""
"","143","Transactions Create Plan - Empty Fields","Personal Banking APIs - QA Test Suite","2026-09-21","passed","2026-09-21","Transactions Create Plan","SWAG Savings","",""
"","141","Partial - Invalid Amount","Personal Banking APIs - QA Test Suite","2026-09-21","passed","2026-09-21","Partial","Wallets, Transfers, Transactions & Fund Requests","",""
"","140","Upload Bulk Fund Request - Invalid Status Or Type","Personal Banking APIs - QA Test Suite","2026-09-21","passed","2026-09-21","Upload Bulk Fund Request","Wallets, Transfers, Transactions & Fund Requests","",""
"","149","Document Delete - Invalid ID","Personal Banking APIs - QA Test Suite","2026-09-21","failed","2026-09-21","Document Delete","KYC, Tier Upgrades & Young Moni","",""
"","140","Wallet Interest Balance - No Auth","Personal Banking APIs - QA Test Suite","2026-09-21","passed","2026-09-21","Wallet Interest Balance","Save & Spend","",""
"","140","Coin Wallet Transactions - No Auth","Personal Banking APIs - QA Test Suite","2026-09-21","passed","2026-09-21","Coin Wallet Transactions","Rewards, Cash Tokens & Wishlists","",""
"","147","Account Officer - Nonexistent ID","Personal Banking APIs - QA Test Suite","2026-09-21","passed","2026-09-21","Account Officer","Customer Profile, Accounts & Beneficiaries","",""
"","139","Request Account Reactivation - No Auth","Personal Banking APIs - QA Test Suite","2026-09-21","passed","2026-09-21","Request Account Reactivation","KYC, Tier Upgrades & Young Moni","",""
"","154","Disable - Missing Required Field","Personal Banking APIs - QA Test Suite","2026-09-21","failed","2026-09-21","Disable","Wallets, Transfers, Transactions & Fund Requests","",""
"","143","Purchase Electricity - Valid","Personal Banking APIs - QA Test Suite","2026-09-21","failed","2026-09-21","Purchase Electricity","Airtime, Data, Bills & VAS Beneficiaries","",""
"","144","Reset Login Pin - No Auth","Personal Banking APIs - QA Test Suite","2026-09-21","passed","2026-09-21","Reset Login Pin","Login, Credentials, Security & Devices","",""
"","161","List - Invalid Query","Personal Banking APIs - QA Test Suite","2026-09-21","failed","2026-09-21","List","Customer Cards","",""
"","147","Item - Nonexistent ID","Personal Banking APIs - QA Test Suite","2026-09-21","passed","2026-09-21","Item","Rewards, Cash Tokens & Wishlists","",""
"","143","Wallet Download Target Statement - No Auth","Personal Banking APIs - QA Test Suite","2026-09-21","passed","2026-09-21","Wallet Download Target Statement","Target Savings","",""
"","152","Winner - Invalid Query","Personal Banking APIs - QA Test Suite","2026-09-21","failed","2026-09-21","Winner","Rewards, Cash Tokens & Wishlists","",""
"","138","Retrieve - No Auth","Personal Banking APIs - QA Test Suite","2026-09-21","passed","2026-09-21","Retrieve","Wallets, Transfers, Transactions & Fund Requests","",""
"","149","Admin Games Rewards - Invalid ID","Personal Banking APIs - QA Test Suite","2026-09-21","failed","2026-09-21","Admin Games Rewards","Rewards, Cash Tokens & Wishlists","",""
"","151","Reset Login Pin - Invalid Token Or PIN","Personal Banking APIs - QA Test Suite","2026-09-21","passed","2026-09-21","Reset Login Pin","Login, Credentials, Security & Devices","",""
"","153","Verify Email OTP - Missing Required Field","Personal Banking APIs - QA Test Suite","2026-09-21","passed","2026-09-21","Verify Email OTP","Customer Onboarding","",""
"","149","Total Supalock Amount - Invalid Query","Personal Banking APIs - QA Test Suite","2026-09-21","failed","2026-09-21","Total Supalock Amount","Supalock Savings","",""
"","178","Activate - Valid","Personal Banking APIs - QA Test Suite","2026-09-21","failed","2026-09-21","Activate","Customer Cards","",""
"","151","Toolkit Accounts - Invalid Query","Personal Banking APIs - QA Test Suite","2026-09-21","failed","2026-09-21","Toolkit Accounts","Customer Profile, Accounts & Beneficiaries","",""
"","147","Document Update Status - Empty Fields","Personal Banking APIs - QA Test Suite","2026-09-21","failed","2026-09-21","Document Update Status","KYC, Tier Upgrades & Young Moni","",""
"","141","Young Moni - No Auth","Personal Banking APIs - QA Test Suite","2026-09-21","passed","2026-09-21","Young Moni","Customer Profile, Accounts & Beneficiaries","",""
"","194","Update Daily Transfer Limit - Valid","Personal Banking APIs - QA Test Suite","2026-09-21","failed","2026-09-21","Update Daily Transfer Limit","Customer Profile, Accounts & Beneficiaries","",""
"","142","Young Moni Documents Action Document - No Auth","Personal Banking APIs - QA Test Suite","2026-09-21","passed","2026-09-21","Young Moni Documents Action Document","KYC, Tier Upgrades & Young Moni","",""
"","240","Update Communication Preference - Valid","Personal Banking APIs - QA Test Suite","2026-09-21","failed","2026-09-21","Update Communication Preference","Customer Profile, Accounts & Beneficiaries","",""
"","173","Proposed Contributor - Valid","Personal Banking APIs - QA Test Suite","2026-09-21","failed","2026-09-21","Proposed Contributor","Rewards, Cash Tokens & Wishlists","",""
"","158","Webhook Cashtoken Webhook - Missing Required Field","Personal Banking APIs - QA Test Suite","2026-09-21","failed","2026-09-21","Webhook Cashtoken Webhook","Rewards, Cash Tokens & Wishlists","",""
"","147","Document Update Status - Missing Required Field","Personal Banking APIs - QA Test Suite","2026-09-21","failed","2026-09-21","Document Update Status","KYC, Tier Upgrades & Young Moni","",""
"","148","Young Moni Requests Request Stats - Invalid Query","Personal Banking APIs - QA Test Suite","2026-09-21","failed","2026-09-21","Young Moni Requests Request Stats","KYC, Tier Upgrades & Young Moni","",""
"","162","Remaining Limit Today - Valid","Personal Banking APIs - QA Test Suite","2026-09-21","passed","2026-09-21","Remaining Limit Today","Wallets, Transfers, Transactions & Fund Requests","",""
"","138","Reject Single Fund Request - No Auth","Personal Banking APIs - QA Test Suite","2026-09-21","passed","2026-09-21","Reject Single Fund Request","Wallets, Transfers, Transactions & Fund Requests","",""
"","146","Withdraw Supalock - Missing Required Field","Personal Banking APIs - QA Test Suite","2026-09-21","failed","2026-09-21","Withdraw Supalock","Supalock Savings","",""
"","139","Tier Two Upgrade - No Auth","Personal Banking APIs - QA Test Suite","2026-09-21","passed","2026-09-21","Tier Two Upgrade","KYC, Tier Upgrades & Young Moni","",""
"","154","Withdraw Supalock - Empty Fields","Personal Banking APIs - QA Test Suite","2026-09-21","failed","2026-09-21","Withdraw Supalock","Supalock Savings","",""
"","154","Admin Upload Documents - Invalid Status Or Type","Personal Banking APIs - QA Test Suite","2026-09-21","passed","2026-09-21","Admin Upload Documents","KYC, Tier Upgrades & Young Moni","",""
"","146","Request Account Reactivation - Invalid Status Or Type","Personal Banking APIs - QA Test Suite","2026-09-21","passed","2026-09-21","Request Account Reactivation","KYC, Tier Upgrades & Young Moni","",""
"","156","Verify Device Changed - Valid","Personal Banking APIs - QA Test Suite","2026-09-21","failed","2026-09-21","Verify Device Changed","Login, Credentials, Security & Devices","",""
"","147","Transactions Withdraw Interest - No Auth","Personal Banking APIs - QA Test Suite","2026-09-21","failed","2026-09-21","Transactions Withdraw Interest","SWAG Savings","",""
"","149","List Documents - Invalid Query","Personal Banking APIs - QA Test Suite","2026-09-21","failed","2026-09-21","List Documents","KYC, Tier Upgrades & Young Moni","",""
"","153","Find Customers By Phone - Missing Required Field","Personal Banking APIs - QA Test Suite","2026-09-21","passed","2026-09-21","Find Customers By Phone","Customer Profile, Accounts & Beneficiaries","",""
"","141","Young Moni Validate Details - Empty Fields","Personal Banking APIs - QA Test Suite","2026-09-21","failed","2026-09-21","Young Moni Validate Details","Customer Profile, Accounts & Beneficiaries","",""
"","152","Proposed Contributor - Invalid Amount","Personal Banking APIs - QA Test Suite","2026-09-21","passed","2026-09-21","Proposed Contributor","Rewards, Cash Tokens & Wishlists","",""
"","150","Login - Invalid Token Or PIN","Personal Banking APIs - QA Test Suite","2026-09-21","passed","2026-09-21","Login","Login, Credentials, Security & Devices","",""
"","150","Retrieve - Nonexistent ID","Personal Banking APIs - QA Test Suite","2026-09-21","passed","2026-09-21","Retrieve","KYC, Tier Upgrades & Young Moni","",""
"","210","Redeem Coins - Valid","Personal Banking APIs - QA Test Suite","2026-09-21","failed","2026-09-21","Redeem Coins","Rewards, Cash Tokens & Wishlists","",""
"","152","Reward With Cashback - Missing Required Field","Personal Banking APIs - QA Test Suite","2026-09-21","failed","2026-09-21","Reward With Cashback","Rewards, Cash Tokens & Wishlists","",""
"","149","Payment Merchant - Nonexistent ID","Personal Banking APIs - QA Test Suite","2026-09-21","passed","2026-09-21","Payment Merchant","Customer Cards","",""
"","140","Transactions Break Wallet - Missing Required Field","Personal Banking APIs - QA Test Suite","2026-09-21","passed","2026-09-21","Transactions Break Wallet","Save & Spend","",""
"","159","Redeem Insurance - Valid","Personal Banking APIs - QA Test Suite","2026-09-21","failed","2026-09-21","Redeem Insurance","Insurance","",""
"","169","Borrow - Valid","Personal Banking APIs - QA Test Suite","2026-09-21","failed","2026-09-21","Borrow","Kolo Connect Advances","",""
"","146","Wallet - Nonexistent ID","Personal Banking APIs - QA Test Suite","2026-09-21","failed","2026-09-21","Wallet","SWAG Savings","",""
"","162","Retrieve - Nonexistent ID","Personal Banking APIs - QA Test Suite","2026-09-21","failed","2026-09-21","Retrieve","Airtime, Data, Bills & VAS Beneficiaries","",""
"","166","List - Valid","Personal Banking APIs - QA Test Suite","2026-09-21","failed","2026-09-21","List","Supalock Savings","",""
"","153","Admin Upload Documents - Empty Fields","Personal Banking APIs - QA Test Suite","2026-09-21","passed","2026-09-21","Admin Upload Documents","KYC, Tier Upgrades & Young Moni","",""
"","140","Admin Coins Redemption Rules - No Auth","Personal Banking APIs - QA Test Suite","2026-09-21","passed","2026-09-21","Admin Coins Redemption Rules","Rewards, Cash Tokens & Wishlists","",""
"","141","Retrieve - No Auth","Personal Banking APIs - QA Test Suite","2026-09-21","passed","2026-09-21","Retrieve","Scheduled Payments","",""
"","143","Fund Betting Wallet - No Auth","Personal Banking APIs - QA Test Suite","2026-09-21","failed","2026-09-21","Fund Betting Wallet","Airtime, Data, Bills & VAS Beneficiaries","",""
"","154","Retrieve - Invalid ID","Personal Banking APIs - QA Test Suite","2026-09-21","failed","2026-09-21","Retrieve","Airtime, Data, Bills & VAS Beneficiaries","",""
"","148","Transactions Update Swag Monthly Rollover - Empty Fields","Personal Banking APIs - QA Test Suite","2026-09-21","failed","2026-09-21","Transactions Update Swag Monthly Rollover","SWAG Savings","",""
"","180","Transactions Evaluate Break - Empty Fields","Personal Banking APIs - QA Test Suite","2026-09-21","passed","2026-09-21","Transactions Evaluate Break","Target Savings","",""
"","166","Verify Phone OTP - Valid","Personal Banking APIs - QA Test Suite","2026-09-21","failed","2026-09-21","Verify Phone OTP","Customer Onboarding","",""
"","150","Transactions - Invalid ID","Personal Banking APIs - QA Test Suite","2026-09-21","passed","2026-09-21","Transactions","Save & Spend","",""
"","139","Airtime - No Auth","Personal Banking APIs - QA Test Suite","2026-09-21","passed","2026-09-21","Airtime","Scheduled Payments","",""
"","138","Recipients - No Auth","Personal Banking APIs - QA Test Suite","2026-09-21","passed","2026-09-21","Recipients","Wallets, Transfers, Transactions & Fund Requests","",""
"","151","Retrieve - Invalid ID","Personal Banking APIs - QA Test Suite","2026-09-21","passed","2026-09-21","Retrieve","Insurance","",""
"","140","Wishlist Config Edit - No Auth","Personal Banking APIs - QA Test Suite","2026-09-21","failed","2026-09-21","Wishlist Config Edit","Rewards, Cash Tokens & Wishlists","",""
"","149","Account Officer Request Change - Missing Required Field","Personal Banking APIs - QA Test Suite","2026-09-21","passed","2026-09-21","Account Officer Request Change","Customer Profile, Accounts & Beneficiaries","",""
"","150","Reject Single Bulk Recipient - Invalid Token Or PIN","Personal Banking APIs - QA Test Suite","2026-09-21","failed","2026-09-21","Reject Single Bulk Recipient","Wallets, Transfers, Transactions & Fund Requests","",""
"","194","Requests Request Card - Missing Required Field","Personal Banking APIs - QA Test Suite","2026-09-21","passed","2026-09-21","Requests Request Card","Customer Cards","",""
"","156","Admin Games Rewards - Valid","Personal Banking APIs - QA Test Suite","2026-09-21","failed","2026-09-21","Admin Games Rewards","Rewards, Cash Tokens & Wishlists","",""
"","159","Transactions Evaluate Target - Empty Fields","Personal Banking APIs - QA Test Suite","2026-09-21","passed","2026-09-21","Transactions Evaluate Target","Target Savings","",""
"","173","Reset Pin - Valid","Personal Banking APIs - QA Test Suite","2026-09-21","failed","2026-09-21","Reset Pin","Customer Cards","",""
"","195","Account Officer View Rating - Valid","Personal Banking APIs - QA Test Suite","2026-09-21","passed","2026-09-21","Account Officer View Rating","Customer Profile, Accounts & Beneficiaries","",""
"","146","Transactions Withdraw Principal - Empty Fields","Personal Banking APIs - QA Test Suite","2026-09-21","passed","2026-09-21","Transactions Withdraw Principal","SWAG Savings","",""
"","142","Admin Coins Rules - No Auth","Personal Banking APIs - QA Test Suite","2026-09-21","passed","2026-09-21","Admin Coins Rules","Rewards, Cash Tokens & Wishlists","",""
"","158","Retrieve - Invalid ID","Personal Banking APIs - QA Test Suite","2026-09-21","passed","2026-09-21","Retrieve","Rewards, Cash Tokens & Wishlists","",""
"","144","Redeem Coins - Empty Fields","Personal Banking APIs - QA Test Suite","2026-09-21","passed","2026-09-21","Redeem Coins","Rewards, Cash Tokens & Wishlists","",""
"","145","Disable - No Auth","Personal Banking APIs - QA Test Suite","2026-09-21","passed","2026-09-21","Disable","Wallets, Transfers, Transactions & Fund Requests","",""
"","141","Transfer - Empty Fields","Personal Banking APIs - QA Test Suite","2026-09-21","passed","2026-09-21","Transfer","Scheduled Payments","",""
"","150","Approve Single Bulk Recipient - Invalid Token Or PIN","Personal Banking APIs - QA Test Suite","2026-09-21","failed","2026-09-21","Approve Single Bulk Recipient","Wallets, Transfers, Transactions & Fund Requests","",""
"","151","Verify Device Changed - Empty Fields","Personal Banking APIs - QA Test Suite","2026-09-21","passed","2026-09-21","Verify Device Changed","Login, Credentials, Security & Devices","",""
"","151","Electricity - Invalid Status Or Type","Personal Banking APIs - QA Test Suite","2026-09-21","passed","2026-09-21","Electricity","Scheduled Payments","",""
"","147","Update Credit Stage - Valid","Personal Banking APIs - QA Test Suite","2026-09-21","failed","2026-09-21","Update Credit Stage","Wallets, Transfers, Transactions & Fund Requests","",""
"","137","Wishlist Config - No Auth","Personal Banking APIs - QA Test Suite","2026-09-21","passed","2026-09-21","Wishlist Config","Rewards, Cash Tokens & Wishlists","",""
"","401","Get Cable Plans - Valid","Personal Banking APIs - QA Test Suite","2026-09-21","passed","2026-09-21","Get Cable Plans","Airtime, Data, Bills & VAS Beneficiaries","",""
"","147","Create - Missing Required Field","Personal Banking APIs - QA Test Suite","2026-09-21","failed","2026-09-21","Create","Wallets, Transfers, Transactions & Fund Requests","",""
"","161","Create - Valid","Personal Banking APIs - QA Test Suite","2026-09-21","failed","2026-09-21","Create","Customer Profile, Accounts & Beneficiaries","",""
"","155","Types - Empty Fields","Personal Banking APIs - QA Test Suite","2026-09-21","failed","2026-09-21","Types","Supalock Savings","",""
"","150","Retrieve - Valid","Personal Banking APIs - QA Test Suite","2026-09-21","failed","2026-09-21","Retrieve","Airtime, Data, Bills & VAS Beneficiaries","",""
"","160","Transactions - Invalid Query","Personal Banking APIs - QA Test Suite","2026-09-21","failed","2026-09-21","Transactions","Wallets, Transfers, Transactions & Fund Requests","",""
"","160","Admin Coins Redemption Rules - Valid","Personal Banking APIs - QA Test Suite","2026-09-21","failed","2026-09-21","Admin Coins Redemption Rules","Rewards, Cash Tokens & Wishlists","",""
"","474","Total Young Moni Balance - Valid","Personal Banking APIs - QA Test Suite","2026-09-21","passed","2026-09-21","Total Young Moni Balance","Customer Profile, Accounts & Beneficiaries","",""
"","150","Initiate Email Update - Invalid Token Or PIN","Personal Banking APIs - QA Test Suite","2026-09-21","passed","2026-09-21","Initiate Email Update","KYC, Tier Upgrades & Young Moni","",""
"","172","Deals Active - Invalid Query","Personal Banking APIs - QA Test Suite","2026-09-21","passed","2026-09-21","Deals Active","Rewards, Cash Tokens & Wishlists","",""
"","175","Unblock - Valid","Personal Banking APIs - QA Test Suite","2026-09-21","failed","2026-09-21","Unblock","Customer Cards","",""
"","139","Fetch Balance - No Auth","Personal Banking APIs - QA Test Suite","2026-09-21","passed","2026-09-21","Fetch Balance","Customer Profile, Accounts & Beneficiaries","",""
"","160","Transactions Create Plan - No Auth","Personal Banking APIs - QA Test Suite","2026-09-21","failed","2026-09-21","Transactions Create Plan","SWAG Savings","",""
"","147","Young Moni Documents Action Document - Empty Fields","Personal Banking APIs - QA Test Suite","2026-09-21","failed","2026-09-21","Young Moni Documents Action Document","KYC, Tier Upgrades & Young Moni","",""
"","151","List Documents - Invalid ID","Personal Banking APIs - QA Test Suite","2026-09-21","passed","2026-09-21","List Documents","KYC, Tier Upgrades & Young Moni","",""
"","141","Create Supalock - No Auth","Personal Banking APIs - QA Test Suite","2026-09-21","passed","2026-09-21","Create Supalock","Supalock Savings","",""
"","480","Get Cable Plans - Invalid Query","Personal Banking APIs - QA Test Suite","2026-09-21","failed","2026-09-21","Get Cable Plans","Airtime, Data, Bills & VAS Beneficiaries","",""
"","141","Initiate Reset Transaction Pin - No Auth","Personal Banking APIs - QA Test Suite","2026-09-21","passed","2026-09-21","Initiate Reset Transaction Pin","Login, Credentials, Security & Devices","",""
"","138","Admin Coins Rules - No Auth","Personal Banking APIs - QA Test Suite","2026-09-21","passed","2026-09-21","Admin Coins Rules","Rewards, Cash Tokens & Wishlists","",""
"","154","Block - Empty Fields","Personal Banking APIs - QA Test Suite","2026-09-21","failed","2026-09-21","Block","Customer Cards","",""
"","172","Toolkit Accounts - Valid","Personal Banking APIs - QA Test Suite","2026-09-21","failed","2026-09-21","Toolkit Accounts","Customer Profile, Accounts & Beneficiaries","",""
"","138","Retrieve - No Auth","Personal Banking APIs - QA Test Suite","2026-09-21","passed","2026-09-21","Retrieve","Insurance","",""
"","142","Games Check Eligibility - No Auth","Personal Banking APIs - QA Test Suite","2026-09-21","passed","2026-09-21","Games Check Eligibility","Rewards, Cash Tokens & Wishlists","",""
"","141","Activate - No Auth","Personal Banking APIs - QA Test Suite","2026-09-21","passed","2026-09-21","Activate","Customer Cards","",""
"","144","Update Documents - No Auth","Personal Banking APIs - QA Test Suite","2026-09-21","passed","2026-09-21","Update Documents","KYC, Tier Upgrades & Young Moni","",""
"","150","Admin Devices Reactivate - Valid","Personal Banking APIs - QA Test Suite","2026-09-21","failed","2026-09-21","Admin Devices Reactivate","Login, Credentials, Security & Devices","",""
"","154","Unblock - Nonexistent ID","Personal Banking APIs - QA Test Suite","2026-09-21","passed","2026-09-21","Unblock","Customer Cards","",""
"","161","Check Email / Phone Availability - Empty Fields","Personal Banking APIs - QA Test Suite","2026-09-21","failed","2026-09-21","Check Email / Phone Availability","Customer Onboarding","",""
"","147","Transactions Create Wallet Product Specific - No Auth","Personal Banking APIs - QA Test Suite","2026-09-21","failed","2026-09-21","Transactions Create Wallet Product Specific","Target Savings","",""
"","147","Admin Coins Redemption Rules - Invalid ID","Personal Banking APIs - QA Test Suite","2026-09-21","failed","2026-09-21","Admin Coins Redemption Rules","Rewards, Cash Tokens & Wishlists","",""
"","162","Retrieve - Valid","Personal Banking APIs - QA Test Suite","2026-09-21","failed","2026-09-21","Retrieve","Supalock Savings","",""
"","151","Transactions Update Swag Monthly Rollover - Invalid Token Or PIN","Personal Banking APIs - QA Test Suite","2026-09-21","failed","2026-09-21","Transactions Update Swag Monthly Rollover","SWAG Savings","",""
"","162","Approve Single Fund Request - Valid","Personal Banking APIs - QA Test Suite","2026-09-21","failed","2026-09-21","Approve Single Fund Request","Wallets, Transfers, Transactions & Fund Requests","",""
"","177","Perform Action - Valid","Personal Banking APIs - QA Test Suite","2026-09-21","failed","2026-09-21","Perform Action","Rewards, Cash Tokens & Wishlists","",""
"","149","Retrieve - Invalid ID","Personal Banking APIs - QA Test Suite","2026-09-21","passed","2026-09-21","Retrieve","KYC, Tier Upgrades & Young Moni","",""
"","147","Update Documents - Missing Required Field","Personal Banking APIs - QA Test Suite","2026-09-21","passed","2026-09-21","Update Documents","KYC, Tier Upgrades & Young Moni","",""
"","153","Find Customers By Phone - Empty Fields","Personal Banking APIs - QA Test Suite","2026-09-21","passed","2026-09-21","Find Customers By Phone","Customer Profile, Accounts & Beneficiaries","",""
"","153","Validate Face Match - Missing Required Field","Personal Banking APIs - QA Test Suite","2026-09-21","passed","2026-09-21","Validate Face Match","Login, Credentials, Security & Devices","",""
"","152","Retrieve - Nonexistent ID","Personal Banking APIs - QA Test Suite","2026-09-21","failed","2026-09-21","Retrieve","Supalock Savings","",""
"","158","Update Communication Preference - Nonexistent ID","Personal Banking APIs - QA Test Suite","2026-09-21","passed","2026-09-21","Update Communication Preference","Customer Profile, Accounts & Beneficiaries","",""
"","163","Create - Valid","Personal Banking APIs - QA Test Suite","2026-09-21","failed","2026-09-21","Create","Airtime, Data, Bills & VAS Beneficiaries","",""
"","152","Repayment Plan - Invalid Query","Personal Banking APIs - QA Test Suite","2026-09-21","failed","2026-09-21","Repayment Plan","Kolo Connect Advances","",""
"","138","Games Get Rewards - No Auth","Personal Banking APIs - QA Test Suite","2026-09-21","passed","2026-09-21","Games Get Rewards","Rewards, Cash Tokens & Wishlists","",""
"","140","Channel Settings - No Auth","Personal Banking APIs - QA Test Suite","2026-09-21","passed","2026-09-21","Channel Settings","Customer Cards","",""
"","141","Create Transaction Pin - Invalid Token Or PIN","Personal Banking APIs - QA Test Suite","2026-09-21","failed","2026-09-21","Create Transaction Pin","Login, Credentials, Security & Devices","",""
"","163","Retrieve - Valid","Personal Banking APIs - QA Test Suite","2026-09-21","failed","2026-09-21","Retrieve","Customer Cards","",""
"","148","Recipients - Invalid ID","Personal Banking APIs - QA Test Suite","2026-09-21","failed","2026-09-21","Recipients","Wallets, Transfers, Transactions & Fund Requests","",""
"","148","Setup Liveness Image - Missing Required Field","Personal Banking APIs - QA Test Suite","2026-09-21","passed","2026-09-21","Setup Liveness Image","Login, Credentials, Security & Devices","",""
"","147","Update Request Recipients - Empty Fields","Personal Banking APIs - QA Test Suite","2026-09-21","failed","2026-09-21","Update Request Recipients","Wallets, Transfers, Transactions & Fund Requests","",""
"","140","Admin Devices Deactivate - No Auth","Personal Banking APIs - QA Test Suite","2026-09-21","failed","2026-09-21","Admin Devices Deactivate","Login, Credentials, Security & Devices","",""
"","150","Types - Nonexistent ID","Personal Banking APIs - QA Test Suite","2026-09-21","passed","2026-09-21","Types","Supalock Savings","",""
"","204","Games Card Match - Valid","Personal Banking APIs - QA Test Suite","2026-09-21","failed","2026-09-21","Games Card Match","Rewards, Cash Tokens & Wishlists","",""
"","142","Purchase Electricity - Missing Required Field","Personal Banking APIs - QA Test Suite","2026-09-21","passed","2026-09-21","Purchase Electricity","Airtime, Data, Bills & VAS Beneficiaries","",""
"","150","Retrieve - Nonexistent ID","Personal Banking APIs - QA Test Suite","2026-09-21","failed","2026-09-21","Retrieve","Kolo Connect Advances","",""
"","156","Admin Coins Rules - Nonexistent ID","Personal Banking APIs - QA Test Suite","2026-09-21","failed","2026-09-21","Admin Coins Rules","Rewards, Cash Tokens & Wishlists","",""
"","139","Wallet - No Auth","Personal Banking APIs - QA Test Suite","2026-09-21","passed","2026-09-21","Wallet","Target Savings","",""
"","144","Youngmoni Transfer - Empty Fields","Personal Banking APIs - QA Test Suite","2026-09-21","passed","2026-09-21","Youngmoni Transfer","Scheduled Payments","",""
"","148","Transactions Create Wallet - Invalid Amount","Personal Banking APIs - QA Test Suite","2026-09-21","passed","2026-09-21","Transactions Create Wallet","Target Savings","",""
"","141","Admin Devices Reactivate - Invalid ID","Personal Banking APIs - QA Test Suite","2026-09-21","failed","2026-09-21","Admin Devices Reactivate","Login, Credentials, Security & Devices","",""
"","137","List - No Auth","Personal Banking APIs - QA Test Suite","2026-09-21","passed","2026-09-21","List","Wallets, Transfers, Transactions & Fund Requests","",""
"","401","Fetch Balance - Invalid ID","Personal Banking APIs - QA Test Suite","2026-09-21","passed","2026-09-21","Fetch Balance","Customer Profile, Accounts & Beneficiaries","",""
"","163","List - Invalid Query","Personal Banking APIs - QA Test Suite","2026-09-21","failed","2026-09-21","List","Customer Profile, Accounts & Beneficiaries","",""
"","154","Account Officer Rate Officer - Missing Required Field","Personal Banking APIs - QA Test Suite","2026-09-21","failed","2026-09-21","Account Officer Rate Officer","Customer Profile, Accounts & Beneficiaries","",""
"","138","Approve Bulk Fund Request - No Auth","Personal Banking APIs - QA Test Suite","2026-09-21","passed","2026-09-21","Approve Bulk Fund Request","Wallets, Transfers, Transactions & Fund Requests","",""
"","146","Fund Betting Wallet - Valid","Personal Banking APIs - QA Test Suite","2026-09-21","failed","2026-09-21","Fund Betting Wallet","Airtime, Data, Bills & VAS Beneficiaries","",""
"","146","Notify Of Missed Inward - Missing Required Field","Personal Banking APIs - QA Test Suite","2026-09-21","failed","2026-09-21","Notify Of Missed Inward","Wallets, Transfers, Transactions & Fund Requests","",""
"","149","Admin Admin Tier One Upgrade - Empty Fields","Personal Banking APIs - QA Test Suite","2026-09-21","failed","2026-09-21","Admin Admin Tier One Upgrade","KYC, Tier Upgrades & Young Moni","",""
"","138","Item - No Auth","Personal Banking APIs - QA Test Suite","2026-09-21","passed","2026-09-21","Item","Rewards, Cash Tokens & Wishlists","",""
"","161","Validate Jamb Profile - Invalid Status Or Type","Personal Banking APIs - QA Test Suite","2026-09-21","failed","2026-09-21","Validate Jamb Profile","Airtime, Data, Bills & VAS Beneficiaries","",""
"","141","Youngmoni Transfer - No Auth","Personal Banking APIs - QA Test Suite","2026-09-21","passed","2026-09-21","Youngmoni Transfer","Scheduled Payments","",""
"","153","Repay - Missing Required Field","Personal Banking APIs - QA Test Suite","2026-09-21","failed","2026-09-21","Repay","Kolo Connect Advances","",""
"","146","Admin Games Rewards - Invalid ID","Personal Banking APIs - QA Test Suite","2026-09-21","failed","2026-09-21","Admin Games Rewards","Rewards, Cash Tokens & Wishlists","",""
"","153","Export Fund Recipients - Empty Fields","Personal Banking APIs - QA Test Suite","2026-09-21","failed","2026-09-21","Export Fund Recipients","Wallets, Transfers, Transactions & Fund Requests","",""
"","180","Item - Valid","Personal Banking APIs - QA Test Suite","2026-09-21","failed","2026-09-21","Item","Rewards, Cash Tokens & Wishlists","",""
