"DESCRIPTION","DURATION IN MS","NAME","PARENT SUITE","START TIME","STATUS","STOP TIME","SUB SUITE","SUITE","TEST CLASS","TEST METHOD"
"","165","Repay - Missing Required Field","Personal Banking APIs - QA Test Suite","2026-10-04","failed","2026-10-04","Repay","Kolo Connect Advances","",""
"","174","Activate - Invalid ID","Personal Banking APIs - QA Test Suite","2026-10-04","passed","2026-10-04","Activate","Customer Cards","",""
"","190","Retrieve - Invalid Query","Personal Banking APIs - QA Test Suite","2026-10-04","failed","2026-10-04","Retrieve","Airtime, Data, Bills & VAS Beneficiaries","",""
"","186","Admin Games Rewards - Nonexistent ID","Personal Banking APIs - QA Test Suite","2026-10-04","failed","2026-10-04","Admin Games Rewards","Rewards, Cash Tokens & Wishlists","",""
"","186","Renew Insurance - Valid","Personal Banking APIs - QA Test Suite","2026-10-04","failed","2026-10-04","Renew Insurance","Insurance","",""
"","176","Admin Coins Redemption Rules - No Auth","Personal Banking APIs - QA Test Suite","2026-10-04","passed","2026-10-04","Admin Coins Redemption Rules","Rewards, Cash Tokens & Wishlists","",""
"","342","Admin Coins Rules - Nonexistent ID","Personal Banking APIs - QA Test Suite","2026-10-04","failed","2026-10-04","Admin Coins Rules","Rewards, Cash Tokens & Wishlists","",""
"","167","Validate Jamb Profile - Empty Fields","Personal Banking APIs - QA Test Suite","2026-10-04","failed","2026-10-04","Validate Jamb Profile","Airtime, Data, Bills & VAS Beneficiaries","",""
"","182","Transactions - No Auth","Personal Banking APIs - QA Test Suite","2026-10-04","passed","2026-10-04","Transactions","Target Savings","",""
"","184","Transaction - No Auth","Personal Banking APIs - QA Test Suite","2026-10-04","passed","2026-10-04","Transaction","Airtime, Data, Bills & VAS Beneficiaries","",""
"","175","Login With Pin - Empty Fields","Personal Banking APIs - QA Test Suite","2026-10-04","passed","2026-10-04","Login With Pin","Login, Credentials, Security & Devices","",""
"","168","Transactions - Invalid ID","Personal Banking APIs - QA Test Suite","2026-10-04","passed","2026-10-04","Transactions","Target Savings","",""
"","179","Borrow - Valid","Personal Banking APIs - QA Test Suite","2026-10-04","failed","2026-10-04","Borrow","Kolo Connect Advances","",""
"","198","Verify Device Changed - Empty Fields","Personal Banking APIs - QA Test Suite","2026-10-04","passed","2026-10-04","Verify Device Changed","Login, Credentials, Security & Devices","",""
"","176","Recipients - Invalid Query","Personal Banking APIs - QA Test Suite","2026-10-04","failed","2026-10-04","Recipients","Wallets, Transfers, Transactions & Fund Requests","",""
"","174","Update Tin - Missing Required Field","Personal Banking APIs - QA Test Suite","2026-10-04","passed","2026-10-04","Update Tin","Customer Profile, Accounts & Beneficiaries","",""
"","171","Retrieve - Valid","Personal Banking APIs - QA Test Suite","2026-10-04","failed","2026-10-04","Retrieve","Customer Cards","",""
"","181","Purchase Electricity - No Auth","Personal Banking APIs - QA Test Suite","2026-10-04","failed","2026-10-04","Purchase Electricity","Airtime, Data, Bills & VAS Beneficiaries","",""
"","192","Reject Single Bulk Recipient - Valid","Personal Banking APIs - QA Test Suite","2026-10-04","failed","2026-10-04","Reject Single Bulk Recipient","Wallets, Transfers, Transactions & Fund Requests","",""
"","176","Terms Draw Details - Invalid Query","Personal Banking APIs - QA Test Suite","2026-10-04","failed","2026-10-04","Terms Draw Details","Rewards, Cash Tokens & Wishlists","",""
"","188","Download Statement - No Auth","Personal Banking APIs - QA Test Suite","2026-10-04","passed","2026-10-04","Download Statement","Wallets, Transfers, Transactions & Fund Requests","",""
"","178","Fee Settings - No Auth","Personal Banking APIs - QA Test Suite","2026-10-04","passed","2026-10-04","Fee Settings","Customer Cards","",""
"","220","Transaction - Valid","Personal Banking APIs - QA Test Suite","2026-10-04","failed","2026-10-04","Transaction","Airtime, Data, Bills & VAS Beneficiaries","",""
"","179","Young Moni Documents - No Auth","Personal Banking APIs - QA Test Suite","2026-10-04","passed","2026-10-04","Young Moni Documents","KYC, Tier Upgrades & Young Moni","",""
"","324","Admin - No Auth","Personal Banking APIs - QA Test Suite","2026-10-04","passed","2026-10-04","Admin","KYC, Tier Upgrades & Young Moni","",""
"","3718","Admin - Valid","Personal Banking APIs - QA Test Suite","2026-10-04","failed","2026-10-04","Admin","KYC, Tier Upgrades & Young Moni","",""
"","358","Admin Games Rewards - Nonexistent ID","Personal Banking APIs - QA Test Suite","2026-10-04","failed","2026-10-04","Admin Games Rewards","Rewards, Cash Tokens & Wishlists","",""
"","184","Retrieve - Invalid ID","Personal Banking APIs - QA Test Suite","2026-10-04","passed","2026-10-04","Retrieve","Scheduled Payments","",""
"","190","Young Moni Documents Action Document - Valid","Personal Banking APIs - QA Test Suite","2026-10-04","failed","2026-10-04","Young Moni Documents Action Document","KYC, Tier Upgrades & Young Moni","",""
"","184","Verify BVN (Choose BVN or NIN) - Missing Required Field","Personal Banking APIs - QA Test Suite","2026-10-04","passed","2026-10-04","Verify BVN (Choose BVN or NIN)","Customer Onboarding","",""
"","173","Winner Dismiss Action - No Auth","Personal Banking APIs - QA Test Suite","2026-10-04","passed","2026-10-04","Winner Dismiss Action","Rewards, Cash Tokens & Wishlists","",""
"","169","Toolkit Accounts - Invalid Query","Personal Banking APIs - QA Test Suite","2026-10-04","failed","2026-10-04","Toolkit Accounts","Customer Profile, Accounts & Beneficiaries","",""
"","171","Activate - Invalid Token Or PIN","Personal Banking APIs - QA Test Suite","2026-10-04","failed","2026-10-04","Activate","Customer Cards","",""
"","196","Admin Admin Upgrade To Merchant - Empty Fields","Personal Banking APIs - QA Test Suite","2026-10-04","failed","2026-10-04","Admin Admin Upgrade To Merchant","KYC, Tier Upgrades & Young Moni","",""
"","190","Retrieve - Nonexistent ID","Personal Banking APIs - QA Test Suite","2026-10-04","failed","2026-10-04","Retrieve","Supalock Savings","",""
"","176","Admin Coins Rules - Invalid Status Or Type","Personal Banking APIs - QA Test Suite","2026-10-04","failed","2026-10-04","Admin Coins Rules","Rewards, Cash Tokens & Wishlists","",""
"","167","Update Documents - Empty Fields","Personal Banking APIs - QA Test Suite","2026-10-04","passed","2026-10-04","Update Documents","KYC, Tier Upgrades & Young Moni","",""
"","204","Cancel Schedule Payment - Valid","Personal Banking APIs - QA Test Suite","2026-10-04","failed","2026-10-04","Cancel Schedule Payment","Scheduled Payments","",""
"","318","Admin List Documents - Invalid ID","Personal Banking APIs - QA Test Suite","2026-10-04","passed","2026-10-04","Admin List Documents","KYC, Tier Upgrades & Young Moni","",""
"","167","Transactions - Invalid ID","Personal Banking APIs - QA Test Suite","2026-10-04","passed","2026-10-04","Transactions","Save & Spend","",""
"","174","Get Betting Billers - Invalid Query","Personal Banking APIs - QA Test Suite","2026-10-04","failed","2026-10-04","Get Betting Billers","Airtime, Data, Bills & VAS Beneficiaries","",""
"","185","Create - Empty Fields","Personal Banking APIs - QA Test Suite","2026-10-04","passed","2026-10-04","Create","Customer Profile, Accounts & Beneficiaries","",""
"","310","Admin Games - Nonexistent ID","Personal Banking APIs - QA Test Suite","2026-10-04","failed","2026-10-04","Admin Games","Rewards, Cash Tokens & Wishlists","",""
"","199","Add Item - Empty Fields","Personal Banking APIs - QA Test Suite","2026-10-04","failed","2026-10-04","Add Item","Rewards, Cash Tokens & Wishlists","",""
"","199","Account Officer Change Request - Valid","Personal Banking APIs - QA Test Suite","2026-10-04","passed","2026-10-04","Account Officer Change Request","Customer Profile, Accounts & Beneficiaries","",""
"","204","Young Moni Documents - Valid","Personal Banking APIs - QA Test Suite","2026-10-04","failed","2026-10-04","Young Moni Documents","KYC, Tier Upgrades & Young Moni","",""
"","460","Fetch Balance - Nonexistent ID","Personal Banking APIs - QA Test Suite","2026-10-04","passed","2026-10-04","Fetch Balance","Customer Profile, Accounts & Beneficiaries","",""
"","175","Find Account Banks - Missing Required Field","Personal Banking APIs - QA Test Suite","2026-10-04","passed","2026-10-04","Find Account Banks","Customer Profile, Accounts & Beneficiaries","",""
"","330","Admin List Documents - Invalid Query","Personal Banking APIs - QA Test Suite","2026-10-04","failed","2026-10-04","Admin List Documents","KYC, Tier Upgrades & Young Moni","",""
"","157","Request Account Reactivation - No Auth","Personal Banking APIs - QA Test Suite","2026-10-04","passed","2026-10-04","Request Account Reactivation","KYC, Tier Upgrades & Young Moni","",""
"","171","Verify NIN (Choose BVN or NIN) - Valid","Personal Banking APIs - QA Test Suite","2026-10-04","failed","2026-10-04","Verify NIN (Choose BVN or NIN)","Customer Onboarding","",""
"","191","Admin Complete Upgrade Request - Nonexistent ID","Personal Banking APIs - QA Test Suite","2026-10-04","failed","2026-10-04","Admin Complete Upgrade Request","KYC, Tier Upgrades & Young Moni","",""
"","156","Wallet Total Balance - No Auth","Personal Banking APIs - QA Test Suite","2026-10-04","passed","2026-10-04","Wallet Total Balance","Target Savings","",""
"","178","Disable - Missing Required Field","Personal Banking APIs - QA Test Suite","2026-10-04","failed","2026-10-04","Disable","Wallets, Transfers, Transactions & Fund Requests","",""
"","162","Admin Devices Deactivate - Missing Required Field","Personal Banking APIs - QA Test Suite","2026-10-04","failed","2026-10-04","Admin Devices Deactivate","Login, Credentials, Security & Devices","",""
"","334","Admin List Documents - No Auth","Personal Banking APIs - QA Test Suite","2026-10-04","passed","2026-10-04","Admin List Documents","KYC, Tier Upgrades & Young Moni","",""
"","216","Reset Transaction Pin - Valid","Personal Banking APIs - QA Test Suite","2026-10-04","failed","2026-10-04","Reset Transaction Pin","Login, Credentials, Security & Devices","",""
"","192","Notify Of Missed Inward - Valid","Personal Banking APIs - QA Test Suite","2026-10-04","failed","2026-10-04","Notify Of Missed Inward","Wallets, Transfers, Transactions & Fund Requests","",""
"","158","List - No Auth","Personal Banking APIs - QA Test Suite","2026-10-04","passed","2026-10-04","List","Airtime, Data, Bills & VAS Beneficiaries","",""
"","174","Reject Bulk Fund Request - No Auth","Personal Banking APIs - QA Test Suite","2026-10-04","passed","2026-10-04","Reject Bulk Fund Request","Wallets, Transfers, Transactions & Fund Requests","",""
"","184","Transactions Break Target - Empty Fields","Personal Banking APIs - QA Test Suite","2026-10-04","passed","2026-10-04","Transactions Break Target","Target Savings","",""
"","203","Add Account Alias - Valid","Personal Banking APIs - QA Test Suite","2026-10-04","failed","2026-10-04","Add Account Alias","Customer Profile, Accounts & Beneficiaries","",""
"","156","Wallet Download Swag Statement - No Auth","Personal Banking APIs - QA Test Suite","2026-10-04","passed","2026-10-04","Wallet Download Swag Statement","SWAG Savings","",""
"","187","Destroy - Nonexistent ID","Personal Banking APIs - QA Test Suite","2026-10-04","passed","2026-10-04","Destroy","Customer Profile, Accounts & Beneficiaries","",""
"","175","Single Fund Request - Invalid Amount","Personal Banking APIs - QA Test Suite","2026-10-04","passed","2026-10-04","Single Fund Request","Wallets, Transfers, Transactions & Fund Requests","",""
"","206","Enabled Setting - Valid","Personal Banking APIs - QA Test Suite","2026-10-04","failed","2026-10-04","Enabled Setting","Wallets, Transfers, Transactions & Fund Requests","",""
"","203","Eligibility - No Auth","Personal Banking APIs - QA Test Suite","2026-10-04","passed","2026-10-04","Eligibility","Kolo Connect Advances","",""
"","170","Verify Reset Token - Empty Fields","Personal Banking APIs - QA Test Suite","2026-10-04","passed","2026-10-04","Verify Reset Token","Login, Credentials, Security & Devices","",""
"","183","Retrieve - No Auth","Personal Banking APIs - QA Test Suite","2026-10-04","passed","2026-10-04","Retrieve","Insurance","",""
"","191","Providers - Valid","Personal Banking APIs - QA Test Suite","2026-10-04","passed","2026-10-04","Providers","Insurance","",""
"","166","Reset Login Pin - Empty Fields","Personal Banking APIs - QA Test Suite","2026-10-04","passed","2026-10-04","Reset Login Pin","Login, Credentials, Security & Devices","",""
"","167","Item - Valid","Personal Banking APIs - QA Test Suite","2026-10-04","failed","2026-10-04","Item","Rewards, Cash Tokens & Wishlists","",""
"","179","Inter Name Enquiry - Missing Required Field","Personal Banking APIs - QA Test Suite","2026-10-04","passed","2026-10-04","Inter Name Enquiry","Wallets, Transfers, Transactions & Fund Requests","",""
"","215","Encrypt Login - Invalid Email","Personal Banking APIs - QA Test Suite","2026-10-04","failed","2026-10-04","Encrypt Login","Login, Credentials, Security & Devices","",""
"","158","Reward With Cashback - Empty Fields","Personal Banking APIs - QA Test Suite","2026-10-04","passed","2026-10-04","Reward With Cashback","Rewards, Cash Tokens & Wishlists","",""
"","159","Withdraw Supalock - No Auth","Personal Banking APIs - QA Test Suite","2026-10-04","passed","2026-10-04","Withdraw Supalock","Supalock Savings","",""
"","177","Transaction - Invalid Query","Personal Banking APIs - QA Test Suite","2026-10-04","failed","2026-10-04","Transaction","Airtime, Data, Bills & VAS Beneficiaries","",""
"","159","Inter Transfer - Missing Required Field","Personal Banking APIs - QA Test Suite","2026-10-04","passed","2026-10-04","Inter Transfer","Wallets, Transfers, Transactions & Fund Requests","",""
"","155","Coin Redemption Rules - No Auth","Personal Banking APIs - QA Test Suite","2026-10-04","passed","2026-10-04","Coin Redemption Rules","Rewards, Cash Tokens & Wishlists","",""
"","185","Transactions Break Wallet - Valid","Personal Banking APIs - QA Test Suite","2026-10-04","failed","2026-10-04","Transactions Break Wallet","Save & Spend","",""
"","166","Wishlist Config Edit - Invalid ID","Personal Banking APIs - QA Test Suite","2026-10-04","failed","2026-10-04","Wishlist Config Edit","Rewards, Cash Tokens & Wishlists","",""
"","179","Verify Email OTP - Invalid Token Or PIN","Personal Banking APIs - QA Test Suite","2026-10-04","passed","2026-10-04","Verify Email OTP","Customer Onboarding","",""
"","350","Admin Coins Redemption Rules - Invalid Query","Personal Banking APIs - QA Test Suite","2026-10-04","failed","2026-10-04","Admin Coins Redemption Rules","Rewards, Cash Tokens & Wishlists","",""
"","183","Account Officer Change Request - Invalid Query","Personal Banking APIs - QA Test Suite","2026-10-04","failed","2026-10-04","Account Officer Change Request","Customer Profile, Accounts & Beneficiaries","",""
"","241","Admin Games Rewards - Valid","Personal Banking APIs - QA Test Suite","2026-10-04","failed","2026-10-04","Admin Games Rewards","Rewards, Cash Tokens & Wishlists","",""
"","198","Retrieve - Valid","Personal Banking APIs - QA Test Suite","2026-10-04","failed","2026-10-04","Retrieve","Wallets, Transfers, Transactions & Fund Requests","",""
"","329","Admin Games - Valid","Personal Banking APIs - QA Test Suite","2026-10-04","failed","2026-10-04","Admin Games","Rewards, Cash Tokens & Wishlists","",""
"","163","Create - Empty Fields","Personal Banking APIs - QA Test Suite","2026-10-04","failed","2026-10-04","Create","Airtime, Data, Bills & VAS Beneficiaries","",""
"","208","Partial - Missing Required Field","Personal Banking APIs - QA Test Suite","2026-10-04","failed","2026-10-04","Partial","Wallets, Transfers, Transactions & Fund Requests","",""
"","175","Young Moni Documents - Invalid Query","Personal Banking APIs - QA Test Suite","2026-10-04","failed","2026-10-04","Young Moni Documents","KYC, Tier Upgrades & Young Moni","",""
"","194","Youngmoni Transfer - Invalid Amount","Personal Banking APIs - QA Test Suite","2026-10-04","passed","2026-10-04","Youngmoni Transfer","Scheduled Payments","",""
"","168","Retrieve - Valid","Personal Banking APIs - QA Test Suite","2026-10-04","failed","2026-10-04","Retrieve","Rewards, Cash Tokens & Wishlists","",""
"","162","Tier Zero Upgrade - Empty Fields","Personal Banking APIs - QA Test Suite","2026-10-04","passed","2026-10-04","Tier Zero Upgrade","KYC, Tier Upgrades & Young Moni","",""
"","165","Youngmoni Transfer - Invalid Status Or Type","Personal Banking APIs - QA Test Suite","2026-10-04","passed","2026-10-04","Youngmoni Transfer","Scheduled Payments","",""
"","170","Admin Update Documents - Invalid Status Or Type","Personal Banking APIs - QA Test Suite","2026-10-04","passed","2026-10-04","Admin Update Documents","KYC, Tier Upgrades & Young Moni","",""
"","158","Reset Pin - No Auth","Personal Banking APIs - QA Test Suite","2026-10-04","passed","2026-10-04","Reset Pin","Customer Cards","",""
"","192","Details - No Auth","Personal Banking APIs - QA Test Suite","2026-10-04","passed","2026-10-04","Details","Customer Profile, Accounts & Beneficiaries","",""
"","163","Transactions Withdraw Interest - Empty Fields","Personal Banking APIs - QA Test Suite","2026-10-04","passed","2026-10-04","Transactions Withdraw Interest","SWAG Savings","",""
"","190","Withdraw - Nonexistent ID","Personal Banking APIs - QA Test Suite","2026-10-04","passed","2026-10-04","Withdraw","Rewards, Cash Tokens & Wishlists","",""
"","195","Admin Coins Redemption Rules - Invalid Status Or Type","Personal Banking APIs - QA Test Suite","2026-10-04","failed","2026-10-04","Admin Coins Redemption Rules","Rewards, Cash Tokens & Wishlists","",""
"","204","Admin Admin Tier Zero Upgrade - Invalid Status Or Type","Personal Banking APIs - QA Test Suite","2026-10-04","failed","2026-10-04","Admin Admin Tier Zero Upgrade","KYC, Tier Upgrades & Young Moni","",""
"","175","Reset Password - Empty Fields","Personal Banking APIs - QA Test Suite","2026-10-04","passed","2026-10-04","Reset Password","Login, Credentials, Security & Devices","",""
"","322","Admin Coins Transactions - Valid","Personal Banking APIs - QA Test Suite","2026-10-04","failed","2026-10-04","Admin Coins Transactions","Rewards, Cash Tokens & Wishlists","",""
"","331","Admin Games Sessions - Invalid Query","Personal Banking APIs - QA Test Suite","2026-10-04","failed","2026-10-04","Admin Games Sessions","Rewards, Cash Tokens & Wishlists","",""
"","161","Purchase Electricity - Invalid Status Or Type","Personal Banking APIs - QA Test Suite","2026-10-04","passed","2026-10-04","Purchase Electricity","Airtime, Data, Bills & VAS Beneficiaries","",""
"","172","Transactions Evaluate Target - Invalid Status Or Type","Personal Banking APIs - QA Test Suite","2026-10-04","passed","2026-10-04","Transactions Evaluate Target","Target Savings","",""
"","195","Admin Complete Upgrade Request - Invalid ID","Personal Banking APIs - QA Test Suite","2026-10-04","failed","2026-10-04","Admin Complete Upgrade Request","KYC, Tier Upgrades & Young Moni","",""
"","194","Daily Spending Summary - Invalid Query","Personal Banking APIs - QA Test Suite","2026-10-04","failed","2026-10-04","Daily Spending Summary","Wallets, Transfers, Transactions & Fund Requests","",""
"","181","Tenors - No Auth","Personal Banking APIs - QA Test Suite","2026-10-04","passed","2026-10-04","Tenors","Kolo Connect Advances","",""
"","156","List - No Auth","Personal Banking APIs - QA Test Suite","2026-10-04","passed","2026-10-04","List","Wallets, Transfers, Transactions & Fund Requests","",""
"","158","Transactions Break Target - No Auth","Personal Banking APIs - QA Test Suite","2026-10-04","failed","2026-10-04","Transactions Break Target","Target Savings","",""
"","189","Verify BVN (Choose BVN or NIN) - Invalid Status Or Type","Personal Banking APIs - QA Test Suite","2026-10-04","passed","2026-10-04","Verify BVN (Choose BVN or NIN)","Customer Onboarding","",""
"","156","Transactions - No Auth","Personal Banking APIs - QA Test Suite","2026-10-04","passed","2026-10-04","Transactions","Supalock Savings","",""
"","154","Retry Payment Schedule - No Auth","Personal Banking APIs - QA Test Suite","2026-10-04","passed","2026-10-04","Retry Payment Schedule","Scheduled Payments","",""
"","187","Admin Coins Rules - Invalid ID","Personal Banking APIs - QA Test Suite","2026-10-04","failed","2026-10-04","Admin Coins Rules","Rewards, Cash Tokens & Wishlists","",""
"","182","Coin Wallet - No Auth","Personal Banking APIs - QA Test Suite","2026-10-04","passed","2026-10-04","Coin Wallet","Rewards, Cash Tokens & Wishlists","",""
"","228","Channel Settings - Invalid ID","Personal Banking APIs - QA Test Suite","2026-10-04","passed","2026-10-04","Channel Settings","Customer Cards","",""
"","184","Payment Merchant - Valid","Personal Banking APIs - QA Test Suite","2026-10-04","failed","2026-10-04","Payment Merchant","Customer Cards","",""
"","163","Wallet Total Balance - Valid","Personal Banking APIs - QA Test Suite","2026-10-04","failed","2026-10-04","Wallet Total Balance","Target Savings","",""
"","339","Admin Coins Redemption Rules - Valid","Personal Banking APIs - QA Test Suite","2026-10-04","failed","2026-10-04","Admin Coins Redemption Rules","Rewards, Cash Tokens & Wishlists","",""
"","178","Retrieve - Invalid Query","Personal Banking APIs - QA Test Suite","2026-10-04","failed","2026-10-04","Retrieve","Kolo Connect Advances","",""
"","180","Purchase Jamb - Invalid Token Or PIN","Personal Banking APIs - QA Test Suite","2026-10-04","passed","2026-10-04","Purchase Jamb","Airtime, Data, Bills & VAS Beneficiaries","",""
"","259","Transactions - Valid","Personal Banking APIs - QA Test Suite","2026-10-04","passed","2026-10-04","Transactions","Wallets, Transfers, Transactions & Fund Requests","",""
"","192","Terms - Invalid ID","Personal Banking APIs - QA Test Suite","2026-10-04","passed","2026-10-04","Terms","Rewards, Cash Tokens & Wishlists","",""
"","203","Airtime - Invalid Token Or PIN","Personal Banking APIs - QA Test Suite","2026-10-04","passed","2026-10-04","Airtime","Scheduled Payments","",""
"","230","Verify Phone OTP - Invalid Token Or PIN","Personal Banking APIs - QA Test Suite","2026-10-04","passed","2026-10-04","Verify Phone OTP","Customer Onboarding","",""
"","245","Create Insurance - No Auth","Personal Banking APIs - QA Test Suite","2026-10-04","passed","2026-10-04","Create Insurance","Insurance","",""
"","206","List - Invalid Query","Personal Banking APIs - QA Test Suite","2026-10-04","failed","2026-10-04","List","Wallets, Transfers, Transactions & Fund Requests","",""
"","193","Withdraw Supalock - Missing Required Field","Personal Banking APIs - QA Test Suite","2026-10-04","failed","2026-10-04","Withdraw Supalock","Supalock Savings","",""
"","187","Create Insurance - Invalid Token Or PIN","Personal Banking APIs - QA Test Suite","2026-10-04","passed","2026-10-04","Create Insurance","Insurance","",""
"","160","Young Moni Upload Guardian Documents - Empty Fields","Personal Banking APIs - QA Test Suite","2026-10-04","failed","2026-10-04","Young Moni Upload Guardian Documents","Customer Profile, Accounts & Beneficiaries","",""
"","172","Admin Games Rewards - No Auth","Personal Banking APIs - QA Test Suite","2026-10-04","passed","2026-10-04","Admin Games Rewards","Rewards, Cash Tokens & Wishlists","",""
"","178","Create - Valid","Personal Banking APIs - QA Test Suite","2026-10-04","failed","2026-10-04","Create","Wallets, Transfers, Transactions & Fund Requests","",""
"","680","List - Valid","Personal Banking APIs - QA Test Suite","2026-10-04","failed","2026-10-04","List","Supalock Savings","",""
"","184","Document Update Status - Empty Fields","Personal Banking APIs - QA Test Suite","2026-10-04","failed","2026-10-04","Document Update Status","KYC, Tier Upgrades & Young Moni","",""
"","171","Young Moni Documents Action Document - No Auth","Personal Banking APIs - QA Test Suite","2026-10-04","passed","2026-10-04","Young Moni Documents Action Document","KYC, Tier Upgrades & Young Moni","",""
"","174","Destroy - Valid","Personal Banking APIs - QA Test Suite","2026-10-04","failed","2026-10-04","Destroy","Customer Profile, Accounts & Beneficiaries","",""
"","187","List - Valid","Personal Banking APIs - QA Test Suite","2026-10-04","failed","2026-10-04","List","Airtime, Data, Bills & VAS Beneficiaries","",""
"","169","Coin Wallet Transactions - No Auth","Personal Banking APIs - QA Test Suite","2026-10-04","passed","2026-10-04","Coin Wallet Transactions","Rewards, Cash Tokens & Wishlists","",""
"","166","Reward With Airtime - No Auth","Personal Banking APIs - QA Test Suite","2026-10-04","passed","2026-10-04","Reward With Airtime","Rewards, Cash Tokens & Wishlists","",""
"","198","Wishlist Config - Invalid Query","Personal Banking APIs - QA Test Suite","2026-10-04","failed","2026-10-04","Wishlist Config","Rewards, Cash Tokens & Wishlists","",""
"","200","Coin Redemption Rules - Valid","Personal Banking APIs - QA Test Suite","2026-10-04","failed","2026-10-04","Coin Redemption Rules","Rewards, Cash Tokens & Wishlists","",""
"","188","Admin Games Rewards - Valid","Personal Banking APIs - QA Test Suite","2026-10-04","failed","2026-10-04","Admin Games Rewards","Rewards, Cash Tokens & Wishlists","",""
"","182","Young Moni Upload Guardian Documents - Invalid Status Or Type","Personal Banking APIs - QA Test Suite","2026-10-04","failed","2026-10-04","Young Moni Upload Guardian Documents","Customer Profile, Accounts & Beneficiaries","",""
"","160","Update Location - Valid","Personal Banking APIs - QA Test Suite","2026-10-04","failed","2026-10-04","Update Location","Login, Credentials, Security & Devices","",""
"","173","Admin Coins Redemption Rules - Invalid Status Or Type","Personal Banking APIs - QA Test Suite","2026-10-04","failed","2026-10-04","Admin Coins Redemption Rules","Rewards, Cash Tokens & Wishlists","",""
"","193","Young Moni Requests Request Stats - Valid","Personal Banking APIs - QA Test Suite","2026-10-04","failed","2026-10-04","Young Moni Requests Request Stats","KYC, Tier Upgrades & Young Moni","",""
"","169","Withdraw Cashback - Invalid Amount","Personal Banking APIs - QA Test Suite","2026-10-04","failed","2026-10-04","Withdraw Cashback","Wallets, Transfers, Transactions & Fund Requests","",""
"","185","Admin Reject Upgrade Request - No Auth","Personal Banking APIs - QA Test Suite","2026-10-04","passed","2026-10-04","Admin Reject Upgrade Request","KYC, Tier Upgrades & Young Moni","",""
"","194","Retrieve - Nonexistent ID","Personal Banking APIs - QA Test Suite","2026-10-04","passed","2026-10-04","Retrieve","Airtime, Data, Bills & VAS Beneficiaries","",""
"","203","Request Account Reactivation - Valid","Personal Banking APIs - QA Test Suite","2026-10-04","failed","2026-10-04","Request Account Reactivation","KYC, Tier Upgrades & Young Moni","",""
"","168","List - Invalid Query","Personal Banking APIs - QA Test Suite","2026-10-04","failed","2026-10-04","List","Wallets, Transfers, Transactions & Fund Requests","",""
"","157","Admin Devices Reactivate - Empty Fields","Personal Banking APIs - QA Test Suite","2026-10-04","failed","2026-10-04","Admin Devices Reactivate","Login, Credentials, Security & Devices","",""
"","168","Winner Dismiss Action - Invalid Token Or PIN","Personal Banking APIs - QA Test Suite","2026-10-04","failed","2026-10-04","Winner Dismiss Action","Rewards, Cash Tokens & Wishlists","",""
"","245","Data Plans - Invalid ID","Personal Banking APIs - QA Test Suite","2026-10-04","passed","2026-10-04","Data Plans","Airtime, Data, Bills & VAS Beneficiaries","",""
"","189","Register With Phone - Valid","Personal Banking APIs - QA Test Suite","2026-10-04","failed","2026-10-04","Register With Phone","Customer Onboarding","",""
"","169","Validate Betting Id - Valid","Personal Banking APIs - QA Test Suite","2026-10-04","failed","2026-10-04","Validate Betting Id","Airtime, Data, Bills & VAS Beneficiaries","",""
"","187","Initiate Reset Transaction Pin - Valid","Personal Banking APIs - QA Test Suite","2026-10-04","failed","2026-10-04","Initiate Reset Transaction Pin","Login, Credentials, Security & Devices","",""
"","169","Tier Zero Upgrade - Missing Required Field","Personal Banking APIs - QA Test Suite","2026-10-04","passed","2026-10-04","Tier Zero Upgrade","KYC, Tier Upgrades & Young Moni","",""
"","169","Providers - No Auth","Personal Banking APIs - QA Test Suite","2026-10-04","passed","2026-10-04","Providers","Insurance","",""
"","187","Partial - Invalid ID","Personal Banking APIs - QA Test Suite","2026-10-04","failed","2026-10-04","Partial","Wallets, Transfers, Transactions & Fund Requests","",""
"","187","Requests Request Card - Missing Required Field","Personal Banking APIs - QA Test Suite","2026-10-04","passed","2026-10-04","Requests Request Card","Customer Cards","",""
"","401","Get Cable Providers - Invalid Query","Personal Banking APIs - QA Test Suite","2026-10-04","failed","2026-10-04","Get Cable Providers","Airtime, Data, Bills & VAS Beneficiaries","",""
"","172","Wishlist Config Edit - Missing Required Field","Personal Banking APIs - QA Test Suite","2026-10-04","failed","2026-10-04","Wishlist Config Edit","Rewards, Cash Tokens & Wishlists","",""
"","212","Disable - Empty Fields","Personal Banking APIs - QA Test Suite","2026-10-04","failed","2026-10-04","Disable","Wallets, Transfers, Transactions & Fund Requests","",""
"","181","Intra Name Enquiry By Phone - Missing Required Field","Personal Banking APIs - QA Test Suite","2026-10-04","failed","2026-10-04","Intra Name Enquiry By Phone","Wallets, Transfers, Transactions & Fund Requests","",""
"","159","Transactions Deposit - No Auth","Personal Banking APIs - QA Test Suite","2026-10-04","failed","2026-10-04","Transactions Deposit","Target Savings","",""
"","196","Requests - Nonexistent ID","Personal Banking APIs - QA Test Suite","2026-10-04","passed","2026-10-04","Requests","Customer Cards","",""
"","177","Update Location - Empty Fields","Personal Banking APIs - QA Test Suite","2026-10-04","failed","2026-10-04","Update Location","Login, Credentials, Security & Devices","",""
"","179","Transfer - Empty Fields","Personal Banking APIs - QA Test Suite","2026-10-04","passed","2026-10-04","Transfer","Scheduled Payments","",""
"","164","Waec Lookup - Invalid Query","Personal Banking APIs - QA Test Suite","2026-10-04","failed","2026-10-04","Waec Lookup","Airtime, Data, Bills & VAS Beneficiaries","",""
"","170","Admin Coins Rules - Invalid Status Or Type","Personal Banking APIs - QA Test Suite","2026-10-04","failed","2026-10-04","Admin Coins Rules","Rewards, Cash Tokens & Wishlists","",""
"","200","Games Eligibility Requirements - Valid","Personal Banking APIs - QA Test Suite","2026-10-04","failed","2026-10-04","Games Eligibility Requirements","Rewards, Cash Tokens & Wishlists","",""
"","173","Validate Smart Card - Invalid Status Or Type","Personal Banking APIs - QA Test Suite","2026-10-04","failed","2026-10-04","Validate Smart Card","Airtime, Data, Bills & VAS Beneficiaries","",""
"","169","Perform Action - No Auth","Personal Banking APIs - QA Test Suite","2026-10-04","passed","2026-10-04","Perform Action","Rewards, Cash Tokens & Wishlists","",""
"","182","Update Communication Preference - Invalid ID","Personal Banking APIs - QA Test Suite","2026-10-04","passed","2026-10-04","Update Communication Preference","Customer Profile, Accounts & Beneficiaries","",""
"","162","Transactions Deposit - Invalid Amount","Personal Banking APIs - QA Test Suite","2026-10-04","passed","2026-10-04","Transactions Deposit","Target Savings","",""
"","192","Transfers Left - Invalid Query","Personal Banking APIs - QA Test Suite","2026-10-04","failed","2026-10-04","Transfers Left","Wallets, Transfers, Transactions & Fund Requests","",""
"","347","Admin Games Sessions - Valid","Personal Banking APIs - QA Test Suite","2026-10-04","failed","2026-10-04","Admin Games Sessions","Rewards, Cash Tokens & Wishlists","",""
"","176","Young Moni Initiate Account Without Identity - Missing Required Field","Personal Banking APIs - QA Test Suite","2026-10-04","passed","2026-10-04","Young Moni Initiate Account Without Identity","Customer Profile, Accounts & Beneficiaries","",""
"","158","Get Item Edit - Invalid ID","Personal Banking APIs - QA Test Suite","2026-10-04","failed","2026-10-04","Get Item Edit","Rewards, Cash Tokens & Wishlists","",""
"","165","List - Invalid Query","Personal Banking APIs - QA Test Suite","2026-10-04","failed","2026-10-04","List","Supalock Savings","",""
"","183","Create - Missing Required Field","Personal Banking APIs - QA Test Suite","2026-10-04","failed","2026-10-04","Create","Airtime, Data, Bills & VAS Beneficiaries","",""
"","196","Retrieve - Invalid ID","Personal Banking APIs - QA Test Suite","2026-10-04","passed","2026-10-04","Retrieve","Customer Profile, Accounts & Beneficiaries","",""
"","206","Reject Single Bulk Recipient - Missing Required Field","Personal Banking APIs - QA Test Suite","2026-10-04","failed","2026-10-04","Reject Single Bulk Recipient","Wallets, Transfers, Transactions & Fund Requests","",""
"","213","Dismiss Action - Invalid ID","Personal Banking APIs - QA Test Suite","2026-10-04","passed","2026-10-04","Dismiss Action","KYC, Tier Upgrades & Young Moni","",""
"","189","Enable - Missing Required Field","Personal Banking APIs - QA Test Suite","2026-10-04","failed","2026-10-04","Enable","Wallets, Transfers, Transactions & Fund Requests","",""
"","202","Coin Wallet - Invalid Query","Personal Banking APIs - QA Test Suite","2026-10-04","passed","2026-10-04","Coin Wallet","Rewards, Cash Tokens & Wishlists","",""
"","179","Admin Games Rewards - Invalid ID","Personal Banking APIs - QA Test Suite","2026-10-04","failed","2026-10-04","Admin Games Rewards","Rewards, Cash Tokens & Wishlists","",""
"","159","Transactions Create Plan - Missing Required Field","Personal Banking APIs - QA Test Suite","2026-10-04","passed","2026-10-04","Transactions Create Plan","SWAG Savings","",""
"","170","Verify Phone OTP - Valid","Personal Banking APIs - QA Test Suite","2026-10-04","failed","2026-10-04","Verify Phone OTP","Customer Onboarding","",""
"","168","Initiate Email Update - Invalid Email","Personal Banking APIs - QA Test Suite","2026-10-04","passed","2026-10-04","Initiate Email Update","KYC, Tier Upgrades & Young Moni","",""
"","192","Document Update Status - No Auth","Personal Banking APIs - QA Test Suite","2026-10-04","passed","2026-10-04","Document Update Status","KYC, Tier Upgrades & Young Moni","",""
"","185","Account Officer Change Request - Valid","Personal Banking APIs - QA Test Suite","2026-10-04","failed","2026-10-04","Account Officer Change Request","Customer Profile, Accounts & Beneficiaries","",""
"","158","Admin Coins Redemption Rules - No Auth","Personal Banking APIs - QA Test Suite","2026-10-04","passed","2026-10-04","Admin Coins Redemption Rules","Rewards, Cash Tokens & Wishlists","",""
"","213","Kyc Level Distribution - Invalid Query","Personal Banking APIs - QA Test Suite","2026-10-04","failed","2026-10-04","Kyc Level Distribution","Customer Profile, Accounts & Beneficiaries","",""
"","183","Young Moni Requests - Invalid Query","Personal Banking APIs - QA Test Suite","2026-10-04","failed","2026-10-04","Young Moni Requests","KYC, Tier Upgrades & Young Moni","",""
"","170","Intra Transfer - Missing Required Field","Personal Banking APIs - QA Test Suite","2026-10-04","passed","2026-10-04","Intra Transfer","Wallets, Transfers, Transactions & Fund Requests","",""
"","228","Tier One Upgrade - Valid","Personal Banking APIs - QA Test Suite","2026-10-04","failed","2026-10-04","Tier One Upgrade","KYC, Tier Upgrades & Young Moni","",""
"","155","Retrieve - No Auth","Personal Banking APIs - QA Test Suite","2026-10-04","passed","2026-10-04","Retrieve","Airtime, Data, Bills & VAS Beneficiaries","",""
"","328","Admin Games Rewards - No Auth","Personal Banking APIs - QA Test Suite","2026-10-04","passed","2026-10-04","Admin Games Rewards","Rewards, Cash Tokens & Wishlists","",""
"","186","Young Moni Upload Child Documents - Invalid ID","Personal Banking APIs - QA Test Suite","2026-10-04","passed","2026-10-04","Young Moni Upload Child Documents","Customer Profile, Accounts & Beneficiaries","",""
"","191","Terms - Invalid Query","Personal Banking APIs - QA Test Suite","2026-10-04","failed","2026-10-04","Terms","Rewards, Cash Tokens & Wishlists","",""
"","183","Reset Password - Invalid Email","Personal Banking APIs - QA Test Suite","2026-10-04","passed","2026-10-04","Reset Password","Login, Credentials, Security & Devices","",""
"","178","Admin Coins Redemption Rules - No Auth","Personal Banking APIs - QA Test Suite","2026-10-04","passed","2026-10-04","Admin Coins Redemption Rules","Rewards, Cash Tokens & Wishlists","",""
"","183","Admin Coins Rules - Missing Required Field","Personal Banking APIs - QA Test Suite","2026-10-04","failed","2026-10-04","Admin Coins Rules","Rewards, Cash Tokens & Wishlists","",""
"","200","Wallet - Nonexistent ID","Personal Banking APIs - QA Test Suite","2026-10-04","failed","2026-10-04","Wallet","SWAG Savings","",""
"","179","Initiate Liveness Setup - Valid","Personal Banking APIs - QA Test Suite","2026-10-04","failed","2026-10-04","Initiate Liveness Setup","Login, Credentials, Security & Devices","",""
"","165","Terms - No Auth","Personal Banking APIs - QA Test Suite","2026-10-04","passed","2026-10-04","Terms","Rewards, Cash Tokens & Wishlists","",""
"","170","Profile - Invalid Query","Personal Banking APIs - QA Test Suite","2026-10-04","failed","2026-10-04","Profile","Customer Profile, Accounts & Beneficiaries","",""
"","192","Redeem Insurance - Missing Required Field","Personal Banking APIs - QA Test Suite","2026-10-04","passed","2026-10-04","Redeem Insurance","Insurance","",""
"","387","Retrieve - Nonexistent ID","Personal Banking APIs - QA Test Suite","2026-10-04","passed","2026-10-04","Retrieve","Customer Profile, Accounts & Beneficiaries","",""
"","163","Wallet - Invalid ID","Personal Banking APIs - QA Test Suite","2026-10-04","failed","2026-10-04","Wallet","Target Savings","",""
"","185","Withdraw Supalock - Empty Fields","Personal Banking APIs - QA Test Suite","2026-10-04","failed","2026-10-04","Withdraw Supalock","Supalock Savings","",""
"","196","Verify Token - Empty Fields","Personal Banking APIs - QA Test Suite","2026-10-04","passed","2026-10-04","Verify Token","Login, Credentials, Security & Devices","",""
"","189","Reward With Airtime - Valid","Personal Banking APIs - QA Test Suite","2026-10-04","failed","2026-10-04","Reward With Airtime","Rewards, Cash Tokens & Wishlists","",""
"","172","Daily Income Summary - No Auth","Personal Banking APIs - QA Test Suite","2026-10-04","passed","2026-10-04","Daily Income Summary","Wallets, Transfers, Transactions & Fund Requests","",""
"","178","Get Electricity Billers - Invalid Query","Personal Banking APIs - QA Test Suite","2026-10-04","failed","2026-10-04","Get Electricity Billers","Airtime, Data, Bills & VAS Beneficiaries","",""
"","182","Wallet Total Balance - No Auth","Personal Banking APIs - QA Test Suite","2026-10-04","passed","2026-10-04","Wallet Total Balance","Save & Spend","",""
"","182","Types - Invalid Query","Personal Banking APIs - QA Test Suite","2026-10-04","failed","2026-10-04","Types","Supalock Savings","",""
"","174","Update Identity - Missing Required Field","Personal Banking APIs - QA Test Suite","2026-10-04","passed","2026-10-04","Update Identity","KYC, Tier Upgrades & Young Moni","",""
"","191","Account Officer Request Change - Empty Fields","Personal Banking APIs - QA Test Suite","2026-10-04","passed","2026-10-04","Account Officer Request Change","Customer Profile, Accounts & Beneficiaries","",""
"","186","Admin Coins Rules - Nonexistent ID","Personal Banking APIs - QA Test Suite","2026-10-04","failed","2026-10-04","Admin Coins Rules","Rewards, Cash Tokens & Wishlists","",""
"","198","Approve Bulk Fund Request - Valid","Personal Banking APIs - QA Test Suite","2026-10-04","failed","2026-10-04","Approve Bulk Fund Request","Wallets, Transfers, Transactions & Fund Requests","",""
"","181","Upload Bulk Fund Request - Valid","Personal Banking APIs - QA Test Suite","2026-10-04","failed","2026-10-04","Upload Bulk Fund Request","Wallets, Transfers, Transactions & Fund Requests","",""
"","174","Total Supalock Amount - Invalid Query","Personal Banking APIs - QA Test Suite","2026-10-04","failed","2026-10-04","Total Supalock Amount","Supalock Savings","",""
"","192","Terms - Valid","Personal Banking APIs - QA Test Suite","2026-10-04","passed","2026-10-04","Terms","Rewards, Cash Tokens & Wishlists","",""
"","183","Kyc Level Distribution - No Auth","Personal Banking APIs - QA Test Suite","2026-10-04","passed","2026-10-04","Kyc Level Distribution","Customer Profile, Accounts & Beneficiaries","",""
"","165","Young Moni Initiate Account Request - No Auth","Personal Banking APIs - QA Test Suite","2026-10-04","passed","2026-10-04","Young Moni Initiate Account Request","Customer Profile, Accounts & Beneficiaries","",""
"","156","Admin Coins Rules - No Auth","Personal Banking APIs - QA Test Suite","2026-10-04","passed","2026-10-04","Admin Coins Rules","Rewards, Cash Tokens & Wishlists","",""
"","159","Update Communication Preference - No Auth","Personal Banking APIs - QA Test Suite","2026-10-04","passed","2026-10-04","Update Communication Preference","Customer Profile, Accounts & Beneficiaries","",""
"","242","Winner - Valid","Personal Banking APIs - QA Test Suite","2026-10-04","passed","2026-10-04","Winner","Rewards, Cash Tokens & Wishlists","",""
"","197","Types - Nonexistent ID","Personal Banking APIs - QA Test Suite","2026-10-04","passed","2026-10-04","Types","Supalock Savings","",""
"","168","Coin Wallet Transactions - Invalid Query","Personal Banking APIs - QA Test Suite","2026-10-04","passed","2026-10-04","Coin Wallet Transactions","Rewards, Cash Tokens & Wishlists","",""
"","192","Retrieve - Nonexistent ID","Personal Banking APIs - QA Test Suite","2026-10-04","passed","2026-10-04","Retrieve","Insurance","",""
"","186","Update - Invalid Status Or Type","Personal Banking APIs - QA Test Suite","2026-10-04","passed","2026-10-04","Update","Scheduled Payments","",""
"","199","Download Statement - Valid","Personal Banking APIs - QA Test Suite","2026-10-04","failed","2026-10-04","Download Statement","Wallets, Transfers, Transactions & Fund Requests","",""
"","164","Admin Coins Rules - Nonexistent ID","Personal Banking APIs - QA Test Suite","2026-10-04","failed","2026-10-04","Admin Coins Rules","Rewards, Cash Tokens & Wishlists","",""
"","178","Verify Token - Missing Required Field","Personal Banking APIs - QA Test Suite","2026-10-04","passed","2026-10-04","Verify Token","Login, Credentials, Security & Devices","",""
"","168","Games - No Auth","Personal Banking APIs - QA Test Suite","2026-10-04","passed","2026-10-04","Games","Rewards, Cash Tokens & Wishlists","",""
"","187","Verify Device Changed - No Auth","Personal Banking APIs - QA Test Suite","2026-10-04","failed","2026-10-04","Verify Device Changed","Login, Credentials, Security & Devices","",""
"","175","Intra Name Enquiry - Missing Required Field","Personal Banking APIs - QA Test Suite","2026-10-04","passed","2026-10-04","Intra Name Enquiry","Wallets, Transfers, Transactions & Fund Requests","",""
"","186","Download Statement - Missing Required Field","Personal Banking APIs - QA Test Suite","2026-10-04","failed","2026-10-04","Download Statement","Wallets, Transfers, Transactions & Fund Requests","",""
"","177","Add Item - Missing Required Field","Personal Banking APIs - QA Test Suite","2026-10-04","failed","2026-10-04","Add Item","Rewards, Cash Tokens & Wishlists","",""
"","188","Reset Transaction Pin - No Auth","Personal Banking APIs - QA Test Suite","2026-10-04","passed","2026-10-04","Reset Transaction Pin","Login, Credentials, Security & Devices","",""
"","160","Purchase Epin - Invalid Amount","Personal Banking APIs - QA Test Suite","2026-10-04","passed","2026-10-04","Purchase Epin","Airtime, Data, Bills & VAS Beneficiaries","",""
"","172","Create Transaction Pin - Missing Required Field","Personal Banking APIs - QA Test Suite","2026-10-04","failed","2026-10-04","Create Transaction Pin","Login, Credentials, Security & Devices","",""
"","160","Enabled Setting - No Auth","Personal Banking APIs - QA Test Suite","2026-10-04","passed","2026-10-04","Enabled Setting","Wallets, Transfers, Transactions & Fund Requests","",""
"","225","Approve Bulk Fund Request - Missing Required Field","Personal Banking APIs - QA Test Suite","2026-10-04","failed","2026-10-04","Approve Bulk Fund Request","Wallets, Transfers, Transactions & Fund Requests","",""
"","178","Games Card Match - No Auth","Personal Banking APIs - QA Test Suite","2026-10-04","passed","2026-10-04","Games Card Match","Rewards, Cash Tokens & Wishlists","",""
"","179","Disable - Invalid Amount","Personal Banking APIs - QA Test Suite","2026-10-04","failed","2026-10-04","Disable","Wallets, Transfers, Transactions & Fund Requests","",""
"","194","Upload Documents - Invalid Status Or Type","Personal Banking APIs - QA Test Suite","2026-10-04","passed","2026-10-04","Upload Documents","KYC, Tier Upgrades & Young Moni","",""
"","160","Withdraw Cashback - Empty Fields","Personal Banking APIs - QA Test Suite","2026-10-04","passed","2026-10-04","Withdraw Cashback","Wallets, Transfers, Transactions & Fund Requests","",""
"","174","Retrieve - Invalid Query","Personal Banking APIs - QA Test Suite","2026-10-04","failed","2026-10-04","Retrieve","Wallets, Transfers, Transactions & Fund Requests","",""
"","184","List - No Auth","Personal Banking APIs - QA Test Suite","2026-10-04","passed","2026-10-04","List","Wallets, Transfers, Transactions & Fund Requests","",""
"","192","Validate Smart Card - No Auth","Personal Banking APIs - QA Test Suite","2026-10-04","passed","2026-10-04","Validate Smart Card","Airtime, Data, Bills & VAS Beneficiaries","",""
"","157","Verify Phone Number - Empty Fields","Personal Banking APIs - QA Test Suite","2026-10-04","failed","2026-10-04","Verify Phone Number","Login, Credentials, Security & Devices","",""
"","226","Block - Invalid ID","Personal Banking APIs - QA Test Suite","2026-10-04","passed","2026-10-04","Block","Customer Cards","",""
"","170","Terms Terms And Rewards - Invalid Query","Personal Banking APIs - QA Test Suite","2026-10-04","failed","2026-10-04","Terms Terms And Rewards","Rewards, Cash Tokens & Wishlists","",""
"","362","Total Young Moni Balance - Invalid Query","Personal Banking APIs - QA Test Suite","2026-10-04","failed","2026-10-04","Total Young Moni Balance","Customer Profile, Accounts & Beneficiaries","",""
"","164","Upload Bulk Fund Request - No Auth","Personal Banking APIs - QA Test Suite","2026-10-04","failed","2026-10-04","Upload Bulk Fund Request","Wallets, Transfers, Transactions & Fund Requests","",""
"","176","Retrieve - Invalid ID","Personal Banking APIs - QA Test Suite","2026-10-04","failed","2026-10-04","Retrieve","Wallets, Transfers, Transactions & Fund Requests","",""
"","156","Add Item - No Auth","Personal Banking APIs - QA Test Suite","2026-10-04","passed","2026-10-04","Add Item","Rewards, Cash Tokens & Wishlists","",""
"","196","Wallet - Invalid Query","Personal Banking APIs - QA Test Suite","2026-10-04","failed","2026-10-04","Wallet","SWAG Savings","",""
"","158","Remaining Limit Today - No Auth","Personal Banking APIs - QA Test Suite","2026-10-04","passed","2026-10-04","Remaining Limit Today","Wallets, Transfers, Transactions & Fund Requests","",""
"","182","Purchase Electricity - Invalid Amount","Personal Banking APIs - QA Test Suite","2026-10-04","passed","2026-10-04","Purchase Electricity","Airtime, Data, Bills & VAS Beneficiaries","",""
"","185","List Documents - Invalid ID","Personal Banking APIs - QA Test Suite","2026-10-04","passed","2026-10-04","List Documents","KYC, Tier Upgrades & Young Moni","",""
"","180","Export Fund Recipients - No Auth","Personal Banking APIs - QA Test Suite","2026-10-04","passed","2026-10-04","Export Fund Recipients","Wallets, Transfers, Transactions & Fund Requests","",""
"","172","Admin Coins Rules - Invalid ID","Personal Banking APIs - QA Test Suite","2026-10-04","failed","2026-10-04","Admin Coins Rules","Rewards, Cash Tokens & Wishlists","",""
"","2092","Login - Valid","Personal Banking APIs - QA Test Suite","2026-10-04","passed","2026-10-04","Login","Login, Credentials, Security & Devices","",""
"","205","Admin Coins Redemption Rules - Invalid ID","Personal Banking APIs - QA Test Suite","2026-10-04","failed","2026-10-04","Admin Coins Redemption Rules","Rewards, Cash Tokens & Wishlists","",""
"","166","Payment Merchant - Missing Required Field","Personal Banking APIs - QA Test Suite","2026-10-04","failed","2026-10-04","Payment Merchant","Customer Cards","",""
"","166","Restrict Accounts By BVN - Missing Required Field","Personal Banking APIs - QA Test Suite","2026-10-04","failed","2026-10-04","Restrict Accounts By BVN","Customer Profile, Accounts & Beneficiaries","",""
"","316","Admin Games Sessions - Invalid Query","Personal Banking APIs - QA Test Suite","2026-10-04","failed","2026-10-04","Admin Games Sessions","Rewards, Cash Tokens & Wishlists","",""
"","174","Destroy - Invalid ID","Personal Banking APIs - QA Test Suite","2026-10-04","passed","2026-10-04","Destroy","Customer Profile, Accounts & Beneficiaries","",""
"","158","Validate Betting Id - No Auth","Personal Banking APIs - QA Test Suite","2026-10-04","passed","2026-10-04","Validate Betting Id","Airtime, Data, Bills & VAS Beneficiaries","",""
"","168","Verify Alias Phone Number - Empty Fields","Personal Banking APIs - QA Test Suite","2026-10-04","passed","2026-10-04","Verify Alias Phone Number","Customer Profile, Accounts & Beneficiaries","",""
"","181","Purchase Epin - No Auth","Personal Banking APIs - QA Test Suite","2026-10-04","failed","2026-10-04","Purchase Epin","Airtime, Data, Bills & VAS Beneficiaries","",""
"","162","Wallet - Invalid Query","Personal Banking APIs - QA Test Suite","2026-10-04","failed","2026-10-04","Wallet","Target Savings","",""
"","180","Payment Merchant - Invalid ID","Personal Banking APIs - QA Test Suite","2026-10-04","passed","2026-10-04","Payment Merchant","Customer Cards","",""
"","184","Get Electricity Billers - No Auth","Personal Banking APIs - QA Test Suite","2026-10-04","passed","2026-10-04","Get Electricity Billers","Airtime, Data, Bills & VAS Beneficiaries","",""
"","181","Topup Supalock - Empty Fields","Personal Banking APIs - QA Test Suite","2026-10-04","failed","2026-10-04","Topup Supalock","Supalock Savings","",""
"","166","Channel Settings - Invalid Token Or PIN","Personal Banking APIs - QA Test Suite","2026-10-04","failed","2026-10-04","Channel Settings","Customer Cards","",""
"","163","Verify Phone Number - Invalid Token Or PIN","Personal Banking APIs - QA Test Suite","2026-10-04","failed","2026-10-04","Verify Phone Number","Login, Credentials, Security & Devices","",""
"","183","Wallet - Invalid Query","Personal Banking APIs - QA Test Suite","2026-10-04","failed","2026-10-04","Wallet","Save & Spend","",""
"","216","Requests - Valid","Personal Banking APIs - QA Test Suite","2026-10-04","passed","2026-10-04","Requests","Customer Cards","",""
"","185","Admin Admin Tier One Upgrade - Empty Fields","Personal Banking APIs - QA Test Suite","2026-10-04","failed","2026-10-04","Admin Admin Tier One Upgrade","KYC, Tier Upgrades & Young Moni","",""
"","188","Eligibility - Invalid Query","Personal Banking APIs - QA Test Suite","2026-10-04","failed","2026-10-04","Eligibility","Kolo Connect Advances","",""
"","319","Admin Games Stats - Valid","Personal Banking APIs - QA Test Suite","2026-10-04","failed","2026-10-04","Admin Games Stats","Rewards, Cash Tokens & Wishlists","",""
"","175","Young Moni Initiate Account Request - Invalid Email","Personal Banking APIs - QA Test Suite","2026-10-04","passed","2026-10-04","Young Moni Initiate Account Request","Customer Profile, Accounts & Beneficiaries","",""
"","166","Update - Missing Required Field","Personal Banking APIs - QA Test Suite","2026-10-04","passed","2026-10-04","Update","Scheduled Payments","",""
"","195","Transactions - Invalid ID","Personal Banking APIs - QA Test Suite","2026-10-04","failed","2026-10-04","Transactions","SWAG Savings","",""
"","186","Eligibility - Valid","Personal Banking APIs - QA Test Suite","2026-10-04","failed","2026-10-04","Eligibility","Kolo Connect Advances","",""
"","166","Repayment Plan - No Auth","Personal Banking APIs - QA Test Suite","2026-10-04","passed","2026-10-04","Repayment Plan","Kolo Connect Advances","",""
"","227","Transactions Evaluate Break - Valid","Personal Banking APIs - QA Test Suite","2026-10-04","failed","2026-10-04","Transactions Evaluate Break","Target Savings","",""
"","177","List - No Auth","Personal Banking APIs - QA Test Suite","2026-10-04","passed","2026-10-04","List","KYC, Tier Upgrades & Young Moni","",""
"","176","Retrieve - No Auth","Personal Banking APIs - QA Test Suite","2026-10-04","passed","2026-10-04","Retrieve","Scheduled Payments","",""
"","168","Proposed Contributor - No Auth","Personal Banking APIs - QA Test Suite","2026-10-04","failed","2026-10-04","Proposed Contributor","Rewards, Cash Tokens & Wishlists","",""
"","163","Inflow Outflow Analytics - No Auth","Personal Banking APIs - QA Test Suite","2026-10-04","passed","2026-10-04","Inflow Outflow Analytics","Wallets, Transfers, Transactions & Fund Requests","",""
"","189","Coin Wallet Transactions - Valid","Personal Banking APIs - QA Test Suite","2026-10-04","failed","2026-10-04","Coin Wallet Transactions","Rewards, Cash Tokens & Wishlists","",""
"","163","Retrieve - Nonexistent ID","Personal Banking APIs - QA Test Suite","2026-10-04","passed","2026-10-04","Retrieve","Scheduled Payments","",""
"","176","Admin Reject Upgrade Request - Missing Required Field","Personal Banking APIs - QA Test Suite","2026-10-04","failed","2026-10-04","Admin Reject Upgrade Request","KYC, Tier Upgrades & Young Moni","",""
"","211","Kyc Level Count - Invalid Query","Personal Banking APIs - QA Test Suite","2026-10-04","failed","2026-10-04","Kyc Level Count","Customer Profile, Accounts & Beneficiaries","",""
"","179","Wallet - No Auth","Personal Banking APIs - QA Test Suite","2026-10-04","passed","2026-10-04","Wallet","Target Savings","",""
"","359","Admin List Documents - Nonexistent ID","Personal Banking APIs - QA Test Suite","2026-10-04","passed","2026-10-04","Admin List Documents","KYC, Tier Upgrades & Young Moni","",""
"","176","Verify Email OTP - Empty Fields","Personal Banking APIs - QA Test Suite","2026-10-04","passed","2026-10-04","Verify Email OTP","Customer Onboarding","",""
"","168","Inter Transfer - No Auth","Personal Banking APIs - QA Test Suite","2026-10-04","failed","2026-10-04","Inter Transfer","Wallets, Transfers, Transactions & Fund Requests","",""
"","323","Admin Coins Rules - Valid","Personal Banking APIs - QA Test Suite","2026-10-04","failed","2026-10-04","Admin Coins Rules","Rewards, Cash Tokens & Wishlists","",""
"","184","Transactions Create Wallet - Invalid Amount","Personal Banking APIs - QA Test Suite","2026-10-04","passed","2026-10-04","Transactions Create Wallet","Target Savings","",""
"","185","Verify Device Changed - Invalid Token Or PIN","Personal Banking APIs - QA Test Suite","2026-10-04","passed","2026-10-04","Verify Device Changed","Login, Credentials, Security & Devices","",""
"","164","Retrieve - Valid","Personal Banking APIs - QA Test Suite","2026-10-04","failed","2026-10-04","Retrieve","Scheduled Payments","",""
"","174","List - No Auth","Personal Banking APIs - QA Test Suite","2026-10-04","passed","2026-10-04","List","Wallets, Transfers, Transactions & Fund Requests","",""
"","166","Wallet - Valid","Personal Banking APIs - QA Test Suite","2026-10-04","failed","2026-10-04","Wallet","SWAG Savings","",""
"","194","Young Moni Upload Child Documents - Empty Fields","Personal Banking APIs - QA Test Suite","2026-10-04","failed","2026-10-04","Young Moni Upload Child Documents","Customer Profile, Accounts & Beneficiaries","",""
"","159","Transactions Update Swag Plan - Invalid Amount","Personal Banking APIs - QA Test Suite","2026-10-04","passed","2026-10-04","Transactions Update Swag Plan","SWAG Savings","",""
"","157","Get Transaction Overview - No Auth","Personal Banking APIs - QA Test Suite","2026-10-04","passed","2026-10-04","Get Transaction Overview","Wallets, Transfers, Transactions & Fund Requests","",""
"","164","Overview - Valid","Personal Banking APIs - QA Test Suite","2026-10-04","passed","2026-10-04","Overview","Rewards, Cash Tokens & Wishlists","",""
"","185","Update Location - Missing Required Field","Personal Banking APIs - QA Test Suite","2026-10-04","failed","2026-10-04","Update Location","Login, Credentials, Security & Devices","",""
"","197","Recipients - Nonexistent ID","Personal Banking APIs - QA Test Suite","2026-10-04","failed","2026-10-04","Recipients","Wallets, Transfers, Transactions & Fund Requests","",""
"","331","Admin Games - Invalid Query","Personal Banking APIs - QA Test Suite","2026-10-04","failed","2026-10-04","Admin Games","Rewards, Cash Tokens & Wishlists","",""
"","189","Wallet Download Target Statement - Valid","Personal Banking APIs - QA Test Suite","2026-10-04","failed","2026-10-04","Wallet Download Target Statement","Target Savings","",""
"","161","Transactions Update Swag Plan - Valid","Personal Banking APIs - QA Test Suite","2026-10-04","failed","2026-10-04","Transactions Update Swag Plan","SWAG Savings","",""
"","166","Retrieve - Invalid ID","Personal Banking APIs - QA Test Suite","2026-10-04","failed","2026-10-04","Retrieve","Wallets, Transfers, Transactions & Fund Requests","",""
"","159","Purchase Electricity - Missing Required Field","Personal Banking APIs - QA Test Suite","2026-10-04","passed","2026-10-04","Purchase Electricity","Airtime, Data, Bills & VAS Beneficiaries","",""
"","169","Types Get Supa Lock Special Interest - Invalid Query","Personal Banking APIs - QA Test Suite","2026-10-04","failed","2026-10-04","Types Get Supa Lock Special Interest","Supalock Savings","",""
"","170","Register With Phone - Empty Fields","Personal Banking APIs - QA Test Suite","2026-10-04","passed","2026-10-04","Register With Phone","Customer Onboarding","",""
"","168","Redeem Insurance - Invalid Amount","Personal Banking APIs - QA Test Suite","2026-10-04","passed","2026-10-04","Redeem Insurance","Insurance","",""
"","165","Create - Missing Required Field","Personal Banking APIs - QA Test Suite","2026-10-04","failed","2026-10-04","Create","Airtime, Data, Bills & VAS Beneficiaries","",""
"","167","Create Wishlist With Items - Missing Required Field","Personal Banking APIs - QA Test Suite","2026-10-04","passed","2026-10-04","Create Wishlist With Items","Rewards, Cash Tokens & Wishlists","",""
"","178","Renew Insurance - Missing Required Field","Personal Banking APIs - QA Test Suite","2026-10-04","passed","2026-10-04","Renew Insurance","Insurance","",""
"","187","Wallet Total Balance - Valid","Personal Banking APIs - QA Test Suite","2026-10-04","failed","2026-10-04","Wallet Total Balance","Save & Spend","",""
"","176","Transfer - Missing Required Field","Personal Banking APIs - QA Test Suite","2026-10-04","passed","2026-10-04","Transfer","Scheduled Payments","",""
"","164","Retrieve - Valid","Personal Banking APIs - QA Test Suite","2026-10-04","failed","2026-10-04","Retrieve","Kolo Connect Advances","",""
"","186","Update Daily Transfer Limit - Invalid Token Or PIN","Personal Banking APIs - QA Test Suite","2026-10-04","passed","2026-10-04","Update Daily Transfer Limit","Customer Profile, Accounts & Beneficiaries","",""
"","164","Transactions Evaluate Target - Empty Fields","Personal Banking APIs - QA Test Suite","2026-10-04","passed","2026-10-04","Transactions Evaluate Target","Target Savings","",""
"","166","Admin Coins Rules - Invalid Status Or Type","Personal Banking APIs - QA Test Suite","2026-10-04","failed","2026-10-04","Admin Coins Rules","Rewards, Cash Tokens & Wishlists","",""
"","187","Admin Coins Redemption Rules - Empty Fields","Personal Banking APIs - QA Test Suite","2026-10-04","failed","2026-10-04","Admin Coins Redemption Rules","Rewards, Cash Tokens & Wishlists","",""
"","211","Recipients - Invalid ID","Personal Banking APIs - QA Test Suite","2026-10-04","failed","2026-10-04","Recipients","Wallets, Transfers, Transactions & Fund Requests","",""
"","376","Create Wishlist - Valid","Personal Banking APIs - QA Test Suite","2026-10-04","failed","2026-10-04","Create Wishlist","Rewards, Cash Tokens & Wishlists","",""
"","166","Webhook Cashtoken Webhook - Empty Fields","Personal Banking APIs - QA Test Suite","2026-10-04","failed","2026-10-04","Webhook Cashtoken Webhook","Rewards, Cash Tokens & Wishlists","",""
"","196","Tier One Upgrade With BVN - Valid","Personal Banking APIs - QA Test Suite","2026-10-04","failed","2026-10-04","Tier One Upgrade With BVN","KYC, Tier Upgrades & Young Moni","",""
"","197","Transactions Update Swag Monthly Rollover - Missing Required Field","Personal Banking APIs - QA Test Suite","2026-10-04","failed","2026-10-04","Transactions Update Swag Monthly Rollover","SWAG Savings","",""
"","162","Transactions - Valid","Personal Banking APIs - QA Test Suite","2026-10-04","failed","2026-10-04","Transactions","SWAG Savings","",""
"","169","Verify Reset Token - Invalid Status Or Type","Personal Banking APIs - QA Test Suite","2026-10-04","passed","2026-10-04","Verify Reset Token","Login, Credentials, Security & Devices","",""
"","190","Admin Devices Reactivate - No Auth","Personal Banking APIs - QA Test Suite","2026-10-04","failed","2026-10-04","Admin Devices Reactivate","Login, Credentials, Security & Devices","",""
"","176","Intra Transfer - Valid","Personal Banking APIs - QA Test Suite","2026-10-04","failed","2026-10-04","Intra Transfer","Wallets, Transfers, Transactions & Fund Requests","",""
"","187","Update Single Transfer Limit - Invalid Token Or PIN","Personal Banking APIs - QA Test Suite","2026-10-04","passed","2026-10-04","Update Single Transfer Limit","Customer Profile, Accounts & Beneficiaries","",""
"","166","Games Scratch Card - Valid","Personal Banking APIs - QA Test Suite","2026-10-04","failed","2026-10-04","Games Scratch Card","Rewards, Cash Tokens & Wishlists","",""
"","192","Winner Dismiss Action - Valid","Personal Banking APIs - QA Test Suite","2026-10-04","failed","2026-10-04","Winner Dismiss Action","Rewards, Cash Tokens & Wishlists","",""
"","199","Retrieve - Invalid ID","Personal Banking APIs - QA Test Suite","2026-10-04","failed","2026-10-04","Retrieve","Supalock Savings","",""
"","172","Update Identity - Invalid Status Or Type","Personal Banking APIs - QA Test Suite","2026-10-04","passed","2026-10-04","Update Identity","KYC, Tier Upgrades & Young Moni","",""
"","176","Coin Wallet - Valid","Personal Banking APIs - QA Test Suite","2026-10-04","failed","2026-10-04","Coin Wallet","Rewards, Cash Tokens & Wishlists","",""
"","216","Perform Action - Nonexistent ID","Personal Banking APIs - QA Test Suite","2026-10-04","failed","2026-10-04","Perform Action","Rewards, Cash Tokens & Wishlists","",""
"","171","Account Officer Change Request - Invalid Query","Personal Banking APIs - QA Test Suite","2026-10-04","failed","2026-10-04","Account Officer Change Request","Customer Profile, Accounts & Beneficiaries","",""
"","182","Tier Zero Upgrade - Invalid Status Or Type","Personal Banking APIs - QA Test Suite","2026-10-04","passed","2026-10-04","Tier Zero Upgrade","KYC, Tier Upgrades & Young Moni","",""
"","155","Wallet - No Auth","Personal Banking APIs - QA Test Suite","2026-10-04","passed","2026-10-04","Wallet","Save & Spend","",""
"","200","Admin Coins Rules - Valid","Personal Banking APIs - QA Test Suite","2026-10-04","failed","2026-10-04","Admin Coins Rules","Rewards, Cash Tokens & Wishlists","",""
"","185","Payment Merchant - Valid","Personal Banking APIs - QA Test Suite","2026-10-04","passed","2026-10-04","Payment Merchant","Customer Cards","",""
"","183","Transactions Update Spend Wallet - Empty Fields","Personal Banking APIs - QA Test Suite","2026-10-04","passed","2026-10-04","Transactions Update Spend Wallet","Save & Spend","",""
"","168","Tier One Upgrade - Invalid Status Or Type","Personal Banking APIs - QA Test Suite","2026-10-04","passed","2026-10-04","Tier One Upgrade","KYC, Tier Upgrades & Young Moni","",""
"","185","Reject Single Fund Request - Valid","Personal Banking APIs - QA Test Suite","2026-10-04","failed","2026-10-04","Reject Single Fund Request","Wallets, Transfers, Transactions & Fund Requests","",""
"","168","Export Fund Recipients - Missing Required Field","Personal Banking APIs - QA Test Suite","2026-10-04","failed","2026-10-04","Export Fund Recipients","Wallets, Transfers, Transactions & Fund Requests","",""
"","182","Daily Spending Summary - No Auth","Personal Banking APIs - QA Test Suite","2026-10-04","passed","2026-10-04","Daily Spending Summary","Wallets, Transfers, Transactions & Fund Requests","",""
"","165","Update Tin - Empty Fields","Personal Banking APIs - QA Test Suite","2026-10-04","passed","2026-10-04","Update Tin","Customer Profile, Accounts & Beneficiaries","",""
"","189","Create - No Auth","Personal Banking APIs - QA Test Suite","2026-10-04","passed","2026-10-04","Create","Airtime, Data, Bills & VAS Beneficiaries","",""
"","263","Create Wishlist - Missing Required Field","Personal Banking APIs - QA Test Suite","2026-10-04","passed","2026-10-04","Create Wishlist","Rewards, Cash Tokens & Wishlists","",""
"","199","List - Invalid Query","Personal Banking APIs - QA Test Suite","2026-10-04","failed","2026-10-04","List","Insurance","",""
"","184","Login - Empty Fields","Personal Banking APIs - QA Test Suite","2026-10-04","passed","2026-10-04","Login","Login, Credentials, Security & Devices","",""
"","179","Account Officer Change Request - No Auth","Personal Banking APIs - QA Test Suite","2026-10-04","passed","2026-10-04","Account Officer Change Request","Customer Profile, Accounts & Beneficiaries","",""
"","320","Admin Games - Invalid Query","Personal Banking APIs - QA Test Suite","2026-10-04","failed","2026-10-04","Admin Games","Rewards, Cash Tokens & Wishlists","",""
"","168","Admin Coins Rules - Invalid Amount","Personal Banking APIs - QA Test Suite","2026-10-04","failed","2026-10-04","Admin Coins Rules","Rewards, Cash Tokens & Wishlists","",""
"","188","List - Invalid Query","Personal Banking APIs - QA Test Suite","2026-10-04","failed","2026-10-04","List","Rewards, Cash Tokens & Wishlists","",""
"","185","Get Item - Invalid ID","Personal Banking APIs - QA Test Suite","2026-10-04","passed","2026-10-04","Get Item","Rewards, Cash Tokens & Wishlists","",""
"","191","Young Moni Upload Guardian Documents - Invalid ID","Personal Banking APIs - QA Test Suite","2026-10-04","passed","2026-10-04","Young Moni Upload Guardian Documents","Customer Profile, Accounts & Beneficiaries","",""
"","179","Partial - Invalid Amount","Personal Banking APIs - QA Test Suite","2026-10-04","passed","2026-10-04","Partial","Wallets, Transfers, Transactions & Fund Requests","",""
"","162","Games Card Match - Missing Required Field","Personal Banking APIs - QA Test Suite","2026-10-04","passed","2026-10-04","Games Card Match","Rewards, Cash Tokens & Wishlists","",""
"","295","Admin Games - No Auth","Personal Banking APIs - QA Test Suite","2026-10-04","passed","2026-10-04","Admin Games","Rewards, Cash Tokens & Wishlists","",""
"","193","List - Valid","Personal Banking APIs - QA Test Suite","2026-10-04","failed","2026-10-04","List","Wallets, Transfers, Transactions & Fund Requests","",""
"","180","Admin Coins Redemption Rules - Nonexistent ID","Personal Banking APIs - QA Test Suite","2026-10-04","failed","2026-10-04","Admin Coins Redemption Rules","Rewards, Cash Tokens & Wishlists","",""
"","173","Update Daily Transfer Limit - Missing Required Field","Personal Banking APIs - QA Test Suite","2026-10-04","passed","2026-10-04","Update Daily Transfer Limit","Customer Profile, Accounts & Beneficiaries","",""
"","166","Transfer - Invalid Token Or PIN","Personal Banking APIs - QA Test Suite","2026-10-04","passed","2026-10-04","Transfer","Scheduled Payments","",""
"","185","Reject Single Fund Request - Missing Required Field","Personal Banking APIs - QA Test Suite","2026-10-04","failed","2026-10-04","Reject Single Fund Request","Wallets, Transfers, Transactions & Fund Requests","",""
"","167","Overview - Invalid Query","Personal Banking APIs - QA Test Suite","2026-10-04","failed","2026-10-04","Overview","Rewards, Cash Tokens & Wishlists","",""
"","378","Retrieve - Invalid ID","Personal Banking APIs - QA Test Suite","2026-10-04","passed","2026-10-04","Retrieve","Customer Profile, Accounts & Beneficiaries","",""
"","322","Admin Coins Redemption Rules - Invalid Query","Personal Banking APIs - QA Test Suite","2026-10-04","failed","2026-10-04","Admin Coins Redemption Rules","Rewards, Cash Tokens & Wishlists","",""
"","159","Account Officer Request Change - No Auth","Personal Banking APIs - QA Test Suite","2026-10-04","passed","2026-10-04","Account Officer Request Change","Customer Profile, Accounts & Beneficiaries","",""
"","164","Channel Settings - Nonexistent ID","Personal Banking APIs - QA Test Suite","2026-10-04","passed","2026-10-04","Channel Settings","Customer Cards","",""
"","190","Transactions Create Plan - Valid","Personal Banking APIs - QA Test Suite","2026-10-04","failed","2026-10-04","Transactions Create Plan","SWAG Savings","",""
"","191","Types - Valid","Personal Banking APIs - QA Test Suite","2026-10-04","failed","2026-10-04","Types","Supalock Savings","",""
"","188","Admin Coins Redemption Rules - Valid","Personal Banking APIs - QA Test Suite","2026-10-04","failed","2026-10-04","Admin Coins Redemption Rules","Rewards, Cash Tokens & Wishlists","",""
"","188","Get Betting Billers - No Auth","Personal Banking APIs - QA Test Suite","2026-10-04","passed","2026-10-04","Get Betting Billers","Airtime, Data, Bills & VAS Beneficiaries","",""
"","195","Partial - Valid","Personal Banking APIs - QA Test Suite","2026-10-04","passed","2026-10-04","Partial","Airtime, Data, Bills & VAS Beneficiaries","",""
"","187","Update Daily Transfer Limit - Empty Fields","Personal Banking APIs - QA Test Suite","2026-10-04","failed","2026-10-04","Update Daily Transfer Limit","Customer Profile, Accounts & Beneficiaries","",""
"","179","Add Item - Invalid Amount","Personal Banking APIs - QA Test Suite","2026-10-04","failed","2026-10-04","Add Item","Rewards, Cash Tokens & Wishlists","",""
"","191","Dismiss Action - No Auth","Personal Banking APIs - QA Test Suite","2026-10-04","passed","2026-10-04","Dismiss Action","KYC, Tier Upgrades & Young Moni","",""
"","195","List - Invalid Query","Personal Banking APIs - QA Test Suite","2026-10-04","failed","2026-10-04","List","Airtime, Data, Bills & VAS Beneficiaries","",""
"","194","Retrieve - Nonexistent ID","Personal Banking APIs - QA Test Suite","2026-10-04","passed","2026-10-04","Retrieve","Customer Cards","",""
"","161","Types Get Supa Lock Special Interest - Invalid ID","Personal Banking APIs - QA Test Suite","2026-10-04","failed","2026-10-04","Types Get Supa Lock Special Interest","Supalock Savings","",""
"","181","Young Moni Validate Details - Invalid Email","Personal Banking APIs - QA Test Suite","2026-10-04","failed","2026-10-04","Young Moni Validate Details","Customer Profile, Accounts & Beneficiaries","",""
"","199","List - Valid","Personal Banking APIs - QA Test Suite","2026-10-04","failed","2026-10-04","List","Wallets, Transfers, Transactions & Fund Requests","",""
"","171","Fund Betting Wallet - Invalid Amount","Personal Banking APIs - QA Test Suite","2026-10-04","passed","2026-10-04","Fund Betting Wallet","Airtime, Data, Bills & VAS Beneficiaries","",""
"","184","Create Login Pin - Invalid Token Or PIN","Personal Banking APIs - QA Test Suite","2026-10-04","failed","2026-10-04","Create Login Pin","Login, Credentials, Security & Devices","",""
"","188","Upload Bulk Fund Request - Missing Required Field","Personal Banking APIs - QA Test Suite","2026-10-04","passed","2026-10-04","Upload Bulk Fund Request","Wallets, Transfers, Transactions & Fund Requests","",""
"","169","Transactions - Invalid Query","Personal Banking APIs - QA Test Suite","2026-10-04","failed","2026-10-04","Transactions","Supalock Savings","",""
"","215","List - Invalid Query","Personal Banking APIs - QA Test Suite","2026-10-04","failed","2026-10-04","List","Wallets, Transfers, Transactions & Fund Requests","",""
"","189","Request Alias Phone Verification - Missing Required Field","Personal Banking APIs - QA Test Suite","2026-10-04","passed","2026-10-04","Request Alias Phone Verification","Customer Profile, Accounts & Beneficiaries","",""
"","157","List - No Auth","Personal Banking APIs - QA Test Suite","2026-10-04","passed","2026-10-04","List","Kolo Connect Advances","",""
"","186","Transactions Evaluate Target - Missing Required Field","Personal Banking APIs - QA Test Suite","2026-10-04","passed","2026-10-04","Transactions Evaluate Target","Target Savings","",""
"","180","Inter Name Enquiry - Valid","Personal Banking APIs - QA Test Suite","2026-10-04","failed","2026-10-04","Inter Name Enquiry","Wallets, Transfers, Transactions & Fund Requests","",""
"","207","Inter Transfer - Valid","Personal Banking APIs - QA Test Suite","2026-10-04","failed","2026-10-04","Inter Transfer","Wallets, Transfers, Transactions & Fund Requests","",""
"","155","Transactions - No Auth","Personal Banking APIs - QA Test Suite","2026-10-04","passed","2026-10-04","Transactions","Save & Spend","",""
"","169","Update Gender - Empty Fields","Personal Banking APIs - QA Test Suite","2026-10-04","passed","2026-10-04","Update Gender","Login, Credentials, Security & Devices","",""
"","373","List - Valid","Personal Banking APIs - QA Test Suite","2026-10-04","passed","2026-10-04","List","Rewards, Cash Tokens & Wishlists","",""
"","183","Tier One Upgrade With BVN - Missing Required Field","Personal Banking APIs - QA Test Suite","2026-10-04","passed","2026-10-04","Tier One Upgrade With BVN","KYC, Tier Upgrades & Young Moni","",""
"","190","Activate - Nonexistent ID","Personal Banking APIs - QA Test Suite","2026-10-04","passed","2026-10-04","Activate","Customer Cards","",""
"","162","Transactions Break Target - Valid","Personal Banking APIs - QA Test Suite","2026-10-04","failed","2026-10-04","Transactions Break Target","Target Savings","",""
"","192","Reject Single Bulk Recipient - No Auth","Personal Banking APIs - QA Test Suite","2026-10-04","passed","2026-10-04","Reject Single Bulk Recipient","Wallets, Transfers, Transactions & Fund Requests","",""
"","189","Wallet - Valid","Personal Banking APIs - QA Test Suite","2026-10-04","failed","2026-10-04","Wallet","Save & Spend","",""
"","195","Transactions - Invalid Query","Personal Banking APIs - QA Test Suite","2026-10-04","failed","2026-10-04","Transactions","Supalock Savings","",""
"","192","Dismiss Action - Invalid Email","Personal Banking APIs - QA Test Suite","2026-10-04","failed","2026-10-04","Dismiss Action","KYC, Tier Upgrades & Young Moni","",""
"","329","Admin - Nonexistent ID","Personal Banking APIs - QA Test Suite","2026-10-04","failed","2026-10-04","Admin","KYC, Tier Upgrades & Young Moni","",""
"","190","Types - Missing Required Field","Personal Banking APIs - QA Test Suite","2026-10-04","failed","2026-10-04","Types","Supalock Savings","",""
"","168","Pay Schedule Early - Valid","Personal Banking APIs - QA Test Suite","2026-10-04","failed","2026-10-04","Pay Schedule Early","Scheduled Payments","",""
"","206","Create - Valid","Personal Banking APIs - QA Test Suite","2026-10-04","passed","2026-10-04","Create","Airtime, Data, Bills & VAS Beneficiaries","",""
"","175","Transactions - Invalid Query","Personal Banking APIs - QA Test Suite","2026-10-04","failed","2026-10-04","Transactions","Save & Spend","",""
"","165","Topup Supalock - Valid","Personal Banking APIs - QA Test Suite","2026-10-04","failed","2026-10-04","Topup Supalock","Supalock Savings","",""
"","375","Admin Request Stats - Invalid Query","Personal Banking APIs - QA Test Suite","2026-10-04","failed","2026-10-04","Admin Request Stats","KYC, Tier Upgrades & Young Moni","",""
"","196","Validate Meter - No Auth","Personal Banking APIs - QA Test Suite","2026-10-04","passed","2026-10-04","Validate Meter","Airtime, Data, Bills & VAS Beneficiaries","",""
"","215","Item - Invalid ID","Personal Banking APIs - QA Test Suite","2026-10-04","passed","2026-10-04","Item","Rewards, Cash Tokens & Wishlists","",""
"","156","List - No Auth","Personal Banking APIs - QA Test Suite","2026-10-04","passed","2026-10-04","List","Supalock Savings","",""
"","174","List Documents - Valid","Personal Banking APIs - QA Test Suite","2026-10-04","failed","2026-10-04","List Documents","KYC, Tier Upgrades & Young Moni","",""
"","178","Admin Coins Rules - No Auth","Personal Banking APIs - QA Test Suite","2026-10-04","passed","2026-10-04","Admin Coins Rules","Rewards, Cash Tokens & Wishlists","",""
"","192","Purchase Airtime - Invalid Token Or PIN","Personal Banking APIs - QA Test Suite","2026-10-04","passed","2026-10-04","Purchase Airtime","Airtime, Data, Bills & VAS Beneficiaries","",""
"","156","Payment Merchant - No Auth","Personal Banking APIs - QA Test Suite","2026-10-04","passed","2026-10-04","Payment Merchant","Customer Cards","",""
"","191","Verify BVN (Choose BVN or NIN) - Valid","Personal Banking APIs - QA Test Suite","2026-10-04","failed","2026-10-04","Verify BVN (Choose BVN or NIN)","Customer Onboarding","",""
"","191","Transactions Create Wallet - Valid","Personal Banking APIs - QA Test Suite","2026-10-04","failed","2026-10-04","Transactions Create Wallet","Target Savings","",""
"","193","Retrieve - Nonexistent ID","Personal Banking APIs - QA Test Suite","2026-10-04","passed","2026-10-04","Retrieve","Customer Profile, Accounts & Beneficiaries","",""
"","189","Create - Missing Required Field","Personal Banking APIs - QA Test Suite","2026-10-04","passed","2026-10-04","Create","Customer Profile, Accounts & Beneficiaries","",""
"","181","Purchase Airtime - No Auth","Personal Banking APIs - QA Test Suite","2026-10-04","failed","2026-10-04","Purchase Airtime","Airtime, Data, Bills & VAS Beneficiaries","",""
"","167","Reset Pin - Invalid Token Or PIN","Personal Banking APIs - QA Test Suite","2026-10-04","failed","2026-10-04","Reset Pin","Customer Cards","",""
"","212","Admin Reject Upgrade Request - Valid","Personal Banking APIs - QA Test Suite","2026-10-04","failed","2026-10-04","Admin Reject Upgrade Request","KYC, Tier Upgrades & Young Moni","",""
"","168","Retrieve - Invalid Query","Personal Banking APIs - QA Test Suite","2026-10-04","failed","2026-10-04","Retrieve","Airtime, Data, Bills & VAS Beneficiaries","",""
"","191","Update - Invalid Amount","Personal Banking APIs - QA Test Suite","2026-10-04","passed","2026-10-04","Update","Scheduled Payments","",""
"","181","Intra Account Transfer - Invalid Token Or PIN","Personal Banking APIs - QA Test Suite","2026-10-04","passed","2026-10-04","Intra Account Transfer","Wallets, Transfers, Transactions & Fund Requests","",""
"","175","Get Transaction Overview - Invalid Query","Personal Banking APIs - QA Test Suite","2026-10-04","failed","2026-10-04","Get Transaction Overview","Wallets, Transfers, Transactions & Fund Requests","",""
"","173","Pay Schedule Early - Empty Fields","Personal Banking APIs - QA Test Suite","2026-10-04","passed","2026-10-04","Pay Schedule Early","Scheduled Payments","",""
"","188","Tier One Upgrade - Missing Required Field","Personal Banking APIs - QA Test Suite","2026-10-04","passed","2026-10-04","Tier One Upgrade","KYC, Tier Upgrades & Young Moni","",""
"","642","Block - Nonexistent ID","Personal Banking APIs - QA Test Suite","2026-10-04","passed","2026-10-04","Block","Customer Cards","",""
"","177","Perform Action - Missing Required Field","Personal Banking APIs - QA Test Suite","2026-10-04","failed","2026-10-04","Perform Action","Rewards, Cash Tokens & Wishlists","",""
"","167","Initiate Reset Transaction Pin - No Auth","Personal Banking APIs - QA Test Suite","2026-10-04","passed","2026-10-04","Initiate Reset Transaction Pin","Login, Credentials, Security & Devices","",""
"","171","Transactions - Invalid Query","Personal Banking APIs - QA Test Suite","2026-10-04","failed","2026-10-04","Transactions","SWAG Savings","",""
"","156","Item - No Auth","Personal Banking APIs - QA Test Suite","2026-10-04","passed","2026-10-04","Item","Rewards, Cash Tokens & Wishlists","",""
"","184","Initiate Liveness Setup - No Auth","Personal Banking APIs - QA Test Suite","2026-10-04","passed","2026-10-04","Initiate Liveness Setup","Login, Credentials, Security & Devices","",""
"","308","Admin Coins Rules Stats - Invalid Query","Personal Banking APIs - QA Test Suite","2026-10-04","failed","2026-10-04","Admin Coins Rules Stats","Rewards, Cash Tokens & Wishlists","",""
"","181","Admin Coins Redemption Rules - Missing Required Field","Personal Banking APIs - QA Test Suite","2026-10-04","failed","2026-10-04","Admin Coins Redemption Rules","Rewards, Cash Tokens & Wishlists","",""
"","185","Payment Merchant - Invalid Status Or Type","Personal Banking APIs - QA Test Suite","2026-10-04","failed","2026-10-04","Payment Merchant","Customer Cards","",""
"","202","Types - Valid","Personal Banking APIs - QA Test Suite","2026-10-04","passed","2026-10-04","Types","Supalock Savings","",""
"","177","Retrieve - Invalid Query","Personal Banking APIs - QA Test Suite","2026-10-04","failed","2026-10-04","Retrieve","Customer Cards","",""
"","320","Admin Games - No Auth","Personal Banking APIs - QA Test Suite","2026-10-04","passed","2026-10-04","Admin Games","Rewards, Cash Tokens & Wishlists","",""
"","184","Purchase Waec - No Auth","Personal Banking APIs - QA Test Suite","2026-10-04","failed","2026-10-04","Purchase Waec","Airtime, Data, Bills & VAS Beneficiaries","",""
"","164","Admin Admin Tier One Upgrade - No Auth","Personal Banking APIs - QA Test Suite","2026-10-04","passed","2026-10-04","Admin Admin Tier One Upgrade","KYC, Tier Upgrades & Young Moni","",""
"","192","Dismiss Action - Empty Fields","Personal Banking APIs - QA Test Suite","2026-10-04","failed","2026-10-04","Dismiss Action","KYC, Tier Upgrades & Young Moni","",""
"","171","Young Moni Initiate Account Without Identity - Empty Fields","Personal Banking APIs - QA Test Suite","2026-10-04","failed","2026-10-04","Young Moni Initiate Account Without Identity","Customer Profile, Accounts & Beneficiaries","",""
"","373","Get Cable Plans - Invalid Query","Personal Banking APIs - QA Test Suite","2026-10-04","failed","2026-10-04","Get Cable Plans","Airtime, Data, Bills & VAS Beneficiaries","",""
"","188","Block - Invalid Token Or PIN","Personal Banking APIs - QA Test Suite","2026-10-04","failed","2026-10-04","Block","Customer Cards","",""
"","196","Verify Email OTP - Invalid Email","Personal Banking APIs - QA Test Suite","2026-10-04","passed","2026-10-04","Verify Email OTP","Customer Onboarding","",""
"","187","Admin Games Rewards - Invalid ID","Personal Banking APIs - QA Test Suite","2026-10-04","failed","2026-10-04","Admin Games Rewards","Rewards, Cash Tokens & Wishlists","",""
"","182","Update Communication Preference - Empty Fields","Personal Banking APIs - QA Test Suite","2026-10-04","passed","2026-10-04","Update Communication Preference","Customer Profile, Accounts & Beneficiaries","",""
"","196","Kyc Level Distribution - Valid","Personal Banking APIs - QA Test Suite","2026-10-04","failed","2026-10-04","Kyc Level Distribution","Customer Profile, Accounts & Beneficiaries","",""
"","328","Admin Games Rewards - Valid","Personal Banking APIs - QA Test Suite","2026-10-04","failed","2026-10-04","Admin Games Rewards","Rewards, Cash Tokens & Wishlists","",""
"","181","Purchase Cable - Invalid Token Or PIN","Personal Banking APIs - QA Test Suite","2026-10-04","passed","2026-10-04","Purchase Cable","Airtime, Data, Bills & VAS Beneficiaries","",""
"","199","Update Request Recipients - Empty Fields","Personal Banking APIs - QA Test Suite","2026-10-04","failed","2026-10-04","Update Request Recipients","Wallets, Transfers, Transactions & Fund Requests","",""
"","171","Verify BVN (Choose BVN or NIN) - Empty Fields","Personal Banking APIs - QA Test Suite","2026-10-04","passed","2026-10-04","Verify BVN (Choose BVN or NIN)","Customer Onboarding","",""
"","158","Get Item Edit - Empty Fields","Personal Banking APIs - QA Test Suite","2026-10-04","failed","2026-10-04","Get Item Edit","Rewards, Cash Tokens & Wishlists","",""
"","163","Young Moni Requests Complete Review - Invalid ID","Personal Banking APIs - QA Test Suite","2026-10-04","failed","2026-10-04","Young Moni Requests Complete Review","KYC, Tier Upgrades & Young Moni","",""
"","180","Setup Liveness Image - Missing Required Field","Personal Banking APIs - QA Test Suite","2026-10-04","passed","2026-10-04","Setup Liveness Image","Login, Credentials, Security & Devices","",""
"","167","Young Moni Documents Action Document - Missing Required Field","Personal Banking APIs - QA Test Suite","2026-10-04","failed","2026-10-04","Young Moni Documents Action Document","KYC, Tier Upgrades & Young Moni","",""
"","189","Complete Registration - Empty Fields","Personal Banking APIs - QA Test Suite","2026-10-04","passed","2026-10-04","Complete Registration","Customer Onboarding","",""
"","205","Perform Action - Invalid ID","Personal Banking APIs - QA Test Suite","2026-10-04","failed","2026-10-04","Perform Action","Rewards, Cash Tokens & Wishlists","",""
"","218","Partial - Invalid ID","Personal Banking APIs - QA Test Suite","2026-10-04","failed","2026-10-04","Partial","Customer Profile, Accounts & Beneficiaries","",""
"","162","Initiate Reset Login Pin - Valid","Personal Banking APIs - QA Test Suite","2026-10-04","failed","2026-10-04","Initiate Reset Login Pin","Login, Credentials, Security & Devices","",""
"","179","Notify Of Missed Inward - Empty Fields","Personal Banking APIs - QA Test Suite","2026-10-04","failed","2026-10-04","Notify Of Missed Inward","Wallets, Transfers, Transactions & Fund Requests","",""
"","182","Initiate Reset Card Pin - Invalid Query","Personal Banking APIs - QA Test Suite","2026-10-04","failed","2026-10-04","Initiate Reset Card Pin","Customer Cards","",""
"","172","Youngmoni Transfer - Invalid Token Or PIN","Personal Banking APIs - QA Test Suite","2026-10-04","passed","2026-10-04","Youngmoni Transfer","Scheduled Payments","",""
"","174","List - Invalid Query","Personal Banking APIs - QA Test Suite","2026-10-04","failed","2026-10-04","List","Airtime, Data, Bills & VAS Beneficiaries","",""
"","169","Topup Supalock - Invalid ID","Personal Banking APIs - QA Test Suite","2026-10-04","failed","2026-10-04","Topup Supalock","Supalock Savings","",""
"","186","Young Moni Initiate Account Without Identity - No Auth","Personal Banking APIs - QA Test Suite","2026-10-04","passed","2026-10-04","Young Moni Initiate Account Without Identity","Customer Profile, Accounts & Beneficiaries","",""
"","157","Tier Two Upgrade - No Auth","Personal Banking APIs - QA Test Suite","2026-10-04","passed","2026-10-04","Tier Two Upgrade","KYC, Tier Upgrades & Young Moni","",""
"","193","Borrow - Invalid Amount","Personal Banking APIs - QA Test Suite","2026-10-04","failed","2026-10-04","Borrow","Kolo Connect Advances","",""
"","166","Reward With Airtime - Empty Fields","Personal Banking APIs - QA Test Suite","2026-10-04","passed","2026-10-04","Reward With Airtime","Rewards, Cash Tokens & Wishlists","",""
"","189","Airtime - Valid","Personal Banking APIs - QA Test Suite","2026-10-04","failed","2026-10-04","Airtime","Scheduled Payments","",""
"","321","Admin Games Rewards - Invalid Query","Personal Banking APIs - QA Test Suite","2026-10-04","failed","2026-10-04","Admin Games Rewards","Rewards, Cash Tokens & Wishlists","",""
"","171","Renew Insurance - Empty Fields","Personal Banking APIs - QA Test Suite","2026-10-04","passed","2026-10-04","Renew Insurance","Insurance","",""
"","202","Create Login Pin - Valid","Personal Banking APIs - QA Test Suite","2026-10-04","failed","2026-10-04","Create Login Pin","Login, Credentials, Security & Devices","",""
"","378","Get Cable Plans - Valid","Personal Banking APIs - QA Test Suite","2026-10-04","passed","2026-10-04","Get Cable Plans","Airtime, Data, Bills & VAS Beneficiaries","",""
"","173","Inflow Outflow Analytics - Invalid Query","Personal Banking APIs - QA Test Suite","2026-10-04","failed","2026-10-04","Inflow Outflow Analytics","Wallets, Transfers, Transactions & Fund Requests","",""
"","180","Channel Settings - No Auth","Personal Banking APIs - QA Test Suite","2026-10-04","passed","2026-10-04","Channel Settings","Customer Cards","",""
"","194","Approve Single Bulk Recipient - Valid","Personal Banking APIs - QA Test Suite","2026-10-04","failed","2026-10-04","Approve Single Bulk Recipient","Wallets, Transfers, Transactions & Fund Requests","",""
"","188","Requests Request Card - Empty Fields","Personal Banking APIs - QA Test Suite","2026-10-04","passed","2026-10-04","Requests Request Card","Customer Cards","",""
"","198","Transactions Update Spend Wallet - Nonexistent ID","Personal Banking APIs - QA Test Suite","2026-10-04","failed","2026-10-04","Transactions Update Spend Wallet","Save & Spend","",""
"","212","Dismiss Action - Invalid Status Or Type","Personal Banking APIs - QA Test Suite","2026-10-04","failed","2026-10-04","Dismiss Action","KYC, Tier Upgrades & Young Moni","",""
"","169","Update Credit Stage - Invalid Status Or Type","Personal Banking APIs - QA Test Suite","2026-10-04","failed","2026-10-04","Update Credit Stage","Wallets, Transfers, Transactions & Fund Requests","",""
"","181","High Value Transactions - Valid","Personal Banking APIs - QA Test Suite","2026-10-04","passed","2026-10-04","High Value Transactions","Wallets, Transfers, Transactions & Fund Requests","",""
"","192","Tier One Upgrade With BVN - Empty Fields","Personal Banking APIs - QA Test Suite","2026-10-04","passed","2026-10-04","Tier One Upgrade With BVN","KYC, Tier Upgrades & Young Moni","",""
"","835","List Schedule Payments - Invalid ID","Personal Banking APIs - QA Test Suite","2026-10-04","failed","2026-10-04","List Schedule Payments","Scheduled Payments","",""
"","181","Retrieve - Invalid Query","Personal Banking APIs - QA Test Suite","2026-10-04","failed","2026-10-04","Retrieve","Wallets, Transfers, Transactions & Fund Requests","",""
"","193","Create Supalock - Invalid Amount","Personal Banking APIs - QA Test Suite","2026-10-04","failed","2026-10-04","Create Supalock","Supalock Savings","",""
"","367","Admin Coins Rules Stats - Valid","Personal Banking APIs - QA Test Suite","2026-10-04","failed","2026-10-04","Admin Coins Rules Stats","Rewards, Cash Tokens & Wishlists","",""
"","192","Admin Upload Documents - Empty Fields","Personal Banking APIs - QA Test Suite","2026-10-04","passed","2026-10-04","Admin Upload Documents","KYC, Tier Upgrades & Young Moni","",""
"","168","Verify Email Update - Empty Fields","Personal Banking APIs - QA Test Suite","2026-10-04","passed","2026-10-04","Verify Email Update","KYC, Tier Upgrades & Young Moni","",""
"","198","List - Valid","Personal Banking APIs - QA Test Suite","2026-10-04","failed","2026-10-04","List","Wallets, Transfers, Transactions & Fund Requests","",""
"","174","Get Item Edit - No Auth","Personal Banking APIs - QA Test Suite","2026-10-04","passed","2026-10-04","Get Item Edit","Rewards, Cash Tokens & Wishlists","",""
"","178","Admin Admin Submit - Missing Required Field","Personal Banking APIs - QA Test Suite","2026-10-04","failed","2026-10-04","Admin Admin Submit","KYC, Tier Upgrades & Young Moni","",""
"","167","Transactions Withdraw Principal - Valid","Personal Banking APIs - QA Test Suite","2026-10-04","failed","2026-10-04","Transactions Withdraw Principal","SWAG Savings","",""
"","176","Proposed Contributor - Missing Required Field","Personal Banking APIs - QA Test Suite","2026-10-04","passed","2026-10-04","Proposed Contributor","Rewards, Cash Tokens & Wishlists","",""
"","155","Retrieve - No Auth","Personal Banking APIs - QA Test Suite","2026-10-04","passed","2026-10-04","Retrieve","Customer Cards","",""
"","167","Partial - Nonexistent ID","Personal Banking APIs - QA Test Suite","2026-10-04","failed","2026-10-04","Partial","Airtime, Data, Bills & VAS Beneficiaries","",""
"","207","Admin Devices Reactivate - Invalid ID","Personal Banking APIs - QA Test Suite","2026-10-04","failed","2026-10-04","Admin Devices Reactivate","Login, Credentials, Security & Devices","",""
"","166","Transactions Create Wallet Product Specific - Invalid Amount","Personal Banking APIs - QA Test Suite","2026-10-04","passed","2026-10-04","Transactions Create Wallet Product Specific","Target Savings","",""
"","365","Total Young Moni Balance - Valid","Personal Banking APIs - QA Test Suite","2026-10-04","passed","2026-10-04","Total Young Moni Balance","Customer Profile, Accounts & Beneficiaries","",""
"","188","Purchase Epin - Missing Required Field","Personal Banking APIs - QA Test Suite","2026-10-04","passed","2026-10-04","Purchase Epin","Airtime, Data, Bills & VAS Beneficiaries","",""
"","167","Transfer - Valid","Personal Banking APIs - QA Test Suite","2026-10-04","failed","2026-10-04","Transfer","Scheduled Payments","",""
"","163","Reward With Cashback - Invalid Amount","Personal Banking APIs - QA Test Suite","2026-10-04","failed","2026-10-04","Reward With Cashback","Rewards, Cash Tokens & Wishlists","",""
"","177","Electricity - Missing Required Field","Personal Banking APIs - QA Test Suite","2026-10-04","passed","2026-10-04","Electricity","Scheduled Payments","",""
"","190","Purchase Cable - Invalid Amount","Personal Banking APIs - QA Test Suite","2026-10-04","passed","2026-10-04","Purchase Cable","Airtime, Data, Bills & VAS Beneficiaries","",""
"","158","Young Moni Requests Request Stats - No Auth","Personal Banking APIs - QA Test Suite","2026-10-04","passed","2026-10-04","Young Moni Requests Request Stats","KYC, Tier Upgrades & Young Moni","",""
"","182","Profile - Valid","Personal Banking APIs - QA Test Suite","2026-10-04","passed","2026-10-04","Profile","Customer Profile, Accounts & Beneficiaries","",""
"","1118","Withdraw Cashback - Valid","Personal Banking APIs - QA Test Suite","2026-10-04","failed","2026-10-04","Withdraw Cashback","Wallets, Transfers, Transactions & Fund Requests","",""
"","180","Verify Email Update - Missing Required Field","Personal Banking APIs - QA Test Suite","2026-10-04","passed","2026-10-04","Verify Email Update","KYC, Tier Upgrades & Young Moni","",""
"","174","Account Officer Request Change - Valid","Personal Banking APIs - QA Test Suite","2026-10-04","failed","2026-10-04","Account Officer Request Change","Customer Profile, Accounts & Beneficiaries","",""
"","176","Data - Missing Required Field","Personal Banking APIs - QA Test Suite","2026-10-04","passed","2026-10-04","Data","Scheduled Payments","",""
"","188","Transactions Create Wallet - Invalid Status Or Type","Personal Banking APIs - QA Test Suite","2026-10-04","passed","2026-10-04","Transactions Create Wallet","Save & Spend","",""
"","309","Admin Games Sessions - Nonexistent ID","Personal Banking APIs - QA Test Suite","2026-10-04","failed","2026-10-04","Admin Games Sessions","Rewards, Cash Tokens & Wishlists","",""
"","213","Retrieve - Valid","Personal Banking APIs - QA Test Suite","2026-10-04","failed","2026-10-04","Retrieve","Wallets, Transfers, Transactions & Fund Requests","",""
"","193","Young Moni Requests - Invalid ID","Personal Banking APIs - QA Test Suite","2026-10-04","failed","2026-10-04","Young Moni Requests","KYC, Tier Upgrades & Young Moni","",""
"","210","Webhook Cashtoken Webhook - Valid","Personal Banking APIs - QA Test Suite","2026-10-04","failed","2026-10-04","Webhook Cashtoken Webhook","Rewards, Cash Tokens & Wishlists","",""
"","157","Transactions Update Swag Plan - Invalid Status Or Type","Personal Banking APIs - QA Test Suite","2026-10-04","passed","2026-10-04","Transactions Update Swag Plan","SWAG Savings","",""
"","172","Admin Coins Rules - Empty Fields","Personal Banking APIs - QA Test Suite","2026-10-04","failed","2026-10-04","Admin Coins Rules","Rewards, Cash Tokens & Wishlists","",""
"","237","Account Officer View Rating - Valid","Personal Banking APIs - QA Test Suite","2026-10-04","passed","2026-10-04","Account Officer View Rating","Customer Profile, Accounts & Beneficiaries","",""
"","158","Partial - No Auth","Personal Banking APIs - QA Test Suite","2026-10-04","passed","2026-10-04","Partial","Wallets, Transfers, Transactions & Fund Requests","",""
"","164","Youngmoni Transfer - Missing Required Field","Personal Banking APIs - QA Test Suite","2026-10-04","passed","2026-10-04","Youngmoni Transfer","Scheduled Payments","",""
"","196","Transactions - Valid","Personal Banking APIs - QA Test Suite","2026-10-04","failed","2026-10-04","Transactions","Save & Spend","",""
"","160","Single Fund Request - Missing Required Field","Personal Banking APIs - QA Test Suite","2026-10-04","passed","2026-10-04","Single Fund Request","Wallets, Transfers, Transactions & Fund Requests","",""
"","163","Transactions Withdraw Interest - Invalid Token Or PIN","Personal Banking APIs - QA Test Suite","2026-10-04","passed","2026-10-04","Transactions Withdraw Interest","SWAG Savings","",""
"","162","Verify Alias Phone Number - No Auth","Personal Banking APIs - QA Test Suite","2026-10-04","passed","2026-10-04","Verify Alias Phone Number","Customer Profile, Accounts & Beneficiaries","",""
"","188","Types - No Auth","Personal Banking APIs - QA Test Suite","2026-10-04","passed","2026-10-04","Types","Supalock Savings","",""
"","248","Reset Pin - Valid","Personal Banking APIs - QA Test Suite","2026-10-04","failed","2026-10-04","Reset Pin","Customer Cards","",""
"","166","Block - Missing Required Field","Personal Banking APIs - QA Test Suite","2026-10-04","failed","2026-10-04","Block","Customer Cards","",""
"","180","Providers - Nonexistent ID","Personal Banking APIs - QA Test Suite","2026-10-04","passed","2026-10-04","Providers","Insurance","",""
"","164","Admin Coins Redemption Rules - Invalid ID","Personal Banking APIs - QA Test Suite","2026-10-04","failed","2026-10-04","Admin Coins Redemption Rules","Rewards, Cash Tokens & Wishlists","",""
"","187","Transactions - Nonexistent ID","Personal Banking APIs - QA Test Suite","2026-10-04","passed","2026-10-04","Transactions","Supalock Savings","",""
"","167","Wallet - Nonexistent ID","Personal Banking APIs - QA Test Suite","2026-10-04","failed","2026-10-04","Wallet","Target Savings","",""
"","181","Redeem Insurance - Empty Fields","Personal Banking APIs - QA Test Suite","2026-10-04","passed","2026-10-04","Redeem Insurance","Insurance","",""
"","189","Redeem Coins - Valid","Personal Banking APIs - QA Test Suite","2026-10-04","failed","2026-10-04","Redeem Coins","Rewards, Cash Tokens & Wishlists","",""
"","179","List - Invalid Query","Personal Banking APIs - QA Test Suite","2026-10-04","failed","2026-10-04","List","Customer Profile, Accounts & Beneficiaries","",""
"","187","Intra Account Transfer - Missing Required Field","Personal Banking APIs - QA Test Suite","2026-10-04","passed","2026-10-04","Intra Account Transfer","Wallets, Transfers, Transactions & Fund Requests","",""
"","177","Find Customers By Phone - Empty Fields","Personal Banking APIs - QA Test Suite","2026-10-04","passed","2026-10-04","Find Customers By Phone","Customer Profile, Accounts & Beneficiaries","",""
"","169","Channel Settings - Invalid Amount","Personal Banking APIs - QA Test Suite","2026-10-04","failed","2026-10-04","Channel Settings","Customer Cards","",""
"","208","Toolkit Accounts - Invalid Query","Personal Banking APIs - QA Test Suite","2026-10-04","failed","2026-10-04","Toolkit Accounts","Customer Profile, Accounts & Beneficiaries","",""
"","185","Fund Betting Wallet - Invalid Token Or PIN","Personal Banking APIs - QA Test Suite","2026-10-04","passed","2026-10-04","Fund Betting Wallet","Airtime, Data, Bills & VAS Beneficiaries","",""
"","165","Terms - Invalid Query","Personal Banking APIs - QA Test Suite","2026-10-04","failed","2026-10-04","Terms","Rewards, Cash Tokens & Wishlists","",""
"","170","Types - Invalid Query","Personal Banking APIs - QA Test Suite","2026-10-04","failed","2026-10-04","Types","Supalock Savings","",""
"","175","Admin Coins Redemption Rules - Missing Required Field","Personal Banking APIs - QA Test Suite","2026-10-04","failed","2026-10-04","Admin Coins Redemption Rules","Rewards, Cash Tokens & Wishlists","",""
"","196","Partial - Valid","Personal Banking APIs - QA Test Suite","2026-10-04","failed","2026-10-04","Partial","Airtime, Data, Bills & VAS Beneficiaries","",""
"","181","Overview - No Auth","Personal Banking APIs - QA Test Suite","2026-10-04","passed","2026-10-04","Overview","Customer Profile, Accounts & Beneficiaries","",""
"","206","Transactions Deposit - No Auth","Personal Banking APIs - QA Test Suite","2026-10-04","failed","2026-10-04","Transactions Deposit","SWAG Savings","",""
"","196","Transactions Deposit - Missing Required Field","Personal Banking APIs - QA Test Suite","2026-10-04","passed","2026-10-04","Transactions Deposit","Target Savings","",""
"","168","Upload Bulk Fund Request - Empty Fields","Personal Banking APIs - QA Test Suite","2026-10-04","passed","2026-10-04","Upload Bulk Fund Request","Wallets, Transfers, Transactions & Fund Requests","",""
"","214","Verify Reset Token - Missing Required Field","Personal Banking APIs - QA Test Suite","2026-10-04","passed","2026-10-04","Verify Reset Token","Login, Credentials, Security & Devices","",""
"","198","Retrieve - Valid","Personal Banking APIs - QA Test Suite","2026-10-04","failed","2026-10-04","Retrieve","Customer Profile, Accounts & Beneficiaries","",""
"","201","Terms - Nonexistent ID","Personal Banking APIs - QA Test Suite","2026-10-04","passed","2026-10-04","Terms","Rewards, Cash Tokens & Wishlists","",""
"","172","Find Account Banks - Empty Fields","Personal Banking APIs - QA Test Suite","2026-10-04","passed","2026-10-04","Find Account Banks","Customer Profile, Accounts & Beneficiaries","",""
"","196","Partial - Empty Fields","Personal Banking APIs - QA Test Suite","2026-10-04","passed","2026-10-04","Partial","Wallets, Transfers, Transactions & Fund Requests","",""
"","176","Purchase Epin - Valid","Personal Banking APIs - QA Test Suite","2026-10-04","failed","2026-10-04","Purchase Epin","Airtime, Data, Bills & VAS Beneficiaries","",""
"","328","Admin - Invalid Query","Personal Banking APIs - QA Test Suite","2026-10-04","failed","2026-10-04","Admin","KYC, Tier Upgrades & Young Moni","",""
"","188","Waec Lookup - Valid","Personal Banking APIs - QA Test Suite","2026-10-04","failed","2026-10-04","Waec Lookup","Airtime, Data, Bills & VAS Beneficiaries","",""
"","164","Games Eligibility Requirements - Invalid Query","Personal Banking APIs - QA Test Suite","2026-10-04","passed","2026-10-04","Games Eligibility Requirements","Rewards, Cash Tokens & Wishlists","",""
"","159","Purchase Waec - Empty Fields","Personal Banking APIs - QA Test Suite","2026-10-04","passed","2026-10-04","Purchase Waec","Airtime, Data, Bills & VAS Beneficiaries","",""
"","164","Repay - Empty Fields","Personal Banking APIs - QA Test Suite","2026-10-04","failed","2026-10-04","Repay","Kolo Connect Advances","",""
"","174","Young Moni Validate Details - Missing Required Field","Personal Banking APIs - QA Test Suite","2026-10-04","failed","2026-10-04","Young Moni Validate Details","Customer Profile, Accounts & Beneficiaries","",""
"","169","Toolkit Accounts - Valid","Personal Banking APIs - QA Test Suite","2026-10-04","failed","2026-10-04","Toolkit Accounts","Customer Profile, Accounts & Beneficiaries","",""
"","230","Admin Upload Documents - Valid","Personal Banking APIs - QA Test Suite","2026-10-04","failed","2026-10-04","Admin Upload Documents","KYC, Tier Upgrades & Young Moni","",""
"","160","Purchase Waec - Valid","Personal Banking APIs - QA Test Suite","2026-10-04","failed","2026-10-04","Purchase Waec","Airtime, Data, Bills & VAS Beneficiaries","",""
"","165","Young Moni Upload Guardian Documents - No Auth","Personal Banking APIs - QA Test Suite","2026-10-04","failed","2026-10-04","Young Moni Upload Guardian Documents","Customer Profile, Accounts & Beneficiaries","",""
"","185","Document Delete - Missing Required Field","Personal Banking APIs - QA Test Suite","2026-10-04","failed","2026-10-04","Document Delete","KYC, Tier Upgrades & Young Moni","",""
"","167","Data - No Auth","Personal Banking APIs - QA Test Suite","2026-10-04","passed","2026-10-04","Data","Scheduled Payments","",""
"","180","Verify Phone OTP - Empty Fields","Personal Banking APIs - QA Test Suite","2026-10-04","passed","2026-10-04","Verify Phone OTP","Customer Onboarding","",""
"","170","Data - Invalid Amount","Personal Banking APIs - QA Test Suite","2026-10-04","passed","2026-10-04","Data","Scheduled Payments","",""
"","201","Admin Coins Redemption Rules - Missing Required Field","Personal Banking APIs - QA Test Suite","2026-10-04","failed","2026-10-04","Admin Coins Redemption Rules","Rewards, Cash Tokens & Wishlists","",""
"","181","Enabled Setting - Invalid Query","Personal Banking APIs - QA Test Suite","2026-10-04","failed","2026-10-04","Enabled Setting","Wallets, Transfers, Transactions & Fund Requests","",""
"","181","Admin Update Documents - Missing Required Field","Personal Banking APIs - QA Test Suite","2026-10-04","passed","2026-10-04","Admin Update Documents","KYC, Tier Upgrades & Young Moni","",""
"","191","Update - Invalid ID","Personal Banking APIs - QA Test Suite","2026-10-04","passed","2026-10-04","Update","Scheduled Payments","",""
"","184","List - No Auth","Personal Banking APIs - QA Test Suite","2026-10-04","passed","2026-10-04","List","Customer Profile, Accounts & Beneficiaries","",""
"","201","Verify Reset Token - Valid","Personal Banking APIs - QA Test Suite","2026-10-04","failed","2026-10-04","Verify Reset Token","Login, Credentials, Security & Devices","",""
"","171","Find Customers By Phone - Valid","Personal Banking APIs - QA Test Suite","2026-10-04","passed","2026-10-04","Find Customers By Phone","Customer Profile, Accounts & Beneficiaries","",""
"","186","Intra Account Transfer - Empty Fields","Personal Banking APIs - QA Test Suite","2026-10-04","passed","2026-10-04","Intra Account Transfer","Wallets, Transfers, Transactions & Fund Requests","",""
"","175","Repayment Plan - Valid","Personal Banking APIs - QA Test Suite","2026-10-04","failed","2026-10-04","Repayment Plan","Kolo Connect Advances","",""
"","184","Transactions Deposit - Missing Required Field","Personal Banking APIs - QA Test Suite","2026-10-04","passed","2026-10-04","Transactions Deposit","SWAG Savings","",""
"","349","Admin Coins Redemption Rules - Invalid ID","Personal Banking APIs - QA Test Suite","2026-10-04","failed","2026-10-04","Admin Coins Redemption Rules","Rewards, Cash Tokens & Wishlists","",""
"","174","Airtime - No Auth","Personal Banking APIs - QA Test Suite","2026-10-04","passed","2026-10-04","Airtime","Scheduled Payments","",""
"","183","Channel Settings - No Auth","Personal Banking APIs - QA Test Suite","2026-10-04","passed","2026-10-04","Channel Settings","Customer Cards","",""
"","169","Export Fund Recipients - Empty Fields","Personal Banking APIs - QA Test Suite","2026-10-04","failed","2026-10-04","Export Fund Recipients","Wallets, Transfers, Transactions & Fund Requests","",""
"","169","Request Phone Verification - Missing Required Field","Personal Banking APIs - QA Test Suite","2026-10-04","failed","2026-10-04","Request Phone Verification","Login, Credentials, Security & Devices","",""
"","173","Admin Games Rewards - No Auth","Personal Banking APIs - QA Test Suite","2026-10-04","passed","2026-10-04","Admin Games Rewards","Rewards, Cash Tokens & Wishlists","",""
"","180","Admin Games Rewards - Valid","Personal Banking APIs - QA Test Suite","2026-10-04","failed","2026-10-04","Admin Games Rewards","Rewards, Cash Tokens & Wishlists","",""
"","160","Update - No Auth","Personal Banking APIs - QA Test Suite","2026-10-04","passed","2026-10-04","Update","Scheduled Payments","",""
"","197","Verify Email Update - Valid","Personal Banking APIs - QA Test Suite","2026-10-04","failed","2026-10-04","Verify Email Update","KYC, Tier Upgrades & Young Moni","",""
"","163","Admin Coins Rules - Invalid Amount","Personal Banking APIs - QA Test Suite","2026-10-04","failed","2026-10-04","Admin Coins Rules","Rewards, Cash Tokens & Wishlists","",""
"","182","Create Sub Account - Empty Fields","Personal Banking APIs - QA Test Suite","2026-10-04","passed","2026-10-04","Create Sub Account","Customer Profile, Accounts & Beneficiaries","",""
"","184","Winner - Invalid Query","Personal Banking APIs - QA Test Suite","2026-10-04","failed","2026-10-04","Winner","Rewards, Cash Tokens & Wishlists","",""
"","190","Transaction - Nonexistent ID","Personal Banking APIs - QA Test Suite","2026-10-04","failed","2026-10-04","Transaction","Airtime, Data, Bills & VAS Beneficiaries","",""
"","173","Update Single Transfer Limit - Missing Required Field","Personal Banking APIs - QA Test Suite","2026-10-04","passed","2026-10-04","Update Single Transfer Limit","Customer Profile, Accounts & Beneficiaries","",""
"","169","Setup Liveness Image - Empty Fields","Personal Banking APIs - QA Test Suite","2026-10-04","passed","2026-10-04","Setup Liveness Image","Login, Credentials, Security & Devices","",""
"","283","Download Statement - Invalid Status Or Type","Personal Banking APIs - QA Test Suite","2026-10-04","failed","2026-10-04","Download Statement","Wallets, Transfers, Transactions & Fund Requests","",""
"","181","Borrow - Missing Required Field","Personal Banking APIs - QA Test Suite","2026-10-04","failed","2026-10-04","Borrow","Kolo Connect Advances","",""
"","197","Export Fund Recipients - Valid","Personal Banking APIs - QA Test Suite","2026-10-04","failed","2026-10-04","Export Fund Recipients","Wallets, Transfers, Transactions & Fund Requests","",""
"","200","Admin Coins Redemption Rules - Nonexistent ID","Personal Banking APIs - QA Test Suite","2026-10-04","failed","2026-10-04","Admin Coins Redemption Rules","Rewards, Cash Tokens & Wishlists","",""
"","351","Admin - Invalid ID","Personal Banking APIs - QA Test Suite","2026-10-04","failed","2026-10-04","Admin","KYC, Tier Upgrades & Young Moni","",""
"","192","Wallet Download Swag Statement - Invalid Status Or Type","Personal Banking APIs - QA Test Suite","2026-10-04","failed","2026-10-04","Wallet Download Swag Statement","SWAG Savings","",""
"","172","Create Transaction Pin - Invalid Token Or PIN","Personal Banking APIs - QA Test Suite","2026-10-04","failed","2026-10-04","Create Transaction Pin","Login, Credentials, Security & Devices","",""
"","180","Topup Supalock - Invalid Amount","Personal Banking APIs - QA Test Suite","2026-10-04","failed","2026-10-04","Topup Supalock","Supalock Savings","",""
"","196","Disable - Nonexistent ID","Personal Banking APIs - QA Test Suite","2026-10-04","failed","2026-10-04","Disable","Wallets, Transfers, Transactions & Fund Requests","",""
"","176","Tier Two Upgrade - Missing Required Field","Personal Banking APIs - QA Test Suite","2026-10-04","passed","2026-10-04","Tier Two Upgrade","KYC, Tier Upgrades & Young Moni","",""
"","189","Young Moni - Invalid Query","Personal Banking APIs - QA Test Suite","2026-10-04","failed","2026-10-04","Young Moni","Customer Profile, Accounts & Beneficiaries","",""
"","683","Transactions - Invalid Query","Personal Banking APIs - QA Test Suite","2026-10-04","failed","2026-10-04","Transactions","Wallets, Transfers, Transactions & Fund Requests","",""
"","159","Transactions Deposit - Empty Fields","Personal Banking APIs - QA Test Suite","2026-10-04","passed","2026-10-04","Transactions Deposit","SWAG Savings","",""
"","218","Wallet Download Target Statement - Empty Fields","Personal Banking APIs - QA Test Suite","2026-10-04","failed","2026-10-04","Wallet Download Target Statement","Target Savings","",""
"","199","List - Valid","Personal Banking APIs - QA Test Suite","2026-10-04","passed","2026-10-04","List","Scheduled Payments","",""
"","176","Setup Liveness Image - No Auth","Personal Banking APIs - QA Test Suite","2026-10-04","failed","2026-10-04","Setup Liveness Image","Login, Credentials, Security & Devices","",""
"","172","Types - Invalid Status Or Type","Personal Banking APIs - QA Test Suite","2026-10-04","failed","2026-10-04","Types","Supalock Savings","",""
"","189","Update Request Recipients - Invalid Amount","Personal Banking APIs - QA Test Suite","2026-10-04","failed","2026-10-04","Update Request Recipients","Wallets, Transfers, Transactions & Fund Requests","",""
"","177","Update Documents - Missing Required Field","Personal Banking APIs - QA Test Suite","2026-10-04","passed","2026-10-04","Update Documents","KYC, Tier Upgrades & Young Moni","",""
"","206","Intra Name Enquiry By Phone - Empty Fields","Personal Banking APIs - QA Test Suite","2026-10-04","failed","2026-10-04","Intra Name Enquiry By Phone","Wallets, Transfers, Transactions & Fund Requests","",""
"","181","Tier Zero Upgrade - No Auth","Personal Banking APIs - QA Test Suite","2026-10-04","passed","2026-10-04","Tier Zero Upgrade","KYC, Tier Upgrades & Young Moni","",""
"","175","Verify Phone Number - Missing Required Field","Personal Banking APIs - QA Test Suite","2026-10-04","failed","2026-10-04","Verify Phone Number","Login, Credentials, Security & Devices","",""
"","349","Admin Games Rewards - Valid","Personal Banking APIs - QA Test Suite","2026-10-04","failed","2026-10-04","Admin Games Rewards","Rewards, Cash Tokens & Wishlists","",""
"","183","Retrieve - No Auth","Personal Banking APIs - QA Test Suite","2026-10-04","passed","2026-10-04","Retrieve","Customer Profile, Accounts & Beneficiaries","",""
"","193","Find Account Banks - Valid","Personal Banking APIs - QA Test Suite","2026-10-04","failed","2026-10-04","Find Account Banks","Customer Profile, Accounts & Beneficiaries","",""
"","190","Admin Admin Tier Zero Upgrade - Missing Required Field","Personal Banking APIs - QA Test Suite","2026-10-04","failed","2026-10-04","Admin Admin Tier Zero Upgrade","KYC, Tier Upgrades & Young Moni","",""
"","184","Wallet Download Swag Statement - Missing Required Field","Personal Banking APIs - QA Test Suite","2026-10-04","failed","2026-10-04","Wallet Download Swag Statement","SWAG Savings","",""
"","176","Validate Smart Card - Missing Required Field","Personal Banking APIs - QA Test Suite","2026-10-04","failed","2026-10-04","Validate Smart Card","Airtime, Data, Bills & VAS Beneficiaries","",""
"","173","Get Suggestions - Valid","Personal Banking APIs - QA Test Suite","2026-10-04","passed","2026-10-04","Get Suggestions","Customer Profile, Accounts & Beneficiaries","",""
"","194","Request Phone Verification - Valid","Personal Banking APIs - QA Test Suite","2026-10-04","failed","2026-10-04","Request Phone Verification","Login, Credentials, Security & Devices","",""
"","310","Admin Games Rewards - No Auth","Personal Banking APIs - QA Test Suite","2026-10-04","passed","2026-10-04","Admin Games Rewards","Rewards, Cash Tokens & Wishlists","",""
"","170","Validate Betting Id - Missing Required Field","Personal Banking APIs - QA Test Suite","2026-10-04","passed","2026-10-04","Validate Betting Id","Airtime, Data, Bills & VAS Beneficiaries","",""
"","156","Transfer - No Auth","Personal Banking APIs - QA Test Suite","2026-10-04","passed","2026-10-04","Transfer","Scheduled Payments","",""
"","174","Set Password & Create Pending User - Invalid Token Or PIN","Personal Banking APIs - QA Test Suite","2026-10-04","passed","2026-10-04","Set Password & Create Pending User","Customer Onboarding","",""
"","161","Young Moni - No Auth","Personal Banking APIs - QA Test Suite","2026-10-04","passed","2026-10-04","Young Moni","Customer Profile, Accounts & Beneficiaries","",""
"","323","Admin Coins Rules - Invalid Query","Personal Banking APIs - QA Test Suite","2026-10-04","failed","2026-10-04","Admin Coins Rules","Rewards, Cash Tokens & Wishlists","",""
"","195","Redeem Insurance - Valid","Personal Banking APIs - QA Test Suite","2026-10-04","failed","2026-10-04","Redeem Insurance","Insurance","",""
"","171","Retry Payment Schedule - Empty Fields","Personal Banking APIs - QA Test Suite","2026-10-04","passed","2026-10-04","Retry Payment Schedule","Scheduled Payments","",""
"","158","Transactions Create Wallet - Invalid Status Or Type","Personal Banking APIs - QA Test Suite","2026-10-04","passed","2026-10-04","Transactions Create Wallet","Target Savings","",""
"","162","Partial - Empty Fields","Personal Banking APIs - QA Test Suite","2026-10-04","failed","2026-10-04","Partial","Airtime, Data, Bills & VAS Beneficiaries","",""
"","183","Purchase Airtime - Missing Required Field","Personal Banking APIs - QA Test Suite","2026-10-04","passed","2026-10-04","Purchase Airtime","Airtime, Data, Bills & VAS Beneficiaries","",""
"","167","Partial - Invalid Status Or Type","Personal Banking APIs - QA Test Suite","2026-10-04","passed","2026-10-04","Partial","Airtime, Data, Bills & VAS Beneficiaries","",""
"","173","Activate - Missing Required Field","Personal Banking APIs - QA Test Suite","2026-10-04","failed","2026-10-04","Activate","Customer Cards","",""
"","169","Verify Email Update - Invalid Email","Personal Banking APIs - QA Test Suite","2026-10-04","passed","2026-10-04","Verify Email Update","KYC, Tier Upgrades & Young Moni","",""
"","162","Transactions Create Wallet - Invalid Token Or PIN","Personal Banking APIs - QA Test Suite","2026-10-04","passed","2026-10-04","Transactions Create Wallet","Save & Spend","",""
"","184","Transactions Break Wallet - No Auth","Personal Banking APIs - QA Test Suite","2026-10-04","failed","2026-10-04","Transactions Break Wallet","Save & Spend","",""
"","174","Create Her Wealth - Empty Fields","Personal Banking APIs - QA Test Suite","2026-10-04","passed","2026-10-04","Create Her Wealth","Customer Profile, Accounts & Beneficiaries","",""
"","198","Update Daily Transfer Limit - Invalid Amount","Personal Banking APIs - QA Test Suite","2026-10-04","passed","2026-10-04","Update Daily Transfer Limit","Customer Profile, Accounts & Beneficiaries","",""
"","219","Details - Valid","Personal Banking APIs - QA Test Suite","2026-10-04","passed","2026-10-04","Details","Customer Profile, Accounts & Beneficiaries","",""
"","187","Partial - No Auth","Personal Banking APIs - QA Test Suite","2026-10-04","passed","2026-10-04","Partial","Customer Profile, Accounts & Beneficiaries","",""
"","195","Create Her Wealth - Missing Required Field","Personal Banking APIs - QA Test Suite","2026-10-04","passed","2026-10-04","Create Her Wealth","Customer Profile, Accounts & Beneficiaries","",""
"","182","Terms Terms And Rewards - Valid","Personal Banking APIs - QA Test Suite","2026-10-04","passed","2026-10-04","Terms Terms And Rewards","Rewards, Cash Tokens & Wishlists","",""
"","179","Young Moni Documents Action Document - Invalid ID","Personal Banking APIs - QA Test Suite","2026-10-04","failed","2026-10-04","Young Moni Documents Action Document","KYC, Tier Upgrades & Young Moni","",""
"","177","Young Moni Requests Complete Review - Nonexistent ID","Personal Banking APIs - QA Test Suite","2026-10-04","failed","2026-10-04","Young Moni Requests Complete Review","KYC, Tier Upgrades & Young Moni","",""
"","205","Transactions Update Swag Monthly Rollover - Valid","Personal Banking APIs - QA Test Suite","2026-10-04","failed","2026-10-04","Transactions Update Swag Monthly Rollover","SWAG Savings","",""
"","179","Disable - Invalid ID","Personal Banking APIs - QA Test Suite","2026-10-04","failed","2026-10-04","Disable","Wallets, Transfers, Transactions & Fund Requests","",""
"","198","Retrieve - No Auth","Personal Banking APIs - QA Test Suite","2026-10-04","passed","2026-10-04","Retrieve","Wallets, Transfers, Transactions & Fund Requests","",""
"","251","Reset Transaction Pin - Empty Fields","Personal Banking APIs - QA Test Suite","2026-10-04","passed","2026-10-04","Reset Transaction Pin","Login, Credentials, Security & Devices","",""
"","181","Transactions - No Auth","Personal Banking APIs - QA Test Suite","2026-10-04","passed","2026-10-04","Transactions","SWAG Savings","",""
"","175","Validate Jamb Profile - Invalid Status Or Type","Personal Banking APIs - QA Test Suite","2026-10-04","failed","2026-10-04","Validate Jamb Profile","Airtime, Data, Bills & VAS Beneficiaries","",""
"","196","Reject Bulk Fund Request - Valid","Personal Banking APIs - QA Test Suite","2026-10-04","failed","2026-10-04","Reject Bulk Fund Request","Wallets, Transfers, Transactions & Fund Requests","",""
"","182","Young Moni Upload Child Documents - Invalid Status Or Type","Personal Banking APIs - QA Test Suite","2026-10-04","failed","2026-10-04","Young Moni Upload Child Documents","Customer Profile, Accounts & Beneficiaries","",""
"","186","Payment Merchant - Empty Fields","Personal Banking APIs - QA Test Suite","2026-10-04","failed","2026-10-04","Payment Merchant","Customer Cards","",""
"","181","Wallet Download Target Statement - Invalid Status Or Type","Personal Banking APIs - QA Test Suite","2026-10-04","failed","2026-10-04","Wallet Download Target Statement","Target Savings","",""
"","163","Young Moni Requests Complete Review - No Auth","Personal Banking APIs - QA Test Suite","2026-10-04","passed","2026-10-04","Young Moni Requests Complete Review","KYC, Tier Upgrades & Young Moni","",""
"","167","Update Communication Preference - Invalid Token Or PIN","Personal Banking APIs - QA Test Suite","2026-10-04","passed","2026-10-04","Update Communication Preference","Customer Profile, Accounts & Beneficiaries","",""
"","180","Update Single Transfer Limit - Empty Fields","Personal Banking APIs - QA Test Suite","2026-10-04","failed","2026-10-04","Update Single Transfer Limit","Customer Profile, Accounts & Beneficiaries","",""
"","184","Complete Registration - Missing Required Field","Personal Banking APIs - QA Test Suite","2026-10-04","passed","2026-10-04","Complete Registration","Customer Onboarding","",""
"","189","List Documents - Nonexistent ID","Personal Banking APIs - QA Test Suite","2026-10-04","passed","2026-10-04","List Documents","KYC, Tier Upgrades & Young Moni","",""
"","155","Borrow - No Auth","Personal Banking APIs - QA Test Suite","2026-10-04","passed","2026-10-04","Borrow","Kolo Connect Advances","",""
"","163","Get Item Edit - Invalid Amount","Personal Banking APIs - QA Test Suite","2026-10-04","failed","2026-10-04","Get Item Edit","Rewards, Cash Tokens & Wishlists","",""
"","159","Create Transaction Pin - Valid","Personal Banking APIs - QA Test Suite","2026-10-04","failed","2026-10-04","Create Transaction Pin","Login, Credentials, Security & Devices","",""
"","177","Create Wishlist With Items - Valid","Personal Banking APIs - QA Test Suite","2026-10-04","failed","2026-10-04","Create Wishlist With Items","Rewards, Cash Tokens & Wishlists","",""
"","169","Reset Pin - Empty Fields","Personal Banking APIs - QA Test Suite","2026-10-04","failed","2026-10-04","Reset Pin","Customer Cards","",""
"","179","Reward With Cashback - Missing Required Field","Personal Banking APIs - QA Test Suite","2026-10-04","failed","2026-10-04","Reward With Cashback","Rewards, Cash Tokens & Wishlists","",""
"","169","Retrieve - No Auth","Personal Banking APIs - QA Test Suite","2026-10-04","passed","2026-10-04","Retrieve","Wallets, Transfers, Transactions & Fund Requests","",""
"","188","Admin Coins Redemption Rules - Empty Fields","Personal Banking APIs - QA Test Suite","2026-10-04","failed","2026-10-04","Admin Coins Redemption Rules","Rewards, Cash Tokens & Wishlists","",""
"","178","Airtime - Invalid Amount","Personal Banking APIs - QA Test Suite","2026-10-04","passed","2026-10-04","Airtime","Scheduled Payments","",""
"","169","Update Location - Invalid ID","Personal Banking APIs - QA Test Suite","2026-10-04","failed","2026-10-04","Update Location","Login, Credentials, Security & Devices","",""
"","181","Update Single Transfer Limit - Invalid Amount","Personal Banking APIs - QA Test Suite","2026-10-04","passed","2026-10-04","Update Single Transfer Limit","Customer Profile, Accounts & Beneficiaries","",""
"","156","Wallet Interest Balance - No Auth","Personal Banking APIs - QA Test Suite","2026-10-04","passed","2026-10-04","Wallet Interest Balance","Save & Spend","",""
"","191","Verify NIN (Choose BVN or NIN) - Missing Required Field","Personal Banking APIs - QA Test Suite","2026-10-04","passed","2026-10-04","Verify NIN (Choose BVN or NIN)","Customer Onboarding","",""
"","164","Single Fund Request - Invalid Token Or PIN","Personal Banking APIs - QA Test Suite","2026-10-04","passed","2026-10-04","Single Fund Request","Wallets, Transfers, Transactions & Fund Requests","",""
"","192","Channel Settings - Valid","Personal Banking APIs - QA Test Suite","2026-10-04","passed","2026-10-04","Channel Settings","Customer Cards","",""
"","196","Requests - Invalid ID","Personal Banking APIs - QA Test Suite","2026-10-04","passed","2026-10-04","Requests","Customer Cards","",""
"","160","Purchase Data - Invalid Amount","Personal Banking APIs - QA Test Suite","2026-10-04","passed","2026-10-04","Purchase Data","Airtime, Data, Bills & VAS Beneficiaries","",""
"","164","Coin Redemption Rules - Invalid Query","Personal Banking APIs - QA Test Suite","2026-10-04","passed","2026-10-04","Coin Redemption Rules","Rewards, Cash Tokens & Wishlists","",""
"","160","Transactions Deposit - Valid","Personal Banking APIs - QA Test Suite","2026-10-04","failed","2026-10-04","Transactions Deposit","Target Savings","",""
"","184","Young Moni Initiate Account Request - Valid","Personal Banking APIs - QA Test Suite","2026-10-04","failed","2026-10-04","Young Moni Initiate Account Request","Customer Profile, Accounts & Beneficiaries","",""
"","160","Purchase Waec - Invalid Amount","Personal Banking APIs - QA Test Suite","2026-10-04","passed","2026-10-04","Purchase Waec","Airtime, Data, Bills & VAS Beneficiaries","",""
"","164","List - Invalid Query","Personal Banking APIs - QA Test Suite","2026-10-04","failed","2026-10-04","List","Scheduled Payments","",""
"","181","Continue With Email - Missing Required Field","Personal Banking APIs - QA Test Suite","2026-10-04","passed","2026-10-04","Continue With Email","Customer Onboarding","",""
"","173","Retrieve - Invalid ID","Personal Banking APIs - QA Test Suite","2026-10-04","failed","2026-10-04","Retrieve","Wallets, Transfers, Transactions & Fund Requests","",""
"","197","Upload Documents - Valid","Personal Banking APIs - QA Test Suite","2026-10-04","failed","2026-10-04","Upload Documents","KYC, Tier Upgrades & Young Moni","",""
"","173","Admin Games Rewards - Nonexistent ID","Personal Banking APIs - QA Test Suite","2026-10-04","failed","2026-10-04","Admin Games Rewards","Rewards, Cash Tokens & Wishlists","",""
"","673","List - Valid","Personal Banking APIs - QA Test Suite","2026-10-04","passed","2026-10-04","List","Customer Profile, Accounts & Beneficiaries","",""
"","181","Transactions Create Wallet - Missing Required Field","Personal Banking APIs - QA Test Suite","2026-10-04","passed","2026-10-04","Transactions Create Wallet","Save & Spend","",""
"","166","Young Moni Initiate Account Request - Invalid Status Or Type","Personal Banking APIs - QA Test Suite","2026-10-04","passed","2026-10-04","Young Moni Initiate Account Request","Customer Profile, Accounts & Beneficiaries","",""
"","201","Create - Valid","Personal Banking APIs - QA Test Suite","2026-10-04","failed","2026-10-04","Create","Airtime, Data, Bills & VAS Beneficiaries","",""
"","1024","Transactions - Valid","Personal Banking APIs - QA Test Suite","2026-10-04","failed","2026-10-04","Transactions","SWAG Savings","",""
"","195","Purchase Cable - Valid","Personal Banking APIs - QA Test Suite","2026-10-04","failed","2026-10-04","Purchase Cable","Airtime, Data, Bills & VAS Beneficiaries","",""
"","190","Tier Two Upgrade - Empty Fields","Personal Banking APIs - QA Test Suite","2026-10-04","passed","2026-10-04","Tier Two Upgrade","KYC, Tier Upgrades & Young Moni","",""
"","199","Toolkit Accounts - Invalid ID","Personal Banking APIs - QA Test Suite","2026-10-04","failed","2026-10-04","Toolkit Accounts","Customer Profile, Accounts & Beneficiaries","",""
"","174","Electricity - Invalid Amount","Personal Banking APIs - QA Test Suite","2026-10-04","passed","2026-10-04","Electricity","Scheduled Payments","",""
"","171","Data - Invalid Status Or Type","Personal Banking APIs - QA Test Suite","2026-10-04","passed","2026-10-04","Data","Scheduled Payments","",""
"","168","Wallet - Invalid Query","Personal Banking APIs - QA Test Suite","2026-10-04","failed","2026-10-04","Wallet","Target Savings","",""
"","200","Approve Single Bulk Recipient - Missing Required Field","Personal Banking APIs - QA Test Suite","2026-10-04","failed","2026-10-04","Approve Single Bulk Recipient","Wallets, Transfers, Transactions & Fund Requests","",""
"","155","List - No Auth","Personal Banking APIs - QA Test Suite","2026-10-04","passed","2026-10-04","List","Airtime, Data, Bills & VAS Beneficiaries","",""
"","207","Admin Admin Upgrade To Merchant - Missing Required Field","Personal Banking APIs - QA Test Suite","2026-10-04","failed","2026-10-04","Admin Admin Upgrade To Merchant","KYC, Tier Upgrades & Young Moni","",""
"","483","Admin - Invalid Query","Personal Banking APIs - QA Test Suite","2026-10-04","failed","2026-10-04","Admin","KYC, Tier Upgrades & Young Moni","",""
"","601","Retrieve - No Auth","Personal Banking APIs - QA Test Suite","2026-10-04","passed","2026-10-04","Retrieve","Wallets, Transfers, Transactions & Fund Requests","",""
"","183","Requests - Invalid Query","Personal Banking APIs - QA Test Suite","2026-10-04","failed","2026-10-04","Requests","Customer Cards","",""
"","239","Admin Admin Tier One Upgrade - Valid","Personal Banking APIs - QA Test Suite","2026-10-04","failed","2026-10-04","Admin Admin Tier One Upgrade","KYC, Tier Upgrades & Young Moni","",""
"","161","Reward With Cashback - No Auth","Personal Banking APIs - QA Test Suite","2026-10-04","passed","2026-10-04","Reward With Cashback","Rewards, Cash Tokens & Wishlists","",""
"","168","Airtime - Missing Required Field","Personal Banking APIs - QA Test Suite","2026-10-04","passed","2026-10-04","Airtime","Scheduled Payments","",""
"","182","Retrieve - Invalid ID","Personal Banking APIs - QA Test Suite","2026-10-04","passed","2026-10-04","Retrieve","KYC, Tier Upgrades & Young Moni","",""
"","163","List - No Auth","Personal Banking APIs - QA Test Suite","2026-10-04","passed","2026-10-04","List","Customer Profile, Accounts & Beneficiaries","",""
"","182","Partial - No Auth","Personal Banking APIs - QA Test Suite","2026-10-04","passed","2026-10-04","Partial","Airtime, Data, Bills & VAS Beneficiaries","",""
"","162","Create Password - Invalid Email","Personal Banking APIs - QA Test Suite","2026-10-04","passed","2026-10-04","Create Password","Login, Credentials, Security & Devices","",""
"","156","Games Spin Wheel - No Auth","Personal Banking APIs - QA Test Suite","2026-10-04","passed","2026-10-04","Games Spin Wheel","Rewards, Cash Tokens & Wishlists","",""
"","185","Check Email / Phone Availability - Invalid Email","Personal Banking APIs - QA Test Suite","2026-10-04","passed","2026-10-04","Check Email / Phone Availability","Customer Onboarding","",""
"","167","Request Alias Phone Verification - Valid","Personal Banking APIs - QA Test Suite","2026-10-04","failed","2026-10-04","Request Alias Phone Verification","Customer Profile, Accounts & Beneficiaries","",""
"","176","Admin Reject Upgrade Request - Nonexistent ID","Personal Banking APIs - QA Test Suite","2026-10-04","failed","2026-10-04","Admin Reject Upgrade Request","KYC, Tier Upgrades & Young Moni","",""
"","179","Games Get Rewards - Invalid Query","Personal Banking APIs - QA Test Suite","2026-10-04","passed","2026-10-04","Games Get Rewards","Rewards, Cash Tokens & Wishlists","",""
"","159","Create Transaction Pin - No Auth","Personal Banking APIs - QA Test Suite","2026-10-04","passed","2026-10-04","Create Transaction Pin","Login, Credentials, Security & Devices","",""
"","184","Find Customers By Phone - Missing Required Field","Personal Banking APIs - QA Test Suite","2026-10-04","passed","2026-10-04","Find Customers By Phone","Customer Profile, Accounts & Beneficiaries","",""
"","165","List - Valid","Personal Banking APIs - QA Test Suite","2026-10-04","failed","2026-10-04","List","Kolo Connect Advances","",""
"","160","Data - Empty Fields","Personal Banking APIs - QA Test Suite","2026-10-04","passed","2026-10-04","Data","Scheduled Payments","",""
"","167","Restrict Accounts By BVN - No Auth","Personal Banking APIs - QA Test Suite","2026-10-04","passed","2026-10-04","Restrict Accounts By BVN","Customer Profile, Accounts & Beneficiaries","",""
"","178","Retrieve - Invalid ID","Personal Banking APIs - QA Test Suite","2026-10-04","failed","2026-10-04","Retrieve","Airtime, Data, Bills & VAS Beneficiaries","",""
"","196","Document Delete - Invalid ID","Personal Banking APIs - QA Test Suite","2026-10-04","failed","2026-10-04","Document Delete","KYC, Tier Upgrades & Young Moni","",""
"","159","Transactions Create Wallet Product Specific - No Auth","Personal Banking APIs - QA Test Suite","2026-10-04","failed","2026-10-04","Transactions Create Wallet Product Specific","Target Savings","",""
"","166","Types - Empty Fields","Personal Banking APIs - QA Test Suite","2026-10-04","failed","2026-10-04","Types","Supalock Savings","",""
"","343","Admin Coins Rules - Invalid Query","Personal Banking APIs - QA Test Suite","2026-10-04","failed","2026-10-04","Admin Coins Rules","Rewards, Cash Tokens & Wishlists","",""
"","195","Add Item - Invalid ID","Personal Banking APIs - QA Test Suite","2026-10-04","passed","2026-10-04","Add Item","Rewards, Cash Tokens & Wishlists","",""
"","188","Young Moni Requests - No Auth","Personal Banking APIs - QA Test Suite","2026-10-04","passed","2026-10-04","Young Moni Requests","KYC, Tier Upgrades & Young Moni","",""
"","325","Admin Games Stats - Invalid Query","Personal Banking APIs - QA Test Suite","2026-10-04","failed","2026-10-04","Admin Games Stats","Rewards, Cash Tokens & Wishlists","",""
"","387","Retrieve - Invalid Query","Personal Banking APIs - QA Test Suite","2026-10-04","failed","2026-10-04","Retrieve","Customer Profile, Accounts & Beneficiaries","",""
"","226","Document Delete - Nonexistent ID","Personal Banking APIs - QA Test Suite","2026-10-04","failed","2026-10-04","Document Delete","KYC, Tier Upgrades & Young Moni","",""
"","219","Initiate Email Update - Valid","Personal Banking APIs - QA Test Suite","2026-10-04","failed","2026-10-04","Initiate Email Update","KYC, Tier Upgrades & Young Moni","",""
"","183","Withdraw Supalock - Valid","Personal Banking APIs - QA Test Suite","2026-10-04","failed","2026-10-04","Withdraw Supalock","Supalock Savings","",""
"","195","List Documents - Invalid Query","Personal Banking APIs - QA Test Suite","2026-10-04","failed","2026-10-04","List Documents","KYC, Tier Upgrades & Young Moni","",""
"","198","Retrieve - Valid","Personal Banking APIs - QA Test Suite","2026-10-04","failed","2026-10-04","Retrieve","Wallets, Transfers, Transactions & Fund Requests","",""
"","171","Purchase Electricity - Invalid Token Or PIN","Personal Banking APIs - QA Test Suite","2026-10-04","passed","2026-10-04","Purchase Electricity","Airtime, Data, Bills & VAS Beneficiaries","",""
"","167","Wishlist Config - Valid","Personal Banking APIs - QA Test Suite","2026-10-04","failed","2026-10-04","Wishlist Config","Rewards, Cash Tokens & Wishlists","",""
"","276","Create Insurance - Valid","Personal Banking APIs - QA Test Suite","2026-10-04","failed","2026-10-04","Create Insurance","Insurance","",""
"","175","Webhook Cashtoken Webhook - No Auth","Personal Banking APIs - QA Test Suite","2026-10-04","passed","2026-10-04","Webhook Cashtoken Webhook","Rewards, Cash Tokens & Wishlists","",""
"","190","Wallet - Invalid ID","Personal Banking APIs - QA Test Suite","2026-10-04","failed","2026-10-04","Wallet","SWAG Savings","",""
"","175","Verify NIN (Choose BVN or NIN) - Invalid Status Or Type","Personal Banking APIs - QA Test Suite","2026-10-04","passed","2026-10-04","Verify NIN (Choose BVN or NIN)","Customer Onboarding","",""
"","195","Young Moni Validate Details Without Identity - Empty Fields","Personal Banking APIs - QA Test Suite","2026-10-04","failed","2026-10-04","Young Moni Validate Details Without Identity","Customer Profile, Accounts & Beneficiaries","",""
"","195","Transactions Deposit - Valid","Personal Banking APIs - QA Test Suite","2026-10-04","failed","2026-10-04","Transactions Deposit","SWAG Savings","",""
"","316","Admin Games Rewards - Invalid Query","Personal Banking APIs - QA Test Suite","2026-10-04","failed","2026-10-04","Admin Games Rewards","Rewards, Cash Tokens & Wishlists","",""
"","160","Login With Pin - Invalid Email","Personal Banking APIs - QA Test Suite","2026-10-04","passed","2026-10-04","Login With Pin","Login, Credentials, Security & Devices","",""
"","167","Transactions Update Swag Plan - Missing Required Field","Personal Banking APIs - QA Test Suite","2026-10-04","passed","2026-10-04","Transactions Update Swag Plan","SWAG Savings","",""
"","299","List - Valid","Personal Banking APIs - QA Test Suite","2026-10-04","passed","2026-10-04","List","Customer Cards","",""
"","198","Wallet - No Auth","Personal Banking APIs - QA Test Suite","2026-10-04","passed","2026-10-04","Wallet","SWAG Savings","",""
"","212","Young Moni Documents - Invalid Query","Personal Banking APIs - QA Test Suite","2026-10-04","failed","2026-10-04","Young Moni Documents","KYC, Tier Upgrades & Young Moni","",""
"","182","Create - No Auth","Personal Banking APIs - QA Test Suite","2026-10-04","passed","2026-10-04","Create","Airtime, Data, Bills & VAS Beneficiaries","",""
"","165","Reward With Cashback - Valid","Personal Banking APIs - QA Test Suite","2026-10-04","failed","2026-10-04","Reward With Cashback","Rewards, Cash Tokens & Wishlists","",""
"","194","Encrypt Login - Invalid Token Or PIN","Personal Banking APIs - QA Test Suite","2026-10-04","failed","2026-10-04","Encrypt Login","Login, Credentials, Security & Devices","",""
"","168","Transactions - Nonexistent ID","Personal Banking APIs - QA Test Suite","2026-10-04","passed","2026-10-04","Transactions","Target Savings","",""
"","166","Games - Valid","Personal Banking APIs - QA Test Suite","2026-10-04","failed","2026-10-04","Games","Rewards, Cash Tokens & Wishlists","",""
"","289","List - Valid","Personal Banking APIs - QA Test Suite","2026-10-04","passed","2026-10-04","List","Customer Profile, Accounts & Beneficiaries","",""
"","166","Electricity - Valid","Personal Banking APIs - QA Test Suite","2026-10-04","failed","2026-10-04","Electricity","Scheduled Payments","",""
"","198","Daily Income Summary - Valid","Personal Banking APIs - QA Test Suite","2026-10-04","passed","2026-10-04","Daily Income Summary","Wallets, Transfers, Transactions & Fund Requests","",""
"","166","Retrieve - Invalid Query","Personal Banking APIs - QA Test Suite","2026-10-04","failed","2026-10-04","Retrieve","Supalock Savings","",""
"","166","Withdraw - Empty Fields","Personal Banking APIs - QA Test Suite","2026-10-04","failed","2026-10-04","Withdraw","Rewards, Cash Tokens & Wishlists","",""
"","186","Transactions Create Wallet Product Specific - Invalid Token Or PIN","Personal Banking APIs - QA Test Suite","2026-10-04","passed","2026-10-04","Transactions Create Wallet Product Specific","Target Savings","",""
"","167","Block - Empty Fields","Personal Banking APIs - QA Test Suite","2026-10-04","failed","2026-10-04","Block","Customer Cards","",""
"","293","Terms - Valid","Personal Banking APIs - QA Test Suite","2026-10-04","failed","2026-10-04","Terms","Rewards, Cash Tokens & Wishlists","",""
"","181","Admin Complete Upgrade Request - Valid","Personal Banking APIs - QA Test Suite","2026-10-04","failed","2026-10-04","Admin Complete Upgrade Request","KYC, Tier Upgrades & Young Moni","",""
"","176","Admin Devices Reactivate - Missing Required Field","Personal Banking APIs - QA Test Suite","2026-10-04","failed","2026-10-04","Admin Devices Reactivate","Login, Credentials, Security & Devices","",""
"","169","Validate Liveness (When Required) - Missing Required Field","Personal Banking APIs - QA Test Suite","2026-10-04","passed","2026-10-04","Validate Liveness (When Required)","Customer Onboarding","",""
"","228","Admin Reject Upgrade Request - Invalid ID","Personal Banking APIs - QA Test Suite","2026-10-04","failed","2026-10-04","Admin Reject Upgrade Request","KYC, Tier Upgrades & Young Moni","",""
"","452","Young Moni Requests - Valid","Personal Banking APIs - QA Test Suite","2026-10-04","failed","2026-10-04","Young Moni Requests","KYC, Tier Upgrades & Young Moni","",""
"","158","Inter Name Enquiry - No Auth","Personal Banking APIs - QA Test Suite","2026-10-04","passed","2026-10-04","Inter Name Enquiry","Wallets, Transfers, Transactions & Fund Requests","",""
"","182","Inter Transfer - Invalid Amount","Personal Banking APIs - QA Test Suite","2026-10-04","passed","2026-10-04","Inter Transfer","Wallets, Transfers, Transactions & Fund Requests","",""
"","183","Get Betting Billers - Valid","Personal Banking APIs - QA Test Suite","2026-10-04","passed","2026-10-04","Get Betting Billers","Airtime, Data, Bills & VAS Beneficiaries","",""
"","184","Transactions Update Swag Monthly Rollover - Invalid Token Or PIN","Personal Banking APIs - QA Test Suite","2026-10-04","failed","2026-10-04","Transactions Update Swag Monthly Rollover","SWAG Savings","",""
"","188","Transactions - Valid","Personal Banking APIs - QA Test Suite","2026-10-04","failed","2026-10-04","Transactions","Target Savings","",""
"","165","Winner Dismiss Action - Invalid Amount","Personal Banking APIs - QA Test Suite","2026-10-04","failed","2026-10-04","Winner Dismiss Action","Rewards, Cash Tokens & Wishlists","",""
"","174","Reset Login Pin - No Auth","Personal Banking APIs - QA Test Suite","2026-10-04","passed","2026-10-04","Reset Login Pin","Login, Credentials, Security & Devices","",""
"","163","Young Moni Upload Guardian Documents - Missing Required Field","Personal Banking APIs - QA Test Suite","2026-10-04","failed","2026-10-04","Young Moni Upload Guardian Documents","Customer Profile, Accounts & Beneficiaries","",""
"","176","Tier Progress - Invalid Query","Personal Banking APIs - QA Test Suite","2026-10-04","passed","2026-10-04","Tier Progress","Rewards, Cash Tokens & Wishlists","",""
"","170","Transactions Evaluate Break - Missing Required Field","Personal Banking APIs - QA Test Suite","2026-10-04","passed","2026-10-04","Transactions Evaluate Break","Target Savings","",""
"","210","Details - Missing Required Field","Personal Banking APIs - QA Test Suite","2026-10-04","failed","2026-10-04","Details","Customer Profile, Accounts & Beneficiaries","",""
"","180","Verify Alias Phone Number - Valid","Personal Banking APIs - QA Test Suite","2026-10-04","failed","2026-10-04","Verify Alias Phone Number","Customer Profile, Accounts & Beneficiaries","",""
"","181","Transactions - Invalid Query","Personal Banking APIs - QA Test Suite","2026-10-04","failed","2026-10-04","Transactions","Target Savings","",""
"","167","Borrow - Invalid Status Or Type","Personal Banking APIs - QA Test Suite","2026-10-04","failed","2026-10-04","Borrow","Kolo Connect Advances","",""
"","207","Wallet Download Target Statement - Missing Required Field","Personal Banking APIs - QA Test Suite","2026-10-04","failed","2026-10-04","Wallet Download Target Statement","Target Savings","",""
"","162","Winner Dismiss Action - Invalid ID","Personal Banking APIs - QA Test Suite","2026-10-04","passed","2026-10-04","Winner Dismiss Action","Rewards, Cash Tokens & Wishlists","",""
"","178","Verify Email OTP - Valid","Personal Banking APIs - QA Test Suite","2026-10-04","failed","2026-10-04","Verify Email OTP","Customer Onboarding","",""
"","222","Partial - Invalid ID","Personal Banking APIs - QA Test Suite","2026-10-04","passed","2026-10-04","Partial","Airtime, Data, Bills & VAS Beneficiaries","",""
"","174","Admin Coins Redemption Rules - Valid","Personal Banking APIs - QA Test Suite","2026-10-04","failed","2026-10-04","Admin Coins Redemption Rules","Rewards, Cash Tokens & Wishlists","",""
"","179","Enable - Empty Fields","Personal Banking APIs - QA Test Suite","2026-10-04","failed","2026-10-04","Enable","Wallets, Transfers, Transactions & Fund Requests","",""
"","163","Topup Supalock - Invalid Token Or PIN","Personal Banking APIs - QA Test Suite","2026-10-04","failed","2026-10-04","Topup Supalock","Supalock Savings","",""
"","157","Electricity - Empty Fields","Personal Banking APIs - QA Test Suite","2026-10-04","passed","2026-10-04","Electricity","Scheduled Payments","",""
"","188","Transactions - Invalid ID","Personal Banking APIs - QA Test Suite","2026-10-04","passed","2026-10-04","Transactions","Supalock Savings","",""
"","163","Inter Transfer - Empty Fields","Personal Banking APIs - QA Test Suite","2026-10-04","passed","2026-10-04","Inter Transfer","Wallets, Transfers, Transactions & Fund Requests","",""
"","208","Admin Admin Tier Zero Upgrade - Empty Fields","Personal Banking APIs - QA Test Suite","2026-10-04","failed","2026-10-04","Admin Admin Tier Zero Upgrade","KYC, Tier Upgrades & Young Moni","",""
"","175","Create Supalock - Invalid Token Or PIN","Personal Banking APIs - QA Test Suite","2026-10-04","failed","2026-10-04","Create Supalock","Supalock Savings","",""
"","323","Admin Coins Transactions - Invalid Query","Personal Banking APIs - QA Test Suite","2026-10-04","failed","2026-10-04","Admin Coins Transactions","Rewards, Cash Tokens & Wishlists","",""
"","166","Unblock - Missing Required Field","Personal Banking APIs - QA Test Suite","2026-10-04","failed","2026-10-04","Unblock","Customer Cards","",""
"","725","Check Email / Phone Availability - Valid","Personal Banking APIs - QA Test Suite","2026-10-04","failed","2026-10-04","Check Email / Phone Availability","Customer Onboarding","",""
"","322","Admin Coins Redemption Rules - Nonexistent ID","Personal Banking APIs - QA Test Suite","2026-10-04","failed","2026-10-04","Admin Coins Redemption Rules","Rewards, Cash Tokens & Wishlists","",""
"","813","Fetch Balance - Valid","Personal Banking APIs - QA Test Suite","2026-10-04","passed","2026-10-04","Fetch Balance","Customer Profile, Accounts & Beneficiaries","",""
"","225","List - Valid","Personal Banking APIs - QA Test Suite","2026-10-04","passed","2026-10-04","List","Airtime, Data, Bills & VAS Beneficiaries","",""
"","330","Admin Games Stats - No Auth","Personal Banking APIs - QA Test Suite","2026-10-04","passed","2026-10-04","Admin Games Stats","Rewards, Cash Tokens & Wishlists","",""
"","201","Retrieve - No Auth","Personal Banking APIs - QA Test Suite","2026-10-04","passed","2026-10-04","Retrieve","Customer Profile, Accounts & Beneficiaries","",""
"","190","Total Supalock Amount - Valid","Personal Banking APIs - QA Test Suite","2026-10-04","passed","2026-10-04","Total Supalock Amount","Supalock Savings","",""
"","168","Cancel Schedule Payment - Empty Fields","Personal Banking APIs - QA Test Suite","2026-10-04","passed","2026-10-04","Cancel Schedule Payment","Scheduled Payments","",""
"","176","Channel Settings - Invalid Query","Personal Banking APIs - QA Test Suite","2026-10-04","failed","2026-10-04","Channel Settings","Customer Cards","",""
"","174","Validate Jamb Profile - Missing Required Field","Personal Banking APIs - QA Test Suite","2026-10-04","failed","2026-10-04","Validate Jamb Profile","Airtime, Data, Bills & VAS Beneficiaries","",""
"","176","Retrieve - Invalid ID","Personal Banking APIs - QA Test Suite","2026-10-04","passed","2026-10-04","Retrieve","Rewards, Cash Tokens & Wishlists","",""
"","181","Activate - Empty Fields","Personal Banking APIs - QA Test Suite","2026-10-04","failed","2026-10-04","Activate","Customer Cards","",""
"","177","Winner Dismiss Action - Missing Required Field","Personal Banking APIs - QA Test Suite","2026-10-04","failed","2026-10-04","Winner Dismiss Action","Rewards, Cash Tokens & Wishlists","",""
"","160","Admin Upload Documents - No Auth","Personal Banking APIs - QA Test Suite","2026-10-04","passed","2026-10-04","Admin Upload Documents","KYC, Tier Upgrades & Young Moni","",""
"","174","Item - Nonexistent ID","Personal Banking APIs - QA Test Suite","2026-10-04","passed","2026-10-04","Item","Rewards, Cash Tokens & Wishlists","",""
"","167","Reset Login Pin - Missing Required Field","Personal Banking APIs - QA Test Suite","2026-10-04","passed","2026-10-04","Reset Login Pin","Login, Credentials, Security & Devices","",""
"","165","Wallet - Valid","Personal Banking APIs - QA Test Suite","2026-10-04","failed","2026-10-04","Wallet","Target Savings","",""
"","171","Intra Name Enquiry - No Auth","Personal Banking APIs - QA Test Suite","2026-10-04","passed","2026-10-04","Intra Name Enquiry","Wallets, Transfers, Transactions & Fund Requests","",""
"","166","Repay - Invalid Token Or PIN","Personal Banking APIs - QA Test Suite","2026-10-04","failed","2026-10-04","Repay","Kolo Connect Advances","",""
"","168","Validate Betting Id - Empty Fields","Personal Banking APIs - QA Test Suite","2026-10-04","passed","2026-10-04","Validate Betting Id","Airtime, Data, Bills & VAS Beneficiaries","",""
"","162","Transactions Withdraw Interest - Valid","Personal Banking APIs - QA Test Suite","2026-10-04","failed","2026-10-04","Transactions Withdraw Interest","SWAG Savings","",""
"","197","Admin Upload Documents - Invalid Status Or Type","Personal Banking APIs - QA Test Suite","2026-10-04","passed","2026-10-04","Admin Upload Documents","KYC, Tier Upgrades & Young Moni","",""
"","202","Young Moni Requests - Nonexistent ID","Personal Banking APIs - QA Test Suite","2026-10-04","failed","2026-10-04","Young Moni Requests","KYC, Tier Upgrades & Young Moni","",""
"","160","Transactions Break Wallet - Invalid Token Or PIN","Personal Banking APIs - QA Test Suite","2026-10-04","passed","2026-10-04","Transactions Break Wallet","Save & Spend","",""
"","203","Admin Admin Tier One Upgrade - Invalid Status Or Type","Personal Banking APIs - QA Test Suite","2026-10-04","failed","2026-10-04","Admin Admin Tier One Upgrade","KYC, Tier Upgrades & Young Moni","",""
"","172","Channel Settings - Missing Required Field","Personal Banking APIs - QA Test Suite","2026-10-04","failed","2026-10-04","Channel Settings","Customer Cards","",""
"","168","Admin Games Rewards - No Auth","Personal Banking APIs - QA Test Suite","2026-10-04","passed","2026-10-04","Admin Games Rewards","Rewards, Cash Tokens & Wishlists","",""
"","176","Restrict Accounts By BVN - Empty Fields","Personal Banking APIs - QA Test Suite","2026-10-04","failed","2026-10-04","Restrict Accounts By BVN","Customer Profile, Accounts & Beneficiaries","",""
"","172","Admin Admin Tier Two Upgrade - Empty Fields","Personal Banking APIs - QA Test Suite","2026-10-04","failed","2026-10-04","Admin Admin Tier Two Upgrade","KYC, Tier Upgrades & Young Moni","",""
"","181","Retrieve - Invalid ID","Personal Banking APIs - QA Test Suite","2026-10-04","passed","2026-10-04","Retrieve","Customer Cards","",""
"","200","List - No Auth","Personal Banking APIs - QA Test Suite","2026-10-04","passed","2026-10-04","List","Customer Profile, Accounts & Beneficiaries","",""
"","164","Topup Supalock - Nonexistent ID","Personal Banking APIs - QA Test Suite","2026-10-04","failed","2026-10-04","Topup Supalock","Supalock Savings","",""
"","190","Withdraw Cashback - Nonexistent ID","Personal Banking APIs - QA Test Suite","2026-10-04","failed","2026-10-04","Withdraw Cashback","Wallets, Transfers, Transactions & Fund Requests","",""
"","204","Wishlist Config Edit - Valid","Personal Banking APIs - QA Test Suite","2026-10-04","failed","2026-10-04","Wishlist Config Edit","Rewards, Cash Tokens & Wishlists","",""
"","196","Initiate Reset Card Pin - Valid","Personal Banking APIs - QA Test Suite","2026-10-04","passed","2026-10-04","Initiate Reset Card Pin","Customer Cards","",""
"","155","Terms Terms And Rewards - No Auth","Personal Banking APIs - QA Test Suite","2026-10-04","passed","2026-10-04","Terms Terms And Rewards","Rewards, Cash Tokens & Wishlists","",""
"","202","Intra Name Enquiry - Valid","Personal Banking APIs - QA Test Suite","2026-10-04","failed","2026-10-04","Intra Name Enquiry","Wallets, Transfers, Transactions & Fund Requests","",""
"","170","Get Transaction Overview - Valid","Personal Banking APIs - QA Test Suite","2026-10-04","failed","2026-10-04","Get Transaction Overview","Wallets, Transfers, Transactions & Fund Requests","",""
"","159","Customer Submit - No Auth","Personal Banking APIs - QA Test Suite","2026-10-04","passed","2026-10-04","Customer Submit","KYC, Tier Upgrades & Young Moni","",""
"","191","Repayment Plan - Nonexistent ID","Personal Banking APIs - QA Test Suite","2026-10-04","failed","2026-10-04","Repayment Plan","Kolo Connect Advances","",""
"","165","Webhook Cashtoken Webhook - Missing Required Field","Personal Banking APIs - QA Test Suite","2026-10-04","failed","2026-10-04","Webhook Cashtoken Webhook","Rewards, Cash Tokens & Wishlists","",""
"","203","Transactions Break Target - Invalid Token Or PIN","Personal Banking APIs - QA Test Suite","2026-10-04","passed","2026-10-04","Transactions Break Target","Target Savings","",""
"","187","Reject Single Bulk Recipient - Empty Fields","Personal Banking APIs - QA Test Suite","2026-10-04","failed","2026-10-04","Reject Single Bulk Recipient","Wallets, Transfers, Transactions & Fund Requests","",""
"","220","Transactions - Valid","Personal Banking APIs - QA Test Suite","2026-10-04","passed","2026-10-04","Transactions","Supalock Savings","",""
"","188","Continue With Email - Invalid Email","Personal Banking APIs - QA Test Suite","2026-10-04","passed","2026-10-04","Continue With Email","Customer Onboarding","",""
"","381","Admin Games Sessions - Valid","Personal Banking APIs - QA Test Suite","2026-10-04","failed","2026-10-04","Admin Games Sessions","Rewards, Cash Tokens & Wishlists","",""
"","442","Fetch Balance - Invalid ID","Personal Banking APIs - QA Test Suite","2026-10-04","passed","2026-10-04","Fetch Balance","Customer Profile, Accounts & Beneficiaries","",""
"","181","Terms - No Auth","Personal Banking APIs - QA Test Suite","2026-10-04","passed","2026-10-04","Terms","Rewards, Cash Tokens & Wishlists","",""
"","164","Wallet Total Balance - Invalid Query","Personal Banking APIs - QA Test Suite","2026-10-04","failed","2026-10-04","Wallet Total Balance","Save & Spend","",""
"","156","Total Young Moni Balance - No Auth","Personal Banking APIs - QA Test Suite","2026-10-04","passed","2026-10-04","Total Young Moni Balance","Customer Profile, Accounts & Beneficiaries","",""
"","166","List - Invalid Query","Personal Banking APIs - QA Test Suite","2026-10-04","failed","2026-10-04","List","Airtime, Data, Bills & VAS Beneficiaries","",""
"","162","Purchase Jamb - No Auth","Personal Banking APIs - QA Test Suite","2026-10-04","failed","2026-10-04","Purchase Jamb","Airtime, Data, Bills & VAS Beneficiaries","",""
"","183","Retrieve - Invalid Query","Personal Banking APIs - QA Test Suite","2026-10-04","failed","2026-10-04","Retrieve","Wallets, Transfers, Transactions & Fund Requests","",""
"","168","Withdraw - Invalid Token Or PIN","Personal Banking APIs - QA Test Suite","2026-10-04","failed","2026-10-04","Withdraw","Rewards, Cash Tokens & Wishlists","",""
"","173","Initiate Reset Login Pin - No Auth","Personal Banking APIs - QA Test Suite","2026-10-04","passed","2026-10-04","Initiate Reset Login Pin","Login, Credentials, Security & Devices","",""
"","227","Young Moni Validate Details - Valid","Personal Banking APIs - QA Test Suite","2026-10-04","failed","2026-10-04","Young Moni Validate Details","Customer Profile, Accounts & Beneficiaries","",""
"","166","Retrieve - Valid","Personal Banking APIs - QA Test Suite","2026-10-04","failed","2026-10-04","Retrieve","Airtime, Data, Bills & VAS Beneficiaries","",""
"","157","Data Plans - No Auth","Personal Banking APIs - QA Test Suite","2026-10-04","passed","2026-10-04","Data Plans","Airtime, Data, Bills & VAS Beneficiaries","",""
"","183","Retrieve - Invalid Query","Personal Banking APIs - QA Test Suite","2026-10-04","failed","2026-10-04","Retrieve","Airtime, Data, Bills & VAS Beneficiaries","",""
"","166","Details - Empty Fields","Personal Banking APIs - QA Test Suite","2026-10-04","passed","2026-10-04","Details","Customer Profile, Accounts & Beneficiaries","",""
"","191","Create - No Auth","Personal Banking APIs - QA Test Suite","2026-10-04","passed","2026-10-04","Create","Wallets, Transfers, Transactions & Fund Requests","",""
"","157","Profile - No Auth","Personal Banking APIs - QA Test Suite","2026-10-04","passed","2026-10-04","Profile","Customer Profile, Accounts & Beneficiaries","",""
"","164","Update Location - No Auth","Personal Banking APIs - QA Test Suite","2026-10-04","failed","2026-10-04","Update Location","Login, Credentials, Security & Devices","",""
"","160","Games Scratch Card - No Auth","Personal Banking APIs - QA Test Suite","2026-10-04","passed","2026-10-04","Games Scratch Card","Rewards, Cash Tokens & Wishlists","",""
"","155","Transactions - No Auth","Personal Banking APIs - QA Test Suite","2026-10-04","passed","2026-10-04","Transactions","Supalock Savings","",""
"","195","Reset Login Pin - Invalid Token Or PIN","Personal Banking APIs - QA Test Suite","2026-10-04","passed","2026-10-04","Reset Login Pin","Login, Credentials, Security & Devices","",""
"","185","Games Eligibility Requirements - No Auth","Personal Banking APIs - QA Test Suite","2026-10-04","passed","2026-10-04","Games Eligibility Requirements","Rewards, Cash Tokens & Wishlists","",""
"","200","Approve Single Bulk Recipient - No Auth","Personal Banking APIs - QA Test Suite","2026-10-04","passed","2026-10-04","Approve Single Bulk Recipient","Wallets, Transfers, Transactions & Fund Requests","",""
"","214","Retrieve - Nonexistent ID","Personal Banking APIs - QA Test Suite","2026-10-04","passed","2026-10-04","Retrieve","KYC, Tier Upgrades & Young Moni","",""
"","711","Daily Spending Summary - Valid","Personal Banking APIs - QA Test Suite","2026-10-04","passed","2026-10-04","Daily Spending Summary","Wallets, Transfers, Transactions & Fund Requests","",""
"","171","Young Moni Documents Action Document - Nonexistent ID","Personal Banking APIs - QA Test Suite","2026-10-04","failed","2026-10-04","Young Moni Documents Action Document","KYC, Tier Upgrades & Young Moni","",""
"","178","Terms Draw Details - Valid","Personal Banking APIs - QA Test Suite","2026-10-04","passed","2026-10-04","Terms Draw Details","Rewards, Cash Tokens & Wishlists","",""
"","220","Update Communication Preference - Valid","Personal Banking APIs - QA Test Suite","2026-10-04","failed","2026-10-04","Update Communication Preference","Customer Profile, Accounts & Beneficiaries","",""
"","176","Daily Income Summary - Invalid Query","Personal Banking APIs - QA Test Suite","2026-10-04","failed","2026-10-04","Daily Income Summary","Wallets, Transfers, Transactions & Fund Requests","",""
"","189","Register With Phone - Missing Required Field","Personal Banking APIs - QA Test Suite","2026-10-04","passed","2026-10-04","Register With Phone","Customer Onboarding","",""
"","169","Wallet - Invalid ID","Personal Banking APIs - QA Test Suite","2026-10-04","failed","2026-10-04","Wallet","Save & Spend","",""
"","179","Validate Face Match - Valid","Personal Banking APIs - QA Test Suite","2026-10-04","failed","2026-10-04","Validate Face Match","Login, Credentials, Security & Devices","",""
"","175","Retrieve - Nonexistent ID","Personal Banking APIs - QA Test Suite","2026-10-04","failed","2026-10-04","Retrieve","Airtime, Data, Bills & VAS Beneficiaries","",""
"","169","Transfer - Invalid Amount","Personal Banking APIs - QA Test Suite","2026-10-04","passed","2026-10-04","Transfer","Scheduled Payments","",""
"","179","Admin Coins Redemption Rules - Invalid Status Or Type","Personal Banking APIs - QA Test Suite","2026-10-04","failed","2026-10-04","Admin Coins Redemption Rules","Rewards, Cash Tokens & Wishlists","",""
"","194","Retrieve - Invalid ID","Personal Banking APIs - QA Test Suite","2026-10-04","failed","2026-10-04","Retrieve","Kolo Connect Advances","",""
"","182","Single Fund Request - Valid","Personal Banking APIs - QA Test Suite","2026-10-04","failed","2026-10-04","Single Fund Request","Wallets, Transfers, Transactions & Fund Requests","",""
"","208","Wallet Download Target Statement - No Auth","Personal Banking APIs - QA Test Suite","2026-10-04","passed","2026-10-04","Wallet Download Target Statement","Target Savings","",""
"","184","Withdraw - Invalid ID","Personal Banking APIs - QA Test Suite","2026-10-04","passed","2026-10-04","Withdraw","Rewards, Cash Tokens & Wishlists","",""
"","170","Withdraw - Missing Required Field","Personal Banking APIs - QA Test Suite","2026-10-04","failed","2026-10-04","Withdraw","Rewards, Cash Tokens & Wishlists","",""
"","181","Young Moni Initiate Account Request - Empty Fields","Personal Banking APIs - QA Test Suite","2026-10-04","passed","2026-10-04","Young Moni Initiate Account Request","Customer Profile, Accounts & Beneficiaries","",""
"","166","Proposed Contributor - Valid","Personal Banking APIs - QA Test Suite","2026-10-04","failed","2026-10-04","Proposed Contributor","Rewards, Cash Tokens & Wishlists","",""
"","185","Fund Betting Wallet - Invalid Status Or Type","Personal Banking APIs - QA Test Suite","2026-10-04","passed","2026-10-04","Fund Betting Wallet","Airtime, Data, Bills & VAS Beneficiaries","",""
"","777","Update Credit Stage - Missing Required Field","Personal Banking APIs - QA Test Suite","2026-10-04","failed","2026-10-04","Update Credit Stage","Wallets, Transfers, Transactions & Fund Requests","",""
"","171","Transactions Deposit - Empty Fields","Personal Banking APIs - QA Test Suite","2026-10-04","passed","2026-10-04","Transactions Deposit","Target Savings","",""
"","173","Withdraw Cashback - Missing Required Field","Personal Banking APIs - QA Test Suite","2026-10-04","failed","2026-10-04","Withdraw Cashback","Wallets, Transfers, Transactions & Fund Requests","",""
"","219","Admin Coins Redemption Rules - Nonexistent ID","Personal Banking APIs - QA Test Suite","2026-10-04","failed","2026-10-04","Admin Coins Redemption Rules","Rewards, Cash Tokens & Wishlists","",""
"","219","List - Valid","Personal Banking APIs - QA Test Suite","2026-10-04","passed","2026-10-04","List","KYC, Tier Upgrades & Young Moni","",""
"","201","Reject Single Bulk Recipient - Invalid Token Or PIN","Personal Banking APIs - QA Test Suite","2026-10-04","failed","2026-10-04","Reject Single Bulk Recipient","Wallets, Transfers, Transactions & Fund Requests","",""
"","195","Update Communication Preference - Invalid Email","Personal Banking APIs - QA Test Suite","2026-10-04","passed","2026-10-04","Update Communication Preference","Customer Profile, Accounts & Beneficiaries","",""
"","179","Create Password - Valid","Personal Banking APIs - QA Test Suite","2026-10-04","failed","2026-10-04","Create Password","Login, Credentials, Security & Devices","",""
"","187","Partial - Missing Required Field","Personal Banking APIs - QA Test Suite","2026-10-04","failed","2026-10-04","Partial","Customer Profile, Accounts & Beneficiaries","",""
"","170","Verify Email Update - No Auth","Personal Banking APIs - QA Test Suite","2026-10-04","passed","2026-10-04","Verify Email Update","KYC, Tier Upgrades & Young Moni","",""
"","201","Create Wishlist With Items - No Auth","Personal Banking APIs - QA Test Suite","2026-10-04","passed","2026-10-04","Create Wishlist With Items","Rewards, Cash Tokens & Wishlists","",""
"","198","Retrieve - Valid","Personal Banking APIs - QA Test Suite","2026-10-04","failed","2026-10-04","Retrieve","Insurance","",""
"","181","Admin Coins Redemption Rules - Invalid ID","Personal Banking APIs - QA Test Suite","2026-10-04","failed","2026-10-04","Admin Coins Redemption Rules","Rewards, Cash Tokens & Wishlists","",""
"","167","Update Location - Nonexistent ID","Personal Banking APIs - QA Test Suite","2026-10-04","failed","2026-10-04","Update Location","Login, Credentials, Security & Devices","",""
"","679","List - Valid","Personal Banking APIs - QA Test Suite","2026-10-04","passed","2026-10-04","List","Airtime, Data, Bills & VAS Beneficiaries","",""
"","188","Dismiss Action - Valid","Personal Banking APIs - QA Test Suite","2026-10-04","failed","2026-10-04","Dismiss Action","KYC, Tier Upgrades & Young Moni","",""
"","154","Tier Progress - No Auth","Personal Banking APIs - QA Test Suite","2026-10-04","passed","2026-10-04","Tier Progress","Rewards, Cash Tokens & Wishlists","",""
"","167","Requests Get Delivery Cost - Empty Fields","Personal Banking APIs - QA Test Suite","2026-10-04","passed","2026-10-04","Requests Get Delivery Cost","Customer Cards","",""
"","167","Add Item - Valid","Personal Banking APIs - QA Test Suite","2026-10-04","failed","2026-10-04","Add Item","Rewards, Cash Tokens & Wishlists","",""
"","180","Kyc Level Count - No Auth","Personal Banking APIs - QA Test Suite","2026-10-04","passed","2026-10-04","Kyc Level Count","Customer Profile, Accounts & Beneficiaries","",""
"","158","Transactions Withdraw Interest - Missing Required Field","Personal Banking APIs - QA Test Suite","2026-10-04","passed","2026-10-04","Transactions Withdraw Interest","SWAG Savings","",""
"","184","Tenors - Invalid Query","Personal Banking APIs - QA Test Suite","2026-10-04","failed","2026-10-04","Tenors","Kolo Connect Advances","",""
"","317","Admin Games Sessions - No Auth","Personal Banking APIs - QA Test Suite","2026-10-04","passed","2026-10-04","Admin Games Sessions","Rewards, Cash Tokens & Wishlists","",""
"","164","Withdraw Supalock - Invalid ID","Personal Banking APIs - QA Test Suite","2026-10-04","failed","2026-10-04","Withdraw Supalock","Supalock Savings","",""
"","157","Create Wishlist - No Auth","Personal Banking APIs - QA Test Suite","2026-10-04","passed","2026-10-04","Create Wishlist","Rewards, Cash Tokens & Wishlists","",""
"","157","Create Sub Account - No Auth","Personal Banking APIs - QA Test Suite","2026-10-04","passed","2026-10-04","Create Sub Account","Customer Profile, Accounts & Beneficiaries","",""
"","204","List - Valid","Personal Banking APIs - QA Test Suite","2026-10-04","failed","2026-10-04","List","Wallets, Transfers, Transactions & Fund Requests","",""
"","177","Data - Invalid Token Or PIN","Personal Banking APIs - QA Test Suite","2026-10-04","passed","2026-10-04","Data","Scheduled Payments","",""
"","161","Purchase Jamb - Invalid Status Or Type","Personal Banking APIs - QA Test Suite","2026-10-04","passed","2026-10-04","Purchase Jamb","Airtime, Data, Bills & VAS Beneficiaries","",""
"","196","List - Valid","Personal Banking APIs - QA Test Suite","2026-10-04","failed","2026-10-04","List","Airtime, Data, Bills & VAS Beneficiaries","",""
"","181","Reject Single Fund Request - No Auth","Personal Banking APIs - QA Test Suite","2026-10-04","passed","2026-10-04","Reject Single Fund Request","Wallets, Transfers, Transactions & Fund Requests","",""
"","193","Upload Bulk Fund Request - Invalid Token Or PIN","Personal Banking APIs - QA Test Suite","2026-10-04","passed","2026-10-04","Upload Bulk Fund Request","Wallets, Transfers, Transactions & Fund Requests","",""
"","159","Create Transaction Pin - Empty Fields","Personal Banking APIs - QA Test Suite","2026-10-04","failed","2026-10-04","Create Transaction Pin","Login, Credentials, Security & Devices","",""
"","184","Waec Lookup - No Auth","Personal Banking APIs - QA Test Suite","2026-10-04","passed","2026-10-04","Waec Lookup","Airtime, Data, Bills & VAS Beneficiaries","",""
"","166","Get Electricity Billers - Valid","Personal Banking APIs - QA Test Suite","2026-10-04","failed","2026-10-04","Get Electricity Billers","Airtime, Data, Bills & VAS Beneficiaries","",""
"","174","Get Item - Valid","Personal Banking APIs - QA Test Suite","2026-10-04","failed","2026-10-04","Get Item","Rewards, Cash Tokens & Wishlists","",""
"","184","Request Alias Phone Verification - Empty Fields","Personal Banking APIs - QA Test Suite","2026-10-04","passed","2026-10-04","Request Alias Phone Verification","Customer Profile, Accounts & Beneficiaries","",""
"","199","Withdraw Cashback - Invalid ID","Personal Banking APIs - QA Test Suite","2026-10-04","failed","2026-10-04","Withdraw Cashback","Wallets, Transfers, Transactions & Fund Requests","",""
"","198","Verify Device Changed - Missing Required Field","Personal Banking APIs - QA Test Suite","2026-10-04","passed","2026-10-04","Verify Device Changed","Login, Credentials, Security & Devices","",""
"","194","Account Officer View Rating - Invalid Query","Personal Banking APIs - QA Test Suite","2026-10-04","failed","2026-10-04","Account Officer View Rating","Customer Profile, Accounts & Beneficiaries","",""
"","157","Games Check Eligibility - No Auth","Personal Banking APIs - QA Test Suite","2026-10-04","passed","2026-10-04","Games Check Eligibility","Rewards, Cash Tokens & Wishlists","",""
"","196","Transactions Update Spend Wallet - Missing Required Field","Personal Banking APIs - QA Test Suite","2026-10-04","passed","2026-10-04","Transactions Update Spend Wallet","Save & Spend","",""
"","158","Transactions Create Plan - Empty Fields","Personal Banking APIs - QA Test Suite","2026-10-04","passed","2026-10-04","Transactions Create Plan","SWAG Savings","",""
"","194","Transactions Withdraw Principal - No Auth","Personal Banking APIs - QA Test Suite","2026-10-04","failed","2026-10-04","Transactions Withdraw Principal","SWAG Savings","",""
"","200","Create - Valid","Personal Banking APIs - QA Test Suite","2026-10-04","failed","2026-10-04","Create","Customer Profile, Accounts & Beneficiaries","",""
"","211","Verify Device Changed - Valid","Personal Banking APIs - QA Test Suite","2026-10-04","failed","2026-10-04","Verify Device Changed","Login, Credentials, Security & Devices","",""
"","174","Validate Liveness (When Required) - Valid","Personal Banking APIs - QA Test Suite","2026-10-04","failed","2026-10-04","Validate Liveness (When Required)","Customer Onboarding","",""
"","165","Cancel Schedule Payment - Missing Required Field","Personal Banking APIs - QA Test Suite","2026-10-04","passed","2026-10-04","Cancel Schedule Payment","Scheduled Payments","",""
"","168","Unblock - Nonexistent ID","Personal Banking APIs - QA Test Suite","2026-10-04","passed","2026-10-04","Unblock","Customer Cards","",""
"","182","Types Get Supa Lock Special Interest - Nonexistent ID","Personal Banking APIs - QA Test Suite","2026-10-04","failed","2026-10-04","Types Get Supa Lock Special Interest","Supalock Savings","",""
"","180","Requests Fetch Agents - Missing Required Field","Personal Banking APIs - QA Test Suite","2026-10-04","passed","2026-10-04","Requests Fetch Agents","Customer Cards","",""
"","192","Create Her Wealth - No Auth","Personal Banking APIs - QA Test Suite","2026-10-04","passed","2026-10-04","Create Her Wealth","Customer Profile, Accounts & Beneficiaries","",""
"","169","Overview - Empty Fields","Personal Banking APIs - QA Test Suite","2026-10-04","passed","2026-10-04","Overview","Customer Profile, Accounts & Beneficiaries","",""
"","181","Transactions Create Wallet - No Auth","Personal Banking APIs - QA Test Suite","2026-10-04","failed","2026-10-04","Transactions Create Wallet","Target Savings","",""
"","276","Data Plans - Invalid Query","Personal Banking APIs - QA Test Suite","2026-10-04","passed","2026-10-04","Data Plans","Airtime, Data, Bills & VAS Beneficiaries","",""
"","168","Transactions - Valid","Personal Banking APIs - QA Test Suite","2026-10-04","failed","2026-10-04","Transactions","Supalock Savings","",""
"","158","Admin Devices Deactivate - Empty Fields","Personal Banking APIs - QA Test Suite","2026-10-04","failed","2026-10-04","Admin Devices Deactivate","Login, Credentials, Security & Devices","",""
"","165","Wallet - No Auth","Personal Banking APIs - QA Test Suite","2026-10-04","passed","2026-10-04","Wallet","SWAG Savings","",""
"","200","Retrieve - Invalid ID","Personal Banking APIs - QA Test Suite","2026-10-04","passed","2026-10-04","Retrieve","Insurance","",""
"","213","List - Invalid Query","Personal Banking APIs - QA Test Suite","2026-10-04","failed","2026-10-04","List","Customer Profile, Accounts & Beneficiaries","",""
"","188","Tier Zero Upgrade - Valid","Personal Banking APIs - QA Test Suite","2026-10-04","failed","2026-10-04","Tier Zero Upgrade","KYC, Tier Upgrades & Young Moni","",""
"","193","Toolkit Accounts - Valid","Personal Banking APIs - QA Test Suite","2026-10-04","failed","2026-10-04","Toolkit Accounts","Customer Profile, Accounts & Beneficiaries","",""
"","168","Account Officer - No Auth","Personal Banking APIs - QA Test Suite","2026-10-04","passed","2026-10-04","Account Officer","Customer Profile, Accounts & Beneficiaries","",""
"","166","Notify Of Missed Inward - Missing Required Field","Personal Banking APIs - QA Test Suite","2026-10-04","failed","2026-10-04","Notify Of Missed Inward","Wallets, Transfers, Transactions & Fund Requests","",""
"","216","Validate Smart Card - Valid","Personal Banking APIs - QA Test Suite","2026-10-04","failed","2026-10-04","Validate Smart Card","Airtime, Data, Bills & VAS Beneficiaries","",""
"","208","Validate Face Match - Missing Required Field","Personal Banking APIs - QA Test Suite","2026-10-04","passed","2026-10-04","Validate Face Match","Login, Credentials, Security & Devices","",""
"","166","Admin Update Documents - Empty Fields","Personal Banking APIs - QA Test Suite","2026-10-04","passed","2026-10-04","Admin Update Documents","KYC, Tier Upgrades & Young Moni","",""
"","168","Types - Invalid ID","Personal Banking APIs - QA Test Suite","2026-10-04","passed","2026-10-04","Types","Supalock Savings","",""
"","187","Winner - No Auth","Personal Banking APIs - QA Test Suite","2026-10-04","passed","2026-10-04","Winner","Rewards, Cash Tokens & Wishlists","",""
"","175","Requests - Valid","Personal Banking APIs - QA Test Suite","2026-10-04","failed","2026-10-04","Requests","Customer Cards","",""
"","211","Account Officer Rate Officer - Missing Required Field","Personal Banking APIs - QA Test Suite","2026-10-04","failed","2026-10-04","Account Officer Rate Officer","Customer Profile, Accounts & Beneficiaries","",""
"","158","Approve Single Fund Request - No Auth","Personal Banking APIs - QA Test Suite","2026-10-04","passed","2026-10-04","Approve Single Fund Request","Wallets, Transfers, Transactions & Fund Requests","",""
"","200","Purchase Jamb - Invalid Amount","Personal Banking APIs - QA Test Suite","2026-10-04","passed","2026-10-04","Purchase Jamb","Airtime, Data, Bills & VAS Beneficiaries","",""
"","170","Intra Transfer - Invalid Amount","Personal Banking APIs - QA Test Suite","2026-10-04","passed","2026-10-04","Intra Transfer","Wallets, Transfers, Transactions & Fund Requests","",""
"","184","Youngmoni Transfer - Valid","Personal Banking APIs - QA Test Suite","2026-10-04","failed","2026-10-04","Youngmoni Transfer","Scheduled Payments","",""
"","158","Transactions Update Spend Wallet - Invalid Token Or PIN","Personal Banking APIs - QA Test Suite","2026-10-04","passed","2026-10-04","Transactions Update Spend Wallet","Save & Spend","",""
"","159","Purchase Epin - Empty Fields","Personal Banking APIs - QA Test Suite","2026-10-04","passed","2026-10-04","Purchase Epin","Airtime, Data, Bills & VAS Beneficiaries","",""
"","165","Wishlist Config Edit - Nonexistent ID","Personal Banking APIs - QA Test Suite","2026-10-04","failed","2026-10-04","Wishlist Config Edit","Rewards, Cash Tokens & Wishlists","",""
"","168","Validate Smart Card - Empty Fields","Personal Banking APIs - QA Test Suite","2026-10-04","failed","2026-10-04","Validate Smart Card","Airtime, Data, Bills & VAS Beneficiaries","",""
"","157","Create Wishlist With Items - Empty Fields","Personal Banking APIs - QA Test Suite","2026-10-04","passed","2026-10-04","Create Wishlist With Items","Rewards, Cash Tokens & Wishlists","",""
"","167","Reject Bulk Fund Request - Empty Fields","Personal Banking APIs - QA Test Suite","2026-10-04","failed","2026-10-04","Reject Bulk Fund Request","Wallets, Transfers, Transactions & Fund Requests","",""
"","184","Intra Account Transfer - Invalid Amount","Personal Banking APIs - QA Test Suite","2026-10-04","passed","2026-10-04","Intra Account Transfer","Wallets, Transfers, Transactions & Fund Requests","",""
"","216","Tenors - Valid","Personal Banking APIs - QA Test Suite","2026-10-04","failed","2026-10-04","Tenors","Kolo Connect Advances","",""
"","166","Set Password & Create Pending User - Empty Fields","Personal Banking APIs - QA Test Suite","2026-10-04","passed","2026-10-04","Set Password & Create Pending User","Customer Onboarding","",""
"","180","Young Moni Documents - Valid","Personal Banking APIs - QA Test Suite","2026-10-04","failed","2026-10-04","Young Moni Documents","KYC, Tier Upgrades & Young Moni","",""
"","185","Retrieve - Nonexistent ID","Personal Banking APIs - QA Test Suite","2026-10-04","failed","2026-10-04","Retrieve","Wallets, Transfers, Transactions & Fund Requests","",""
"","171","Upload Documents - Empty Fields","Personal Banking APIs - QA Test Suite","2026-10-04","passed","2026-10-04","Upload Documents","KYC, Tier Upgrades & Young Moni","",""
"","178","Initiate Email Update - Invalid Token Or PIN","Personal Banking APIs - QA Test Suite","2026-10-04","passed","2026-10-04","Initiate Email Update","KYC, Tier Upgrades & Young Moni","",""
"","176","Create Supalock - Missing Required Field","Personal Banking APIs - QA Test Suite","2026-10-04","failed","2026-10-04","Create Supalock","Supalock Savings","",""
"","188","Fund Betting Wallet - Valid","Personal Banking APIs - QA Test Suite","2026-10-04","failed","2026-10-04","Fund Betting Wallet","Airtime, Data, Bills & VAS Beneficiaries","",""
"","158","Games Card Match - Empty Fields","Personal Banking APIs - QA Test Suite","2026-10-04","passed","2026-10-04","Games Card Match","Rewards, Cash Tokens & Wishlists","",""
"","167","Requests Get Delivery Cost - Missing Required Field","Personal Banking APIs - QA Test Suite","2026-10-04","passed","2026-10-04","Requests Get Delivery Cost","Customer Cards","",""
"","159","Initiate Reset Transaction Pin - Invalid Query","Personal Banking APIs - QA Test Suite","2026-10-04","failed","2026-10-04","Initiate Reset Transaction Pin","Login, Credentials, Security & Devices","",""
"","239","Verify Reset Token - Invalid Token Or PIN","Personal Banking APIs - QA Test Suite","2026-10-04","failed","2026-10-04","Verify Reset Token","Login, Credentials, Security & Devices","",""
"","159","Single Fund Request - Empty Fields","Personal Banking APIs - QA Test Suite","2026-10-04","passed","2026-10-04","Single Fund Request","Wallets, Transfers, Transactions & Fund Requests","",""
"","401","Get Cable Plans - Invalid ID","Personal Banking APIs - QA Test Suite","2026-10-04","failed","2026-10-04","Get Cable Plans","Airtime, Data, Bills & VAS Beneficiaries","",""
"","177","Intra Transfer - Invalid Token Or PIN","Personal Banking APIs - QA Test Suite","2026-10-04","passed","2026-10-04","Intra Transfer","Wallets, Transfers, Transactions & Fund Requests","",""
"","163","Transactions - Invalid Query","Personal Banking APIs - QA Test Suite","2026-10-04","failed","2026-10-04","Transactions","SWAG Savings","",""
"","168","Admin Admin Tier Two Upgrade - Missing Required Field","Personal Banking APIs - QA Test Suite","2026-10-04","failed","2026-10-04","Admin Admin Tier Two Upgrade","KYC, Tier Upgrades & Young Moni","",""
"","185","Deals Active - No Auth","Personal Banking APIs - QA Test Suite","2026-10-04","passed","2026-10-04","Deals Active","Rewards, Cash Tokens & Wishlists","",""
"","189","Account Officer - Valid","Personal Banking APIs - QA Test Suite","2026-10-04","failed","2026-10-04","Account Officer","Customer Profile, Accounts & Beneficiaries","",""
"","200","Overview - Valid","Personal Banking APIs - QA Test Suite","2026-10-04","passed","2026-10-04","Overview","Customer Profile, Accounts & Beneficiaries","",""
"","187","Admin Coins Rules - Nonexistent ID","Personal Banking APIs - QA Test Suite","2026-10-04","failed","2026-10-04","Admin Coins Rules","Rewards, Cash Tokens & Wishlists","",""
"","161","Purchase Cable - Invalid Status Or Type","Personal Banking APIs - QA Test Suite","2026-10-04","passed","2026-10-04","Purchase Cable","Airtime, Data, Bills & VAS Beneficiaries","",""
"","164","Admin Admin Tier Two Upgrade - No Auth","Personal Banking APIs - QA Test Suite","2026-10-04","passed","2026-10-04","Admin Admin Tier Two Upgrade","KYC, Tier Upgrades & Young Moni","",""
"","189","Admin Coins Rules - Empty Fields","Personal Banking APIs - QA Test Suite","2026-10-04","failed","2026-10-04","Admin Coins Rules","Rewards, Cash Tokens & Wishlists","",""
"","279","Intra Account Transfer - No Auth","Personal Banking APIs - QA Test Suite","2026-10-04","failed","2026-10-04","Intra Account Transfer","Wallets, Transfers, Transactions & Fund Requests","",""
"","179","Update Gender - Missing Required Field","Personal Banking APIs - QA Test Suite","2026-10-04","passed","2026-10-04","Update Gender","Login, Credentials, Security & Devices","",""
"","166","Reward With Airtime - Invalid Amount","Personal Banking APIs - QA Test Suite","2026-10-04","failed","2026-10-04","Reward With Airtime","Rewards, Cash Tokens & Wishlists","",""
"","171","Request Account Reactivation - Invalid Status Or Type","Personal Banking APIs - QA Test Suite","2026-10-04","passed","2026-10-04","Request Account Reactivation","KYC, Tier Upgrades & Young Moni","",""
"","183","Wallet - Invalid Query","Personal Banking APIs - QA Test Suite","2026-10-04","failed","2026-10-04","Wallet","SWAG Savings","",""
"","158","Destroy - No Auth","Personal Banking APIs - QA Test Suite","2026-10-04","passed","2026-10-04","Destroy","Customer Profile, Accounts & Beneficiaries","",""
"","188","Transactions Withdraw Interest - Invalid Amount","Personal Banking APIs - QA Test Suite","2026-10-04","passed","2026-10-04","Transactions Withdraw Interest","SWAG Savings","",""
"","166","Approve Single Fund Request - Missing Required Field","Personal Banking APIs - QA Test Suite","2026-10-04","failed","2026-10-04","Approve Single Fund Request","Wallets, Transfers, Transactions & Fund Requests","",""
"","182","Cancel Schedule Payment - No Auth","Personal Banking APIs - QA Test Suite","2026-10-04","passed","2026-10-04","Cancel Schedule Payment","Scheduled Payments","",""
"","168","Young Moni Initiate Account Request - Missing Required Field","Personal Banking APIs - QA Test Suite","2026-10-04","passed","2026-10-04","Young Moni Initiate Account Request","Customer Profile, Accounts & Beneficiaries","",""
"","170","Games Scratch Card - Invalid Query","Personal Banking APIs - QA Test Suite","2026-10-04","passed","2026-10-04","Games Scratch Card","Rewards, Cash Tokens & Wishlists","",""
"","185","Airtime - Invalid Status Or Type","Personal Banking APIs - QA Test Suite","2026-10-04","passed","2026-10-04","Airtime","Scheduled Payments","",""
"","179","Retrieve - Nonexistent ID","Personal Banking APIs - QA Test Suite","2026-10-04","failed","2026-10-04","Retrieve","Wallets, Transfers, Transactions & Fund Requests","",""
"","200","Admin Admin Tier One Upgrade - Missing Required Field","Personal Banking APIs - QA Test Suite","2026-10-04","failed","2026-10-04","Admin Admin Tier One Upgrade","KYC, Tier Upgrades & Young Moni","",""
"","172","Purchase Epin - Invalid Token Or PIN","Personal Banking APIs - QA Test Suite","2026-10-04","passed","2026-10-04","Purchase Epin","Airtime, Data, Bills & VAS Beneficiaries","",""
"","178","Admin Reject Upgrade Request - Empty Fields","Personal Banking APIs - QA Test Suite","2026-10-04","failed","2026-10-04","Admin Reject Upgrade Request","KYC, Tier Upgrades & Young Moni","",""
"","157","Disable - No Auth","Personal Banking APIs - QA Test Suite","2026-10-04","passed","2026-10-04","Disable","Wallets, Transfers, Transactions & Fund Requests","",""
"","336","Admin Request Stats - No Auth","Personal Banking APIs - QA Test Suite","2026-10-04","passed","2026-10-04","Admin Request Stats","KYC, Tier Upgrades & Young Moni","",""
"","159","Transactions Create Wallet Product Specific - Valid","Personal Banking APIs - QA Test Suite","2026-10-04","failed","2026-10-04","Transactions Create Wallet Product Specific","Target Savings","",""
"","188","Unblock - Invalid Token Or PIN","Personal Banking APIs - QA Test Suite","2026-10-04","failed","2026-10-04","Unblock","Customer Cards","",""
"","189","Channel Settings - Nonexistent ID","Personal Banking APIs - QA Test Suite","2026-10-04","passed","2026-10-04","Channel Settings","Customer Cards","",""
"","178","Games Spin Wheel - Invalid Query","Personal Banking APIs - QA Test Suite","2026-10-04","passed","2026-10-04","Games Spin Wheel","Rewards, Cash Tokens & Wishlists","",""
"","173","Channel Settings - Invalid Token Or PIN","Personal Banking APIs - QA Test Suite","2026-10-04","failed","2026-10-04","Channel Settings","Customer Cards","",""
"","194","Transactions Evaluate Target - Valid","Personal Banking APIs - QA Test Suite","2026-10-04","failed","2026-10-04","Transactions Evaluate Target","Target Savings","",""
"","170","List - Invalid Query","Personal Banking APIs - QA Test Suite","2026-10-04","failed","2026-10-04","List","Customer Cards","",""
"","320","Encrypt Login - Empty Fields","Personal Banking APIs - QA Test Suite","2026-10-04","failed","2026-10-04","Encrypt Login","Login, Credentials, Security & Devices","",""
"","172","Reset Pin - Missing Required Field","Personal Banking APIs - QA Test Suite","2026-10-04","failed","2026-10-04","Reset Pin","Customer Cards","",""
"","197","Reset Login Pin - Valid","Personal Banking APIs - QA Test Suite","2026-10-04","failed","2026-10-04","Reset Login Pin","Login, Credentials, Security & Devices","",""
"","174","Update Request Recipients - No Auth","Personal Banking APIs - QA Test Suite","2026-10-04","passed","2026-10-04","Update Request Recipients","Wallets, Transfers, Transactions & Fund Requests","",""
"","179","Repay - Valid","Personal Banking APIs - QA Test Suite","2026-10-04","failed","2026-10-04","Repay","Kolo Connect Advances","",""
"","198","Admin Admin Tier Zero Upgrade - Valid","Personal Banking APIs - QA Test Suite","2026-10-04","failed","2026-10-04","Admin Admin Tier Zero Upgrade","KYC, Tier Upgrades & Young Moni","",""
"","184","Purchase Waec - Invalid Token Or PIN","Personal Banking APIs - QA Test Suite","2026-10-04","passed","2026-10-04","Purchase Waec","Airtime, Data, Bills & VAS Beneficiaries","",""
"","188","Young Moni Upload Child Documents - Missing Required Field","Personal Banking APIs - QA Test Suite","2026-10-04","failed","2026-10-04","Young Moni Upload Child Documents","Customer Profile, Accounts & Beneficiaries","",""
"","180","Admin Coins Rules - Invalid ID","Personal Banking APIs - QA Test Suite","2026-10-04","failed","2026-10-04","Admin Coins Rules","Rewards, Cash Tokens & Wishlists","",""
"","318","Admin Coins Rules - No Auth","Personal Banking APIs - QA Test Suite","2026-10-04","passed","2026-10-04","Admin Coins Rules","Rewards, Cash Tokens & Wishlists","",""
"","201","Retrieve - Nonexistent ID","Personal Banking APIs - QA Test Suite","2026-10-04","passed","2026-10-04","Retrieve","Rewards, Cash Tokens & Wishlists","",""
"","175","Initiate Email Update - No Auth","Personal Banking APIs - QA Test Suite","2026-10-04","passed","2026-10-04","Initiate Email Update","KYC, Tier Upgrades & Young Moni","",""
"","375","Get Cable Plans - Nonexistent ID","Personal Banking APIs - QA Test Suite","2026-10-04","failed","2026-10-04","Get Cable Plans","Airtime, Data, Bills & VAS Beneficiaries","",""
"","179","Remaining Limit Today - Invalid Query","Personal Banking APIs - QA Test Suite","2026-10-04","failed","2026-10-04","Remaining Limit Today","Wallets, Transfers, Transactions & Fund Requests","",""
"","169","Electricity - Invalid Token Or PIN","Personal Banking APIs - QA Test Suite","2026-10-04","passed","2026-10-04","Electricity","Scheduled Payments","",""
"","161","Transactions Break Wallet - Empty Fields","Personal Banking APIs - QA Test Suite","2026-10-04","passed","2026-10-04","Transactions Break Wallet","Save & Spend","",""
"","192","Transactions Create Plan - No Auth","Personal Banking APIs - QA Test Suite","2026-10-04","failed","2026-10-04","Transactions Create Plan","SWAG Savings","",""
"","168","Young Moni Documents - Invalid ID","Personal Banking APIs - QA Test Suite","2026-10-04","failed","2026-10-04","Young Moni Documents","KYC, Tier Upgrades & Young Moni","",""
"","176","Admin Admin Upgrade To Merchant - No Auth","Personal Banking APIs - QA Test Suite","2026-10-04","passed","2026-10-04","Admin Admin Upgrade To Merchant","KYC, Tier Upgrades & Young Moni","",""
"","183","Document Update Status - Missing Required Field","Personal Banking APIs - QA Test Suite","2026-10-04","failed","2026-10-04","Document Update Status","KYC, Tier Upgrades & Young Moni","",""
"","160","Purchase Data - Invalid Token Or PIN","Personal Banking APIs - QA Test Suite","2026-10-04","passed","2026-10-04","Purchase Data","Airtime, Data, Bills & VAS Beneficiaries","",""
"","183","Requests - Invalid Query","Personal Banking APIs - QA Test Suite","2026-10-04","failed","2026-10-04","Requests","Customer Cards","",""
"","206","List - Invalid Query","Personal Banking APIs - QA Test Suite","2026-10-04","failed","2026-10-04","List","KYC, Tier Upgrades & Young Moni","",""
"","185","Requests Fetch Agents - Empty Fields","Personal Banking APIs - QA Test Suite","2026-10-04","passed","2026-10-04","Requests Fetch Agents","Customer Cards","",""
"","375","Admin Coins Redemption Rules - Valid","Personal Banking APIs - QA Test Suite","2026-10-04","failed","2026-10-04","Admin Coins Redemption Rules","Rewards, Cash Tokens & Wishlists","",""
"","321","Admin Coins Rules - Invalid ID","Personal Banking APIs - QA Test Suite","2026-10-04","failed","2026-10-04","Admin Coins Rules","Rewards, Cash Tokens & Wishlists","",""
"","204","Enable - Nonexistent ID","Personal Banking APIs - QA Test Suite","2026-10-04","failed","2026-10-04","Enable","Wallets, Transfers, Transactions & Fund Requests","",""
"","186","Repay - No Auth","Personal Banking APIs - QA Test Suite","2026-10-04","passed","2026-10-04","Repay","Kolo Connect Advances","",""
"","167","Update Request Recipients - Valid","Personal Banking APIs - QA Test Suite","2026-10-04","failed","2026-10-04","Update Request Recipients","Wallets, Transfers, Transactions & Fund Requests","",""
"","159","Purchase Electricity - Empty Fields","Personal Banking APIs - QA Test Suite","2026-10-04","passed","2026-10-04","Purchase Electricity","Airtime, Data, Bills & VAS Beneficiaries","",""
"","186","Initiate Email Update - Empty Fields","Personal Banking APIs - QA Test Suite","2026-10-04","passed","2026-10-04","Initiate Email Update","KYC, Tier Upgrades & Young Moni","",""
"","198","Validate Meter - Missing Required Field","Personal Banking APIs - QA Test Suite","2026-10-04","failed","2026-10-04","Validate Meter","Airtime, Data, Bills & VAS Beneficiaries","",""
"","186","Young Moni Documents Action Document - Empty Fields","Personal Banking APIs - QA Test Suite","2026-10-04","failed","2026-10-04","Young Moni Documents Action Document","KYC, Tier Upgrades & Young Moni","",""
"","164","Create - Invalid Status Or Type","Personal Banking APIs - QA Test Suite","2026-10-04","passed","2026-10-04","Create","Airtime, Data, Bills & VAS Beneficiaries","",""
"","181","Renew Insurance - Invalid Token Or PIN","Personal Banking APIs - QA Test Suite","2026-10-04","passed","2026-10-04","Renew Insurance","Insurance","",""
"","198","Remaining Limit Today - Valid","Personal Banking APIs - QA Test Suite","2026-10-04","passed","2026-10-04","Remaining Limit Today","Wallets, Transfers, Transactions & Fund Requests","",""
"","197","Admin Admin Tier Two Upgrade - Valid","Personal Banking APIs - QA Test Suite","2026-10-04","failed","2026-10-04","Admin Admin Tier Two Upgrade","KYC, Tier Upgrades & Young Moni","",""
"","163","Login With Pin - Valid","Personal Banking APIs - QA Test Suite","2026-10-04","failed","2026-10-04","Login With Pin","Login, Credentials, Security & Devices","",""
"","170","Intra Name Enquiry By Phone - Valid","Personal Banking APIs - QA Test Suite","2026-10-04","failed","2026-10-04","Intra Name Enquiry By Phone","Wallets, Transfers, Transactions & Fund Requests","",""
"","192","Types - Invalid ID","Personal Banking APIs - QA Test Suite","2026-10-04","passed","2026-10-04","Types","Supalock Savings","",""
"","185","Unblock - No Auth","Personal Banking APIs - QA Test Suite","2026-10-04","passed","2026-10-04","Unblock","Customer Cards","",""
"","193","Transactions Update Spend Wallet - Invalid ID","Personal Banking APIs - QA Test Suite","2026-10-04","passed","2026-10-04","Transactions Update Spend Wallet","Save & Spend","",""
"","193","Fetch Balance - No Auth","Personal Banking APIs - QA Test Suite","2026-10-04","passed","2026-10-04","Fetch Balance","Customer Profile, Accounts & Beneficiaries","",""
"","157","Leaderboard - No Auth","Personal Banking APIs - QA Test Suite","2026-10-04","passed","2026-10-04","Leaderboard","Customer Profile, Accounts & Beneficiaries","",""
"","183","Check Email / Phone Availability - Empty Fields","Personal Banking APIs - QA Test Suite","2026-10-04","failed","2026-10-04","Check Email / Phone Availability","Customer Onboarding","",""
"","179","Transactions Evaluate Break - Empty Fields","Personal Banking APIs - QA Test Suite","2026-10-04","passed","2026-10-04","Transactions Evaluate Break","Target Savings","",""
"","177","Requests Request Card - Invalid Token Or PIN","Personal Banking APIs - QA Test Suite","2026-10-04","passed","2026-10-04","Requests Request Card","Customer Cards","",""
"","196","Retrieve - No Auth","Personal Banking APIs - QA Test Suite","2026-10-04","passed","2026-10-04","Retrieve","KYC, Tier Upgrades & Young Moni","",""
"","175","Inter Transfer - Invalid Token Or PIN","Personal Banking APIs - QA Test Suite","2026-10-04","passed","2026-10-04","Inter Transfer","Wallets, Transfers, Transactions & Fund Requests","",""
"","158","Types - No Auth","Personal Banking APIs - QA Test Suite","2026-10-04","passed","2026-10-04","Types","Supalock Savings","",""
"","183","Update Single Transfer Limit - Valid","Personal Banking APIs - QA Test Suite","2026-10-04","failed","2026-10-04","Update Single Transfer Limit","Customer Profile, Accounts & Beneficiaries","",""
"","171","Wallet Download Target Statement - Invalid Amount","Personal Banking APIs - QA Test Suite","2026-10-04","failed","2026-10-04","Wallet Download Target Statement","Target Savings","",""
"","192","Validate Liveness (When Required) - Empty Fields","Personal Banking APIs - QA Test Suite","2026-10-04","passed","2026-10-04","Validate Liveness (When Required)","Customer Onboarding","",""
"","201","Dismiss Action - Nonexistent ID","Personal Banking APIs - QA Test Suite","2026-10-04","passed","2026-10-04","Dismiss Action","KYC, Tier Upgrades & Young Moni","",""
"","171","Terms Draw Details - No Auth","Personal Banking APIs - QA Test Suite","2026-10-04","passed","2026-10-04","Terms Draw Details","Rewards, Cash Tokens & Wishlists","",""
"","199","Admin Coins Redemption Rules - Empty Fields","Personal Banking APIs - QA Test Suite","2026-10-04","failed","2026-10-04","Admin Coins Redemption Rules","Rewards, Cash Tokens & Wishlists","",""
"","169","Verify Token - Invalid Token Or PIN","Personal Banking APIs - QA Test Suite","2026-10-04","passed","2026-10-04","Verify Token","Login, Credentials, Security & Devices","",""
"","182","Wallet Interest Balance - Invalid Query","Personal Banking APIs - QA Test Suite","2026-10-04","failed","2026-10-04","Wallet Interest Balance","Save & Spend","",""
"","166","Create Sub Account - Valid","Personal Banking APIs - QA Test Suite","2026-10-04","failed","2026-10-04","Create Sub Account","Customer Profile, Accounts & Beneficiaries","",""
"","161","Transactions Update Swag Plan - No Auth","Personal Banking APIs - QA Test Suite","2026-10-04","failed","2026-10-04","Transactions Update Swag Plan","SWAG Savings","",""
"","165","Intra Name Enquiry - Empty Fields","Personal Banking APIs - QA Test Suite","2026-10-04","passed","2026-10-04","Intra Name Enquiry","Wallets, Transfers, Transactions & Fund Requests","",""
"","162","Admin Devices Deactivate - Invalid Token Or PIN","Personal Banking APIs - QA Test Suite","2026-10-04","failed","2026-10-04","Admin Devices Deactivate","Login, Credentials, Security & Devices","",""
"","187","Wallet - Nonexistent ID","Personal Banking APIs - QA Test Suite","2026-10-04","failed","2026-10-04","Wallet","Save & Spend","",""
"","156","List Schedule Payments - No Auth","Personal Banking APIs - QA Test Suite","2026-10-04","passed","2026-10-04","List Schedule Payments","Scheduled Payments","",""
"","183","Item - Invalid ID","Personal Banking APIs - QA Test Suite","2026-10-04","passed","2026-10-04","Item","Rewards, Cash Tokens & Wishlists","",""
"","406","Info - Invalid Query","Personal Banking APIs - QA Test Suite","2026-10-04","failed","2026-10-04","Info","Customer Profile, Accounts & Beneficiaries","",""
"","207","Validate Meter - Empty Fields","Personal Banking APIs - QA Test Suite","2026-10-04","failed","2026-10-04","Validate Meter","Airtime, Data, Bills & VAS Beneficiaries","",""
"","163","Item - Valid","Personal Banking APIs - QA Test Suite","2026-10-04","failed","2026-10-04","Item","Rewards, Cash Tokens & Wishlists","",""
"","358","Fund Betting Wallet - Empty Fields","Personal Banking APIs - QA Test Suite","2026-10-04","passed","2026-10-04","Fund Betting Wallet","Airtime, Data, Bills & VAS Beneficiaries","",""
"","157","Admin Coins Redemption Rules - No Auth","Personal Banking APIs - QA Test Suite","2026-10-04","passed","2026-10-04","Admin Coins Redemption Rules","Rewards, Cash Tokens & Wishlists","",""
"","195","Tier One Upgrade With BVN - No Auth","Personal Banking APIs - QA Test Suite","2026-10-04","passed","2026-10-04","Tier One Upgrade With BVN","KYC, Tier Upgrades & Young Moni","",""
"","187","Document Update Status - Invalid ID","Personal Banking APIs - QA Test Suite","2026-10-04","failed","2026-10-04","Document Update Status","KYC, Tier Upgrades & Young Moni","",""
"","194","Transactions Break Target - Missing Required Field","Personal Banking APIs - QA Test Suite","2026-10-04","passed","2026-10-04","Transactions Break Target","Target Savings","",""
"","218","Enable - Valid","Personal Banking APIs - QA Test Suite","2026-10-04","failed","2026-10-04","Enable","Wallets, Transfers, Transactions & Fund Requests","",""
"","180","Retrieve - Valid","Personal Banking APIs - QA Test Suite","2026-10-04","failed","2026-10-04","Retrieve","KYC, Tier Upgrades & Young Moni","",""
"","161","Transactions Create Wallet Product Specific - Empty Fields","Personal Banking APIs - QA Test Suite","2026-10-04","passed","2026-10-04","Transactions Create Wallet Product Specific","Target Savings","",""
"","182","Request Account Reactivation - Missing Required Field","Personal Banking APIs - QA Test Suite","2026-10-04","passed","2026-10-04","Request Account Reactivation","KYC, Tier Upgrades & Young Moni","",""
"","168","Admin Coins Rules - Empty Fields","Personal Banking APIs - QA Test Suite","2026-10-04","failed","2026-10-04","Admin Coins Rules","Rewards, Cash Tokens & Wishlists","",""
"","193","List - Invalid Query","Personal Banking APIs - QA Test Suite","2026-10-04","failed","2026-10-04","List","Kolo Connect Advances","",""
"","161","Purchase Jamb - Valid","Personal Banking APIs - QA Test Suite","2026-10-04","failed","2026-10-04","Purchase Jamb","Airtime, Data, Bills & VAS Beneficiaries","",""
"","158","Airtime - Empty Fields","Personal Banking APIs - QA Test Suite","2026-10-04","passed","2026-10-04","Airtime","Scheduled Payments","",""
"","194","Purchase Data - Missing Required Field","Personal Banking APIs - QA Test Suite","2026-10-04","passed","2026-10-04","Purchase Data","Airtime, Data, Bills & VAS Beneficiaries","",""
"","188","Repay - Nonexistent ID","Personal Banking APIs - QA Test Suite","2026-10-04","failed","2026-10-04","Repay","Kolo Connect Advances","",""
"","158","Find Customers By Phone - No Auth","Personal Banking APIs - QA Test Suite","2026-10-04","passed","2026-10-04","Find Customers By Phone","Customer Profile, Accounts & Beneficiaries","",""
"","201","Account Officer Rate Officer - Valid","Personal Banking APIs - QA Test Suite","2026-10-04","failed","2026-10-04","Account Officer Rate Officer","Customer Profile, Accounts & Beneficiaries","",""
"","199","Payment Merchant - No Auth","Personal Banking APIs - QA Test Suite","2026-10-04","passed","2026-10-04","Payment Merchant","Customer Cards","",""
"","249","Add Account Alias - Missing Required Field","Personal Banking APIs - QA Test Suite","2026-10-04","passed","2026-10-04","Add Account Alias","Customer Profile, Accounts & Beneficiaries","",""
"","164","Admin Games Rewards - Invalid ID","Personal Banking APIs - QA Test Suite","2026-10-04","failed","2026-10-04","Admin Games Rewards","Rewards, Cash Tokens & Wishlists","",""
"","168","Recipients - Valid","Personal Banking APIs - QA Test Suite","2026-10-04","failed","2026-10-04","Recipients","Wallets, Transfers, Transactions & Fund Requests","",""
"","167","Retrieve - Nonexistent ID","Personal Banking APIs - QA Test Suite","2026-10-04","failed","2026-10-04","Retrieve","Airtime, Data, Bills & VAS Beneficiaries","",""
"","155","Get Cable Providers - No Auth","Personal Banking APIs - QA Test Suite","2026-10-04","passed","2026-10-04","Get Cable Providers","Airtime, Data, Bills & VAS Beneficiaries","",""
"","193","Young Moni Validate Details - Empty Fields","Personal Banking APIs - QA Test Suite","2026-10-04","failed","2026-10-04","Young Moni Validate Details","Customer Profile, Accounts & Beneficiaries","",""
"","192","Admin Upload Documents - Missing Required Field","Personal Banking APIs - QA Test Suite","2026-10-04","passed","2026-10-04","Admin Upload Documents","KYC, Tier Upgrades & Young Moni","",""
"","209","Block - Valid","Personal Banking APIs - QA Test Suite","2026-10-04","failed","2026-10-04","Block","Customer Cards","",""
"","174","Electricity - No Auth","Personal Banking APIs - QA Test Suite","2026-10-04","passed","2026-10-04","Electricity","Scheduled Payments","",""
"","171","Account Officer Rate Officer - No Auth","Personal Banking APIs - QA Test Suite","2026-10-04","passed","2026-10-04","Account Officer Rate Officer","Customer Profile, Accounts & Beneficiaries","",""
"","438","Admin Request Stats - Valid","Personal Banking APIs - QA Test Suite","2026-10-04","failed","2026-10-04","Admin Request Stats","KYC, Tier Upgrades & Young Moni","",""
"","181","Item - Nonexistent ID","Personal Banking APIs - QA Test Suite","2026-10-04","passed","2026-10-04","Item","Rewards, Cash Tokens & Wishlists","",""
"","197","Approve Bulk Fund Request - Invalid Token Or PIN","Personal Banking APIs - QA Test Suite","2026-10-04","failed","2026-10-04","Approve Bulk Fund Request","Wallets, Transfers, Transactions & Fund Requests","",""
"","199","Create - Empty Fields","Personal Banking APIs - QA Test Suite","2026-10-04","passed","2026-10-04","Create","Wallets, Transfers, Transactions & Fund Requests","",""
"","211","Create Insurance - Missing Required Field","Personal Banking APIs - QA Test Suite","2026-10-04","passed","2026-10-04","Create Insurance","Insurance","",""
"","186","Admin Coins Rules - No Auth","Personal Banking APIs - QA Test Suite","2026-10-04","passed","2026-10-04","Admin Coins Rules","Rewards, Cash Tokens & Wishlists","",""
"","159","Transactions Withdraw Principal - Empty Fields","Personal Banking APIs - QA Test Suite","2026-10-04","passed","2026-10-04","Transactions Withdraw Principal","SWAG Savings","",""
"","176","Overview - Missing Required Field","Personal Banking APIs - QA Test Suite","2026-10-04","failed","2026-10-04","Overview","Customer Profile, Accounts & Beneficiaries","",""
"","192","Transactions Withdraw Principal - Invalid Amount","Personal Banking APIs - QA Test Suite","2026-10-04","passed","2026-10-04","Transactions Withdraw Principal","SWAG Savings","",""
"","163","Wishlist Config - No Auth","Personal Banking APIs - QA Test Suite","2026-10-04","passed","2026-10-04","Wishlist Config","Rewards, Cash Tokens & Wishlists","",""
"","188","Retry Payment Schedule - Missing Required Field","Personal Banking APIs - QA Test Suite","2026-10-04","passed","2026-10-04","Retry Payment Schedule","Scheduled Payments","",""
"","431","Info - Valid","Personal Banking APIs - QA Test Suite","2026-10-04","passed","2026-10-04","Info","Customer Profile, Accounts & Beneficiaries","",""
"","178","Repayment Plan - Invalid ID","Personal Banking APIs - QA Test Suite","2026-10-04","failed","2026-10-04","Repayment Plan","Kolo Connect Advances","",""
"","170","Update Credit Stage - Empty Fields","Personal Banking APIs - QA Test Suite","2026-10-04","failed","2026-10-04","Update Credit Stage","Wallets, Transfers, Transactions & Fund Requests","",""
"","173","Get Item Edit - Missing Required Field","Personal Banking APIs - QA Test Suite","2026-10-04","failed","2026-10-04","Get Item Edit","Rewards, Cash Tokens & Wishlists","",""
"","188","Reset Pin - Nonexistent ID","Personal Banking APIs - QA Test Suite","2026-10-04","passed","2026-10-04","Reset Pin","Customer Cards","",""
"","198","Wallet Download Swag Statement - Empty Fields","Personal Banking APIs - QA Test Suite","2026-10-04","failed","2026-10-04","Wallet Download Swag Statement","SWAG Savings","",""
"","178","Intra Transfer - No Auth","Personal Banking APIs - QA Test Suite","2026-10-04","failed","2026-10-04","Intra Transfer","Wallets, Transfers, Transactions & Fund Requests","",""
"","170","Reset Password - Missing Required Field","Personal Banking APIs - QA Test Suite","2026-10-04","passed","2026-10-04","Reset Password","Login, Credentials, Security & Devices","",""
"","157","Youngmoni Transfer - No Auth","Personal Banking APIs - QA Test Suite","2026-10-04","passed","2026-10-04","Youngmoni Transfer","Scheduled Payments","",""
"","204","List - Invalid Query","Personal Banking APIs - QA Test Suite","2026-10-04","failed","2026-10-04","List","Wallets, Transfers, Transactions & Fund Requests","",""
"","183","Document Delete - Empty Fields","Personal Banking APIs - QA Test Suite","2026-10-04","failed","2026-10-04","Document Delete","KYC, Tier Upgrades & Young Moni","",""
"","193","Admin Admin Submit - Valid","Personal Banking APIs - QA Test Suite","2026-10-04","failed","2026-10-04","Admin Admin Submit","KYC, Tier Upgrades & Young Moni","",""
"","171","Winner Dismiss Action - Nonexistent ID","Personal Banking APIs - QA Test Suite","2026-10-04","passed","2026-10-04","Winner Dismiss Action","Rewards, Cash Tokens & Wishlists","",""
"","184","Enable - Invalid Amount","Personal Banking APIs - QA Test Suite","2026-10-04","failed","2026-10-04","Enable","Wallets, Transfers, Transactions & Fund Requests","",""
"","172","Intra Account Transfer - Valid","Personal Banking APIs - QA Test Suite","2026-10-04","failed","2026-10-04","Intra Account Transfer","Wallets, Transfers, Transactions & Fund Requests","",""
"","175","Complete Registration - Valid","Personal Banking APIs - QA Test Suite","2026-10-04","failed","2026-10-04","Complete Registration","Customer Onboarding","",""
"","165","Wallet - Valid","Personal Banking APIs - QA Test Suite","2026-10-04","failed","2026-10-04","Wallet","Save & Spend","",""
"","189","Purchase Electricity - Valid","Personal Banking APIs - QA Test Suite","2026-10-04","failed","2026-10-04","Purchase Electricity","Airtime, Data, Bills & VAS Beneficiaries","",""
"","166","Create Login Pin - Empty Fields","Personal Banking APIs - QA Test Suite","2026-10-04","failed","2026-10-04","Create Login Pin","Login, Credentials, Security & Devices","",""
"","206","Create Insurance - Empty Fields","Personal Banking APIs - QA Test Suite","2026-10-04","passed","2026-10-04","Create Insurance","Insurance","",""
"","190","Continue With Email - Valid","Personal Banking APIs - QA Test Suite","2026-10-04","failed","2026-10-04","Continue With Email","Customer Onboarding","",""
"","277","Requests Fetch Agents - Valid","Personal Banking APIs - QA Test Suite","2026-10-04","failed","2026-10-04","Requests Fetch Agents","Customer Cards","",""
"","167","Withdraw - Valid","Personal Banking APIs - QA Test Suite","2026-10-04","failed","2026-10-04","Withdraw","Rewards, Cash Tokens & Wishlists","",""
"","168","Channel Settings - Valid","Personal Banking APIs - QA Test Suite","2026-10-04","failed","2026-10-04","Channel Settings","Customer Cards","",""
"","181","Retrieve - Nonexistent ID","Personal Banking APIs - QA Test Suite","2026-10-04","failed","2026-10-04","Retrieve","Wallets, Transfers, Transactions & Fund Requests","",""
"","197","Retrieve - Invalid Query","Personal Banking APIs - QA Test Suite","2026-10-04","failed","2026-10-04","Retrieve","Insurance","",""
"","175","Reject Single Fund Request - Invalid Token Or PIN","Personal Banking APIs - QA Test Suite","2026-10-04","failed","2026-10-04","Reject Single Fund Request","Wallets, Transfers, Transactions & Fund Requests","",""
"","187","Validate Face Match - No Auth","Personal Banking APIs - QA Test Suite","2026-10-04","failed","2026-10-04","Validate Face Match","Login, Credentials, Security & Devices","",""
"","176","List - Valid","Personal Banking APIs - QA Test Suite","2026-10-04","passed","2026-10-04","List","Customer Profile, Accounts & Beneficiaries","",""
"","179","Transactions Evaluate Target - No Auth","Personal Banking APIs - QA Test Suite","2026-10-04","passed","2026-10-04","Transactions Evaluate Target","Target Savings","",""
"","157","Transactions Update Swag Plan - Empty Fields","Personal Banking APIs - QA Test Suite","2026-10-04","passed","2026-10-04","Transactions Update Swag Plan","SWAG Savings","",""
"","169","List - No Auth","Personal Banking APIs - QA Test Suite","2026-10-04","passed","2026-10-04","List","Wallets, Transfers, Transactions & Fund Requests","",""
"","176","Account Officer Change Request - Nonexistent ID","Personal Banking APIs - QA Test Suite","2026-10-04","passed","2026-10-04","Account Officer Change Request","Customer Profile, Accounts & Beneficiaries","",""
"","177","Update Communication Preference - Nonexistent ID","Personal Banking APIs - QA Test Suite","2026-10-04","passed","2026-10-04","Update Communication Preference","Customer Profile, Accounts & Beneficiaries","",""
"","184","Transactions Create Wallet - No Auth","Personal Banking APIs - QA Test Suite","2026-10-04","failed","2026-10-04","Transactions Create Wallet","Save & Spend","",""
"","1021","Create Supalock - Empty Fields","Personal Banking APIs - QA Test Suite","2026-10-04","failed","2026-10-04","Create Supalock","Supalock Savings","",""
"","183","Account Officer Change Request - Invalid ID","Personal Banking APIs - QA Test Suite","2026-10-04","passed","2026-10-04","Account Officer Change Request","Customer Profile, Accounts & Beneficiaries","",""
"","198","Youngmoni Transfer - Empty Fields","Personal Banking APIs - QA Test Suite","2026-10-04","passed","2026-10-04","Youngmoni Transfer","Scheduled Payments","",""
"","186","Retrieve - Nonexistent ID","Personal Banking APIs - QA Test Suite","2026-10-04","failed","2026-10-04","Retrieve","Wallets, Transfers, Transactions & Fund Requests","",""
"","172","Perform Action - Empty Fields","Personal Banking APIs - QA Test Suite","2026-10-04","failed","2026-10-04","Perform Action","Rewards, Cash Tokens & Wishlists","",""
"","191","Create Password - Missing Required Field","Personal Banking APIs - QA Test Suite","2026-10-04","passed","2026-10-04","Create Password","Login, Credentials, Security & Devices","",""
"","194","Transactions - No Auth","Personal Banking APIs - QA Test Suite","2026-10-04","passed","2026-10-04","Transactions","Wallets, Transfers, Transactions & Fund Requests","",""
"","196","Unblock - Valid","Personal Banking APIs - QA Test Suite","2026-10-04","failed","2026-10-04","Unblock","Customer Cards","",""
"","206","Young Moni Requests - Valid","Personal Banking APIs - QA Test Suite","2026-10-04","failed","2026-10-04","Young Moni Requests","KYC, Tier Upgrades & Young Moni","",""
"","186","Retrieve - No Auth","Personal Banking APIs - QA Test Suite","2026-10-04","passed","2026-10-04","Retrieve","Supalock Savings","",""
"","214","Enable - Invalid ID","Personal Banking APIs - QA Test Suite","2026-10-04","failed","2026-10-04","Enable","Wallets, Transfers, Transactions & Fund Requests","",""
"","171","Reject Single Fund Request - Empty Fields","Personal Banking APIs - QA Test Suite","2026-10-04","failed","2026-10-04","Reject Single Fund Request","Wallets, Transfers, Transactions & Fund Requests","",""
"","183","Transactions - Invalid Query","Personal Banking APIs - QA Test Suite","2026-10-04","failed","2026-10-04","Transactions","Target Savings","",""
"","173","Transactions - No Auth","Personal Banking APIs - QA Test Suite","2026-10-04","passed","2026-10-04","Transactions","Target Savings","",""
"","189","Toolkit Accounts - Nonexistent ID","Personal Banking APIs - QA Test Suite","2026-10-04","failed","2026-10-04","Toolkit Accounts","Customer Profile, Accounts & Beneficiaries","",""
"","218","Young Moni Requests - No Auth","Personal Banking APIs - QA Test Suite","2026-10-04","passed","2026-10-04","Young Moni Requests","KYC, Tier Upgrades & Young Moni","",""
"","163","Admin Devices Deactivate - Valid","Personal Banking APIs - QA Test Suite","2026-10-04","failed","2026-10-04","Admin Devices Deactivate","Login, Credentials, Security & Devices","",""
"","313","Data Plans - Valid","Personal Banking APIs - QA Test Suite","2026-10-04","failed","2026-10-04","Data Plans","Airtime, Data, Bills & VAS Beneficiaries","",""
"","158","Transactions Create Wallet - Empty Fields","Personal Banking APIs - QA Test Suite","2026-10-04","passed","2026-10-04","Transactions Create Wallet","Target Savings","",""
"","786","Partial - Nonexistent ID","Personal Banking APIs - QA Test Suite","2026-10-04","failed","2026-10-04","Partial","Wallets, Transfers, Transactions & Fund Requests","",""
"","157","Transactions - No Auth","Personal Banking APIs - QA Test Suite","2026-10-04","passed","2026-10-04","Transactions","SWAG Savings","",""
"","216","Add Item - Nonexistent ID","Personal Banking APIs - QA Test Suite","2026-10-04","passed","2026-10-04","Add Item","Rewards, Cash Tokens & Wishlists","",""
"","173","Channel Settings - Empty Fields","Personal Banking APIs - QA Test Suite","2026-10-04","passed","2026-10-04","Channel Settings","Customer Cards","",""
"","178","Upload Documents - No Auth","Personal Banking APIs - QA Test Suite","2026-10-04","passed","2026-10-04","Upload Documents","KYC, Tier Upgrades & Young Moni","",""
"","191","Approve Single Fund Request - Valid","Personal Banking APIs - QA Test Suite","2026-10-04","failed","2026-10-04","Approve Single Fund Request","Wallets, Transfers, Transactions & Fund Requests","",""
"","162","Login With Pin - Invalid Token Or PIN","Personal Banking APIs - QA Test Suite","2026-10-04","passed","2026-10-04","Login With Pin","Login, Credentials, Security & Devices","",""
"","217","Admin Admin Upgrade To Merchant - Invalid Token Or PIN","Personal Banking APIs - QA Test Suite","2026-10-04","failed","2026-10-04","Admin Admin Upgrade To Merchant","KYC, Tier Upgrades & Young Moni","",""
"","172","Redeem Insurance - Invalid Email","Personal Banking APIs - QA Test Suite","2026-10-04","passed","2026-10-04","Redeem Insurance","Insurance","",""
"","182","Transfer - Invalid Status Or Type","Personal Banking APIs - QA Test Suite","2026-10-04","passed","2026-10-04","Transfer","Scheduled Payments","",""
"","180","Webhook Cashtoken Webhook - Invalid Amount","Personal Banking APIs - QA Test Suite","2026-10-04","failed","2026-10-04","Webhook Cashtoken Webhook","Rewards, Cash Tokens & Wishlists","",""
"","183","Login - Invalid Token Or PIN","Personal Banking APIs - QA Test Suite","2026-10-04","passed","2026-10-04","Login","Login, Credentials, Security & Devices","",""
"","198","Retrieve - No Auth","Personal Banking APIs - QA Test Suite","2026-10-04","passed","2026-10-04","Retrieve","Airtime, Data, Bills & VAS Beneficiaries","",""
"","172","Requests Get Delivery Cost - No Auth","Personal Banking APIs - QA Test Suite","2026-10-04","passed","2026-10-04","Requests Get Delivery Cost","Customer Cards","",""
"","159","Find Account Banks - No Auth","Personal Banking APIs - QA Test Suite","2026-10-04","passed","2026-10-04","Find Account Banks","Customer Profile, Accounts & Beneficiaries","",""
"","165","List Schedule Payments - Nonexistent ID","Personal Banking APIs - QA Test Suite","2026-10-04","failed","2026-10-04","List Schedule Payments","Scheduled Payments","",""
"","164","Fee Settings - Invalid Query","Personal Banking APIs - QA Test Suite","2026-10-04","failed","2026-10-04","Fee Settings","Customer Cards","",""
"","184","Kyc Level Count - Valid","Personal Banking APIs - QA Test Suite","2026-10-04","failed","2026-10-04","Kyc Level Count","Customer Profile, Accounts & Beneficiaries","",""
"","164","Admin Games Rewards - Nonexistent ID","Personal Banking APIs - QA Test Suite","2026-10-04","failed","2026-10-04","Admin Games Rewards","Rewards, Cash Tokens & Wishlists","",""
"","210","Inflow Outflow Analytics - Valid","Personal Banking APIs - QA Test Suite","2026-10-04","passed","2026-10-04","Inflow Outflow Analytics","Wallets, Transfers, Transactions & Fund Requests","",""
"","180","Transactions Break Wallet - Missing Required Field","Personal Banking APIs - QA Test Suite","2026-10-04","passed","2026-10-04","Transactions Break Wallet","Save & Spend","",""
"","156","Update - Empty Fields","Personal Banking APIs - QA Test Suite","2026-10-04","passed","2026-10-04","Update","Scheduled Payments","",""
"","188","Restrict Accounts By BVN - Valid","Personal Banking APIs - QA Test Suite","2026-10-04","failed","2026-10-04","Restrict Accounts By BVN","Customer Profile, Accounts & Beneficiaries","",""
"","188","Partial - Missing Required Field","Personal Banking APIs - QA Test Suite","2026-10-04","failed","2026-10-04","Partial","Airtime, Data, Bills & VAS Beneficiaries","",""
"","186","Purchase Jamb - Missing Required Field","Personal Banking APIs - QA Test Suite","2026-10-04","passed","2026-10-04","Purchase Jamb","Airtime, Data, Bills & VAS Beneficiaries","",""
"","180","Verify Alias Phone Number - Missing Required Field","Personal Banking APIs - QA Test Suite","2026-10-04","passed","2026-10-04","Verify Alias Phone Number","Customer Profile, Accounts & Beneficiaries","",""
"","199","Create - Missing Required Field","Personal Banking APIs - QA Test Suite","2026-10-04","failed","2026-10-04","Create","Wallets, Transfers, Transactions & Fund Requests","",""
"","189","Admin Coins Rules - Valid","Personal Banking APIs - QA Test Suite","2026-10-04","failed","2026-10-04","Admin Coins Rules","Rewards, Cash Tokens & Wishlists","",""
"","168","Deals Active - Invalid Query","Personal Banking APIs - QA Test Suite","2026-10-04","passed","2026-10-04","Deals Active","Rewards, Cash Tokens & Wishlists","",""
"","160","Transactions Create Wallet - Missing Required Field","Personal Banking APIs - QA Test Suite","2026-10-04","passed","2026-10-04","Transactions Create Wallet","Target Savings","",""
"","168","Reset Pin - Invalid ID","Personal Banking APIs - QA Test Suite","2026-10-04","passed","2026-10-04","Reset Pin","Customer Cards","",""
"","175","Partial - Valid","Personal Banking APIs - QA Test Suite","2026-10-04","failed","2026-10-04","Partial","Wallets, Transfers, Transactions & Fund Requests","",""
"","194","Pay Schedule Early - Missing Required Field","Personal Banking APIs - QA Test Suite","2026-10-04","passed","2026-10-04","Pay Schedule Early","Scheduled Payments","",""
"","187","Wallet Interest Balance - Nonexistent ID","Personal Banking APIs - QA Test Suite","2026-10-04","failed","2026-10-04","Wallet Interest Balance","Save & Spend","",""
"","185","Verify Email Update - Invalid Token Or PIN","Personal Banking APIs - QA Test Suite","2026-10-04","passed","2026-10-04","Verify Email Update","KYC, Tier Upgrades & Young Moni","",""
"","455","Her Wealth Details - Nonexistent ID","Personal Banking APIs - QA Test Suite","2026-10-04","passed","2026-10-04","Her Wealth Details","Customer Profile, Accounts & Beneficiaries","",""
"","180","Games - Invalid Query","Personal Banking APIs - QA Test Suite","2026-10-04","passed","2026-10-04","Games","Rewards, Cash Tokens & Wishlists","",""
"","178","Fund Betting Wallet - No Auth","Personal Banking APIs - QA Test Suite","2026-10-04","failed","2026-10-04","Fund Betting Wallet","Airtime, Data, Bills & VAS Beneficiaries","",""
"","201","Admin Devices Deactivate - Nonexistent ID","Personal Banking APIs - QA Test Suite","2026-10-04","failed","2026-10-04","Admin Devices Deactivate","Login, Credentials, Security & Devices","",""
"","161","Request Phone Verification - No Auth","Personal Banking APIs - QA Test Suite","2026-10-04","passed","2026-10-04","Request Phone Verification","Login, Credentials, Security & Devices","",""
"","179","Channel Settings - Valid","Personal Banking APIs - QA Test Suite","2026-10-04","failed","2026-10-04","Channel Settings","Customer Cards","",""
"","196","Customer Submit - Missing Required Field","Personal Banking APIs - QA Test Suite","2026-10-04","passed","2026-10-04","Customer Submit","KYC, Tier Upgrades & Young Moni","",""
"","162","Admin Games Rewards - No Auth","Personal Banking APIs - QA Test Suite","2026-10-04","passed","2026-10-04","Admin Games Rewards","Rewards, Cash Tokens & Wishlists","",""
"","186","Initiate Reset Login Pin - Invalid Query","Personal Banking APIs - QA Test Suite","2026-10-04","failed","2026-10-04","Initiate Reset Login Pin","Login, Credentials, Security & Devices","",""
"","169","Create Password - Empty Fields","Personal Banking APIs - QA Test Suite","2026-10-04","passed","2026-10-04","Create Password","Login, Credentials, Security & Devices","",""
"","175","Providers - Valid","Personal Banking APIs - QA Test Suite","2026-10-04","failed","2026-10-04","Providers","Insurance","",""
"","164","Young Moni Requests Request Stats - Invalid Query","Personal Banking APIs - QA Test Suite","2026-10-04","failed","2026-10-04","Young Moni Requests Request Stats","KYC, Tier Upgrades & Young Moni","",""
"","181","Document Delete - No Auth","Personal Banking APIs - QA Test Suite","2026-10-04","passed","2026-10-04","Document Delete","KYC, Tier Upgrades & Young Moni","",""
"","243","Reset Password - Valid","Personal Banking APIs - QA Test Suite","2026-10-04","passed","2026-10-04","Reset Password","Login, Credentials, Security & Devices","",""
"","161","Topup Supalock - No Auth","Personal Banking APIs - QA Test Suite","2026-10-04","passed","2026-10-04","Topup Supalock","Supalock Savings","",""
"","174","Games Check Eligibility - Invalid Query","Personal Banking APIs - QA Test Suite","2026-10-04","passed","2026-10-04","Games Check Eligibility","Rewards, Cash Tokens & Wishlists","",""
"","159","Young Moni Upload Child Documents - No Auth","Personal Banking APIs - QA Test Suite","2026-10-04","passed","2026-10-04","Young Moni Upload Child Documents","Customer Profile, Accounts & Beneficiaries","",""
"","198","Document Update Status - Valid","Personal Banking APIs - QA Test Suite","2026-10-04","failed","2026-10-04","Document Update Status","KYC, Tier Upgrades & Young Moni","",""
"","162","List Schedule Payments - Invalid Query","Personal Banking APIs - QA Test Suite","2026-10-04","failed","2026-10-04","List Schedule Payments","Scheduled Payments","",""
"","157","Pay Schedule Early - No Auth","Personal Banking APIs - QA Test Suite","2026-10-04","passed","2026-10-04","Pay Schedule Early","Scheduled Payments","",""
"","202","Admin Admin Upgrade To Merchant - Valid","Personal Banking APIs - QA Test Suite","2026-10-04","failed","2026-10-04","Admin Admin Upgrade To Merchant","KYC, Tier Upgrades & Young Moni","",""
"","174","Types - Valid","Personal Banking APIs - QA Test Suite","2026-10-04","failed","2026-10-04","Types","Supalock Savings","",""
"","203","Tier One Upgrade - Empty Fields","Personal Banking APIs - QA Test Suite","2026-10-04","passed","2026-10-04","Tier One Upgrade","KYC, Tier Upgrades & Young Moni","",""
"","177","Channel Settings - Empty Fields","Personal Banking APIs - QA Test Suite","2026-10-04","passed","2026-10-04","Channel Settings","Customer Cards","",""
"","183","Types Get Supa Lock Special Interest - No Auth","Personal Banking APIs - QA Test Suite","2026-10-04","passed","2026-10-04","Types Get Supa Lock Special Interest","Supalock Savings","",""
"","179","List Schedule Payments - Valid","Personal Banking APIs - QA Test Suite","2026-10-04","failed","2026-10-04","List Schedule Payments","Scheduled Payments","",""
"","166","Update Identity - Empty Fields","Personal Banking APIs - QA Test Suite","2026-10-04","passed","2026-10-04","Update Identity","KYC, Tier Upgrades & Young Moni","",""
"","170","List - No Auth","Personal Banking APIs - QA Test Suite","2026-10-04","passed","2026-10-04","List","Customer Cards","",""
"","161","Redeem Coins - No Auth","Personal Banking APIs - QA Test Suite","2026-10-04","passed","2026-10-04","Redeem Coins","Rewards, Cash Tokens & Wishlists","",""
"","177","Requests - No Auth","Personal Banking APIs - QA Test Suite","2026-10-04","passed","2026-10-04","Requests","Customer Cards","",""
"","178","Transactions Deposit - Invalid Token Or PIN","Personal Banking APIs - QA Test Suite","2026-10-04","passed","2026-10-04","Transactions Deposit","SWAG Savings","",""
"","194","Transactions Create Wallet Product Specific - Invalid Status Or Type","Personal Banking APIs - QA Test Suite","2026-10-04","passed","2026-10-04","Transactions Create Wallet Product Specific","Target Savings","",""
"","173","Admin Admin Submit - Empty Fields","Personal Banking APIs - QA Test Suite","2026-10-04","failed","2026-10-04","Admin Admin Submit","KYC, Tier Upgrades & Young Moni","",""
"","353","Transfers Left - Valid","Personal Banking APIs - QA Test Suite","2026-10-04","passed","2026-10-04","Transfers Left","Wallets, Transfers, Transactions & Fund Requests","",""
"","157","Admin Devices Reactivate - Invalid Token Or PIN","Personal Banking APIs - QA Test Suite","2026-10-04","failed","2026-10-04","Admin Devices Reactivate","Login, Credentials, Security & Devices","",""
"","220","Requests Get Delivery Cost - Valid","Personal Banking APIs - QA Test Suite","2026-10-04","failed","2026-10-04","Requests Get Delivery Cost","Customer Cards","",""
"","268","Update Daily Transfer Limit - Valid","Personal Banking APIs - QA Test Suite","2026-10-04","failed","2026-10-04","Update Daily Transfer Limit","Customer Profile, Accounts & Beneficiaries","",""
"","160","Transactions Deposit - Invalid Token Or PIN","Personal Banking APIs - QA Test Suite","2026-10-04","passed","2026-10-04","Transactions Deposit","Target Savings","",""
"","166","Perform Action - Valid","Personal Banking APIs - QA Test Suite","2026-10-04","failed","2026-10-04","Perform Action","Rewards, Cash Tokens & Wishlists","",""
"","177","Providers - Invalid Query","Personal Banking APIs - QA Test Suite","2026-10-04","failed","2026-10-04","Providers","Insurance","",""
"","169","List - Invalid Query","Personal Banking APIs - QA Test Suite","2026-10-04","failed","2026-10-04","List","Airtime, Data, Bills & VAS Beneficiaries","",""
"","187","Disable - Valid","Personal Banking APIs - QA Test Suite","2026-10-04","failed","2026-10-04","Disable","Wallets, Transfers, Transactions & Fund Requests","",""
"","973","Types - Nonexistent ID","Personal Banking APIs - QA Test Suite","2026-10-04","passed","2026-10-04","Types","Supalock Savings","",""
"","166","Transactions - Nonexistent ID","Personal Banking APIs - QA Test Suite","2026-10-04","passed","2026-10-04","Transactions","Save & Spend","",""
"","200","Young Moni Requests Complete Review - Valid","Personal Banking APIs - QA Test Suite","2026-10-04","failed","2026-10-04","Young Moni Requests Complete Review","KYC, Tier Upgrades & Young Moni","",""
"","185","Enable - No Auth","Personal Banking APIs - QA Test Suite","2026-10-04","passed","2026-10-04","Enable","Wallets, Transfers, Transactions & Fund Requests","",""
"","171","Customer Submit - Empty Fields","Personal Banking APIs - QA Test Suite","2026-10-04","passed","2026-10-04","Customer Submit","KYC, Tier Upgrades & Young Moni","",""
"","181","Update Documents - Valid","Personal Banking APIs - QA Test Suite","2026-10-04","failed","2026-10-04","Update Documents","KYC, Tier Upgrades & Young Moni","",""
"","169","Transactions Update Swag Plan - Invalid Token Or PIN","Personal Banking APIs - QA Test Suite","2026-10-04","passed","2026-10-04","Transactions Update Swag Plan","SWAG Savings","",""
"","188","Create - No Auth","Personal Banking APIs - QA Test Suite","2026-10-04","passed","2026-10-04","Create","Customer Profile, Accounts & Beneficiaries","",""
"","315","Tier One Upgrade - No Auth","Personal Banking APIs - QA Test Suite","2026-10-04","passed","2026-10-04","Tier One Upgrade","KYC, Tier Upgrades & Young Moni","",""
"","193","Purchase Data - No Auth","Personal Banking APIs - QA Test Suite","2026-10-04","failed","2026-10-04","Purchase Data","Airtime, Data, Bills & VAS Beneficiaries","",""
"","195","High Value Transactions - Invalid Query","Personal Banking APIs - QA Test Suite","2026-10-04","failed","2026-10-04","High Value Transactions","Wallets, Transfers, Transactions & Fund Requests","",""
"","176","Borrow - Empty Fields","Personal Banking APIs - QA Test Suite","2026-10-04","failed","2026-10-04","Borrow","Kolo Connect Advances","",""
"","165","Borrow - Invalid Token Or PIN","Personal Banking APIs - QA Test Suite","2026-10-04","failed","2026-10-04","Borrow","Kolo Connect Advances","",""
"","168","Create Login Pin - No Auth","Personal Banking APIs - QA Test Suite","2026-10-04","passed","2026-10-04","Create Login Pin","Login, Credentials, Security & Devices","",""
"","409","List - Invalid Query","Personal Banking APIs - QA Test Suite","2026-10-04","failed","2026-10-04","List","Customer Profile, Accounts & Beneficiaries","",""
"","167","Verify Alias Phone Number - Invalid Token Or PIN","Personal Banking APIs - QA Test Suite","2026-10-04","passed","2026-10-04","Verify Alias Phone Number","Customer Profile, Accounts & Beneficiaries","",""
"","176","Winner Dismiss Action - Empty Fields","Personal Banking APIs - QA Test Suite","2026-10-04","failed","2026-10-04","Winner Dismiss Action","Rewards, Cash Tokens & Wishlists","",""
"","173","Partial - Empty Fields","Personal Banking APIs - QA Test Suite","2026-10-04","failed","2026-10-04","Partial","Airtime, Data, Bills & VAS Beneficiaries","",""
"","175","Transactions - Valid","Personal Banking APIs - QA Test Suite","2026-10-04","passed","2026-10-04","Transactions","Target Savings","",""
"","171","Reject Bulk Fund Request - Missing Required Field","Personal Banking APIs - QA Test Suite","2026-10-04","failed","2026-10-04","Reject Bulk Fund Request","Wallets, Transfers, Transactions & Fund Requests","",""
"","329","Admin Coins Redemption Rules - No Auth","Personal Banking APIs - QA Test Suite","2026-10-04","passed","2026-10-04","Admin Coins Redemption Rules","Rewards, Cash Tokens & Wishlists","",""
"","197","Transactions Update Swag Monthly Rollover - Empty Fields","Personal Banking APIs - QA Test Suite","2026-10-04","failed","2026-10-04","Transactions Update Swag Monthly Rollover","SWAG Savings","",""
"","300","Admin Coins Rules - No Auth","Personal Banking APIs - QA Test Suite","2026-10-04","passed","2026-10-04","Admin Coins Rules","Rewards, Cash Tokens & Wishlists","",""
"","182","Verify Reset Token - No Auth","Personal Banking APIs - QA Test Suite","2026-10-04","failed","2026-10-04","Verify Reset Token","Login, Credentials, Security & Devices","",""
"","166","Purchase Cable - No Auth","Personal Banking APIs - QA Test Suite","2026-10-04","failed","2026-10-04","Purchase Cable","Airtime, Data, Bills & VAS Beneficiaries","",""
"","170","Update Documents - Invalid Status Or Type","Personal Banking APIs - QA Test Suite","2026-10-04","passed","2026-10-04","Update Documents","KYC, Tier Upgrades & Young Moni","",""
"","155","Jamb Lookup - No Auth","Personal Banking APIs - QA Test Suite","2026-10-04","passed","2026-10-04","Jamb Lookup","Airtime, Data, Bills & VAS Beneficiaries","",""
"","197","Admin Coins Redemption Rules - Valid","Personal Banking APIs - QA Test Suite","2026-10-04","failed","2026-10-04","Admin Coins Redemption Rules","Rewards, Cash Tokens & Wishlists","",""
"","176","Admin Devices Deactivate - Invalid ID","Personal Banking APIs - QA Test Suite","2026-10-04","failed","2026-10-04","Admin Devices Deactivate","Login, Credentials, Security & Devices","",""
"","161","Intra Transfer - Empty Fields","Personal Banking APIs - QA Test Suite","2026-10-04","passed","2026-10-04","Intra Transfer","Wallets, Transfers, Transactions & Fund Requests","",""
"","158","Requests Request Card - No Auth","Personal Banking APIs - QA Test Suite","2026-10-04","passed","2026-10-04","Requests Request Card","Customer Cards","",""
"","167","Partial - Invalid ID","Personal Banking APIs - QA Test Suite","2026-10-04","failed","2026-10-04","Partial","Airtime, Data, Bills & VAS Beneficiaries","",""
"","195","Admin Devices Reactivate - Nonexistent ID","Personal Banking APIs - QA Test Suite","2026-10-04","failed","2026-10-04","Admin Devices Reactivate","Login, Credentials, Security & Devices","",""
"","190","Get Item - Nonexistent ID","Personal Banking APIs - QA Test Suite","2026-10-04","passed","2026-10-04","Get Item","Rewards, Cash Tokens & Wishlists","",""
"","155","Overview - No Auth","Personal Banking APIs - QA Test Suite","2026-10-04","passed","2026-10-04","Overview","Rewards, Cash Tokens & Wishlists","",""
"","188","Approve Bulk Fund Request - No Auth","Personal Banking APIs - QA Test Suite","2026-10-04","passed","2026-10-04","Approve Bulk Fund Request","Wallets, Transfers, Transactions & Fund Requests","",""
"","200","Retrieve - Valid","Personal Banking APIs - QA Test Suite","2026-10-04","failed","2026-10-04","Retrieve","Supalock Savings","",""
"","164","List - No Auth","Personal Banking APIs - QA Test Suite","2026-10-04","passed","2026-10-04","List","Scheduled Payments","",""
"","159","Transactions Withdraw Principal - Invalid Token Or PIN","Personal Banking APIs - QA Test Suite","2026-10-04","passed","2026-10-04","Transactions Withdraw Principal","SWAG Savings","",""
"","158","List - No Auth","Personal Banking APIs - QA Test Suite","2026-10-04","passed","2026-10-04","List","Airtime, Data, Bills & VAS Beneficiaries","",""
"","188","Transactions Update Swag Monthly Rollover - No Auth","Personal Banking APIs - QA Test Suite","2026-10-04","passed","2026-10-04","Transactions Update Swag Monthly Rollover","SWAG Savings","",""
"","156","Get Suggestions - No Auth","Personal Banking APIs - QA Test Suite","2026-10-04","passed","2026-10-04","Get Suggestions","Customer Profile, Accounts & Beneficiaries","",""
"","185","Update Tin - No Auth","Personal Banking APIs - QA Test Suite","2026-10-04","passed","2026-10-04","Update Tin","Customer Profile, Accounts & Beneficiaries","",""
"","162","Verify Reset Token - Invalid Email","Personal Banking APIs - QA Test Suite","2026-10-04","passed","2026-10-04","Verify Reset Token","Login, Credentials, Security & Devices","",""
"","180","Single Fund Request - No Auth","Personal Banking APIs - QA Test Suite","2026-10-04","failed","2026-10-04","Single Fund Request","Wallets, Transfers, Transactions & Fund Requests","",""
"","192","Data - Valid","Personal Banking APIs - QA Test Suite","2026-10-04","failed","2026-10-04","Data","Scheduled Payments","",""
"","191","Update Identity - No Auth","Personal Banking APIs - QA Test Suite","2026-10-04","passed","2026-10-04","Update Identity","KYC, Tier Upgrades & Young Moni","",""
"","188","Activate - Valid","Personal Banking APIs - QA Test Suite","2026-10-04","failed","2026-10-04","Activate","Customer Cards","",""
"","732","Retrieve - No Auth","Personal Banking APIs - QA Test Suite","2026-10-04","passed","2026-10-04","Retrieve","Wallets, Transfers, Transactions & Fund Requests","",""
"","185","Wallet Interest Balance - Invalid ID","Personal Banking APIs - QA Test Suite","2026-10-04","failed","2026-10-04","Wallet Interest Balance","Save & Spend","",""
"","161","Update Daily Transfer Limit - No Auth","Personal Banking APIs - QA Test Suite","2026-10-04","passed","2026-10-04","Update Daily Transfer Limit","Customer Profile, Accounts & Beneficiaries","",""
"","177","Partial - No Auth","Personal Banking APIs - QA Test Suite","2026-10-04","passed","2026-10-04","Partial","Airtime, Data, Bills & VAS Beneficiaries","",""
"","190","Transactions - Valid","Personal Banking APIs - QA Test Suite","2026-10-04","passed","2026-10-04","Transactions","Save & Spend","",""
"","184","Validate Jamb Profile - Valid","Personal Banking APIs - QA Test Suite","2026-10-04","failed","2026-10-04","Validate Jamb Profile","Airtime, Data, Bills & VAS Beneficiaries","",""
"","165","Proposed Contributor - Invalid Amount","Personal Banking APIs - QA Test Suite","2026-10-04","passed","2026-10-04","Proposed Contributor","Rewards, Cash Tokens & Wishlists","",""
"","154","Wallet - No Auth","Personal Banking APIs - QA Test Suite","2026-10-04","passed","2026-10-04","Wallet","Save & Spend","",""
"","175","Update Gender - No Auth","Personal Banking APIs - QA Test Suite","2026-10-04","passed","2026-10-04","Update Gender","Login, Credentials, Security & Devices","",""
"","154","Withdraw - No Auth","Personal Banking APIs - QA Test Suite","2026-10-04","passed","2026-10-04","Withdraw","Rewards, Cash Tokens & Wishlists","",""
"","205","Encrypt Login - Valid","Personal Banking APIs - QA Test Suite","2026-10-04","passed","2026-10-04","Encrypt Login","Login, Credentials, Security & Devices","",""
"","170","Types - Invalid Amount","Personal Banking APIs - QA Test Suite","2026-10-04","failed","2026-10-04","Types","Supalock Savings","",""
"","183","Repayment Plan - Invalid Query","Personal Banking APIs - QA Test Suite","2026-10-04","failed","2026-10-04","Repayment Plan","Kolo Connect Advances","",""
"","183","Wallet - Valid","Personal Banking APIs - QA Test Suite","2026-10-04","failed","2026-10-04","Wallet","Target Savings","",""
"","172","Tier Progress - Valid","Personal Banking APIs - QA Test Suite","2026-10-04","failed","2026-10-04","Tier Progress","Rewards, Cash Tokens & Wishlists","",""
"","181","Types - No Auth","Personal Banking APIs - QA Test Suite","2026-10-04","passed","2026-10-04","Types","Supalock Savings","",""
"","164","Providers - Invalid ID","Personal Banking APIs - QA Test Suite","2026-10-04","passed","2026-10-04","Providers","Insurance","",""
"","203","Encrypt Login - Missing Required Field","Personal Banking APIs - QA Test Suite","2026-10-04","failed","2026-10-04","Encrypt Login","Login, Credentials, Security & Devices","",""
"","186","Admin Coins Rules - Missing Required Field","Personal Banking APIs - QA Test Suite","2026-10-04","failed","2026-10-04","Admin Coins Rules","Rewards, Cash Tokens & Wishlists","",""
"","174","Channel Settings - Invalid ID","Personal Banking APIs - QA Test Suite","2026-10-04","passed","2026-10-04","Channel Settings","Customer Cards","",""
"","189","Retrieve - Nonexistent ID","Personal Banking APIs - QA Test Suite","2026-10-04","failed","2026-10-04","Retrieve","Kolo Connect Advances","",""
"","181","Admin Coins Rules - Missing Required Field","Personal Banking APIs - QA Test Suite","2026-10-04","failed","2026-10-04","Admin Coins Rules","Rewards, Cash Tokens & Wishlists","",""
"","170","Add Item - Invalid Status Or Type","Personal Banking APIs - QA Test Suite","2026-10-04","failed","2026-10-04","Add Item","Rewards, Cash Tokens & Wishlists","",""
"","188","Admin Games Rewards - Valid","Personal Banking APIs - QA Test Suite","2026-10-04","failed","2026-10-04","Admin Games Rewards","Rewards, Cash Tokens & Wishlists","",""
"","182","Update - Nonexistent ID","Personal Banking APIs - QA Test Suite","2026-10-04","failed","2026-10-04","Update","Scheduled Payments","",""
"","160","Redeem Coins - Missing Required Field","Personal Banking APIs - QA Test Suite","2026-10-04","passed","2026-10-04","Redeem Coins","Rewards, Cash Tokens & Wishlists","",""
"","200","Retrieve - Invalid ID","Personal Banking APIs - QA Test Suite","2026-10-04","failed","2026-10-04","Retrieve","Wallets, Transfers, Transactions & Fund Requests","",""
"","174","Retrieve - Invalid Query","Personal Banking APIs - QA Test Suite","2026-10-04","failed","2026-10-04","Retrieve","Rewards, Cash Tokens & Wishlists","",""
"","378","Admin - Valid","Personal Banking APIs - QA Test Suite","2026-10-04","failed","2026-10-04","Admin","KYC, Tier Upgrades & Young Moni","",""
"","171","Purchase Data - Empty Fields","Personal Banking APIs - QA Test Suite","2026-10-04","passed","2026-10-04","Purchase Data","Airtime, Data, Bills & VAS Beneficiaries","",""
"","176","Update Documents - No Auth","Personal Banking APIs - QA Test Suite","2026-10-04","passed","2026-10-04","Update Documents","KYC, Tier Upgrades & Young Moni","",""
"","180","List - No Auth","Personal Banking APIs - QA Test Suite","2026-10-04","passed","2026-10-04","List","Insurance","",""
"","176","Reward With Airtime - Missing Required Field","Personal Banking APIs - QA Test Suite","2026-10-04","failed","2026-10-04","Reward With Airtime","Rewards, Cash Tokens & Wishlists","",""
"","183","Channel Settings - No Auth","Personal Banking APIs - QA Test Suite","2026-10-04","passed","2026-10-04","Channel Settings","Customer Cards","",""
"","184","Admin Coins Redemption Rules - Valid","Personal Banking APIs - QA Test Suite","2026-10-04","failed","2026-10-04","Admin Coins Redemption Rules","Rewards, Cash Tokens & Wishlists","",""
"","193","Young Moni Validate Details Without Identity - Valid","Personal Banking APIs - QA Test Suite","2026-10-04","failed","2026-10-04","Young Moni Validate Details Without Identity","Customer Profile, Accounts & Beneficiaries","",""
"","903","Retrieve - Valid","Personal Banking APIs - QA Test Suite","2026-10-04","failed","2026-10-04","Retrieve","Airtime, Data, Bills & VAS Beneficiaries","",""
"","162","Get Item - No Auth","Personal Banking APIs - QA Test Suite","2026-10-04","failed","2026-10-04","Get Item","Rewards, Cash Tokens & Wishlists","",""
"","164","Set Password & Create Pending User - Missing Required Field","Personal Banking APIs - QA Test Suite","2026-10-04","passed","2026-10-04","Set Password & Create Pending User","Customer Onboarding","",""
"","202","Admin Coins Rules - Valid","Personal Banking APIs - QA Test Suite","2026-10-04","failed","2026-10-04","Admin Coins Rules","Rewards, Cash Tokens & Wishlists","",""
"","183","Transfers Left - No Auth","Personal Banking APIs - QA Test Suite","2026-10-04","passed","2026-10-04","Transfers Left","Wallets, Transfers, Transactions & Fund Requests","",""
"","189","Providers - Invalid Query","Personal Banking APIs - QA Test Suite","2026-10-04","failed","2026-10-04","Providers","Insurance","",""
"","162","Purchase Data - Valid","Personal Banking APIs - QA Test Suite","2026-10-04","failed","2026-10-04","Purchase Data","Airtime, Data, Bills & VAS Beneficiaries","",""
"","199","Transactions Create Plan - Invalid Amount","Personal Banking APIs - QA Test Suite","2026-10-04","passed","2026-10-04","Transactions Create Plan","SWAG Savings","",""
"","190","Partial - Empty Fields","Personal Banking APIs - QA Test Suite","2026-10-04","failed","2026-10-04","Partial","Customer Profile, Accounts & Beneficiaries","",""
"","176","Redeem Insurance - Invalid Status Or Type","Personal Banking APIs - QA Test Suite","2026-10-04","passed","2026-10-04","Redeem Insurance","Insurance","",""
"","160","Recipients - No Auth","Personal Banking APIs - QA Test Suite","2026-10-04","passed","2026-10-04","Recipients","Wallets, Transfers, Transactions & Fund Requests","",""
"","168","Games Spin Wheel - Valid","Personal Banking APIs - QA Test Suite","2026-10-04","failed","2026-10-04","Games Spin Wheel","Rewards, Cash Tokens & Wishlists","",""
"","197","Games Card Match - Valid","Personal Banking APIs - QA Test Suite","2026-10-04","failed","2026-10-04","Games Card Match","Rewards, Cash Tokens & Wishlists","",""
"","173","Unblock - Empty Fields","Personal Banking APIs - QA Test Suite","2026-10-04","failed","2026-10-04","Unblock","Customer Cards","",""
"","172","Create Wishlist With Items - Invalid Amount","Personal Banking APIs - QA Test Suite","2026-10-04","passed","2026-10-04","Create Wishlist With Items","Rewards, Cash Tokens & Wishlists","",""
"","179","Update - Valid","Personal Banking APIs - QA Test Suite","2026-10-04","failed","2026-10-04","Update","Scheduled Payments","",""
"","165","Transactions Create Wallet - Valid","Personal Banking APIs - QA Test Suite","2026-10-04","failed","2026-10-04","Transactions Create Wallet","Save & Spend","",""
"","184","Verify NIN (Choose BVN or NIN) - Empty Fields","Personal Banking APIs - QA Test Suite","2026-10-04","passed","2026-10-04","Verify NIN (Choose BVN or NIN)","Customer Onboarding","",""
"","181","Toolkit Accounts - No Auth","Personal Banking APIs - QA Test Suite","2026-10-04","passed","2026-10-04","Toolkit Accounts","Customer Profile, Accounts & Beneficiaries","",""
"","158","Create Login Pin - Missing Required Field","Personal Banking APIs - QA Test Suite","2026-10-04","failed","2026-10-04","Create Login Pin","Login, Credentials, Security & Devices","",""
"","499","Get Cable Providers - Valid","Personal Banking APIs - QA Test Suite","2026-10-04","passed","2026-10-04","Get Cable Providers","Airtime, Data, Bills & VAS Beneficiaries","",""
"","172","Transactions - No Auth","Personal Banking APIs - QA Test Suite","2026-10-04","passed","2026-10-04","Transactions","Save & Spend","",""
"","185","Young Moni Upload Child Documents - Nonexistent ID","Personal Banking APIs - QA Test Suite","2026-10-04","passed","2026-10-04","Young Moni Upload Child Documents","Customer Profile, Accounts & Beneficiaries","",""
"","164","Withdraw Supalock - Invalid Token Or PIN","Personal Banking APIs - QA Test Suite","2026-10-04","failed","2026-10-04","Withdraw Supalock","Supalock Savings","",""
"","189","Retrieve - Valid","Personal Banking APIs - QA Test Suite","2026-10-04","failed","2026-10-04","Retrieve","Wallets, Transfers, Transactions & Fund Requests","",""
"","323","Admin Games Sessions - Invalid ID","Personal Banking APIs - QA Test Suite","2026-10-04","failed","2026-10-04","Admin Games Sessions","Rewards, Cash Tokens & Wishlists","",""
"","408","Her Wealth Details - Invalid Query","Personal Banking APIs - QA Test Suite","2026-10-04","passed","2026-10-04","Her Wealth Details","Customer Profile, Accounts & Beneficiaries","",""
"","180","Verify Phone OTP - Missing Required Field","Personal Banking APIs - QA Test Suite","2026-10-04","passed","2026-10-04","Verify Phone OTP","Customer Onboarding","",""
"","160","Login - Missing Required Field","Personal Banking APIs - QA Test Suite","2026-10-04","passed","2026-10-04","Login","Login, Credentials, Security & Devices","",""
"","240","Data Plans - Nonexistent ID","Personal Banking APIs - QA Test Suite","2026-10-04","failed","2026-10-04","Data Plans","Airtime, Data, Bills & VAS Beneficiaries","",""
"","190","Block - No Auth","Personal Banking APIs - QA Test Suite","2026-10-04","passed","2026-10-04","Block","Customer Cards","",""
"","158","Intra Name Enquiry By Phone - No Auth","Personal Banking APIs - QA Test Suite","2026-10-04","passed","2026-10-04","Intra Name Enquiry By Phone","Wallets, Transfers, Transactions & Fund Requests","",""
"","188","Young Moni Validate Details Without Identity - Missing Required Field","Personal Banking APIs - QA Test Suite","2026-10-04","failed","2026-10-04","Young Moni Validate Details Without Identity","Customer Profile, Accounts & Beneficiaries","",""
"","188","Proposed Contributor - Empty Fields","Personal Banking APIs - QA Test Suite","2026-10-04","passed","2026-10-04","Proposed Contributor","Rewards, Cash Tokens & Wishlists","",""
"","188","Account Officer - Nonexistent ID","Personal Banking APIs - QA Test Suite","2026-10-04","passed","2026-10-04","Account Officer","Customer Profile, Accounts & Beneficiaries","",""
"","165","Wishlist Config Edit - No Auth","Personal Banking APIs - QA Test Suite","2026-10-04","failed","2026-10-04","Wishlist Config Edit","Rewards, Cash Tokens & Wishlists","",""
"","194","Admin Devices Reactivate - Valid","Personal Banking APIs - QA Test Suite","2026-10-04","failed","2026-10-04","Admin Devices Reactivate","Login, Credentials, Security & Devices","",""
"","173","Get Item - Invalid Query","Personal Banking APIs - QA Test Suite","2026-10-04","failed","2026-10-04","Get Item","Rewards, Cash Tokens & Wishlists","",""
"","159","Item - Invalid Query","Personal Banking APIs - QA Test Suite","2026-10-04","failed","2026-10-04","Item","Rewards, Cash Tokens & Wishlists","",""
"","204","Transactions Withdraw Principal - Missing Required Field","Personal Banking APIs - QA Test Suite","2026-10-04","passed","2026-10-04","Transactions Withdraw Principal","SWAG Savings","",""
"","190","Transaction - Invalid ID","Personal Banking APIs - QA Test Suite","2026-10-04","failed","2026-10-04","Transaction","Airtime, Data, Bills & VAS Beneficiaries","",""
"","165","Admin Admin Submit - No Auth","Personal Banking APIs - QA Test Suite","2026-10-04","passed","2026-10-04","Admin Admin Submit","KYC, Tier Upgrades & Young Moni","",""
"","165","Create Wishlist - Empty Fields","Personal Banking APIs - QA Test Suite","2026-10-04","passed","2026-10-04","Create Wishlist","Rewards, Cash Tokens & Wishlists","",""
"","202","Setup Liveness Image - Valid","Personal Banking APIs - QA Test Suite","2026-10-04","failed","2026-10-04","Setup Liveness Image","Login, Credentials, Security & Devices","",""
"","160","Activate - No Auth","Personal Banking APIs - QA Test Suite","2026-10-04","passed","2026-10-04","Activate","Customer Cards","",""
"","194","Update Request Recipients - Missing Required Field","Personal Banking APIs - QA Test Suite","2026-10-04","failed","2026-10-04","Update Request Recipients","Wallets, Transfers, Transactions & Fund Requests","",""
"","168","Transactions Update Spend Wallet - Invalid Status Or Type","Personal Banking APIs - QA Test Suite","2026-10-04","passed","2026-10-04","Transactions Update Spend Wallet","Save & Spend","",""
"","182","Purchase Waec - Missing Required Field","Personal Banking APIs - QA Test Suite","2026-10-04","passed","2026-10-04","Purchase Waec","Airtime, Data, Bills & VAS Beneficiaries","",""
"","171","Leaderboard - Valid","Personal Banking APIs - QA Test Suite","2026-10-04","passed","2026-10-04","Leaderboard","Customer Profile, Accounts & Beneficiaries","",""
"","158","Request Alias Phone Verification - No Auth","Personal Banking APIs - QA Test Suite","2026-10-04","passed","2026-10-04","Request Alias Phone Verification","Customer Profile, Accounts & Beneficiaries","",""
"","176","Withdraw Cashback - No Auth","Personal Banking APIs - QA Test Suite","2026-10-04","passed","2026-10-04","Withdraw Cashback","Wallets, Transfers, Transactions & Fund Requests","",""
"","157","Transactions Create Wallet - Invalid Token Or PIN","Personal Banking APIs - QA Test Suite","2026-10-04","passed","2026-10-04","Transactions Create Wallet","Target Savings","",""
"","194","Jamb Lookup - Invalid Query","Personal Banking APIs - QA Test Suite","2026-10-04","failed","2026-10-04","Jamb Lookup","Airtime, Data, Bills & VAS Beneficiaries","",""
"","157","High Value Transactions - No Auth","Personal Banking APIs - QA Test Suite","2026-10-04","passed","2026-10-04","High Value Transactions","Wallets, Transfers, Transactions & Fund Requests","",""
"","158","List - No Auth","Personal Banking APIs - QA Test Suite","2026-10-04","passed","2026-10-04","List","Airtime, Data, Bills & VAS Beneficiaries","",""
"","164","Create Supalock - Valid","Personal Banking APIs - QA Test Suite","2026-10-04","failed","2026-10-04","Create Supalock","Supalock Savings","",""
"","164","Channel Settings - Invalid Amount","Personal Banking APIs - QA Test Suite","2026-10-04","failed","2026-10-04","Channel Settings","Customer Cards","",""
"","161","Verify Token - Invalid Status Or Type","Personal Banking APIs - QA Test Suite","2026-10-04","passed","2026-10-04","Verify Token","Login, Credentials, Security & Devices","",""
"","158","Get Cable Plans - No Auth","Personal Banking APIs - QA Test Suite","2026-10-04","passed","2026-10-04","Get Cable Plans","Airtime, Data, Bills & VAS Beneficiaries","",""
"","194","Update Credit Stage - No Auth","Personal Banking APIs - QA Test Suite","2026-10-04","passed","2026-10-04","Update Credit Stage","Wallets, Transfers, Transactions & Fund Requests","",""
"","194","Young Moni Documents - No Auth","Personal Banking APIs - QA Test Suite","2026-10-04","passed","2026-10-04","Young Moni Documents","KYC, Tier Upgrades & Young Moni","",""
"","159","Update Single Transfer Limit - No Auth","Personal Banking APIs - QA Test Suite","2026-10-04","passed","2026-10-04","Update Single Transfer Limit","Customer Profile, Accounts & Beneficiaries","",""
"","158","Create Supalock - No Auth","Personal Banking APIs - QA Test Suite","2026-10-04","passed","2026-10-04","Create Supalock","Supalock Savings","",""
"","184","Partial - Invalid Amount","Personal Banking APIs - QA Test Suite","2026-10-04","failed","2026-10-04","Partial","Customer Profile, Accounts & Beneficiaries","",""
"","186","Update Communication Preference - Missing Required Field","Personal Banking APIs - QA Test Suite","2026-10-04","passed","2026-10-04","Update Communication Preference","Customer Profile, Accounts & Beneficiaries","",""
"","168","Wallet Download Swag Statement - Valid","Personal Banking APIs - QA Test Suite","2026-10-04","failed","2026-10-04","Wallet Download Swag Statement","SWAG Savings","",""
"","184","Transactions Create Plan - Invalid Status Or Type","Personal Banking APIs - QA Test Suite","2026-10-04","passed","2026-10-04","Transactions Create Plan","SWAG Savings","",""
"","163","Transactions Withdraw Interest - No Auth","Personal Banking APIs - QA Test Suite","2026-10-04","failed","2026-10-04","Transactions Withdraw Interest","SWAG Savings","",""
"","165","Jamb Lookup - Valid","Personal Banking APIs - QA Test Suite","2026-10-04","failed","2026-10-04","Jamb Lookup","Airtime, Data, Bills & VAS Beneficiaries","",""
"","183","Approve Bulk Fund Request - Empty Fields","Personal Banking APIs - QA Test Suite","2026-10-04","failed","2026-10-04","Approve Bulk Fund Request","Wallets, Transfers, Transactions & Fund Requests","",""
"","155","Requests Fetch Agents - No Auth","Personal Banking APIs - QA Test Suite","2026-10-04","passed","2026-10-04","Requests Fetch Agents","Customer Cards","",""
"","183","Continue With Email - Empty Fields","Personal Banking APIs - QA Test Suite","2026-10-04","passed","2026-10-04","Continue With Email","Customer Onboarding","",""
"","163","Wishlist Config Edit - Invalid Amount","Personal Banking APIs - QA Test Suite","2026-10-04","failed","2026-10-04","Wishlist Config Edit","Rewards, Cash Tokens & Wishlists","",""
"","205","Check Email / Phone Availability - Missing Required Field","Personal Banking APIs - QA Test Suite","2026-10-04","failed","2026-10-04","Check Email / Phone Availability","Customer Onboarding","",""
"","214","Purchase Airtime - Valid","Personal Banking APIs - QA Test Suite","2026-10-04","failed","2026-10-04","Purchase Airtime","Airtime, Data, Bills & VAS Beneficiaries","",""
"","185","Validate Face Match - Empty Fields","Personal Banking APIs - QA Test Suite","2026-10-04","passed","2026-10-04","Validate Face Match","Login, Credentials, Security & Devices","",""
"","187","Transactions - Nonexistent ID","Personal Banking APIs - QA Test Suite","2026-10-04","failed","2026-10-04","Transactions","SWAG Savings","",""
"","192","Retrieve - Valid","Personal Banking APIs - QA Test Suite","2026-10-04","failed","2026-10-04","Retrieve","Airtime, Data, Bills & VAS Beneficiaries","",""
"","162","Verify Token - Valid","Personal Banking APIs - QA Test Suite","2026-10-04","failed","2026-10-04","Verify Token","Login, Credentials, Security & Devices","",""
"","176","Get Suggestions - Invalid Query","Personal Banking APIs - QA Test Suite","2026-10-04","failed","2026-10-04","Get Suggestions","Customer Profile, Accounts & Beneficiaries","",""
"","175","Transactions Create Wallet Product Specific - Missing Required Field","Personal Banking APIs - QA Test Suite","2026-10-04","passed","2026-10-04","Transactions Create Wallet Product Specific","Target Savings","",""
"","179","Account Officer - Invalid Query","Personal Banking APIs - QA Test Suite","2026-10-04","failed","2026-10-04","Account Officer","Customer Profile, Accounts & Beneficiaries","",""
"","204","Approve Single Bulk Recipient - Empty Fields","Personal Banking APIs - QA Test Suite","2026-10-04","failed","2026-10-04","Approve Single Bulk Recipient","Wallets, Transfers, Transactions & Fund Requests","",""
"","158","List Documents - No Auth","Personal Banking APIs - QA Test Suite","2026-10-04","passed","2026-10-04","List Documents","KYC, Tier Upgrades & Young Moni","",""
"","195","Validate Meter - Invalid Status Or Type","Personal Banking APIs - QA Test Suite","2026-10-04","failed","2026-10-04","Validate Meter","Airtime, Data, Bills & VAS Beneficiaries","",""
"","166","Transactions Evaluate Target - Invalid Amount","Personal Banking APIs - QA Test Suite","2026-10-04","passed","2026-10-04","Transactions Evaluate Target","Target Savings","",""
"","165","Purchase Airtime - Invalid Amount","Personal Banking APIs - QA Test Suite","2026-10-04","passed","2026-10-04","Purchase Airtime","Airtime, Data, Bills & VAS Beneficiaries","",""
"","175","Games Check Eligibility - Valid","Personal Banking APIs - QA Test Suite","2026-10-04","failed","2026-10-04","Games Check Eligibility","Rewards, Cash Tokens & Wishlists","",""
"","380","Her Wealth Details - Valid","Personal Banking APIs - QA Test Suite","2026-10-04","failed","2026-10-04","Her Wealth Details","Customer Profile, Accounts & Beneficiaries","",""
"","193","Retrieve - Invalid Query","Personal Banking APIs - QA Test Suite","2026-10-04","failed","2026-10-04","Retrieve","Customer Profile, Accounts & Beneficiaries","",""
"","190","Approve Single Bulk Recipient - Invalid Token Or PIN","Personal Banking APIs - QA Test Suite","2026-10-04","failed","2026-10-04","Approve Single Bulk Recipient","Wallets, Transfers, Transactions & Fund Requests","",""
"","169","Request Account Reactivation - Empty Fields","Personal Banking APIs - QA Test Suite","2026-10-04","passed","2026-10-04","Request Account Reactivation","KYC, Tier Upgrades & Young Moni","",""
"","195","Repay - Invalid ID","Personal Banking APIs - QA Test Suite","2026-10-04","failed","2026-10-04","Repay","Kolo Connect Advances","",""
"","177","Requests Request Card - Valid","Personal Banking APIs - QA Test Suite","2026-10-04","failed","2026-10-04","Requests Request Card","Customer Cards","",""
"","172","Games Get Rewards - No Auth","Personal Banking APIs - QA Test Suite","2026-10-04","passed","2026-10-04","Games Get Rewards","Rewards, Cash Tokens & Wishlists","",""
"","197","Upload Bulk Fund Request - Invalid Status Or Type","Personal Banking APIs - QA Test Suite","2026-10-04","passed","2026-10-04","Upload Bulk Fund Request","Wallets, Transfers, Transactions & Fund Requests","",""
"","166","Renew Insurance - No Auth","Personal Banking APIs - QA Test Suite","2026-10-04","passed","2026-10-04","Renew Insurance","Insurance","",""
"","202","Account Officer - Invalid ID","Personal Banking APIs - QA Test Suite","2026-10-04","passed","2026-10-04","Account Officer","Customer Profile, Accounts & Beneficiaries","",""
"","434","Her Wealth Details - Invalid ID","Personal Banking APIs - QA Test Suite","2026-10-04","passed","2026-10-04","Her Wealth Details","Customer Profile, Accounts & Beneficiaries","",""
"","166","Account Officer Change Request - No Auth","Personal Banking APIs - QA Test Suite","2026-10-04","passed","2026-10-04","Account Officer Change Request","Customer Profile, Accounts & Beneficiaries","",""
"","192","Withdraw Supalock - Nonexistent ID","Personal Banking APIs - QA Test Suite","2026-10-04","failed","2026-10-04","Withdraw Supalock","Supalock Savings","",""
"","181","Electricity - Invalid Status Or Type","Personal Banking APIs - QA Test Suite","2026-10-04","passed","2026-10-04","Electricity","Scheduled Payments","",""
"","312","Admin - No Auth","Personal Banking APIs - QA Test Suite","2026-10-04","passed","2026-10-04","Admin","KYC, Tier Upgrades & Young Moni","",""
"","172","Partial - Missing Required Field","Personal Banking APIs - QA Test Suite","2026-10-04","failed","2026-10-04","Partial","Airtime, Data, Bills & VAS Beneficiaries","",""
"","165","Payment Merchant - Nonexistent ID","Personal Banking APIs - QA Test Suite","2026-10-04","passed","2026-10-04","Payment Merchant","Customer Cards","",""
"","174","Request Phone Verification - Empty Fields","Personal Banking APIs - QA Test Suite","2026-10-04","failed","2026-10-04","Request Phone Verification","Login, Credentials, Security & Devices","",""
"","179","Document Delete - Valid","Personal Banking APIs - QA Test Suite","2026-10-04","failed","2026-10-04","Document Delete","KYC, Tier Upgrades & Young Moni","",""
"","190","Partial - Nonexistent ID","Personal Banking APIs - QA Test Suite","2026-10-04","failed","2026-10-04","Partial","Customer Profile, Accounts & Beneficiaries","",""
"","201","List - Valid","Personal Banking APIs - QA Test Suite","2026-10-04","passed","2026-10-04","List","Insurance","",""
"","185","Account Officer View Rating - No Auth","Personal Banking APIs - QA Test Suite","2026-10-04","passed","2026-10-04","Account Officer View Rating","Customer Profile, Accounts & Beneficiaries","",""
"","221","Document Update Status - Nonexistent ID","Personal Banking APIs - QA Test Suite","2026-10-04","failed","2026-10-04","Document Update Status","KYC, Tier Upgrades & Young Moni","",""
"","198","Purchase Jamb - Empty Fields","Personal Banking APIs - QA Test Suite","2026-10-04","passed","2026-10-04","Purchase Jamb","Airtime, Data, Bills & VAS Beneficiaries","",""
"","188","Get Item Edit - Valid","Personal Banking APIs - QA Test Suite","2026-10-04","failed","2026-10-04","Get Item Edit","Rewards, Cash Tokens & Wishlists","",""
"","157","Wishlist Config Edit - Empty Fields","Personal Banking APIs - QA Test Suite","2026-10-04","failed","2026-10-04","Wishlist Config Edit","Rewards, Cash Tokens & Wishlists","",""
"","174","Admin Admin Tier Zero Upgrade - No Auth","Personal Banking APIs - QA Test Suite","2026-10-04","passed","2026-10-04","Admin Admin Tier Zero Upgrade","KYC, Tier Upgrades & Young Moni","",""
"","185","Dismiss Action - Missing Required Field","Personal Banking APIs - QA Test Suite","2026-10-04","failed","2026-10-04","Dismiss Action","KYC, Tier Upgrades & Young Moni","",""
"","312","Admin Games Sessions - No Auth","Personal Banking APIs - QA Test Suite","2026-10-04","passed","2026-10-04","Admin Games Sessions","Rewards, Cash Tokens & Wishlists","",""
"","190","Fee Settings - Valid","Personal Banking APIs - QA Test Suite","2026-10-04","passed","2026-10-04","Fee Settings","Customer Cards","",""
"","187","Young Moni Requests - Invalid Query","Personal Banking APIs - QA Test Suite","2026-10-04","failed","2026-10-04","Young Moni Requests","KYC, Tier Upgrades & Young Moni","",""
"","157","Admin Devices Deactivate - No Auth","Personal Banking APIs - QA Test Suite","2026-10-04","failed","2026-10-04","Admin Devices Deactivate","Login, Credentials, Security & Devices","",""
"","194","Partial - Nonexistent ID","Personal Banking APIs - QA Test Suite","2026-10-04","passed","2026-10-04","Partial","Airtime, Data, Bills & VAS Beneficiaries","",""
"","199","Account Officer Rate Officer - Empty Fields","Personal Banking APIs - QA Test Suite","2026-10-04","failed","2026-10-04","Account Officer Rate Officer","Customer Profile, Accounts & Beneficiaries","",""
"","174","Get Item Edit - Invalid Status Or Type","Personal Banking APIs - QA Test Suite","2026-10-04","failed","2026-10-04","Get Item Edit","Rewards, Cash Tokens & Wishlists","",""
"","188","Admin Coins Rules - No Auth","Personal Banking APIs - QA Test Suite","2026-10-04","passed","2026-10-04","Admin Coins Rules","Rewards, Cash Tokens & Wishlists","",""
"","197","Types Get Supa Lock Special Interest - Valid","Personal Banking APIs - QA Test Suite","2026-10-04","failed","2026-10-04","Types Get Supa Lock Special Interest","Supalock Savings","",""
"","164","Purchase Airtime - Empty Fields","Personal Banking APIs - QA Test Suite","2026-10-04","passed","2026-10-04","Purchase Airtime","Airtime, Data, Bills & VAS Beneficiaries","",""
"","162","Transactions Create Wallet - Empty Fields","Personal Banking APIs - QA Test Suite","2026-10-04","passed","2026-10-04","Transactions Create Wallet","Save & Spend","",""
"","178","Approve Single Fund Request - Empty Fields","Personal Banking APIs - QA Test Suite","2026-10-04","failed","2026-10-04","Approve Single Fund Request","Wallets, Transfers, Transactions & Fund Requests","",""
"","169","Verify Email OTP - Missing Required Field","Personal Banking APIs - QA Test Suite","2026-10-04","passed","2026-10-04","Verify Email OTP","Customer Onboarding","",""
"","180","Reset Transaction Pin - Invalid Token Or PIN","Personal Banking APIs - QA Test Suite","2026-10-04","passed","2026-10-04","Reset Transaction Pin","Login, Credentials, Security & Devices","",""
"","878","Wallet Total Balance - Invalid Query","Personal Banking APIs - QA Test Suite","2026-10-04","failed","2026-10-04","Wallet Total Balance","Target Savings","",""
"","182","Retry Payment Schedule - Valid","Personal Banking APIs - QA Test Suite","2026-10-04","failed","2026-10-04","Retry Payment Schedule","Scheduled Payments","",""
"","184","Payment Merchant - Invalid Query","Personal Banking APIs - QA Test Suite","2026-10-04","failed","2026-10-04","Payment Merchant","Customer Cards","",""
"","166","Redeem Coins - Empty Fields","Personal Banking APIs - QA Test Suite","2026-10-04","passed","2026-10-04","Redeem Coins","Rewards, Cash Tokens & Wishlists","",""
"","185","Set Password & Create Pending User - Valid","Personal Banking APIs - QA Test Suite","2026-10-04","failed","2026-10-04","Set Password & Create Pending User","Customer Onboarding","",""
"","217","Retrieve - Invalid ID","Personal Banking APIs - QA Test Suite","2026-10-04","passed","2026-10-04","Retrieve","Airtime, Data, Bills & VAS Beneficiaries","",""
"","168","Young Moni Upload Guardian Documents - Nonexistent ID","Personal Banking APIs - QA Test Suite","2026-10-04","passed","2026-10-04","Young Moni Upload Guardian Documents","Customer Profile, Accounts & Beneficiaries","",""
"","160","Young Moni Upload Guardian Documents - Valid","Personal Banking APIs - QA Test Suite","2026-10-04","failed","2026-10-04","Young Moni Upload Guardian Documents","Customer Profile, Accounts & Beneficiaries","",""
"","201","Create Her Wealth - Valid","Personal Banking APIs - QA Test Suite","2026-10-04","failed","2026-10-04","Create Her Wealth","Customer Profile, Accounts & Beneficiaries","",""
"","157","Toolkit Accounts - No Auth","Personal Banking APIs - QA Test Suite","2026-10-04","passed","2026-10-04","Toolkit Accounts","Customer Profile, Accounts & Beneficiaries","",""
"","174","Topup Supalock - Missing Required Field","Personal Banking APIs - QA Test Suite","2026-10-04","failed","2026-10-04","Topup Supalock","Supalock Savings","",""
"","209","Providers - No Auth","Personal Banking APIs - QA Test Suite","2026-10-04","passed","2026-10-04","Providers","Insurance","",""
"","165","Retrieve - Invalid Query","Personal Banking APIs - QA Test Suite","2026-10-04","failed","2026-10-04","Retrieve","Scheduled Payments","",""
"","435","Retrieve - Valid","Personal Banking APIs - QA Test Suite","2026-10-04","passed","2026-10-04","Retrieve","Customer Profile, Accounts & Beneficiaries","",""
"","341","Admin Games - Valid","Personal Banking APIs - QA Test Suite","2026-10-04","failed","2026-10-04","Admin Games","Rewards, Cash Tokens & Wishlists","",""
"","200","Update Credit Stage - Valid","Personal Banking APIs - QA Test Suite","2026-10-04","failed","2026-10-04","Update Credit Stage","Wallets, Transfers, Transactions & Fund Requests","",""
"","419","Admin List Documents - Valid","Personal Banking APIs - QA Test Suite","2026-10-04","failed","2026-10-04","Admin List Documents","KYC, Tier Upgrades & Young Moni","",""
"","162","Info - No Auth","Personal Banking APIs - QA Test Suite","2026-10-04","passed","2026-10-04","Info","Customer Profile, Accounts & Beneficiaries","",""
"","157","Wallet - No Auth","Personal Banking APIs - QA Test Suite","2026-10-04","passed","2026-10-04","Wallet","Target Savings","",""
"","184","Young Moni Upload Child Documents - Valid","Personal Banking APIs - QA Test Suite","2026-10-04","failed","2026-10-04","Young Moni Upload Child Documents","Customer Profile, Accounts & Beneficiaries","",""
"","158","Get Item Edit - Nonexistent ID","Personal Banking APIs - QA Test Suite","2026-10-04","failed","2026-10-04","Get Item Edit","Rewards, Cash Tokens & Wishlists","",""
"","170","Wallet - Valid","Personal Banking APIs - QA Test Suite","2026-10-04","failed","2026-10-04","Wallet","SWAG Savings","",""
"","181","Fund Betting Wallet - Missing Required Field","Personal Banking APIs - QA Test Suite","2026-10-04","passed","2026-10-04","Fund Betting Wallet","Airtime, Data, Bills & VAS Beneficiaries","",""
"","159","Transactions Deposit - Invalid Amount","Personal Banking APIs - QA Test Suite","2026-10-04","passed","2026-10-04","Transactions Deposit","SWAG Savings","",""
"","194","Login With Pin - Missing Required Field","Personal Banking APIs - QA Test Suite","2026-10-04","passed","2026-10-04","Login With Pin","Login, Credentials, Security & Devices","",""
"","187","Add Account Alias - No Auth","Personal Banking APIs - QA Test Suite","2026-10-04","passed","2026-10-04","Add Account Alias","Customer Profile, Accounts & Beneficiaries","",""
"","163","Purchase Cable - Missing Required Field","Personal Banking APIs - QA Test Suite","2026-10-04","passed","2026-10-04","Purchase Cable","Airtime, Data, Bills & VAS Beneficiaries","",""
"","183","Repay - Invalid Amount","Personal Banking APIs - QA Test Suite","2026-10-04","failed","2026-10-04","Repay","Kolo Connect Advances","",""
"","188","Update Identity - Valid","Personal Banking APIs - QA Test Suite","2026-10-04","failed","2026-10-04","Update Identity","KYC, Tier Upgrades & Young Moni","",""
"","155","Initiate Reset Card Pin - No Auth","Personal Banking APIs - QA Test Suite","2026-10-04","passed","2026-10-04","Initiate Reset Card Pin","Customer Cards","",""
"","190","Validate Meter - Valid","Personal Banking APIs - QA Test Suite","2026-10-04","failed","2026-10-04","Validate Meter","Airtime, Data, Bills & VAS Beneficiaries","",""
"","258","Add Account Alias - Empty Fields","Personal Banking APIs - QA Test Suite","2026-10-04","passed","2026-10-04","Add Account Alias","Customer Profile, Accounts & Beneficiaries","",""
"","207","Validate Betting Id - Invalid Status Or Type","Personal Banking APIs - QA Test Suite","2026-10-04","passed","2026-10-04","Validate Betting Id","Airtime, Data, Bills & VAS Beneficiaries","",""
"","179","Customer Submit - Valid","Personal Banking APIs - QA Test Suite","2026-10-04","failed","2026-10-04","Customer Submit","KYC, Tier Upgrades & Young Moni","",""
"","167","Create - Empty Fields","Personal Banking APIs - QA Test Suite","2026-10-04","failed","2026-10-04","Create","Airtime, Data, Bills & VAS Beneficiaries","",""
"","169","Admin Coins Rules - Invalid Amount","Personal Banking APIs - QA Test Suite","2026-10-04","failed","2026-10-04","Admin Coins Rules","Rewards, Cash Tokens & Wishlists","",""
"","196","Partial - Valid","Personal Banking APIs - QA Test Suite","2026-10-04","failed","2026-10-04","Partial","Customer Profile, Accounts & Beneficiaries","",""
"","197","Update Tin - Valid","Personal Banking APIs - QA Test Suite","2026-10-04","passed","2026-10-04","Update Tin","Customer Profile, Accounts & Beneficiaries","",""
"","161","Transactions Update Spend Wallet - No Auth","Personal Banking APIs - QA Test Suite","2026-10-04","passed","2026-10-04","Transactions Update Spend Wallet","Save & Spend","",""
"","154","Retrieve - No Auth","Personal Banking APIs - QA Test Suite","2026-10-04","passed","2026-10-04","Retrieve","Kolo Connect Advances","",""
"","179","Reject Bulk Fund Request - Invalid Token Or PIN","Personal Banking APIs - QA Test Suite","2026-10-04","failed","2026-10-04","Reject Bulk Fund Request","Wallets, Transfers, Transactions & Fund Requests","",""
"","160","Her Wealth Details - No Auth","Personal Banking APIs - QA Test Suite","2026-10-04","passed","2026-10-04","Her Wealth Details","Customer Profile, Accounts & Beneficiaries","",""
"","323","Admin Coins Transactions - No Auth","Personal Banking APIs - QA Test Suite","2026-10-04","passed","2026-10-04","Admin Coins Transactions","Rewards, Cash Tokens & Wishlists","",""
"","193","Retrieve - Invalid ID","Personal Banking APIs - QA Test Suite","2026-10-04","failed","2026-10-04","Retrieve","Airtime, Data, Bills & VAS Beneficiaries","",""
"","213","Verify Phone Number - Valid","Personal Banking APIs - QA Test Suite","2026-10-04","failed","2026-10-04","Verify Phone Number","Login, Credentials, Security & Devices","",""
"","167","Retrieve - Invalid Query","Personal Banking APIs - QA Test Suite","2026-10-04","failed","2026-10-04","Retrieve","Wallets, Transfers, Transactions & Fund Requests","",""
"","328","Admin Coins Rules - Valid","Personal Banking APIs - QA Test Suite","2026-10-04","failed","2026-10-04","Admin Coins Rules","Rewards, Cash Tokens & Wishlists","",""
"","167","Transactions Evaluate Break - No Auth","Personal Banking APIs - QA Test Suite","2026-10-04","passed","2026-10-04","Transactions Evaluate Break","Target Savings","",""
"","162","Validate Jamb Profile - No Auth","Personal Banking APIs - QA Test Suite","2026-10-04","passed","2026-10-04","Validate Jamb Profile","Airtime, Data, Bills & VAS Beneficiaries","",""
"","317","Admin Coins Redemption Rules - No Auth","Personal Banking APIs - QA Test Suite","2026-10-04","passed","2026-10-04","Admin Coins Redemption Rules","Rewards, Cash Tokens & Wishlists","",""
"","322","Admin Games Rewards - Invalid ID","Personal Banking APIs - QA Test Suite","2026-10-04","failed","2026-10-04","Admin Games Rewards","Rewards, Cash Tokens & Wishlists","",""
"","172","Transactions - Invalid Query","Personal Banking APIs - QA Test Suite","2026-10-04","failed","2026-10-04","Transactions","Save & Spend","",""
"","167","Upload Documents - Missing Required Field","Personal Banking APIs - QA Test Suite","2026-10-04","passed","2026-10-04","Upload Documents","KYC, Tier Upgrades & Young Moni","",""
"","185","Total Supalock Amount - No Auth","Personal Banking APIs - QA Test Suite","2026-10-04","passed","2026-10-04","Total Supalock Amount","Supalock Savings","",""
"","171","Update Gender - Valid","Personal Banking APIs - QA Test Suite","2026-10-04","failed","2026-10-04","Update Gender","Login, Credentials, Security & Devices","",""
"","185","Channel Settings - Missing Required Field","Personal Banking APIs - QA Test Suite","2026-10-04","failed","2026-10-04","Channel Settings","Customer Cards","",""
"","291","Wallet - Invalid Query","Personal Banking APIs - QA Test Suite","2026-10-04","failed","2026-10-04","Wallet","Save & Spend","",""
"","186","Unblock - Invalid ID","Personal Banking APIs - QA Test Suite","2026-10-04","passed","2026-10-04","Unblock","Customer Cards","",""
"","241","Admin Update Documents - Valid","Personal Banking APIs - QA Test Suite","2026-10-04","failed","2026-10-04","Admin Update Documents","KYC, Tier Upgrades & Young Moni","",""
"","299","Admin Coins Rules Stats - No Auth","Personal Banking APIs - QA Test Suite","2026-10-04","passed","2026-10-04","Admin Coins Rules Stats","Rewards, Cash Tokens & Wishlists","",""
"","175","Account Officer Request Change - Missing Required Field","Personal Banking APIs - QA Test Suite","2026-10-04","passed","2026-10-04","Account Officer Request Change","Customer Profile, Accounts & Beneficiaries","",""
"","166","Young Moni Initiate Account Without Identity - Valid","Personal Banking APIs - QA Test Suite","2026-10-04","failed","2026-10-04","Young Moni Initiate Account Without Identity","Customer Profile, Accounts & Beneficiaries","",""
"","160","Purchase Cable - Empty Fields","Personal Banking APIs - QA Test Suite","2026-10-04","passed","2026-10-04","Purchase Cable","Airtime, Data, Bills & VAS Beneficiaries","",""
"","159","Admin Complete Upgrade Request - No Auth","Personal Banking APIs - QA Test Suite","2026-10-04","passed","2026-10-04","Admin Complete Upgrade Request","KYC, Tier Upgrades & Young Moni","",""
"","188","Inter Name Enquiry - Empty Fields","Personal Banking APIs - QA Test Suite","2026-10-04","passed","2026-10-04","Inter Name Enquiry","Wallets, Transfers, Transactions & Fund Requests","",""
"","178","Retrieve - Invalid Query","Personal Banking APIs - QA Test Suite","2026-10-04","failed","2026-10-04","Retrieve","KYC, Tier Upgrades & Young Moni","",""
"","159","Transactions Update Spend Wallet - Valid","Personal Banking APIs - QA Test Suite","2026-10-04","failed","2026-10-04","Transactions Update Spend Wallet","Save & Spend","",""
"","202","Document Delete - Invalid Token Or PIN","Personal Banking APIs - QA Test Suite","2026-10-04","failed","2026-10-04","Document Delete","KYC, Tier Upgrades & Young Moni","",""
"","188","Approve Single Fund Request - Invalid Token Or PIN","Personal Banking APIs - QA Test Suite","2026-10-04","failed","2026-10-04","Approve Single Fund Request","Wallets, Transfers, Transactions & Fund Requests","",""
"","254","Young Moni - Valid","Personal Banking APIs - QA Test Suite","2026-10-04","passed","2026-10-04","Young Moni","Customer Profile, Accounts & Beneficiaries","",""
"","173","Tier Two Upgrade - Valid","Personal Banking APIs - QA Test Suite","2026-10-04","failed","2026-10-04","Tier Two Upgrade","KYC, Tier Upgrades & Young Moni","",""
"","204","Download Statement - Empty Fields","Personal Banking APIs - QA Test Suite","2026-10-04","failed","2026-10-04","Download Statement","Wallets, Transfers, Transactions & Fund Requests","",""
"","162","Admin Update Documents - No Auth","Personal Banking APIs - QA Test Suite","2026-10-04","passed","2026-10-04","Admin Update Documents","KYC, Tier Upgrades & Young Moni","",""
"","157","Requests - No Auth","Personal Banking APIs - QA Test Suite","2026-10-04","passed","2026-10-04","Requests","Customer Cards","",""
"","181","Transactions Create Plan - Invalid Token Or PIN","Personal Banking APIs - QA Test Suite","2026-10-04","passed","2026-10-04","Transactions Create Plan","SWAG Savings","",""
"","159","Retrieve - No Auth","Personal Banking APIs - QA Test Suite","2026-10-04","passed","2026-10-04","Retrieve","Airtime, Data, Bills & VAS Beneficiaries","",""
"","172","Notify Of Missed Inward - No Auth","Personal Banking APIs - QA Test Suite","2026-10-04","passed","2026-10-04","Notify Of Missed Inward","Wallets, Transfers, Transactions & Fund Requests","",""
"","210","Admin Coins Rules - Valid","Personal Banking APIs - QA Test Suite","2026-10-04","failed","2026-10-04","Admin Coins Rules","Rewards, Cash Tokens & Wishlists","",""
"","178","Create Password - Invalid Token Or PIN","Personal Banking APIs - QA Test Suite","2026-10-04","passed","2026-10-04","Create Password","Login, Credentials, Security & Devices","",""
"","165","Young Moni Documents - Nonexistent ID","Personal Banking APIs - QA Test Suite","2026-10-04","failed","2026-10-04","Young Moni Documents","KYC, Tier Upgrades & Young Moni","",""
"","161","Games Get Rewards - Valid","Personal Banking APIs - QA Test Suite","2026-10-04","failed","2026-10-04","Games Get Rewards","Rewards, Cash Tokens & Wishlists","",""
"","183","Verify Phone Number - No Auth","Personal Banking APIs - QA Test Suite","2026-10-04","passed","2026-10-04","Verify Phone Number","Login, Credentials, Security & Devices","",""
"","170","Create - Invalid Amount","Personal Banking APIs - QA Test Suite","2026-10-04","passed","2026-10-04","Create","Wallets, Transfers, Transactions & Fund Requests","",""
"","165","Wallet Interest Balance - Valid","Personal Banking APIs - QA Test Suite","2026-10-04","failed","2026-10-04","Wallet Interest Balance","Save & Spend","",""
"","307","Admin Games - Invalid ID","Personal Banking APIs - QA Test Suite","2026-10-04","failed","2026-10-04","Admin Games","Rewards, Cash Tokens & Wishlists","",""
"","179","Initiate Email Update - Missing Required Field","Personal Banking APIs - QA Test Suite","2026-10-04","passed","2026-10-04","Initiate Email Update","KYC, Tier Upgrades & Young Moni","",""
"","185","Create Sub Account - Missing Required Field","Personal Banking APIs - QA Test Suite","2026-10-04","passed","2026-10-04","Create Sub Account","Customer Profile, Accounts & Beneficiaries","",""
"","194","Deals Active - Valid","Personal Banking APIs - QA Test Suite","2026-10-04","failed","2026-10-04","Deals Active","Rewards, Cash Tokens & Wishlists","",""
"","204","Redeem Insurance - No Auth","Personal Banking APIs - QA Test Suite","2026-10-04","passed","2026-10-04","Redeem Insurance","Insurance","",""
"","260","Reset Transaction Pin - Missing Required Field","Personal Banking APIs - QA Test Suite","2026-10-04","passed","2026-10-04","Reset Transaction Pin","Login, Credentials, Security & Devices","",""
