"DESCRIPTION","DURATION IN MS","NAME","PARENT SUITE","START TIME","STATUS","STOP TIME","SUB SUITE","SUITE","TEST CLASS","TEST METHOD"
"","128","Partial - No Auth","Personal Banking APIs - QA Test Suite","2026-09-27","passed","2026-09-27","Partial","Airtime, Data, Bills & VAS Beneficiaries","",""
"","131","Admin Admin Tier One Upgrade - Valid","Personal Banking APIs - QA Test Suite","2026-09-27","failed","2026-09-27","Admin Admin Tier One Upgrade","KYC, Tier Upgrades & Young Moni","",""
"","127","List - No Auth","Personal Banking APIs - QA Test Suite","2026-09-27","passed","2026-09-27","List","KYC, Tier Upgrades & Young Moni","",""
"","132","Admin Coins Redemption Rules - Valid","Personal Banking APIs - QA Test Suite","2026-09-27","failed","2026-09-27","Admin Coins Redemption Rules","Rewards, Cash Tokens & Wishlists","",""
"","132","Admin Coins Rules - Invalid Status Or Type","Personal Banking APIs - QA Test Suite","2026-09-27","failed","2026-09-27","Admin Coins Rules","Rewards, Cash Tokens & Wishlists","",""
"","125","Intra Account Transfer - Invalid Amount","Personal Banking APIs - QA Test Suite","2026-09-27","passed","2026-09-27","Intra Account Transfer","Wallets, Transfers, Transactions & Fund Requests","",""
"","131","Set Password & Create Pending User - Valid","Personal Banking APIs - QA Test Suite","2026-09-27","failed","2026-09-27","Set Password & Create Pending User","Customer Onboarding","",""
"","128","Purchase Jamb - Empty Fields","Personal Banking APIs - QA Test Suite","2026-09-27","passed","2026-09-27","Purchase Jamb","Airtime, Data, Bills & VAS Beneficiaries","",""
"","127","Create Transaction Pin - Invalid Token Or PIN","Personal Banking APIs - QA Test Suite","2026-09-27","failed","2026-09-27","Create Transaction Pin","Login, Credentials, Security & Devices","",""
"","138","Unblock - Invalid Token Or PIN","Personal Banking APIs - QA Test Suite","2026-09-27","failed","2026-09-27","Unblock","Customer Cards","",""
"","144","Games Check Eligibility - Valid","Personal Banking APIs - QA Test Suite","2026-09-27","failed","2026-09-27","Games Check Eligibility","Rewards, Cash Tokens & Wishlists","",""
"","126","Young Moni Initiate Account Request - No Auth","Personal Banking APIs - QA Test Suite","2026-09-27","passed","2026-09-27","Young Moni Initiate Account Request","Customer Profile, Accounts & Beneficiaries","",""
"","131","Wallet Interest Balance - Invalid Query","Personal Banking APIs - QA Test Suite","2026-09-27","failed","2026-09-27","Wallet Interest Balance","Save & Spend","",""
"","136","Electricity - Invalid Amount","Personal Banking APIs - QA Test Suite","2026-09-27","passed","2026-09-27","Electricity","Scheduled Payments","",""
"","156","Transactions - Valid","Personal Banking APIs - QA Test Suite","2026-09-27","failed","2026-09-27","Transactions","Save & Spend","",""
"","144","Partial - Invalid ID","Personal Banking APIs - QA Test Suite","2026-09-27","failed","2026-09-27","Partial","Wallets, Transfers, Transactions & Fund Requests","",""
"","128","Transactions Create Wallet - No Auth","Personal Banking APIs - QA Test Suite","2026-09-27","failed","2026-09-27","Transactions Create Wallet","Target Savings","",""
"","128","Transactions Create Wallet Product Specific - Invalid Amount","Personal Banking APIs - QA Test Suite","2026-09-27","passed","2026-09-27","Transactions Create Wallet Product Specific","Target Savings","",""
"","132","Withdraw Supalock - Invalid Token Or PIN","Personal Banking APIs - QA Test Suite","2026-09-27","failed","2026-09-27","Withdraw Supalock","Supalock Savings","",""
"","150","Partial - Valid","Personal Banking APIs - QA Test Suite","2026-09-27","passed","2026-09-27","Partial","Airtime, Data, Bills & VAS Beneficiaries","",""
"","240","Details - Valid","Personal Banking APIs - QA Test Suite","2026-09-27","passed","2026-09-27","Details","Customer Profile, Accounts & Beneficiaries","",""
"","128","Transactions Create Plan - Empty Fields","Personal Banking APIs - QA Test Suite","2026-09-27","passed","2026-09-27","Transactions Create Plan","SWAG Savings","",""
"","133","Admin Coins Redemption Rules - Nonexistent ID","Personal Banking APIs - QA Test Suite","2026-09-27","failed","2026-09-27","Admin Coins Redemption Rules","Rewards, Cash Tokens & Wishlists","",""
"","132","Waec Lookup - Invalid Query","Personal Banking APIs - QA Test Suite","2026-09-27","failed","2026-09-27","Waec Lookup","Airtime, Data, Bills & VAS Beneficiaries","",""
"","124","List - No Auth","Personal Banking APIs - QA Test Suite","2026-09-27","passed","2026-09-27","List","Supalock Savings","",""
"","131","Daily Income Summary - No Auth","Personal Banking APIs - QA Test Suite","2026-09-27","passed","2026-09-27","Daily Income Summary","Wallets, Transfers, Transactions & Fund Requests","",""
"","142","Reject Bulk Fund Request - Missing Required Field","Personal Banking APIs - QA Test Suite","2026-09-27","failed","2026-09-27","Reject Bulk Fund Request","Wallets, Transfers, Transactions & Fund Requests","",""
"","125","Tier Zero Upgrade - No Auth","Personal Banking APIs - QA Test Suite","2026-09-27","passed","2026-09-27","Tier Zero Upgrade","KYC, Tier Upgrades & Young Moni","",""
"","131","Young Moni Initiate Account Without Identity - Empty Fields","Personal Banking APIs - QA Test Suite","2026-09-27","failed","2026-09-27","Young Moni Initiate Account Without Identity","Customer Profile, Accounts & Beneficiaries","",""
"","133","Electricity - Invalid Status Or Type","Personal Banking APIs - QA Test Suite","2026-09-27","passed","2026-09-27","Electricity","Scheduled Payments","",""
"","126","Get Item Edit - Empty Fields","Personal Banking APIs - QA Test Suite","2026-09-27","failed","2026-09-27","Get Item Edit","Rewards, Cash Tokens & Wishlists","",""
"","133","Admin Admin Upgrade To Merchant - Empty Fields","Personal Banking APIs - QA Test Suite","2026-09-27","failed","2026-09-27","Admin Admin Upgrade To Merchant","KYC, Tier Upgrades & Young Moni","",""
"","168","Overview - Valid","Personal Banking APIs - QA Test Suite","2026-09-27","passed","2026-09-27","Overview","Customer Profile, Accounts & Beneficiaries","",""
"","132","Tier One Upgrade - Invalid Status Or Type","Personal Banking APIs - QA Test Suite","2026-09-27","passed","2026-09-27","Tier One Upgrade","KYC, Tier Upgrades & Young Moni","",""
"","125","Borrow - No Auth","Personal Banking APIs - QA Test Suite","2026-09-27","passed","2026-09-27","Borrow","Kolo Connect Advances","",""
"","135","Reject Single Fund Request - Empty Fields","Personal Banking APIs - QA Test Suite","2026-09-27","failed","2026-09-27","Reject Single Fund Request","Wallets, Transfers, Transactions & Fund Requests","",""
"","268","Requests Fetch Agents - Valid","Personal Banking APIs - QA Test Suite","2026-09-27","failed","2026-09-27","Requests Fetch Agents","Customer Cards","",""
"","124","Retrieve - No Auth","Personal Banking APIs - QA Test Suite","2026-09-27","passed","2026-09-27","Retrieve","Customer Profile, Accounts & Beneficiaries","",""
"","142","Toolkit Accounts - Invalid Query","Personal Banking APIs - QA Test Suite","2026-09-27","failed","2026-09-27","Toolkit Accounts","Customer Profile, Accounts & Beneficiaries","",""
"","372","Get Cable Providers - Invalid Query","Personal Banking APIs - QA Test Suite","2026-09-27","failed","2026-09-27","Get Cable Providers","Airtime, Data, Bills & VAS Beneficiaries","",""
"","133","Young Moni Initiate Account Without Identity - Missing Required Field","Personal Banking APIs - QA Test Suite","2026-09-27","passed","2026-09-27","Young Moni Initiate Account Without Identity","Customer Profile, Accounts & Beneficiaries","",""
"","131","Verify Device Changed - Empty Fields","Personal Banking APIs - QA Test Suite","2026-09-27","passed","2026-09-27","Verify Device Changed","Login, Credentials, Security & Devices","",""
"","136","Retrieve - Nonexistent ID","Personal Banking APIs - QA Test Suite","2026-09-27","failed","2026-09-27","Retrieve","Wallets, Transfers, Transactions & Fund Requests","",""
"","148","Transactions Evaluate Break - Valid","Personal Banking APIs - QA Test Suite","2026-09-27","failed","2026-09-27","Transactions Evaluate Break","Target Savings","",""
"","123","Reject Single Fund Request - No Auth","Personal Banking APIs - QA Test Suite","2026-09-27","passed","2026-09-27","Reject Single Fund Request","Wallets, Transfers, Transactions & Fund Requests","",""
"","145","Wallet - Valid","Personal Banking APIs - QA Test Suite","2026-09-27","failed","2026-09-27","Wallet","Target Savings","",""
"","138","List - Invalid Query","Personal Banking APIs - QA Test Suite","2026-09-27","failed","2026-09-27","List","Customer Profile, Accounts & Beneficiaries","",""
"","130","Purchase Jamb - No Auth","Personal Banking APIs - QA Test Suite","2026-09-27","failed","2026-09-27","Purchase Jamb","Airtime, Data, Bills & VAS Beneficiaries","",""
"","146","Validate Smart Card - Valid","Personal Banking APIs - QA Test Suite","2026-09-27","failed","2026-09-27","Validate Smart Card","Airtime, Data, Bills & VAS Beneficiaries","",""
"","138","Games Scratch Card - Invalid Query","Personal Banking APIs - QA Test Suite","2026-09-27","passed","2026-09-27","Games Scratch Card","Rewards, Cash Tokens & Wishlists","",""
"","141","Admin Coins Rules - Nonexistent ID","Personal Banking APIs - QA Test Suite","2026-09-27","failed","2026-09-27","Admin Coins Rules","Rewards, Cash Tokens & Wishlists","",""
"","135","Admin Admin Upgrade To Merchant - Missing Required Field","Personal Banking APIs - QA Test Suite","2026-09-27","failed","2026-09-27","Admin Admin Upgrade To Merchant","KYC, Tier Upgrades & Young Moni","",""
"","138","Retrieve - Invalid Query","Personal Banking APIs - QA Test Suite","2026-09-27","failed","2026-09-27","Retrieve","Wallets, Transfers, Transactions & Fund Requests","",""
"","133","Get Electricity Billers - Invalid Query","Personal Banking APIs - QA Test Suite","2026-09-27","failed","2026-09-27","Get Electricity Billers","Airtime, Data, Bills & VAS Beneficiaries","",""
"","136","Upload Documents - Valid","Personal Banking APIs - QA Test Suite","2026-09-27","failed","2026-09-27","Upload Documents","KYC, Tier Upgrades & Young Moni","",""
"","133","Partial - Invalid Amount","Personal Banking APIs - QA Test Suite","2026-09-27","failed","2026-09-27","Partial","Customer Profile, Accounts & Beneficiaries","",""
"","127","Leaderboard - No Auth","Personal Banking APIs - QA Test Suite","2026-09-27","passed","2026-09-27","Leaderboard","Customer Profile, Accounts & Beneficiaries","",""
"","133","Retrieve - Invalid Query","Personal Banking APIs - QA Test Suite","2026-09-27","failed","2026-09-27","Retrieve","Wallets, Transfers, Transactions & Fund Requests","",""
"","135","Update Documents - Missing Required Field","Personal Banking APIs - QA Test Suite","2026-09-27","passed","2026-09-27","Update Documents","KYC, Tier Upgrades & Young Moni","",""
"","136","Verify Email Update - Missing Required Field","Personal Banking APIs - QA Test Suite","2026-09-27","passed","2026-09-27","Verify Email Update","KYC, Tier Upgrades & Young Moni","",""
"","124","Games Card Match - No Auth","Personal Banking APIs - QA Test Suite","2026-09-27","passed","2026-09-27","Games Card Match","Rewards, Cash Tokens & Wishlists","",""
"","151","Approve Bulk Fund Request - Valid","Personal Banking APIs - QA Test Suite","2026-09-27","failed","2026-09-27","Approve Bulk Fund Request","Wallets, Transfers, Transactions & Fund Requests","",""
"","139","Block - Missing Required Field","Personal Banking APIs - QA Test Suite","2026-09-27","failed","2026-09-27","Block","Customer Cards","",""
"","132","Young Moni Requests - Invalid ID","Personal Banking APIs - QA Test Suite","2026-09-27","failed","2026-09-27","Young Moni Requests","KYC, Tier Upgrades & Young Moni","",""
"","126","Withdraw Cashback - No Auth","Personal Banking APIs - QA Test Suite","2026-09-27","passed","2026-09-27","Withdraw Cashback","Wallets, Transfers, Transactions & Fund Requests","",""
"","139","Check Email / Phone Availability - Empty Fields","Personal Banking APIs - QA Test Suite","2026-09-27","failed","2026-09-27","Check Email / Phone Availability","Customer Onboarding","",""
"","229","Transactions - Valid","Personal Banking APIs - QA Test Suite","2026-09-27","passed","2026-09-27","Transactions","Wallets, Transfers, Transactions & Fund Requests","",""
"","131","Wallet Download Swag Statement - Empty Fields","Personal Banking APIs - QA Test Suite","2026-09-27","failed","2026-09-27","Wallet Download Swag Statement","SWAG Savings","",""
"","127","Transactions Deposit - Invalid Token Or PIN","Personal Banking APIs - QA Test Suite","2026-09-27","passed","2026-09-27","Transactions Deposit","SWAG Savings","",""
"","129","Create - Empty Fields","Personal Banking APIs - QA Test Suite","2026-09-27","failed","2026-09-27","Create","Airtime, Data, Bills & VAS Beneficiaries","",""
"","126","Update Location - Valid","Personal Banking APIs - QA Test Suite","2026-09-27","failed","2026-09-27","Update Location","Login, Credentials, Security & Devices","",""
"","140","Retrieve - Nonexistent ID","Personal Banking APIs - QA Test Suite","2026-09-27","failed","2026-09-27","Retrieve","Supalock Savings","",""
"","138","Purchase Electricity - Invalid Amount","Personal Banking APIs - QA Test Suite","2026-09-27","passed","2026-09-27","Purchase Electricity","Airtime, Data, Bills & VAS Beneficiaries","",""
"","130","Create - Empty Fields","Personal Banking APIs - QA Test Suite","2026-09-27","passed","2026-09-27","Create","Wallets, Transfers, Transactions & Fund Requests","",""
"","151","Redeem Coins - Valid","Personal Banking APIs - QA Test Suite","2026-09-27","failed","2026-09-27","Redeem Coins","Rewards, Cash Tokens & Wishlists","",""
"","134","Partial - Invalid Status Or Type","Personal Banking APIs - QA Test Suite","2026-09-27","passed","2026-09-27","Partial","Airtime, Data, Bills & VAS Beneficiaries","",""
"","132","Update Single Transfer Limit - Invalid Amount","Personal Banking APIs - QA Test Suite","2026-09-27","passed","2026-09-27","Update Single Transfer Limit","Customer Profile, Accounts & Beneficiaries","",""
"","125","Retrieve - No Auth","Personal Banking APIs - QA Test Suite","2026-09-27","passed","2026-09-27","Retrieve","Airtime, Data, Bills & VAS Beneficiaries","",""
"","144","Reward With Cashback - Valid","Personal Banking APIs - QA Test Suite","2026-09-27","failed","2026-09-27","Reward With Cashback","Rewards, Cash Tokens & Wishlists","",""
"","131","Create Supalock - Empty Fields","Personal Banking APIs - QA Test Suite","2026-09-27","failed","2026-09-27","Create Supalock","Supalock Savings","",""
"","138","Admin Games Rewards - Invalid ID","Personal Banking APIs - QA Test Suite","2026-09-27","failed","2026-09-27","Admin Games Rewards","Rewards, Cash Tokens & Wishlists","",""
"","135","Find Customers By Phone - Empty Fields","Personal Banking APIs - QA Test Suite","2026-09-27","passed","2026-09-27","Find Customers By Phone","Customer Profile, Accounts & Beneficiaries","",""
"","136","Partial - Nonexistent ID","Personal Banking APIs - QA Test Suite","2026-09-27","failed","2026-09-27","Partial","Wallets, Transfers, Transactions & Fund Requests","",""
"","127","Redeem Coins - Empty Fields","Personal Banking APIs - QA Test Suite","2026-09-27","passed","2026-09-27","Redeem Coins","Rewards, Cash Tokens & Wishlists","",""
"","134","Winner Dismiss Action - Missing Required Field","Personal Banking APIs - QA Test Suite","2026-09-27","failed","2026-09-27","Winner Dismiss Action","Rewards, Cash Tokens & Wishlists","",""
"","130","Purchase Waec - No Auth","Personal Banking APIs - QA Test Suite","2026-09-27","failed","2026-09-27","Purchase Waec","Airtime, Data, Bills & VAS Beneficiaries","",""
"","132","Admin Games Rewards - Valid","Personal Banking APIs - QA Test Suite","2026-09-27","failed","2026-09-27","Admin Games Rewards","Rewards, Cash Tokens & Wishlists","",""
"","154","Encrypt Login - Invalid Email","Personal Banking APIs - QA Test Suite","2026-09-27","failed","2026-09-27","Encrypt Login","Login, Credentials, Security & Devices","",""
"","238","Admin Coins Rules Stats - Invalid Query","Personal Banking APIs - QA Test Suite","2026-09-27","failed","2026-09-27","Admin Coins Rules Stats","Rewards, Cash Tokens & Wishlists","",""
"","127","Transfer - Empty Fields","Personal Banking APIs - QA Test Suite","2026-09-27","passed","2026-09-27","Transfer","Scheduled Payments","",""
"","126","Retrieve - No Auth","Personal Banking APIs - QA Test Suite","2026-09-27","passed","2026-09-27","Retrieve","Customer Profile, Accounts & Beneficiaries","",""
"","135","Retrieve - Invalid Query","Personal Banking APIs - QA Test Suite","2026-09-27","failed","2026-09-27","Retrieve","KYC, Tier Upgrades & Young Moni","",""
"","125","Winner - No Auth","Personal Banking APIs - QA Test Suite","2026-09-27","passed","2026-09-27","Winner","Rewards, Cash Tokens & Wishlists","",""
"","136","Activate - Empty Fields","Personal Banking APIs - QA Test Suite","2026-09-27","failed","2026-09-27","Activate","Customer Cards","",""
"","154","Encrypt Login - Missing Required Field","Personal Banking APIs - QA Test Suite","2026-09-27","failed","2026-09-27","Encrypt Login","Login, Credentials, Security & Devices","",""
"","125","Request Phone Verification - Valid","Personal Banking APIs - QA Test Suite","2026-09-27","failed","2026-09-27","Request Phone Verification","Login, Credentials, Security & Devices","",""
"","134","Get Item - Invalid ID","Personal Banking APIs - QA Test Suite","2026-09-27","passed","2026-09-27","Get Item","Rewards, Cash Tokens & Wishlists","",""
"","129","Details - No Auth","Personal Banking APIs - QA Test Suite","2026-09-27","passed","2026-09-27","Details","Customer Profile, Accounts & Beneficiaries","",""
"","130","Young Moni Documents - Invalid ID","Personal Banking APIs - QA Test Suite","2026-09-27","failed","2026-09-27","Young Moni Documents","KYC, Tier Upgrades & Young Moni","",""
"","127","Recipients - No Auth","Personal Banking APIs - QA Test Suite","2026-09-27","passed","2026-09-27","Recipients","Wallets, Transfers, Transactions & Fund Requests","",""
"","333","Fetch Balance - Invalid ID","Personal Banking APIs - QA Test Suite","2026-09-27","passed","2026-09-27","Fetch Balance","Customer Profile, Accounts & Beneficiaries","",""
"","133","Transactions - Nonexistent ID","Personal Banking APIs - QA Test Suite","2026-09-27","failed","2026-09-27","Transactions","SWAG Savings","",""
"","124","Item - No Auth","Personal Banking APIs - QA Test Suite","2026-09-27","passed","2026-09-27","Item","Rewards, Cash Tokens & Wishlists","",""
"","128","Transactions Break Wallet - Empty Fields","Personal Banking APIs - QA Test Suite","2026-09-27","passed","2026-09-27","Transactions Break Wallet","Save & Spend","",""
"","127","Purchase Data - Empty Fields","Personal Banking APIs - QA Test Suite","2026-09-27","passed","2026-09-27","Purchase Data","Airtime, Data, Bills & VAS Beneficiaries","",""
"","139","Recipients - Nonexistent ID","Personal Banking APIs - QA Test Suite","2026-09-27","failed","2026-09-27","Recipients","Wallets, Transfers, Transactions & Fund Requests","",""
"","127","Transactions Create Wallet - Invalid Status Or Type","Personal Banking APIs - QA Test Suite","2026-09-27","passed","2026-09-27","Transactions Create Wallet","Target Savings","",""
"","234","Admin Games Rewards - No Auth","Personal Banking APIs - QA Test Suite","2026-09-27","passed","2026-09-27","Admin Games Rewards","Rewards, Cash Tokens & Wishlists","",""
"","127","Purchase Airtime - Invalid Amount","Personal Banking APIs - QA Test Suite","2026-09-27","passed","2026-09-27","Purchase Airtime","Airtime, Data, Bills & VAS Beneficiaries","",""
"","124","Data - No Auth","Personal Banking APIs - QA Test Suite","2026-09-27","passed","2026-09-27","Data","Scheduled Payments","",""
"","130","Transactions - Invalid Query","Personal Banking APIs - QA Test Suite","2026-09-27","failed","2026-09-27","Transactions","Supalock Savings","",""
"","136","Retrieve - Invalid ID","Personal Banking APIs - QA Test Suite","2026-09-27","failed","2026-09-27","Retrieve","Airtime, Data, Bills & VAS Beneficiaries","",""
"","133","Item - Invalid ID","Personal Banking APIs - QA Test Suite","2026-09-27","passed","2026-09-27","Item","Rewards, Cash Tokens & Wishlists","",""
"","173","Update - Valid","Personal Banking APIs - QA Test Suite","2026-09-27","failed","2026-09-27","Update","Scheduled Payments","",""
"","248","Admin Games Sessions - Valid","Personal Banking APIs - QA Test Suite","2026-09-27","failed","2026-09-27","Admin Games Sessions","Rewards, Cash Tokens & Wishlists","",""
"","130","Validate Betting Id - Invalid Status Or Type","Personal Banking APIs - QA Test Suite","2026-09-27","passed","2026-09-27","Validate Betting Id","Airtime, Data, Bills & VAS Beneficiaries","",""
"","243","Admin Games - Nonexistent ID","Personal Banking APIs - QA Test Suite","2026-09-27","failed","2026-09-27","Admin Games","Rewards, Cash Tokens & Wishlists","",""
"","125","Redeem Coins - No Auth","Personal Banking APIs - QA Test Suite","2026-09-27","passed","2026-09-27","Redeem Coins","Rewards, Cash Tokens & Wishlists","",""
"","124","Intra Name Enquiry By Phone - No Auth","Personal Banking APIs - QA Test Suite","2026-09-27","passed","2026-09-27","Intra Name Enquiry By Phone","Wallets, Transfers, Transactions & Fund Requests","",""
"","125","Young Moni Requests - No Auth","Personal Banking APIs - QA Test Suite","2026-09-27","passed","2026-09-27","Young Moni Requests","KYC, Tier Upgrades & Young Moni","",""
"","133","Providers - Invalid Query","Personal Banking APIs - QA Test Suite","2026-09-27","failed","2026-09-27","Providers","Insurance","",""
"","132","Retrieve - Invalid ID","Personal Banking APIs - QA Test Suite","2026-09-27","failed","2026-09-27","Retrieve","Kolo Connect Advances","",""
"","137","Transactions Evaluate Target - Invalid Status Or Type","Personal Banking APIs - QA Test Suite","2026-09-27","passed","2026-09-27","Transactions Evaluate Target","Target Savings","",""
"","132","Update Identity - Empty Fields","Personal Banking APIs - QA Test Suite","2026-09-27","passed","2026-09-27","Update Identity","KYC, Tier Upgrades & Young Moni","",""
"","134","Overview - Empty Fields","Personal Banking APIs - QA Test Suite","2026-09-27","passed","2026-09-27","Overview","Customer Profile, Accounts & Beneficiaries","",""
"","126","Transactions Deposit - Missing Required Field","Personal Banking APIs - QA Test Suite","2026-09-27","passed","2026-09-27","Transactions Deposit","SWAG Savings","",""
"","128","Verify Token - Missing Required Field","Personal Banking APIs - QA Test Suite","2026-09-27","passed","2026-09-27","Verify Token","Login, Credentials, Security & Devices","",""
"","136","Toolkit Accounts - Invalid ID","Personal Banking APIs - QA Test Suite","2026-09-27","failed","2026-09-27","Toolkit Accounts","Customer Profile, Accounts & Beneficiaries","",""
"","132","Young Moni Requests - Invalid Query","Personal Banking APIs - QA Test Suite","2026-09-27","failed","2026-09-27","Young Moni Requests","KYC, Tier Upgrades & Young Moni","",""
"","130","Types - Invalid Query","Personal Banking APIs - QA Test Suite","2026-09-27","failed","2026-09-27","Types","Supalock Savings","",""
"","133","Set Password & Create Pending User - Empty Fields","Personal Banking APIs - QA Test Suite","2026-09-27","passed","2026-09-27","Set Password & Create Pending User","Customer Onboarding","",""
"","132","Types Get Supa Lock Special Interest - Invalid ID","Personal Banking APIs - QA Test Suite","2026-09-27","failed","2026-09-27","Types Get Supa Lock Special Interest","Supalock Savings","",""
"","146","Admin Coins Rules - Empty Fields","Personal Banking APIs - QA Test Suite","2026-09-27","failed","2026-09-27","Admin Coins Rules","Rewards, Cash Tokens & Wishlists","",""
"","142","Admin Admin Tier Zero Upgrade - Invalid Status Or Type","Personal Banking APIs - QA Test Suite","2026-09-27","failed","2026-09-27","Admin Admin Tier Zero Upgrade","KYC, Tier Upgrades & Young Moni","",""
"","135","Create Sub Account - Valid","Personal Banking APIs - QA Test Suite","2026-09-27","failed","2026-09-27","Create Sub Account","Customer Profile, Accounts & Beneficiaries","",""
"","134","Partial - Nonexistent ID","Personal Banking APIs - QA Test Suite","2026-09-27","failed","2026-09-27","Partial","Customer Profile, Accounts & Beneficiaries","",""
"","127","Reset Password - Invalid Email","Personal Banking APIs - QA Test Suite","2026-09-27","passed","2026-09-27","Reset Password","Login, Credentials, Security & Devices","",""
"","138","Upload Documents - Missing Required Field","Personal Banking APIs - QA Test Suite","2026-09-27","passed","2026-09-27","Upload Documents","KYC, Tier Upgrades & Young Moni","",""
"","186","Leaderboard - Valid","Personal Banking APIs - QA Test Suite","2026-09-27","passed","2026-09-27","Leaderboard","Customer Profile, Accounts & Beneficiaries","",""
"","133","Update Documents - Empty Fields","Personal Banking APIs - QA Test Suite","2026-09-27","passed","2026-09-27","Update Documents","KYC, Tier Upgrades & Young Moni","",""
"","126","Block - No Auth","Personal Banking APIs - QA Test Suite","2026-09-27","passed","2026-09-27","Block","Customer Cards","",""
"","134","Channel Settings - Invalid ID","Personal Banking APIs - QA Test Suite","2026-09-27","passed","2026-09-27","Channel Settings","Customer Cards","",""
"","153","Wallet Total Balance - Valid","Personal Banking APIs - QA Test Suite","2026-09-27","failed","2026-09-27","Wallet Total Balance","Save & Spend","",""
"","133","Channel Settings - Invalid ID","Personal Banking APIs - QA Test Suite","2026-09-27","passed","2026-09-27","Channel Settings","Customer Cards","",""
"","131","Reward With Airtime - Invalid Amount","Personal Banking APIs - QA Test Suite","2026-09-27","failed","2026-09-27","Reward With Airtime","Rewards, Cash Tokens & Wishlists","",""
"","123","List Documents - No Auth","Personal Banking APIs - QA Test Suite","2026-09-27","passed","2026-09-27","List Documents","KYC, Tier Upgrades & Young Moni","",""
"","753","Intra Name Enquiry - Empty Fields","Personal Banking APIs - QA Test Suite","2026-09-27","passed","2026-09-27","Intra Name Enquiry","Wallets, Transfers, Transactions & Fund Requests","",""
"","138","Account Officer - Invalid ID","Personal Banking APIs - QA Test Suite","2026-09-27","passed","2026-09-27","Account Officer","Customer Profile, Accounts & Beneficiaries","",""
"","145","Intra Name Enquiry By Phone - Valid","Personal Banking APIs - QA Test Suite","2026-09-27","failed","2026-09-27","Intra Name Enquiry By Phone","Wallets, Transfers, Transactions & Fund Requests","",""
"","125","Verify Phone Number - Empty Fields","Personal Banking APIs - QA Test Suite","2026-09-27","failed","2026-09-27","Verify Phone Number","Login, Credentials, Security & Devices","",""
"","163","Requests Request Card - Valid","Personal Banking APIs - QA Test Suite","2026-09-27","failed","2026-09-27","Requests Request Card","Customer Cards","",""
"","126","Get Item Edit - Nonexistent ID","Personal Banking APIs - QA Test Suite","2026-09-27","failed","2026-09-27","Get Item Edit","Rewards, Cash Tokens & Wishlists","",""
"","135","Winner Dismiss Action - Empty Fields","Personal Banking APIs - QA Test Suite","2026-09-27","failed","2026-09-27","Winner Dismiss Action","Rewards, Cash Tokens & Wishlists","",""
"","238","Admin Coins Rules - Valid","Personal Banking APIs - QA Test Suite","2026-09-27","failed","2026-09-27","Admin Coins Rules","Rewards, Cash Tokens & Wishlists","",""
"","123","Admin Games Rewards - No Auth","Personal Banking APIs - QA Test Suite","2026-09-27","passed","2026-09-27","Admin Games Rewards","Rewards, Cash Tokens & Wishlists","",""
"","151","Perform Action - Valid","Personal Banking APIs - QA Test Suite","2026-09-27","failed","2026-09-27","Perform Action","Rewards, Cash Tokens & Wishlists","",""
"","136","Jamb Lookup - Invalid Query","Personal Banking APIs - QA Test Suite","2026-09-27","failed","2026-09-27","Jamb Lookup","Airtime, Data, Bills & VAS Beneficiaries","",""
"","132","Admin Upload Documents - Missing Required Field","Personal Banking APIs - QA Test Suite","2026-09-27","passed","2026-09-27","Admin Upload Documents","KYC, Tier Upgrades & Young Moni","",""
"","131","Transactions Update Swag Monthly Rollover - Empty Fields","Personal Banking APIs - QA Test Suite","2026-09-27","failed","2026-09-27","Transactions Update Swag Monthly Rollover","SWAG Savings","",""
"","148","Retrieve - Valid","Personal Banking APIs - QA Test Suite","2026-09-27","failed","2026-09-27","Retrieve","Airtime, Data, Bills & VAS Beneficiaries","",""
"","250","Admin Games Rewards - Valid","Personal Banking APIs - QA Test Suite","2026-09-27","failed","2026-09-27","Admin Games Rewards","Rewards, Cash Tokens & Wishlists","",""
"","150","Retrieve - Nonexistent ID","Personal Banking APIs - QA Test Suite","2026-09-27","failed","2026-09-27","Retrieve","Airtime, Data, Bills & VAS Beneficiaries","",""
"","133","Verify Email Update - Invalid Token Or PIN","Personal Banking APIs - QA Test Suite","2026-09-27","passed","2026-09-27","Verify Email Update","KYC, Tier Upgrades & Young Moni","",""
"","132","Document Update Status - Invalid ID","Personal Banking APIs - QA Test Suite","2026-09-27","failed","2026-09-27","Document Update Status","KYC, Tier Upgrades & Young Moni","",""
"","134","Update Communication Preference - Invalid Token Or PIN","Personal Banking APIs - QA Test Suite","2026-09-27","passed","2026-09-27","Update Communication Preference","Customer Profile, Accounts & Beneficiaries","",""
"","125","Get Electricity Billers - No Auth","Personal Banking APIs - QA Test Suite","2026-09-27","passed","2026-09-27","Get Electricity Billers","Airtime, Data, Bills & VAS Beneficiaries","",""
"","132","Admin Coins Rules - Empty Fields","Personal Banking APIs - QA Test Suite","2026-09-27","failed","2026-09-27","Admin Coins Rules","Rewards, Cash Tokens & Wishlists","",""
"","127","Admin Devices Deactivate - Valid","Personal Banking APIs - QA Test Suite","2026-09-27","failed","2026-09-27","Admin Devices Deactivate","Login, Credentials, Security & Devices","",""
"","137","Verify Alias Phone Number - Invalid Token Or PIN","Personal Banking APIs - QA Test Suite","2026-09-27","passed","2026-09-27","Verify Alias Phone Number","Customer Profile, Accounts & Beneficiaries","",""
"","130","Renew Insurance - Empty Fields","Personal Banking APIs - QA Test Suite","2026-09-27","passed","2026-09-27","Renew Insurance","Insurance","",""
"","156","Terms Terms And Rewards - Valid","Personal Banking APIs - QA Test Suite","2026-09-27","passed","2026-09-27","Terms Terms And Rewards","Rewards, Cash Tokens & Wishlists","",""
"","139","Reject Single Bulk Recipient - Invalid Token Or PIN","Personal Banking APIs - QA Test Suite","2026-09-27","failed","2026-09-27","Reject Single Bulk Recipient","Wallets, Transfers, Transactions & Fund Requests","",""
"","158","Airtime - Valid","Personal Banking APIs - QA Test Suite","2026-09-27","failed","2026-09-27","Airtime","Scheduled Payments","",""
"","135","Item - Nonexistent ID","Personal Banking APIs - QA Test Suite","2026-09-27","passed","2026-09-27","Item","Rewards, Cash Tokens & Wishlists","",""
"","134","Verify Device Changed - No Auth","Personal Banking APIs - QA Test Suite","2026-09-27","failed","2026-09-27","Verify Device Changed","Login, Credentials, Security & Devices","",""
"","125","Tier Two Upgrade - No Auth","Personal Banking APIs - QA Test Suite","2026-09-27","passed","2026-09-27","Tier Two Upgrade","KYC, Tier Upgrades & Young Moni","",""
"","125","Initiate Reset Transaction Pin - No Auth","Personal Banking APIs - QA Test Suite","2026-09-27","passed","2026-09-27","Initiate Reset Transaction Pin","Login, Credentials, Security & Devices","",""
"","133","Admin Coins Redemption Rules - Nonexistent ID","Personal Banking APIs - QA Test Suite","2026-09-27","failed","2026-09-27","Admin Coins Redemption Rules","Rewards, Cash Tokens & Wishlists","",""
"","136","Profile - No Auth","Personal Banking APIs - QA Test Suite","2026-09-27","passed","2026-09-27","Profile","Customer Profile, Accounts & Beneficiaries","",""
"","134","Admin Coins Redemption Rules - Invalid ID","Personal Banking APIs - QA Test Suite","2026-09-27","failed","2026-09-27","Admin Coins Redemption Rules","Rewards, Cash Tokens & Wishlists","",""
"","127","Intra Transfer - No Auth","Personal Banking APIs - QA Test Suite","2026-09-27","failed","2026-09-27","Intra Transfer","Wallets, Transfers, Transactions & Fund Requests","",""
"","127","Intra Account Transfer - Missing Required Field","Personal Banking APIs - QA Test Suite","2026-09-27","passed","2026-09-27","Intra Account Transfer","Wallets, Transfers, Transactions & Fund Requests","",""
"","131","Update Identity - Invalid Status Or Type","Personal Banking APIs - QA Test Suite","2026-09-27","passed","2026-09-27","Update Identity","KYC, Tier Upgrades & Young Moni","",""
"","134","Admin Admin Upgrade To Merchant - Valid","Personal Banking APIs - QA Test Suite","2026-09-27","failed","2026-09-27","Admin Admin Upgrade To Merchant","KYC, Tier Upgrades & Young Moni","",""
"","200","Admin Coins Rules - Nonexistent ID","Personal Banking APIs - QA Test Suite","2026-09-27","failed","2026-09-27","Admin Coins Rules","Rewards, Cash Tokens & Wishlists","",""
"","136","Update - Nonexistent ID","Personal Banking APIs - QA Test Suite","2026-09-27","failed","2026-09-27","Update","Scheduled Payments","",""
"","137","Initiate Email Update - Missing Required Field","Personal Banking APIs - QA Test Suite","2026-09-27","passed","2026-09-27","Initiate Email Update","KYC, Tier Upgrades & Young Moni","",""
"","133","Admin Admin Upgrade To Merchant - Invalid Token Or PIN","Personal Banking APIs - QA Test Suite","2026-09-27","failed","2026-09-27","Admin Admin Upgrade To Merchant","KYC, Tier Upgrades & Young Moni","",""
"","124","Redeem Insurance - No Auth","Personal Banking APIs - QA Test Suite","2026-09-27","passed","2026-09-27","Redeem Insurance","Insurance","",""
"","138","Get Item Edit - Valid","Personal Banking APIs - QA Test Suite","2026-09-27","failed","2026-09-27","Get Item Edit","Rewards, Cash Tokens & Wishlists","",""
"","239","Admin Games Stats - Valid","Personal Banking APIs - QA Test Suite","2026-09-27","failed","2026-09-27","Admin Games Stats","Rewards, Cash Tokens & Wishlists","",""
"","162","Payment Merchant - Valid","Personal Banking APIs - QA Test Suite","2026-09-27","failed","2026-09-27","Payment Merchant","Customer Cards","",""
"","125","Wishlist Config Edit - Valid","Personal Banking APIs - QA Test Suite","2026-09-27","failed","2026-09-27","Wishlist Config Edit","Rewards, Cash Tokens & Wishlists","",""
"","133","Borrow - Empty Fields","Personal Banking APIs - QA Test Suite","2026-09-27","failed","2026-09-27","Borrow","Kolo Connect Advances","",""
"","131","Admin Admin Tier Zero Upgrade - Valid","Personal Banking APIs - QA Test Suite","2026-09-27","failed","2026-09-27","Admin Admin Tier Zero Upgrade","KYC, Tier Upgrades & Young Moni","",""
"","130","Item - Nonexistent ID","Personal Banking APIs - QA Test Suite","2026-09-27","passed","2026-09-27","Item","Rewards, Cash Tokens & Wishlists","",""
"","234","Admin - No Auth","Personal Banking APIs - QA Test Suite","2026-09-27","passed","2026-09-27","Admin","KYC, Tier Upgrades & Young Moni","",""
"","131","Types - Nonexistent ID","Personal Banking APIs - QA Test Suite","2026-09-27","passed","2026-09-27","Types","Supalock Savings","",""
"","127","Airtime - Empty Fields","Personal Banking APIs - QA Test Suite","2026-09-27","passed","2026-09-27","Airtime","Scheduled Payments","",""
"","240","Admin List Documents - Invalid ID","Personal Banking APIs - QA Test Suite","2026-09-27","passed","2026-09-27","Admin List Documents","KYC, Tier Upgrades & Young Moni","",""
"","133","Admin Complete Upgrade Request - Valid","Personal Banking APIs - QA Test Suite","2026-09-27","failed","2026-09-27","Admin Complete Upgrade Request","KYC, Tier Upgrades & Young Moni","",""
"","934","Approve Bulk Fund Request - Missing Required Field","Personal Banking APIs - QA Test Suite","2026-09-27","failed","2026-09-27","Approve Bulk Fund Request","Wallets, Transfers, Transactions & Fund Requests","",""
"","128","Transactions Create Wallet - Empty Fields","Personal Banking APIs - QA Test Suite","2026-09-27","passed","2026-09-27","Transactions Create Wallet","Target Savings","",""
"","126","Tier One Upgrade - No Auth","Personal Banking APIs - QA Test Suite","2026-09-27","passed","2026-09-27","Tier One Upgrade","KYC, Tier Upgrades & Young Moni","",""
"","250","Admin - Invalid Query","Personal Banking APIs - QA Test Suite","2026-09-27","failed","2026-09-27","Admin","KYC, Tier Upgrades & Young Moni","",""
"","126","Validate Betting Id - No Auth","Personal Banking APIs - QA Test Suite","2026-09-27","passed","2026-09-27","Validate Betting Id","Airtime, Data, Bills & VAS Beneficiaries","",""
"","205","Add Account Alias - Empty Fields","Personal Banking APIs - QA Test Suite","2026-09-27","passed","2026-09-27","Add Account Alias","Customer Profile, Accounts & Beneficiaries","",""
"","131","Total Supalock Amount - Invalid Query","Personal Banking APIs - QA Test Suite","2026-09-27","failed","2026-09-27","Total Supalock Amount","Supalock Savings","",""
"","147","Withdraw Supalock - Valid","Personal Banking APIs - QA Test Suite","2026-09-27","failed","2026-09-27","Withdraw Supalock","Supalock Savings","",""
"","134","Transactions - Invalid ID","Personal Banking APIs - QA Test Suite","2026-09-27","passed","2026-09-27","Transactions","Target Savings","",""
"","240","Admin Request Stats - No Auth","Personal Banking APIs - QA Test Suite","2026-09-27","passed","2026-09-27","Admin Request Stats","KYC, Tier Upgrades & Young Moni","",""
"","132","Airtime - Missing Required Field","Personal Banking APIs - QA Test Suite","2026-09-27","passed","2026-09-27","Airtime","Scheduled Payments","",""
"","127","Purchase Airtime - Empty Fields","Personal Banking APIs - QA Test Suite","2026-09-27","passed","2026-09-27","Purchase Airtime","Airtime, Data, Bills & VAS Beneficiaries","",""
"","125","Validate Jamb Profile - No Auth","Personal Banking APIs - QA Test Suite","2026-09-27","passed","2026-09-27","Validate Jamb Profile","Airtime, Data, Bills & VAS Beneficiaries","",""
"","134","Disable - Nonexistent ID","Personal Banking APIs - QA Test Suite","2026-09-27","failed","2026-09-27","Disable","Wallets, Transfers, Transactions & Fund Requests","",""
"","131","Request Account Reactivation - Empty Fields","Personal Banking APIs - QA Test Suite","2026-09-27","passed","2026-09-27","Request Account Reactivation","KYC, Tier Upgrades & Young Moni","",""
"","133","Types - Invalid Amount","Personal Banking APIs - QA Test Suite","2026-09-27","failed","2026-09-27","Types","Supalock Savings","",""
"","132","Withdraw Supalock - Invalid ID","Personal Banking APIs - QA Test Suite","2026-09-27","failed","2026-09-27","Withdraw Supalock","Supalock Savings","",""
"","154","Validate Betting Id - Valid","Personal Banking APIs - QA Test Suite","2026-09-27","failed","2026-09-27","Validate Betting Id","Airtime, Data, Bills & VAS Beneficiaries","",""
"","134","Validate Meter - Invalid Status Or Type","Personal Banking APIs - QA Test Suite","2026-09-27","failed","2026-09-27","Validate Meter","Airtime, Data, Bills & VAS Beneficiaries","",""
"","355","List - Valid","Personal Banking APIs - QA Test Suite","2026-09-27","passed","2026-09-27","List","Customer Cards","",""
"","239","Admin Coins Redemption Rules - Invalid Query","Personal Banking APIs - QA Test Suite","2026-09-27","failed","2026-09-27","Admin Coins Redemption Rules","Rewards, Cash Tokens & Wishlists","",""
"","133","Update Tin - Empty Fields","Personal Banking APIs - QA Test Suite","2026-09-27","passed","2026-09-27","Update Tin","Customer Profile, Accounts & Beneficiaries","",""
"","125","List - No Auth","Personal Banking APIs - QA Test Suite","2026-09-27","passed","2026-09-27","List","Customer Profile, Accounts & Beneficiaries","",""
"","137","Unblock - Missing Required Field","Personal Banking APIs - QA Test Suite","2026-09-27","failed","2026-09-27","Unblock","Customer Cards","",""
"","142","Tier Two Upgrade - Valid","Personal Banking APIs - QA Test Suite","2026-09-27","failed","2026-09-27","Tier Two Upgrade","KYC, Tier Upgrades & Young Moni","",""
"","252","Admin Games Rewards - Nonexistent ID","Personal Banking APIs - QA Test Suite","2026-09-27","failed","2026-09-27","Admin Games Rewards","Rewards, Cash Tokens & Wishlists","",""
"","152","Partial - Valid","Personal Banking APIs - QA Test Suite","2026-09-27","failed","2026-09-27","Partial","Airtime, Data, Bills & VAS Beneficiaries","",""
"","124","Providers - No Auth","Personal Banking APIs - QA Test Suite","2026-09-27","passed","2026-09-27","Providers","Insurance","",""
"","242","Admin Coins Redemption Rules - Invalid ID","Personal Banking APIs - QA Test Suite","2026-09-27","failed","2026-09-27","Admin Coins Redemption Rules","Rewards, Cash Tokens & Wishlists","",""
"","156","Encrypt Login - Valid","Personal Banking APIs - QA Test Suite","2026-09-27","passed","2026-09-27","Encrypt Login","Login, Credentials, Security & Devices","",""
"","125","Get Cable Providers - No Auth","Personal Banking APIs - QA Test Suite","2026-09-27","passed","2026-09-27","Get Cable Providers","Airtime, Data, Bills & VAS Beneficiaries","",""
"","126","Cancel Schedule Payment - No Auth","Personal Banking APIs - QA Test Suite","2026-09-27","passed","2026-09-27","Cancel Schedule Payment","Scheduled Payments","",""
"","359","Her Wealth Details - Valid","Personal Banking APIs - QA Test Suite","2026-09-27","failed","2026-09-27","Her Wealth Details","Customer Profile, Accounts & Beneficiaries","",""
"","126","Single Fund Request - No Auth","Personal Banking APIs - QA Test Suite","2026-09-27","failed","2026-09-27","Single Fund Request","Wallets, Transfers, Transactions & Fund Requests","",""
"","137","Games Check Eligibility - Invalid Query","Personal Banking APIs - QA Test Suite","2026-09-27","passed","2026-09-27","Games Check Eligibility","Rewards, Cash Tokens & Wishlists","",""
"","131","Create Supalock - Invalid Amount","Personal Banking APIs - QA Test Suite","2026-09-27","failed","2026-09-27","Create Supalock","Supalock Savings","",""
"","126","Document Delete - No Auth","Personal Banking APIs - QA Test Suite","2026-09-27","passed","2026-09-27","Document Delete","KYC, Tier Upgrades & Young Moni","",""
"","133","Webhook Cashtoken Webhook - Missing Required Field","Personal Banking APIs - QA Test Suite","2026-09-27","failed","2026-09-27","Webhook Cashtoken Webhook","Rewards, Cash Tokens & Wishlists","",""
"","126","Channel Settings - No Auth","Personal Banking APIs - QA Test Suite","2026-09-27","passed","2026-09-27","Channel Settings","Customer Cards","",""
"","129","Fund Betting Wallet - Invalid Amount","Personal Banking APIs - QA Test Suite","2026-09-27","passed","2026-09-27","Fund Betting Wallet","Airtime, Data, Bills & VAS Beneficiaries","",""
"","132","Young Moni Requests Complete Review - Valid","Personal Banking APIs - QA Test Suite","2026-09-27","failed","2026-09-27","Young Moni Requests Complete Review","KYC, Tier Upgrades & Young Moni","",""
"","125","Create Login Pin - Missing Required Field","Personal Banking APIs - QA Test Suite","2026-09-27","failed","2026-09-27","Create Login Pin","Login, Credentials, Security & Devices","",""
"","125","Tenors - No Auth","Personal Banking APIs - QA Test Suite","2026-09-27","passed","2026-09-27","Tenors","Kolo Connect Advances","",""
"","153","Item - Valid","Personal Banking APIs - QA Test Suite","2026-09-27","failed","2026-09-27","Item","Rewards, Cash Tokens & Wishlists","",""
"","125","Retrieve - No Auth","Personal Banking APIs - QA Test Suite","2026-09-27","passed","2026-09-27","Retrieve","Wallets, Transfers, Transactions & Fund Requests","",""
"","134","Repay - Empty Fields","Personal Banking APIs - QA Test Suite","2026-09-27","failed","2026-09-27","Repay","Kolo Connect Advances","",""
"","155","Find Account Banks - Valid","Personal Banking APIs - QA Test Suite","2026-09-27","failed","2026-09-27","Find Account Banks","Customer Profile, Accounts & Beneficiaries","",""
"","138","Coin Redemption Rules - Invalid Query","Personal Banking APIs - QA Test Suite","2026-09-27","passed","2026-09-27","Coin Redemption Rules","Rewards, Cash Tokens & Wishlists","",""
"","125","Young Moni Validate Details Without Identity - Valid","Personal Banking APIs - QA Test Suite","2026-09-27","failed","2026-09-27","Young Moni Validate Details Without Identity","Customer Profile, Accounts & Beneficiaries","",""
"","128","Transactions Withdraw Interest - Empty Fields","Personal Banking APIs - QA Test Suite","2026-09-27","passed","2026-09-27","Transactions Withdraw Interest","SWAG Savings","",""
"","284","Verify BVN (Choose BVN or NIN) - Empty Fields","Personal Banking APIs - QA Test Suite","2026-09-27","passed","2026-09-27","Verify BVN (Choose BVN or NIN)","Customer Onboarding","",""
"","130","Create Password - Valid","Personal Banking APIs - QA Test Suite","2026-09-27","failed","2026-09-27","Create Password","Login, Credentials, Security & Devices","",""
"","133","Customer Submit - Empty Fields","Personal Banking APIs - QA Test Suite","2026-09-27","passed","2026-09-27","Customer Submit","KYC, Tier Upgrades & Young Moni","",""
"","127","Update - Empty Fields","Personal Banking APIs - QA Test Suite","2026-09-27","passed","2026-09-27","Update","Scheduled Payments","",""
"","134","Unblock - Nonexistent ID","Personal Banking APIs - QA Test Suite","2026-09-27","passed","2026-09-27","Unblock","Customer Cards","",""
"","133","Request Account Reactivation - Missing Required Field","Personal Banking APIs - QA Test Suite","2026-09-27","passed","2026-09-27","Request Account Reactivation","KYC, Tier Upgrades & Young Moni","",""
"","133","Young Moni Documents - Valid","Personal Banking APIs - QA Test Suite","2026-09-27","failed","2026-09-27","Young Moni Documents","KYC, Tier Upgrades & Young Moni","",""
"","133","Types - Invalid ID","Personal Banking APIs - QA Test Suite","2026-09-27","passed","2026-09-27","Types","Supalock Savings","",""
"","373","Get Cable Plans - Valid","Personal Banking APIs - QA Test Suite","2026-09-27","passed","2026-09-27","Get Cable Plans","Airtime, Data, Bills & VAS Beneficiaries","",""
"","473","Get Cable Providers - Valid","Personal Banking APIs - QA Test Suite","2026-09-27","passed","2026-09-27","Get Cable Providers","Airtime, Data, Bills & VAS Beneficiaries","",""
"","134","Wallet Total Balance - Invalid Query","Personal Banking APIs - QA Test Suite","2026-09-27","failed","2026-09-27","Wallet Total Balance","Save & Spend","",""
"","127","Admin Admin Tier Zero Upgrade - No Auth","Personal Banking APIs - QA Test Suite","2026-09-27","passed","2026-09-27","Admin Admin Tier Zero Upgrade","KYC, Tier Upgrades & Young Moni","",""
"","124","Create Supalock - No Auth","Personal Banking APIs - QA Test Suite","2026-09-27","passed","2026-09-27","Create Supalock","Supalock Savings","",""
"","133","Approve Single Bulk Recipient - Empty Fields","Personal Banking APIs - QA Test Suite","2026-09-27","failed","2026-09-27","Approve Single Bulk Recipient","Wallets, Transfers, Transactions & Fund Requests","",""
"","127","Young Moni Documents - No Auth","Personal Banking APIs - QA Test Suite","2026-09-27","passed","2026-09-27","Young Moni Documents","KYC, Tier Upgrades & Young Moni","",""
"","134","Intra Name Enquiry By Phone - Empty Fields","Personal Banking APIs - QA Test Suite","2026-09-27","failed","2026-09-27","Intra Name Enquiry By Phone","Wallets, Transfers, Transactions & Fund Requests","",""
"","133","Tier One Upgrade With BVN - Valid","Personal Banking APIs - QA Test Suite","2026-09-27","failed","2026-09-27","Tier One Upgrade With BVN","KYC, Tier Upgrades & Young Moni","",""
"","135","Daily Income Summary - Invalid Query","Personal Banking APIs - QA Test Suite","2026-09-27","failed","2026-09-27","Daily Income Summary","Wallets, Transfers, Transactions & Fund Requests","",""
"","129","Transactions Create Plan - Valid","Personal Banking APIs - QA Test Suite","2026-09-27","failed","2026-09-27","Transactions Create Plan","SWAG Savings","",""
"","124","Reset Transaction Pin - No Auth","Personal Banking APIs - QA Test Suite","2026-09-27","passed","2026-09-27","Reset Transaction Pin","Login, Credentials, Security & Devices","",""
"","125","Wishlist Config Edit - Empty Fields","Personal Banking APIs - QA Test Suite","2026-09-27","failed","2026-09-27","Wishlist Config Edit","Rewards, Cash Tokens & Wishlists","",""
"","134","Retrieve - Nonexistent ID","Personal Banking APIs - QA Test Suite","2026-09-27","passed","2026-09-27","Retrieve","Rewards, Cash Tokens & Wishlists","",""
"","162","Retrieve - Valid","Personal Banking APIs - QA Test Suite","2026-09-27","failed","2026-09-27","Retrieve","Airtime, Data, Bills & VAS Beneficiaries","",""
"","143","Data - Invalid Status Or Type","Personal Banking APIs - QA Test Suite","2026-09-27","passed","2026-09-27","Data","Scheduled Payments","",""
"","125","Verify Phone Number - Missing Required Field","Personal Banking APIs - QA Test Suite","2026-09-27","failed","2026-09-27","Verify Phone Number","Login, Credentials, Security & Devices","",""
"","340","Total Young Moni Balance - Invalid Query","Personal Banking APIs - QA Test Suite","2026-09-27","failed","2026-09-27","Total Young Moni Balance","Customer Profile, Accounts & Beneficiaries","",""
"","125","Admin Devices Deactivate - Invalid ID","Personal Banking APIs - QA Test Suite","2026-09-27","failed","2026-09-27","Admin Devices Deactivate","Login, Credentials, Security & Devices","",""
"","132","Providers - Nonexistent ID","Personal Banking APIs - QA Test Suite","2026-09-27","passed","2026-09-27","Providers","Insurance","",""
"","136","Update Credit Stage - Empty Fields","Personal Banking APIs - QA Test Suite","2026-09-27","failed","2026-09-27","Update Credit Stage","Wallets, Transfers, Transactions & Fund Requests","",""
"","135","Enable - Missing Required Field","Personal Banking APIs - QA Test Suite","2026-09-27","failed","2026-09-27","Enable","Wallets, Transfers, Transactions & Fund Requests","",""
"","139","Account Officer Change Request - Invalid ID","Personal Banking APIs - QA Test Suite","2026-09-27","passed","2026-09-27","Account Officer Change Request","Customer Profile, Accounts & Beneficiaries","",""
"","126","Admin Update Documents - No Auth","Personal Banking APIs - QA Test Suite","2026-09-27","passed","2026-09-27","Admin Update Documents","KYC, Tier Upgrades & Young Moni","",""
"","142","Retrieve - Nonexistent ID","Personal Banking APIs - QA Test Suite","2026-09-27","failed","2026-09-27","Retrieve","Wallets, Transfers, Transactions & Fund Requests","",""
"","133","Admin Admin Tier Two Upgrade - Empty Fields","Personal Banking APIs - QA Test Suite","2026-09-27","failed","2026-09-27","Admin Admin Tier Two Upgrade","KYC, Tier Upgrades & Young Moni","",""
"","154","Data - Valid","Personal Banking APIs - QA Test Suite","2026-09-27","failed","2026-09-27","Data","Scheduled Payments","",""
"","131","Topup Supalock - Invalid Amount","Personal Banking APIs - QA Test Suite","2026-09-27","failed","2026-09-27","Topup Supalock","Supalock Savings","",""
"","138","Young Moni Requests - Invalid Query","Personal Banking APIs - QA Test Suite","2026-09-27","failed","2026-09-27","Young Moni Requests","KYC, Tier Upgrades & Young Moni","",""
"","241","Admin Coins Redemption Rules - Nonexistent ID","Personal Banking APIs - QA Test Suite","2026-09-27","failed","2026-09-27","Admin Coins Redemption Rules","Rewards, Cash Tokens & Wishlists","",""
"","132","Account Officer Request Change - Empty Fields","Personal Banking APIs - QA Test Suite","2026-09-27","passed","2026-09-27","Account Officer Request Change","Customer Profile, Accounts & Beneficiaries","",""
"","129","Purchase Airtime - No Auth","Personal Banking APIs - QA Test Suite","2026-09-27","failed","2026-09-27","Purchase Airtime","Airtime, Data, Bills & VAS Beneficiaries","",""
"","134","High Value Transactions - Invalid Query","Personal Banking APIs - QA Test Suite","2026-09-27","failed","2026-09-27","High Value Transactions","Wallets, Transfers, Transactions & Fund Requests","",""
"","136","Withdraw - Invalid Token Or PIN","Personal Banking APIs - QA Test Suite","2026-09-27","failed","2026-09-27","Withdraw","Rewards, Cash Tokens & Wishlists","",""
"","132","Transactions Create Wallet Product Specific - No Auth","Personal Banking APIs - QA Test Suite","2026-09-27","failed","2026-09-27","Transactions Create Wallet Product Specific","Target Savings","",""
"","136","Transaction - Nonexistent ID","Personal Banking APIs - QA Test Suite","2026-09-27","failed","2026-09-27","Transaction","Airtime, Data, Bills & VAS Beneficiaries","",""
"","162","Approve Single Fund Request - Valid","Personal Banking APIs - QA Test Suite","2026-09-27","failed","2026-09-27","Approve Single Fund Request","Wallets, Transfers, Transactions & Fund Requests","",""
"","123","Update Request Recipients - No Auth","Personal Banking APIs - QA Test Suite","2026-09-27","passed","2026-09-27","Update Request Recipients","Wallets, Transfers, Transactions & Fund Requests","",""
"","138","Verify Phone OTP - Missing Required Field","Personal Banking APIs - QA Test Suite","2026-09-27","passed","2026-09-27","Verify Phone OTP","Customer Onboarding","",""
"","356","Get Cable Plans - Nonexistent ID","Personal Banking APIs - QA Test Suite","2026-09-27","failed","2026-09-27","Get Cable Plans","Airtime, Data, Bills & VAS Beneficiaries","",""
"","135","Retrieve - Invalid Query","Personal Banking APIs - QA Test Suite","2026-09-27","failed","2026-09-27","Retrieve","Airtime, Data, Bills & VAS Beneficiaries","",""
"","125","Transactions - No Auth","Personal Banking APIs - QA Test Suite","2026-09-27","passed","2026-09-27","Transactions","Save & Spend","",""
"","132","Update Communication Preference - Nonexistent ID","Personal Banking APIs - QA Test Suite","2026-09-27","passed","2026-09-27","Update Communication Preference","Customer Profile, Accounts & Beneficiaries","",""
"","132","Redeem Insurance - Invalid Email","Personal Banking APIs - QA Test Suite","2026-09-27","passed","2026-09-27","Redeem Insurance","Insurance","",""
"","133","Verify Email OTP - Missing Required Field","Personal Banking APIs - QA Test Suite","2026-09-27","passed","2026-09-27","Verify Email OTP","Customer Onboarding","",""
"","248","Admin Games Rewards - Invalid Query","Personal Banking APIs - QA Test Suite","2026-09-27","failed","2026-09-27","Admin Games Rewards","Rewards, Cash Tokens & Wishlists","",""
"","156","High Value Transactions - Valid","Personal Banking APIs - QA Test Suite","2026-09-27","passed","2026-09-27","High Value Transactions","Wallets, Transfers, Transactions & Fund Requests","",""
"","126","Youngmoni Transfer - Empty Fields","Personal Banking APIs - QA Test Suite","2026-09-27","passed","2026-09-27","Youngmoni Transfer","Scheduled Payments","",""
"","126","Admin Reject Upgrade Request - No Auth","Personal Banking APIs - QA Test Suite","2026-09-27","passed","2026-09-27","Admin Reject Upgrade Request","KYC, Tier Upgrades & Young Moni","",""
"","141","Coin Wallet Transactions - Invalid Query","Personal Banking APIs - QA Test Suite","2026-09-27","passed","2026-09-27","Coin Wallet Transactions","Rewards, Cash Tokens & Wishlists","",""
"","128","Transactions Update Spend Wallet - Invalid Status Or Type","Personal Banking APIs - QA Test Suite","2026-09-27","passed","2026-09-27","Transactions Update Spend Wallet","Save & Spend","",""
"","136","Reward With Cashback - Missing Required Field","Personal Banking APIs - QA Test Suite","2026-09-27","failed","2026-09-27","Reward With Cashback","Rewards, Cash Tokens & Wishlists","",""
"","137","Verify Alias Phone Number - Empty Fields","Personal Banking APIs - QA Test Suite","2026-09-27","passed","2026-09-27","Verify Alias Phone Number","Customer Profile, Accounts & Beneficiaries","",""
"","133","Toolkit Accounts - Nonexistent ID","Personal Banking APIs - QA Test Suite","2026-09-27","failed","2026-09-27","Toolkit Accounts","Customer Profile, Accounts & Beneficiaries","",""
"","140","Update Single Transfer Limit - Valid","Personal Banking APIs - QA Test Suite","2026-09-27","failed","2026-09-27","Update Single Transfer Limit","Customer Profile, Accounts & Beneficiaries","",""
"","128","Purchase Epin - No Auth","Personal Banking APIs - QA Test Suite","2026-09-27","failed","2026-09-27","Purchase Epin","Airtime, Data, Bills & VAS Beneficiaries","",""
"","128","Transactions Break Target - Invalid Token Or PIN","Personal Banking APIs - QA Test Suite","2026-09-27","passed","2026-09-27","Transactions Break Target","Target Savings","",""
"","124","Initiate Liveness Setup - No Auth","Personal Banking APIs - QA Test Suite","2026-09-27","passed","2026-09-27","Initiate Liveness Setup","Login, Credentials, Security & Devices","",""
"","240","Admin Coins Redemption Rules - Invalid Query","Personal Banking APIs - QA Test Suite","2026-09-27","failed","2026-09-27","Admin Coins Redemption Rules","Rewards, Cash Tokens & Wishlists","",""
"","134","Upload Documents - Empty Fields","Personal Banking APIs - QA Test Suite","2026-09-27","passed","2026-09-27","Upload Documents","KYC, Tier Upgrades & Young Moni","",""
"","138","Verify NIN (Choose BVN or NIN) - Valid","Personal Banking APIs - QA Test Suite","2026-09-27","failed","2026-09-27","Verify NIN (Choose BVN or NIN)","Customer Onboarding","",""
"","126","Waec Lookup - No Auth","Personal Banking APIs - QA Test Suite","2026-09-27","passed","2026-09-27","Waec Lookup","Airtime, Data, Bills & VAS Beneficiaries","",""
"","127","Create Password - Invalid Token Or PIN","Personal Banking APIs - QA Test Suite","2026-09-27","passed","2026-09-27","Create Password","Login, Credentials, Security & Devices","",""
"","137","Add Item - Invalid ID","Personal Banking APIs - QA Test Suite","2026-09-27","passed","2026-09-27","Add Item","Rewards, Cash Tokens & Wishlists","",""
"","127","Young Moni Requests Request Stats - No Auth","Personal Banking APIs - QA Test Suite","2026-09-27","passed","2026-09-27","Young Moni Requests Request Stats","KYC, Tier Upgrades & Young Moni","",""
"","163","Retrieve - Nonexistent ID","Personal Banking APIs - QA Test Suite","2026-09-27","passed","2026-09-27","Retrieve","Customer Profile, Accounts & Beneficiaries","",""
"","135","Young Moni Requests - Valid","Personal Banking APIs - QA Test Suite","2026-09-27","failed","2026-09-27","Young Moni Requests","KYC, Tier Upgrades & Young Moni","",""
"","127","Transactions Update Spend Wallet - Missing Required Field","Personal Banking APIs - QA Test Suite","2026-09-27","passed","2026-09-27","Transactions Update Spend Wallet","Save & Spend","",""
"","243","Admin - Invalid ID","Personal Banking APIs - QA Test Suite","2026-09-27","failed","2026-09-27","Admin","KYC, Tier Upgrades & Young Moni","",""
"","147","Coin Wallet Transactions - Valid","Personal Banking APIs - QA Test Suite","2026-09-27","failed","2026-09-27","Coin Wallet Transactions","Rewards, Cash Tokens & Wishlists","",""
"","142","Dismiss Action - Invalid Status Or Type","Personal Banking APIs - QA Test Suite","2026-09-27","failed","2026-09-27","Dismiss Action","KYC, Tier Upgrades & Young Moni","",""
"","139","Account Officer Request Change - Valid","Personal Banking APIs - QA Test Suite","2026-09-27","failed","2026-09-27","Account Officer Request Change","Customer Profile, Accounts & Beneficiaries","",""
"","138","Transactions - Nonexistent ID","Personal Banking APIs - QA Test Suite","2026-09-27","passed","2026-09-27","Transactions","Save & Spend","",""
"","192","Retrieve - Invalid Query","Personal Banking APIs - QA Test Suite","2026-09-27","failed","2026-09-27","Retrieve","Rewards, Cash Tokens & Wishlists","",""
"","125","Retry Payment Schedule - No Auth","Personal Banking APIs - QA Test Suite","2026-09-27","passed","2026-09-27","Retry Payment Schedule","Scheduled Payments","",""
"","128","Intra Transfer - Missing Required Field","Personal Banking APIs - QA Test Suite","2026-09-27","passed","2026-09-27","Intra Transfer","Wallets, Transfers, Transactions & Fund Requests","",""
"","131","Tier Zero Upgrade - Missing Required Field","Personal Banking APIs - QA Test Suite","2026-09-27","passed","2026-09-27","Tier Zero Upgrade","KYC, Tier Upgrades & Young Moni","",""
"","132","Redeem Insurance - Invalid Amount","Personal Banking APIs - QA Test Suite","2026-09-27","passed","2026-09-27","Redeem Insurance","Insurance","",""
"","232","Admin Coins Redemption Rules - No Auth","Personal Banking APIs - QA Test Suite","2026-09-27","passed","2026-09-27","Admin Coins Redemption Rules","Rewards, Cash Tokens & Wishlists","",""
"","124","List - No Auth","Personal Banking APIs - QA Test Suite","2026-09-27","passed","2026-09-27","List","Customer Cards","",""
"","133","Requests Get Delivery Cost - Empty Fields","Personal Banking APIs - QA Test Suite","2026-09-27","passed","2026-09-27","Requests Get Delivery Cost","Customer Cards","",""
"","163","Encrypt Login - Empty Fields","Personal Banking APIs - QA Test Suite","2026-09-27","failed","2026-09-27","Encrypt Login","Login, Credentials, Security & Devices","",""
"","143","Wallet Interest Balance - Valid","Personal Banking APIs - QA Test Suite","2026-09-27","failed","2026-09-27","Wallet Interest Balance","Save & Spend","",""
"","135","Document Update Status - Nonexistent ID","Personal Banking APIs - QA Test Suite","2026-09-27","failed","2026-09-27","Document Update Status","KYC, Tier Upgrades & Young Moni","",""
"","125","Youngmoni Transfer - No Auth","Personal Banking APIs - QA Test Suite","2026-09-27","passed","2026-09-27","Youngmoni Transfer","Scheduled Payments","",""
"","141","Create Transaction Pin - Missing Required Field","Personal Banking APIs - QA Test Suite","2026-09-27","failed","2026-09-27","Create Transaction Pin","Login, Credentials, Security & Devices","",""
"","130","Transactions Withdraw Interest - Valid","Personal Banking APIs - QA Test Suite","2026-09-27","failed","2026-09-27","Transactions Withdraw Interest","SWAG Savings","",""
"","133","Channel Settings - Nonexistent ID","Personal Banking APIs - QA Test Suite","2026-09-27","passed","2026-09-27","Channel Settings","Customer Cards","",""
"","135","Games - Invalid Query","Personal Banking APIs - QA Test Suite","2026-09-27","passed","2026-09-27","Games","Rewards, Cash Tokens & Wishlists","",""
"","128","Purchase Electricity - No Auth","Personal Banking APIs - QA Test Suite","2026-09-27","failed","2026-09-27","Purchase Electricity","Airtime, Data, Bills & VAS Beneficiaries","",""
"","138","Admin Upload Documents - Valid","Personal Banking APIs - QA Test Suite","2026-09-27","failed","2026-09-27","Admin Upload Documents","KYC, Tier Upgrades & Young Moni","",""
"","133","Notify Of Missed Inward - Missing Required Field","Personal Banking APIs - QA Test Suite","2026-09-27","failed","2026-09-27","Notify Of Missed Inward","Wallets, Transfers, Transactions & Fund Requests","",""
"","157","Electricity - Valid","Personal Banking APIs - QA Test Suite","2026-09-27","failed","2026-09-27","Electricity","Scheduled Payments","",""
"","128","Transactions Create Wallet Product Specific - Invalid Token Or PIN","Personal Banking APIs - QA Test Suite","2026-09-27","passed","2026-09-27","Transactions Create Wallet Product Specific","Target Savings","",""
"","133","Wallet - Invalid Query","Personal Banking APIs - QA Test Suite","2026-09-27","failed","2026-09-27","Wallet","Save & Spend","",""
"","131","Young Moni Requests - Nonexistent ID","Personal Banking APIs - QA Test Suite","2026-09-27","failed","2026-09-27","Young Moni Requests","KYC, Tier Upgrades & Young Moni","",""
"","129","Create - Invalid Status Or Type","Personal Banking APIs - QA Test Suite","2026-09-27","passed","2026-09-27","Create","Airtime, Data, Bills & VAS Beneficiaries","",""
"","126","Partial - No Auth","Personal Banking APIs - QA Test Suite","2026-09-27","passed","2026-09-27","Partial","Customer Profile, Accounts & Beneficiaries","",""
"","131","Transactions Create Plan - Invalid Amount","Personal Banking APIs - QA Test Suite","2026-09-27","passed","2026-09-27","Transactions Create Plan","SWAG Savings","",""
"","239","Admin Games - No Auth","Personal Banking APIs - QA Test Suite","2026-09-27","passed","2026-09-27","Admin Games","Rewards, Cash Tokens & Wishlists","",""
"","140","List - Invalid Query","Personal Banking APIs - QA Test Suite","2026-09-27","failed","2026-09-27","List","Scheduled Payments","",""
"","146","List - Valid","Personal Banking APIs - QA Test Suite","2026-09-27","failed","2026-09-27","List","Supalock Savings","",""
"","147","Recipients - Valid","Personal Banking APIs - QA Test Suite","2026-09-27","failed","2026-09-27","Recipients","Wallets, Transfers, Transactions & Fund Requests","",""
"","125","Daily Spending Summary - No Auth","Personal Banking APIs - QA Test Suite","2026-09-27","passed","2026-09-27","Daily Spending Summary","Wallets, Transfers, Transactions & Fund Requests","",""
"","128","Transactions Create Wallet - Invalid Token Or PIN","Personal Banking APIs - QA Test Suite","2026-09-27","passed","2026-09-27","Transactions Create Wallet","Target Savings","",""
"","133","Requests Request Card - Empty Fields","Personal Banking APIs - QA Test Suite","2026-09-27","passed","2026-09-27","Requests Request Card","Customer Cards","",""
"","126","Admin Coins Redemption Rules - No Auth","Personal Banking APIs - QA Test Suite","2026-09-27","passed","2026-09-27","Admin Coins Redemption Rules","Rewards, Cash Tokens & Wishlists","",""
"","135","Data - Invalid Amount","Personal Banking APIs - QA Test Suite","2026-09-27","passed","2026-09-27","Data","Scheduled Payments","",""
"","131","Admin Games Rewards - Nonexistent ID","Personal Banking APIs - QA Test Suite","2026-09-27","failed","2026-09-27","Admin Games Rewards","Rewards, Cash Tokens & Wishlists","",""
"","131","Update Gender - Missing Required Field","Personal Banking APIs - QA Test Suite","2026-09-27","passed","2026-09-27","Update Gender","Login, Credentials, Security & Devices","",""
"","145","Block - Invalid ID","Personal Banking APIs - QA Test Suite","2026-09-27","passed","2026-09-27","Block","Customer Cards","",""
"","133","Document Delete - Empty Fields","Personal Banking APIs - QA Test Suite","2026-09-27","failed","2026-09-27","Document Delete","KYC, Tier Upgrades & Young Moni","",""
"","137","Update Gender - Valid","Personal Banking APIs - QA Test Suite","2026-09-27","failed","2026-09-27","Update Gender","Login, Credentials, Security & Devices","",""
"","133","List Documents - Invalid Query","Personal Banking APIs - QA Test Suite","2026-09-27","failed","2026-09-27","List Documents","KYC, Tier Upgrades & Young Moni","",""
"","134","Validate Smart Card - Invalid Status Or Type","Personal Banking APIs - QA Test Suite","2026-09-27","failed","2026-09-27","Validate Smart Card","Airtime, Data, Bills & VAS Beneficiaries","",""
"","145","Get Electricity Billers - Valid","Personal Banking APIs - QA Test Suite","2026-09-27","failed","2026-09-27","Get Electricity Billers","Airtime, Data, Bills & VAS Beneficiaries","",""
"","243","Admin Games Sessions - Nonexistent ID","Personal Banking APIs - QA Test Suite","2026-09-27","failed","2026-09-27","Admin Games Sessions","Rewards, Cash Tokens & Wishlists","",""
"","133","Types - Invalid Status Or Type","Personal Banking APIs - QA Test Suite","2026-09-27","failed","2026-09-27","Types","Supalock Savings","",""
"","129","Initiate Reset Login Pin - No Auth","Personal Banking APIs - QA Test Suite","2026-09-27","passed","2026-09-27","Initiate Reset Login Pin","Login, Credentials, Security & Devices","",""
"","129","Update Documents - No Auth","Personal Banking APIs - QA Test Suite","2026-09-27","passed","2026-09-27","Update Documents","KYC, Tier Upgrades & Young Moni","",""
"","215","Data Plans - Nonexistent ID","Personal Banking APIs - QA Test Suite","2026-09-27","failed","2026-09-27","Data Plans","Airtime, Data, Bills & VAS Beneficiaries","",""
"","158","Initiate Reset Card Pin - Valid","Personal Banking APIs - QA Test Suite","2026-09-27","passed","2026-09-27","Initiate Reset Card Pin","Customer Cards","",""
"","143","Validate Smart Card - Missing Required Field","Personal Banking APIs - QA Test Suite","2026-09-27","failed","2026-09-27","Validate Smart Card","Airtime, Data, Bills & VAS Beneficiaries","",""
"","135","Validate Meter - Empty Fields","Personal Banking APIs - QA Test Suite","2026-09-27","failed","2026-09-27","Validate Meter","Airtime, Data, Bills & VAS Beneficiaries","",""
"","133","Terms - Invalid Query","Personal Banking APIs - QA Test Suite","2026-09-27","failed","2026-09-27","Terms","Rewards, Cash Tokens & Wishlists","",""
"","131","Account Officer Request Change - Missing Required Field","Personal Banking APIs - QA Test Suite","2026-09-27","passed","2026-09-27","Account Officer Request Change","Customer Profile, Accounts & Beneficiaries","",""
"","125","List - No Auth","Personal Banking APIs - QA Test Suite","2026-09-27","passed","2026-09-27","List","Kolo Connect Advances","",""
"","133","Register With Phone - Missing Required Field","Personal Banking APIs - QA Test Suite","2026-09-27","passed","2026-09-27","Register With Phone","Customer Onboarding","",""
"","134","Update Communication Preference - Invalid Email","Personal Banking APIs - QA Test Suite","2026-09-27","passed","2026-09-27","Update Communication Preference","Customer Profile, Accounts & Beneficiaries","",""
"","126","Inter Name Enquiry - No Auth","Personal Banking APIs - QA Test Suite","2026-09-27","passed","2026-09-27","Inter Name Enquiry","Wallets, Transfers, Transactions & Fund Requests","",""
"","127","Purchase Waec - Invalid Token Or PIN","Personal Banking APIs - QA Test Suite","2026-09-27","passed","2026-09-27","Purchase Waec","Airtime, Data, Bills & VAS Beneficiaries","",""
"","128","Retrieve - Invalid ID","Personal Banking APIs - QA Test Suite","2026-09-27","failed","2026-09-27","Retrieve","Supalock Savings","",""
"","128","Channel Settings - Empty Fields","Personal Banking APIs - QA Test Suite","2026-09-27","passed","2026-09-27","Channel Settings","Customer Cards","",""
"","127","Young Moni Upload Guardian Documents - Invalid ID","Personal Banking APIs - QA Test Suite","2026-09-27","passed","2026-09-27","Young Moni Upload Guardian Documents","Customer Profile, Accounts & Beneficiaries","",""
"","141","Channel Settings - Invalid Token Or PIN","Personal Banking APIs - QA Test Suite","2026-09-27","failed","2026-09-27","Channel Settings","Customer Cards","",""
"","124","Retrieve - No Auth","Personal Banking APIs - QA Test Suite","2026-09-27","passed","2026-09-27","Retrieve","Wallets, Transfers, Transactions & Fund Requests","",""
"","132","Wallet - Invalid Query","Personal Banking APIs - QA Test Suite","2026-09-27","failed","2026-09-27","Wallet","SWAG Savings","",""
"","153","List - Invalid Query","Personal Banking APIs - QA Test Suite","2026-09-27","failed","2026-09-27","List","Wallets, Transfers, Transactions & Fund Requests","",""
"","135","Retrieve - Invalid ID","Personal Banking APIs - QA Test Suite","2026-09-27","failed","2026-09-27","Retrieve","Wallets, Transfers, Transactions & Fund Requests","",""
"","133","Restrict Accounts By BVN - No Auth","Personal Banking APIs - QA Test Suite","2026-09-27","passed","2026-09-27","Restrict Accounts By BVN","Customer Profile, Accounts & Beneficiaries","",""
"","152","Proposed Contributor - Valid","Personal Banking APIs - QA Test Suite","2026-09-27","failed","2026-09-27","Proposed Contributor","Rewards, Cash Tokens & Wishlists","",""
"","134","Retrieve - Invalid ID","Personal Banking APIs - QA Test Suite","2026-09-27","passed","2026-09-27","Retrieve","KYC, Tier Upgrades & Young Moni","",""
"","144","Games Spin Wheel - Valid","Personal Banking APIs - QA Test Suite","2026-09-27","failed","2026-09-27","Games Spin Wheel","Rewards, Cash Tokens & Wishlists","",""
"","137","Block - Invalid Token Or PIN","Personal Banking APIs - QA Test Suite","2026-09-27","failed","2026-09-27","Block","Customer Cards","",""
"","134","Young Moni Documents Action Document - Empty Fields","Personal Banking APIs - QA Test Suite","2026-09-27","failed","2026-09-27","Young Moni Documents Action Document","KYC, Tier Upgrades & Young Moni","",""
"","133","Document Delete - Nonexistent ID","Personal Banking APIs - QA Test Suite","2026-09-27","failed","2026-09-27","Document Delete","KYC, Tier Upgrades & Young Moni","",""
"","143","Retrieve - Valid","Personal Banking APIs - QA Test Suite","2026-09-27","failed","2026-09-27","Retrieve","Supalock Savings","",""
"","130","Renew Insurance - Invalid Token Or PIN","Personal Banking APIs - QA Test Suite","2026-09-27","passed","2026-09-27","Renew Insurance","Insurance","",""
"","145","Dismiss Action - Empty Fields","Personal Banking APIs - QA Test Suite","2026-09-27","failed","2026-09-27","Dismiss Action","KYC, Tier Upgrades & Young Moni","",""
"","133","Channel Settings - Missing Required Field","Personal Banking APIs - QA Test Suite","2026-09-27","failed","2026-09-27","Channel Settings","Customer Cards","",""
"","135","List - No Auth","Personal Banking APIs - QA Test Suite","2026-09-27","passed","2026-09-27","List","Wallets, Transfers, Transactions & Fund Requests","",""
"","124","Withdraw Supalock - No Auth","Personal Banking APIs - QA Test Suite","2026-09-27","passed","2026-09-27","Withdraw Supalock","Supalock Savings","",""
"","130","Validate Face Match - No Auth","Personal Banking APIs - QA Test Suite","2026-09-27","failed","2026-09-27","Validate Face Match","Login, Credentials, Security & Devices","",""
"","126","Create Login Pin - Valid","Personal Banking APIs - QA Test Suite","2026-09-27","failed","2026-09-27","Create Login Pin","Login, Credentials, Security & Devices","",""
"","153","Renew Insurance - Valid","Personal Banking APIs - QA Test Suite","2026-09-27","failed","2026-09-27","Renew Insurance","Insurance","",""
"","132","Topup Supalock - Empty Fields","Personal Banking APIs - QA Test Suite","2026-09-27","failed","2026-09-27","Topup Supalock","Supalock Savings","",""
"","126","Get Item Edit - Invalid Amount","Personal Banking APIs - QA Test Suite","2026-09-27","failed","2026-09-27","Get Item Edit","Rewards, Cash Tokens & Wishlists","",""
"","134","Transactions - Invalid Query","Personal Banking APIs - QA Test Suite","2026-09-27","failed","2026-09-27","Transactions","SWAG Savings","",""
"","180","Coin Redemption Rules - Valid","Personal Banking APIs - QA Test Suite","2026-09-27","failed","2026-09-27","Coin Redemption Rules","Rewards, Cash Tokens & Wishlists","",""
"","142","Initiate Email Update - Valid","Personal Banking APIs - QA Test Suite","2026-09-27","failed","2026-09-27","Initiate Email Update","KYC, Tier Upgrades & Young Moni","",""
"","145","Retrieve - Valid","Personal Banking APIs - QA Test Suite","2026-09-27","failed","2026-09-27","Retrieve","Customer Cards","",""
"","136","Repayment Plan - Invalid ID","Personal Banking APIs - QA Test Suite","2026-09-27","failed","2026-09-27","Repayment Plan","Kolo Connect Advances","",""
"","135","Repay - Missing Required Field","Personal Banking APIs - QA Test Suite","2026-09-27","failed","2026-09-27","Repay","Kolo Connect Advances","",""
"","237","Admin Coins Transactions - No Auth","Personal Banking APIs - QA Test Suite","2026-09-27","passed","2026-09-27","Admin Coins Transactions","Rewards, Cash Tokens & Wishlists","",""
"","132","Kyc Level Count - Valid","Personal Banking APIs - QA Test Suite","2026-09-27","failed","2026-09-27","Kyc Level Count","Customer Profile, Accounts & Beneficiaries","",""
"","132","Restrict Accounts By BVN - Empty Fields","Personal Banking APIs - QA Test Suite","2026-09-27","failed","2026-09-27","Restrict Accounts By BVN","Customer Profile, Accounts & Beneficiaries","",""
"","135","Get Betting Billers - Invalid Query","Personal Banking APIs - QA Test Suite","2026-09-27","failed","2026-09-27","Get Betting Billers","Airtime, Data, Bills & VAS Beneficiaries","",""
"","127","Initiate Reset Login Pin - Valid","Personal Banking APIs - QA Test Suite","2026-09-27","failed","2026-09-27","Initiate Reset Login Pin","Login, Credentials, Security & Devices","",""
"","146","Withdraw - Empty Fields","Personal Banking APIs - QA Test Suite","2026-09-27","failed","2026-09-27","Withdraw","Rewards, Cash Tokens & Wishlists","",""
"","201","Check Email / Phone Availability - Invalid Email","Personal Banking APIs - QA Test Suite","2026-09-27","passed","2026-09-27","Check Email / Phone Availability","Customer Onboarding","",""
"","142","Export Fund Recipients - Empty Fields","Personal Banking APIs - QA Test Suite","2026-09-27","failed","2026-09-27","Export Fund Recipients","Wallets, Transfers, Transactions & Fund Requests","",""
"","131","Upload Bulk Fund Request - Valid","Personal Banking APIs - QA Test Suite","2026-09-27","failed","2026-09-27","Upload Bulk Fund Request","Wallets, Transfers, Transactions & Fund Requests","",""
"","374","List - Valid","Personal Banking APIs - QA Test Suite","2026-09-27","passed","2026-09-27","List","Customer Profile, Accounts & Beneficiaries","",""
"","187","Daily Spending Summary - Valid","Personal Banking APIs - QA Test Suite","2026-09-27","passed","2026-09-27","Daily Spending Summary","Wallets, Transfers, Transactions & Fund Requests","",""
"","125","Transactions - No Auth","Personal Banking APIs - QA Test Suite","2026-09-27","passed","2026-09-27","Transactions","Supalock Savings","",""
"","125","Transactions Update Spend Wallet - No Auth","Personal Banking APIs - QA Test Suite","2026-09-27","passed","2026-09-27","Transactions Update Spend Wallet","Save & Spend","",""
"","133","Admin Coins Rules - Invalid Amount","Personal Banking APIs - QA Test Suite","2026-09-27","failed","2026-09-27","Admin Coins Rules","Rewards, Cash Tokens & Wishlists","",""
"","124","List - No Auth","Personal Banking APIs - QA Test Suite","2026-09-27","passed","2026-09-27","List","Airtime, Data, Bills & VAS Beneficiaries","",""
"","134","Reset Pin - Invalid ID","Personal Banking APIs - QA Test Suite","2026-09-27","passed","2026-09-27","Reset Pin","Customer Cards","",""
"","134","Item - Invalid ID","Personal Banking APIs - QA Test Suite","2026-09-27","passed","2026-09-27","Item","Rewards, Cash Tokens & Wishlists","",""
"","136","Update Identity - Valid","Personal Banking APIs - QA Test Suite","2026-09-27","failed","2026-09-27","Update Identity","KYC, Tier Upgrades & Young Moni","",""
"","235","List - Valid","Personal Banking APIs - QA Test Suite","2026-09-27","passed","2026-09-27","List","Scheduled Payments","",""
"","126","Initiate Reset Login Pin - Invalid Query","Personal Banking APIs - QA Test Suite","2026-09-27","failed","2026-09-27","Initiate Reset Login Pin","Login, Credentials, Security & Devices","",""
"","135","Add Item - Nonexistent ID","Personal Banking APIs - QA Test Suite","2026-09-27","passed","2026-09-27","Add Item","Rewards, Cash Tokens & Wishlists","",""
"","132","Types - Invalid ID","Personal Banking APIs - QA Test Suite","2026-09-27","passed","2026-09-27","Types","Supalock Savings","",""
"","125","Fetch Balance - No Auth","Personal Banking APIs - QA Test Suite","2026-09-27","passed","2026-09-27","Fetch Balance","Customer Profile, Accounts & Beneficiaries","",""
"","125","Transfers Left - No Auth","Personal Banking APIs - QA Test Suite","2026-09-27","passed","2026-09-27","Transfers Left","Wallets, Transfers, Transactions & Fund Requests","",""
"","126","Purchase Cable - Empty Fields","Personal Banking APIs - QA Test Suite","2026-09-27","passed","2026-09-27","Purchase Cable","Airtime, Data, Bills & VAS Beneficiaries","",""
"","128","Find Account Banks - No Auth","Personal Banking APIs - QA Test Suite","2026-09-27","passed","2026-09-27","Find Account Banks","Customer Profile, Accounts & Beneficiaries","",""
"","136","Retrieve - Valid","Personal Banking APIs - QA Test Suite","2026-09-27","failed","2026-09-27","Retrieve","Airtime, Data, Bills & VAS Beneficiaries","",""
"","125","Info - No Auth","Personal Banking APIs - QA Test Suite","2026-09-27","passed","2026-09-27","Info","Customer Profile, Accounts & Beneficiaries","",""
"","137","Update - Missing Required Field","Personal Banking APIs - QA Test Suite","2026-09-27","passed","2026-09-27","Update","Scheduled Payments","",""
"","153","Jamb Lookup - Valid","Personal Banking APIs - QA Test Suite","2026-09-27","failed","2026-09-27","Jamb Lookup","Airtime, Data, Bills & VAS Beneficiaries","",""
"","132","Verify Phone OTP - Valid","Personal Banking APIs - QA Test Suite","2026-09-27","failed","2026-09-27","Verify Phone OTP","Customer Onboarding","",""
"","127","Retrieve - No Auth","Personal Banking APIs - QA Test Suite","2026-09-27","passed","2026-09-27","Retrieve","Wallets, Transfers, Transactions & Fund Requests","",""
"","142","Admin Update Documents - Valid","Personal Banking APIs - QA Test Suite","2026-09-27","failed","2026-09-27","Admin Update Documents","KYC, Tier Upgrades & Young Moni","",""
"","135","Requests - Invalid ID","Personal Banking APIs - QA Test Suite","2026-09-27","passed","2026-09-27","Requests","Customer Cards","",""
"","128","Transactions Update Swag Plan - Missing Required Field","Personal Banking APIs - QA Test Suite","2026-09-27","passed","2026-09-27","Transactions Update Swag Plan","SWAG Savings","",""
"","136","Initiate Email Update - Invalid Email","Personal Banking APIs - QA Test Suite","2026-09-27","passed","2026-09-27","Initiate Email Update","KYC, Tier Upgrades & Young Moni","",""
"","134","Tier One Upgrade - Valid","Personal Banking APIs - QA Test Suite","2026-09-27","failed","2026-09-27","Tier One Upgrade","KYC, Tier Upgrades & Young Moni","",""
"","131","Tier Zero Upgrade - Invalid Status Or Type","Personal Banking APIs - QA Test Suite","2026-09-27","passed","2026-09-27","Tier Zero Upgrade","KYC, Tier Upgrades & Young Moni","",""
"","125","Transactions Update Swag Monthly Rollover - No Auth","Personal Banking APIs - QA Test Suite","2026-09-27","passed","2026-09-27","Transactions Update Swag Monthly Rollover","SWAG Savings","",""
"","125","Intra Transfer - Invalid Amount","Personal Banking APIs - QA Test Suite","2026-09-27","passed","2026-09-27","Intra Transfer","Wallets, Transfers, Transactions & Fund Requests","",""
"","146","Update Request Recipients - Valid","Personal Banking APIs - QA Test Suite","2026-09-27","failed","2026-09-27","Update Request Recipients","Wallets, Transfers, Transactions & Fund Requests","",""
"","136","Admin Upload Documents - Empty Fields","Personal Banking APIs - QA Test Suite","2026-09-27","passed","2026-09-27","Admin Upload Documents","KYC, Tier Upgrades & Young Moni","",""
"","135","Young Moni Documents Action Document - Valid","Personal Banking APIs - QA Test Suite","2026-09-27","failed","2026-09-27","Young Moni Documents Action Document","KYC, Tier Upgrades & Young Moni","",""
"","125","Create Wishlist With Items - No Auth","Personal Banking APIs - QA Test Suite","2026-09-27","passed","2026-09-27","Create Wishlist With Items","Rewards, Cash Tokens & Wishlists","",""
"","135","Add Item - Empty Fields","Personal Banking APIs - QA Test Suite","2026-09-27","failed","2026-09-27","Add Item","Rewards, Cash Tokens & Wishlists","",""
"","133","Redeem Insurance - Missing Required Field","Personal Banking APIs - QA Test Suite","2026-09-27","passed","2026-09-27","Redeem Insurance","Insurance","",""
"","127","Reset Pin - No Auth","Personal Banking APIs - QA Test Suite","2026-09-27","passed","2026-09-27","Reset Pin","Customer Cards","",""
"","129","Admin Upload Documents - No Auth","Personal Banking APIs - QA Test Suite","2026-09-27","passed","2026-09-27","Admin Upload Documents","KYC, Tier Upgrades & Young Moni","",""
"","136","Reject Single Fund Request - Missing Required Field","Personal Banking APIs - QA Test Suite","2026-09-27","failed","2026-09-27","Reject Single Fund Request","Wallets, Transfers, Transactions & Fund Requests","",""
"","135","Retrieve - Nonexistent ID","Personal Banking APIs - QA Test Suite","2026-09-27","failed","2026-09-27","Retrieve","Wallets, Transfers, Transactions & Fund Requests","",""
"","136","Admin Coins Rules - Valid","Personal Banking APIs - QA Test Suite","2026-09-27","failed","2026-09-27","Admin Coins Rules","Rewards, Cash Tokens & Wishlists","",""
"","156","Account Officer - Valid","Personal Banking APIs - QA Test Suite","2026-09-27","failed","2026-09-27","Account Officer","Customer Profile, Accounts & Beneficiaries","",""
"","136","Add Item - Invalid Status Or Type","Personal Banking APIs - QA Test Suite","2026-09-27","failed","2026-09-27","Add Item","Rewards, Cash Tokens & Wishlists","",""
"","234","Admin Games Stats - No Auth","Personal Banking APIs - QA Test Suite","2026-09-27","passed","2026-09-27","Admin Games Stats","Rewards, Cash Tokens & Wishlists","",""
"","131","Request Alias Phone Verification - Missing Required Field","Personal Banking APIs - QA Test Suite","2026-09-27","passed","2026-09-27","Request Alias Phone Verification","Customer Profile, Accounts & Beneficiaries","",""
"","134","Admin Reject Upgrade Request - Missing Required Field","Personal Banking APIs - QA Test Suite","2026-09-27","failed","2026-09-27","Admin Reject Upgrade Request","KYC, Tier Upgrades & Young Moni","",""
"","151","Transaction - Valid","Personal Banking APIs - QA Test Suite","2026-09-27","failed","2026-09-27","Transaction","Airtime, Data, Bills & VAS Beneficiaries","",""
"","143","Repayment Plan - Valid","Personal Banking APIs - QA Test Suite","2026-09-27","failed","2026-09-27","Repayment Plan","Kolo Connect Advances","",""
"","243","Admin Request Stats - Invalid Query","Personal Banking APIs - QA Test Suite","2026-09-27","failed","2026-09-27","Admin Request Stats","KYC, Tier Upgrades & Young Moni","",""
"","128","Transactions Deposit - No Auth","Personal Banking APIs - QA Test Suite","2026-09-27","failed","2026-09-27","Transactions Deposit","Target Savings","",""
"","238","Admin Games - Valid","Personal Banking APIs - QA Test Suite","2026-09-27","failed","2026-09-27","Admin Games","Rewards, Cash Tokens & Wishlists","",""
"","133","Payment Merchant - Missing Required Field","Personal Banking APIs - QA Test Suite","2026-09-27","failed","2026-09-27","Payment Merchant","Customer Cards","",""
"","127","Transactions Update Swag Plan - Empty Fields","Personal Banking APIs - QA Test Suite","2026-09-27","passed","2026-09-27","Transactions Update Swag Plan","SWAG Savings","",""
"","125","Transactions - No Auth","Personal Banking APIs - QA Test Suite","2026-09-27","passed","2026-09-27","Transactions","Wallets, Transfers, Transactions & Fund Requests","",""
"","126","Update Daily Transfer Limit - No Auth","Personal Banking APIs - QA Test Suite","2026-09-27","passed","2026-09-27","Update Daily Transfer Limit","Customer Profile, Accounts & Beneficiaries","",""
"","139","Document Update Status - Valid","Personal Banking APIs - QA Test Suite","2026-09-27","failed","2026-09-27","Document Update Status","KYC, Tier Upgrades & Young Moni","",""
"","135","Reset Login Pin - Missing Required Field","Personal Banking APIs - QA Test Suite","2026-09-27","passed","2026-09-27","Reset Login Pin","Login, Credentials, Security & Devices","",""
"","134","Transactions Update Swag Plan - Valid","Personal Banking APIs - QA Test Suite","2026-09-27","failed","2026-09-27","Transactions Update Swag Plan","SWAG Savings","",""
"","137","Airtime - Invalid Token Or PIN","Personal Banking APIs - QA Test Suite","2026-09-27","passed","2026-09-27","Airtime","Scheduled Payments","",""
"","137","Document Delete - Missing Required Field","Personal Banking APIs - QA Test Suite","2026-09-27","failed","2026-09-27","Document Delete","KYC, Tier Upgrades & Young Moni","",""
"","134","Partial - Nonexistent ID","Personal Banking APIs - QA Test Suite","2026-09-27","failed","2026-09-27","Partial","Airtime, Data, Bills & VAS Beneficiaries","",""
"","198","Requests - Valid","Personal Banking APIs - QA Test Suite","2026-09-27","passed","2026-09-27","Requests","Customer Cards","",""
"","133","Update Request Recipients - Empty Fields","Personal Banking APIs - QA Test Suite","2026-09-27","failed","2026-09-27","Update Request Recipients","Wallets, Transfers, Transactions & Fund Requests","",""
"","150","List - Invalid Query","Personal Banking APIs - QA Test Suite","2026-09-27","failed","2026-09-27","List","Airtime, Data, Bills & VAS Beneficiaries","",""
"","131","Providers - Invalid ID","Personal Banking APIs - QA Test Suite","2026-09-27","passed","2026-09-27","Providers","Insurance","",""
"","124","Transactions - No Auth","Personal Banking APIs - QA Test Suite","2026-09-27","passed","2026-09-27","Transactions","SWAG Savings","",""
"","131","Wallet Total Balance - Invalid Query","Personal Banking APIs - QA Test Suite","2026-09-27","failed","2026-09-27","Wallet Total Balance","Target Savings","",""
"","201","Retrieve - Valid","Personal Banking APIs - QA Test Suite","2026-09-27","failed","2026-09-27","Retrieve","Rewards, Cash Tokens & Wishlists","",""
"","135","Account Officer Change Request - Valid","Personal Banking APIs - QA Test Suite","2026-09-27","failed","2026-09-27","Account Officer Change Request","Customer Profile, Accounts & Beneficiaries","",""
"","418","Profile - Valid","Personal Banking APIs - QA Test Suite","2026-09-27","passed","2026-09-27","Profile","Customer Profile, Accounts & Beneficiaries","",""
"","126","Admin Devices Deactivate - Nonexistent ID","Personal Banking APIs - QA Test Suite","2026-09-27","failed","2026-09-27","Admin Devices Deactivate","Login, Credentials, Security & Devices","",""
"","156","Transactions - Valid","Personal Banking APIs - QA Test Suite","2026-09-27","failed","2026-09-27","Transactions","Target Savings","",""
"","138","Get Item - Invalid Query","Personal Banking APIs - QA Test Suite","2026-09-27","failed","2026-09-27","Get Item","Rewards, Cash Tokens & Wishlists","",""
"","128","Reward With Cashback - No Auth","Personal Banking APIs - QA Test Suite","2026-09-27","passed","2026-09-27","Reward With Cashback","Rewards, Cash Tokens & Wishlists","",""
"","128","Transactions Deposit - No Auth","Personal Banking APIs - QA Test Suite","2026-09-27","failed","2026-09-27","Transactions Deposit","SWAG Savings","",""
"","134","Admin Coins Rules - Invalid Status Or Type","Personal Banking APIs - QA Test Suite","2026-09-27","failed","2026-09-27","Admin Coins Rules","Rewards, Cash Tokens & Wishlists","",""
"","125","Create - No Auth","Personal Banking APIs - QA Test Suite","2026-09-27","passed","2026-09-27","Create","Airtime, Data, Bills & VAS Beneficiaries","",""
"","125","Approve Single Fund Request - No Auth","Personal Banking APIs - QA Test Suite","2026-09-27","passed","2026-09-27","Approve Single Fund Request","Wallets, Transfers, Transactions & Fund Requests","",""
"","128","Wallet - No Auth","Personal Banking APIs - QA Test Suite","2026-09-27","passed","2026-09-27","Wallet","SWAG Savings","",""
"","151","Overview - Valid","Personal Banking APIs - QA Test Suite","2026-09-27","passed","2026-09-27","Overview","Rewards, Cash Tokens & Wishlists","",""
"","132","Update Single Transfer Limit - Missing Required Field","Personal Banking APIs - QA Test Suite","2026-09-27","passed","2026-09-27","Update Single Transfer Limit","Customer Profile, Accounts & Beneficiaries","",""
"","131","Purchase Waec - Empty Fields","Personal Banking APIs - QA Test Suite","2026-09-27","passed","2026-09-27","Purchase Waec","Airtime, Data, Bills & VAS Beneficiaries","",""
"","124","Transactions - No Auth","Personal Banking APIs - QA Test Suite","2026-09-27","passed","2026-09-27","Transactions","Supalock Savings","",""
"","126","Get Betting Billers - No Auth","Personal Banking APIs - QA Test Suite","2026-09-27","passed","2026-09-27","Get Betting Billers","Airtime, Data, Bills & VAS Beneficiaries","",""
"","135","Types - Empty Fields","Personal Banking APIs - QA Test Suite","2026-09-27","failed","2026-09-27","Types","Supalock Savings","",""
"","153","Validate Jamb Profile - Valid","Personal Banking APIs - QA Test Suite","2026-09-27","failed","2026-09-27","Validate Jamb Profile","Airtime, Data, Bills & VAS Beneficiaries","",""
"","151","Recipients - Invalid ID","Personal Banking APIs - QA Test Suite","2026-09-27","failed","2026-09-27","Recipients","Wallets, Transfers, Transactions & Fund Requests","",""
"","134","Verify Device Changed - Missing Required Field","Personal Banking APIs - QA Test Suite","2026-09-27","passed","2026-09-27","Verify Device Changed","Login, Credentials, Security & Devices","",""
"","125","Young Moni Validate Details - Empty Fields","Personal Banking APIs - QA Test Suite","2026-09-27","failed","2026-09-27","Young Moni Validate Details","Customer Profile, Accounts & Beneficiaries","",""
"","131","Verify Reset Token - Valid","Personal Banking APIs - QA Test Suite","2026-09-27","failed","2026-09-27","Verify Reset Token","Login, Credentials, Security & Devices","",""
"","132","Withdraw Supalock - Nonexistent ID","Personal Banking APIs - QA Test Suite","2026-09-27","failed","2026-09-27","Withdraw Supalock","Supalock Savings","",""
"","129","Partial - Invalid ID","Personal Banking APIs - QA Test Suite","2026-09-27","passed","2026-09-27","Partial","Airtime, Data, Bills & VAS Beneficiaries","",""
"","129","Purchase Airtime - Valid","Personal Banking APIs - QA Test Suite","2026-09-27","failed","2026-09-27","Purchase Airtime","Airtime, Data, Bills & VAS Beneficiaries","",""
"","366","Get Cable Plans - Invalid ID","Personal Banking APIs - QA Test Suite","2026-09-27","failed","2026-09-27","Get Cable Plans","Airtime, Data, Bills & VAS Beneficiaries","",""
"","239","Admin Games Sessions - Invalid Query","Personal Banking APIs - QA Test Suite","2026-09-27","failed","2026-09-27","Admin Games Sessions","Rewards, Cash Tokens & Wishlists","",""
"","127","Transactions Withdraw Interest - Missing Required Field","Personal Banking APIs - QA Test Suite","2026-09-27","passed","2026-09-27","Transactions Withdraw Interest","SWAG Savings","",""
"","135","Validate Smart Card - Empty Fields","Personal Banking APIs - QA Test Suite","2026-09-27","failed","2026-09-27","Validate Smart Card","Airtime, Data, Bills & VAS Beneficiaries","",""
"","137","Partial - Invalid ID","Personal Banking APIs - QA Test Suite","2026-09-27","failed","2026-09-27","Partial","Airtime, Data, Bills & VAS Beneficiaries","",""
"","125","Coin Wallet - No Auth","Personal Banking APIs - QA Test Suite","2026-09-27","passed","2026-09-27","Coin Wallet","Rewards, Cash Tokens & Wishlists","",""
"","133","Terms Terms And Rewards - Invalid Query","Personal Banking APIs - QA Test Suite","2026-09-27","failed","2026-09-27","Terms Terms And Rewards","Rewards, Cash Tokens & Wishlists","",""
"","139","Verify BVN (Choose BVN or NIN) - Valid","Personal Banking APIs - QA Test Suite","2026-09-27","failed","2026-09-27","Verify BVN (Choose BVN or NIN)","Customer Onboarding","",""
"","217","Create Wishlist - Missing Required Field","Personal Banking APIs - QA Test Suite","2026-09-27","passed","2026-09-27","Create Wishlist","Rewards, Cash Tokens & Wishlists","",""
"","141","Get Suggestions - Invalid Query","Personal Banking APIs - QA Test Suite","2026-09-27","failed","2026-09-27","Get Suggestions","Customer Profile, Accounts & Beneficiaries","",""
"","130","Validate Liveness (When Required) - Empty Fields","Personal Banking APIs - QA Test Suite","2026-09-27","passed","2026-09-27","Validate Liveness (When Required)","Customer Onboarding","",""
"","141","Channel Settings - Invalid Query","Personal Banking APIs - QA Test Suite","2026-09-27","failed","2026-09-27","Channel Settings","Customer Cards","",""
"","132","Create Wishlist With Items - Invalid Amount","Personal Banking APIs - QA Test Suite","2026-09-27","passed","2026-09-27","Create Wishlist With Items","Rewards, Cash Tokens & Wishlists","",""
"","144","Reward With Airtime - Valid","Personal Banking APIs - QA Test Suite","2026-09-27","failed","2026-09-27","Reward With Airtime","Rewards, Cash Tokens & Wishlists","",""
"","147","Update - Invalid ID","Personal Banking APIs - QA Test Suite","2026-09-27","passed","2026-09-27","Update","Scheduled Payments","",""
"","136","Update Location - Nonexistent ID","Personal Banking APIs - QA Test Suite","2026-09-27","failed","2026-09-27","Update Location","Login, Credentials, Security & Devices","",""
"","128","Transactions Update Swag Monthly Rollover - Missing Required Field","Personal Banking APIs - QA Test Suite","2026-09-27","failed","2026-09-27","Transactions Update Swag Monthly Rollover","SWAG Savings","",""
"","135","Young Moni Documents - Invalid Query","Personal Banking APIs - QA Test Suite","2026-09-27","failed","2026-09-27","Young Moni Documents","KYC, Tier Upgrades & Young Moni","",""
"","131","Admin Games Rewards - Nonexistent ID","Personal Banking APIs - QA Test Suite","2026-09-27","failed","2026-09-27","Admin Games Rewards","Rewards, Cash Tokens & Wishlists","",""
"","168","Types - Valid","Personal Banking APIs - QA Test Suite","2026-09-27","failed","2026-09-27","Types","Supalock Savings","",""
"","131","Create Supalock - Invalid Token Or PIN","Personal Banking APIs - QA Test Suite","2026-09-27","failed","2026-09-27","Create Supalock","Supalock Savings","",""
"","132","Update Daily Transfer Limit - Invalid Token Or PIN","Personal Banking APIs - QA Test Suite","2026-09-27","passed","2026-09-27","Update Daily Transfer Limit","Customer Profile, Accounts & Beneficiaries","",""
"","131","Upload Bulk Fund Request - Empty Fields","Personal Banking APIs - QA Test Suite","2026-09-27","passed","2026-09-27","Upload Bulk Fund Request","Wallets, Transfers, Transactions & Fund Requests","",""
"","159","List - Invalid Query","Personal Banking APIs - QA Test Suite","2026-09-27","failed","2026-09-27","List","Rewards, Cash Tokens & Wishlists","",""
"","132","Webhook Cashtoken Webhook - Invalid Amount","Personal Banking APIs - QA Test Suite","2026-09-27","failed","2026-09-27","Webhook Cashtoken Webhook","Rewards, Cash Tokens & Wishlists","",""
"","125","Destroy - No Auth","Personal Banking APIs - QA Test Suite","2026-09-27","passed","2026-09-27","Destroy","Customer Profile, Accounts & Beneficiaries","",""
"","137","Update Communication Preference - Invalid ID","Personal Banking APIs - QA Test Suite","2026-09-27","passed","2026-09-27","Update Communication Preference","Customer Profile, Accounts & Beneficiaries","",""
"","149","Total Supalock Amount - Valid","Personal Banking APIs - QA Test Suite","2026-09-27","passed","2026-09-27","Total Supalock Amount","Supalock Savings","",""
"","134","Wallet Download Target Statement - Invalid Amount","Personal Banking APIs - QA Test Suite","2026-09-27","failed","2026-09-27","Wallet Download Target Statement","Target Savings","",""
"","126","Young Moni Validate Details Without Identity - Empty Fields","Personal Banking APIs - QA Test Suite","2026-09-27","failed","2026-09-27","Young Moni Validate Details Without Identity","Customer Profile, Accounts & Beneficiaries","",""
"","132","Update Credit Stage - No Auth","Personal Banking APIs - QA Test Suite","2026-09-27","passed","2026-09-27","Update Credit Stage","Wallets, Transfers, Transactions & Fund Requests","",""
"","134","Young Moni Documents Action Document - Nonexistent ID","Personal Banking APIs - QA Test Suite","2026-09-27","failed","2026-09-27","Young Moni Documents Action Document","KYC, Tier Upgrades & Young Moni","",""
"","125","Create Her Wealth - No Auth","Personal Banking APIs - QA Test Suite","2026-09-27","passed","2026-09-27","Create Her Wealth","Customer Profile, Accounts & Beneficiaries","",""
"","135","Partial - Missing Required Field","Personal Banking APIs - QA Test Suite","2026-09-27","failed","2026-09-27","Partial","Wallets, Transfers, Transactions & Fund Requests","",""
"","125","Types - No Auth","Personal Banking APIs - QA Test Suite","2026-09-27","passed","2026-09-27","Types","Supalock Savings","",""
"","136","Admin Update Documents - Invalid Status Or Type","Personal Banking APIs - QA Test Suite","2026-09-27","passed","2026-09-27","Admin Update Documents","KYC, Tier Upgrades & Young Moni","",""
"","127","Purchase Electricity - Invalid Token Or PIN","Personal Banking APIs - QA Test Suite","2026-09-27","passed","2026-09-27","Purchase Electricity","Airtime, Data, Bills & VAS Beneficiaries","",""
"","133","Update Daily Transfer Limit - Missing Required Field","Personal Banking APIs - QA Test Suite","2026-09-27","passed","2026-09-27","Update Daily Transfer Limit","Customer Profile, Accounts & Beneficiaries","",""
"","130","Continue With Email - Empty Fields","Personal Banking APIs - QA Test Suite","2026-09-27","passed","2026-09-27","Continue With Email","Customer Onboarding","",""
"","135","Fund Betting Wallet - Valid","Personal Banking APIs - QA Test Suite","2026-09-27","failed","2026-09-27","Fund Betting Wallet","Airtime, Data, Bills & VAS Beneficiaries","",""
"","126","Admin Devices Reactivate - Nonexistent ID","Personal Banking APIs - QA Test Suite","2026-09-27","failed","2026-09-27","Admin Devices Reactivate","Login, Credentials, Security & Devices","",""
"","129","Purchase Electricity - Valid","Personal Banking APIs - QA Test Suite","2026-09-27","failed","2026-09-27","Purchase Electricity","Airtime, Data, Bills & VAS Beneficiaries","",""
"","149","Providers - Valid","Personal Banking APIs - QA Test Suite","2026-09-27","failed","2026-09-27","Providers","Insurance","",""
"","135","Initiate Email Update - Invalid Token Or PIN","Personal Banking APIs - QA Test Suite","2026-09-27","passed","2026-09-27","Initiate Email Update","KYC, Tier Upgrades & Young Moni","",""
"","142","Youngmoni Transfer - Valid","Personal Banking APIs - QA Test Suite","2026-09-27","failed","2026-09-27","Youngmoni Transfer","Scheduled Payments","",""
"","168","Transactions Evaluate Target - Valid","Personal Banking APIs - QA Test Suite","2026-09-27","failed","2026-09-27","Transactions Evaluate Target","Target Savings","",""
"","131","Wallet - Invalid ID","Personal Banking APIs - QA Test Suite","2026-09-27","failed","2026-09-27","Wallet","Save & Spend","",""
"","153","Tenors - Valid","Personal Banking APIs - QA Test Suite","2026-09-27","failed","2026-09-27","Tenors","Kolo Connect Advances","",""
"","125","Retrieve - No Auth","Personal Banking APIs - QA Test Suite","2026-09-27","passed","2026-09-27","Retrieve","Wallets, Transfers, Transactions & Fund Requests","",""
"","133","Winner Dismiss Action - Invalid Amount","Personal Banking APIs - QA Test Suite","2026-09-27","failed","2026-09-27","Winner Dismiss Action","Rewards, Cash Tokens & Wishlists","",""
"","124","Admin Coins Redemption Rules - No Auth","Personal Banking APIs - QA Test Suite","2026-09-27","passed","2026-09-27","Admin Coins Redemption Rules","Rewards, Cash Tokens & Wishlists","",""
"","874","Reject Bulk Fund Request - Invalid Token Or PIN","Personal Banking APIs - QA Test Suite","2026-09-27","failed","2026-09-27","Reject Bulk Fund Request","Wallets, Transfers, Transactions & Fund Requests","",""
"","124","Admin Devices Reactivate - No Auth","Personal Banking APIs - QA Test Suite","2026-09-27","failed","2026-09-27","Admin Devices Reactivate","Login, Credentials, Security & Devices","",""
"","128","Fund Betting Wallet - Empty Fields","Personal Banking APIs - QA Test Suite","2026-09-27","passed","2026-09-27","Fund Betting Wallet","Airtime, Data, Bills & VAS Beneficiaries","",""
"","136","Retrieve - Nonexistent ID","Personal Banking APIs - QA Test Suite","2026-09-27","failed","2026-09-27","Retrieve","Airtime, Data, Bills & VAS Beneficiaries","",""
"","144","Reject Bulk Fund Request - Valid","Personal Banking APIs - QA Test Suite","2026-09-27","failed","2026-09-27","Reject Bulk Fund Request","Wallets, Transfers, Transactions & Fund Requests","",""
"","126","Single Fund Request - Invalid Token Or PIN","Personal Banking APIs - QA Test Suite","2026-09-27","passed","2026-09-27","Single Fund Request","Wallets, Transfers, Transactions & Fund Requests","",""
"","131","Admin Coins Rules - Empty Fields","Personal Banking APIs - QA Test Suite","2026-09-27","failed","2026-09-27","Admin Coins Rules","Rewards, Cash Tokens & Wishlists","",""
"","135","Young Moni Upload Child Documents - Invalid Status Or Type","Personal Banking APIs - QA Test Suite","2026-09-27","failed","2026-09-27","Young Moni Upload Child Documents","Customer Profile, Accounts & Beneficiaries","",""
"","125","Electricity - No Auth","Personal Banking APIs - QA Test Suite","2026-09-27","passed","2026-09-27","Electricity","Scheduled Payments","",""
"","145","Wishlist Config - Valid","Personal Banking APIs - QA Test Suite","2026-09-27","failed","2026-09-27","Wishlist Config","Rewards, Cash Tokens & Wishlists","",""
"","127","Login With Pin - Missing Required Field","Personal Banking APIs - QA Test Suite","2026-09-27","passed","2026-09-27","Login With Pin","Login, Credentials, Security & Devices","",""
"","134","Customer Submit - Missing Required Field","Personal Banking APIs - QA Test Suite","2026-09-27","passed","2026-09-27","Customer Submit","KYC, Tier Upgrades & Young Moni","",""
"","124","Wallet Total Balance - No Auth","Personal Banking APIs - QA Test Suite","2026-09-27","passed","2026-09-27","Wallet Total Balance","Save & Spend","",""
"","124","Terms - No Auth","Personal Banking APIs - QA Test Suite","2026-09-27","passed","2026-09-27","Terms","Rewards, Cash Tokens & Wishlists","",""
"","135","Admin Admin Tier One Upgrade - Invalid Status Or Type","Personal Banking APIs - QA Test Suite","2026-09-27","failed","2026-09-27","Admin Admin Tier One Upgrade","KYC, Tier Upgrades & Young Moni","",""
"","135","Payment Merchant - Invalid Status Or Type","Personal Banking APIs - QA Test Suite","2026-09-27","failed","2026-09-27","Payment Merchant","Customer Cards","",""
"","126","Fund Betting Wallet - Invalid Token Or PIN","Personal Banking APIs - QA Test Suite","2026-09-27","passed","2026-09-27","Fund Betting Wallet","Airtime, Data, Bills & VAS Beneficiaries","",""
"","133","Request Account Reactivation - Invalid Status Or Type","Personal Banking APIs - QA Test Suite","2026-09-27","passed","2026-09-27","Request Account Reactivation","KYC, Tier Upgrades & Young Moni","",""
"","136","Approve Single Fund Request - Empty Fields","Personal Banking APIs - QA Test Suite","2026-09-27","failed","2026-09-27","Approve Single Fund Request","Wallets, Transfers, Transactions & Fund Requests","",""
"","134","Toolkit Accounts - Invalid Query","Personal Banking APIs - QA Test Suite","2026-09-27","failed","2026-09-27","Toolkit Accounts","Customer Profile, Accounts & Beneficiaries","",""
"","135","Get Transaction Overview - Invalid Query","Personal Banking APIs - QA Test Suite","2026-09-27","failed","2026-09-27","Get Transaction Overview","Wallets, Transfers, Transactions & Fund Requests","",""
"","145","Topup Supalock - Valid","Personal Banking APIs - QA Test Suite","2026-09-27","failed","2026-09-27","Topup Supalock","Supalock Savings","",""
"","124","Create - No Auth","Personal Banking APIs - QA Test Suite","2026-09-27","passed","2026-09-27","Create","Airtime, Data, Bills & VAS Beneficiaries","",""
"","129","Fund Betting Wallet - Missing Required Field","Personal Banking APIs - QA Test Suite","2026-09-27","passed","2026-09-27","Fund Betting Wallet","Airtime, Data, Bills & VAS Beneficiaries","",""
"","140","Update Daily Transfer Limit - Valid","Personal Banking APIs - QA Test Suite","2026-09-27","failed","2026-09-27","Update Daily Transfer Limit","Customer Profile, Accounts & Beneficiaries","",""
"","131","Wallet Interest Balance - Nonexistent ID","Personal Banking APIs - QA Test Suite","2026-09-27","failed","2026-09-27","Wallet Interest Balance","Save & Spend","",""
"","133","Transactions - Nonexistent ID","Personal Banking APIs - QA Test Suite","2026-09-27","passed","2026-09-27","Transactions","Supalock Savings","",""
"","134","Kyc Level Distribution - Invalid Query","Personal Banking APIs - QA Test Suite","2026-09-27","failed","2026-09-27","Kyc Level Distribution","Customer Profile, Accounts & Beneficiaries","",""
"","136","Download Statement - Invalid Status Or Type","Personal Banking APIs - QA Test Suite","2026-09-27","failed","2026-09-27","Download Statement","Wallets, Transfers, Transactions & Fund Requests","",""
"","124","Types - No Auth","Personal Banking APIs - QA Test Suite","2026-09-27","passed","2026-09-27","Types","Supalock Savings","",""
"","126","Verify Phone Number - No Auth","Personal Banking APIs - QA Test Suite","2026-09-27","passed","2026-09-27","Verify Phone Number","Login, Credentials, Security & Devices","",""
"","129","Transactions Update Spend Wallet - Nonexistent ID","Personal Banking APIs - QA Test Suite","2026-09-27","failed","2026-09-27","Transactions Update Spend Wallet","Save & Spend","",""
"","139","Document Update Status - Empty Fields","Personal Banking APIs - QA Test Suite","2026-09-27","failed","2026-09-27","Document Update Status","KYC, Tier Upgrades & Young Moni","",""
"","131","Verify Device Changed - Invalid Token Or PIN","Personal Banking APIs - QA Test Suite","2026-09-27","passed","2026-09-27","Verify Device Changed","Login, Credentials, Security & Devices","",""
"","125","Request Phone Verification - Empty Fields","Personal Banking APIs - QA Test Suite","2026-09-27","failed","2026-09-27","Request Phone Verification","Login, Credentials, Security & Devices","",""
"","242","Admin Games Sessions - Valid","Personal Banking APIs - QA Test Suite","2026-09-27","failed","2026-09-27","Admin Games Sessions","Rewards, Cash Tokens & Wishlists","",""
"","135","Wallet Download Target Statement - Missing Required Field","Personal Banking APIs - QA Test Suite","2026-09-27","failed","2026-09-27","Wallet Download Target Statement","Target Savings","",""
"","133","Youngmoni Transfer - Invalid Amount","Personal Banking APIs - QA Test Suite","2026-09-27","passed","2026-09-27","Youngmoni Transfer","Scheduled Payments","",""
"","232","Admin - No Auth","Personal Banking APIs - QA Test Suite","2026-09-27","passed","2026-09-27","Admin","KYC, Tier Upgrades & Young Moni","",""
"","137","Remaining Limit Today - Invalid Query","Personal Banking APIs - QA Test Suite","2026-09-27","failed","2026-09-27","Remaining Limit Today","Wallets, Transfers, Transactions & Fund Requests","",""
"","127","Purchase Cable - Invalid Amount","Personal Banking APIs - QA Test Suite","2026-09-27","passed","2026-09-27","Purchase Cable","Airtime, Data, Bills & VAS Beneficiaries","",""
"","124","Create Wishlist - No Auth","Personal Banking APIs - QA Test Suite","2026-09-27","passed","2026-09-27","Create Wishlist","Rewards, Cash Tokens & Wishlists","",""
"","134","Approve Single Bulk Recipient - Missing Required Field","Personal Banking APIs - QA Test Suite","2026-09-27","failed","2026-09-27","Approve Single Bulk Recipient","Wallets, Transfers, Transactions & Fund Requests","",""
"","139","Young Moni Documents - Valid","Personal Banking APIs - QA Test Suite","2026-09-27","failed","2026-09-27","Young Moni Documents","KYC, Tier Upgrades & Young Moni","",""
"","131","Admin Games Rewards - Nonexistent ID","Personal Banking APIs - QA Test Suite","2026-09-27","failed","2026-09-27","Admin Games Rewards","Rewards, Cash Tokens & Wishlists","",""
"","132","Verify Email OTP - Invalid Token Or PIN","Personal Banking APIs - QA Test Suite","2026-09-27","passed","2026-09-27","Verify Email OTP","Customer Onboarding","",""
"","176","Requests - Valid","Personal Banking APIs - QA Test Suite","2026-09-27","failed","2026-09-27","Requests","Customer Cards","",""
"","181","Activate - Invalid Token Or PIN","Personal Banking APIs - QA Test Suite","2026-09-27","failed","2026-09-27","Activate","Customer Cards","",""
"","133","Webhook Cashtoken Webhook - Empty Fields","Personal Banking APIs - QA Test Suite","2026-09-27","failed","2026-09-27","Webhook Cashtoken Webhook","Rewards, Cash Tokens & Wishlists","",""
"","127","Transactions Create Wallet Product Specific - Invalid Status Or Type","Personal Banking APIs - QA Test Suite","2026-09-27","passed","2026-09-27","Transactions Create Wallet Product Specific","Target Savings","",""
"","146","Retrieve - Valid","Personal Banking APIs - QA Test Suite","2026-09-27","failed","2026-09-27","Retrieve","Wallets, Transfers, Transactions & Fund Requests","",""
"","129","Request Alias Phone Verification - Empty Fields","Personal Banking APIs - QA Test Suite","2026-09-27","passed","2026-09-27","Request Alias Phone Verification","Customer Profile, Accounts & Beneficiaries","",""
"","126","Admin Coins Rules - No Auth","Personal Banking APIs - QA Test Suite","2026-09-27","passed","2026-09-27","Admin Coins Rules","Rewards, Cash Tokens & Wishlists","",""
"","125","Admin Devices Reactivate - Valid","Personal Banking APIs - QA Test Suite","2026-09-27","failed","2026-09-27","Admin Devices Reactivate","Login, Credentials, Security & Devices","",""
"","127","Upload Documents - No Auth","Personal Banking APIs - QA Test Suite","2026-09-27","passed","2026-09-27","Upload Documents","KYC, Tier Upgrades & Young Moni","",""
"","131","Verify Email OTP - Invalid Email","Personal Banking APIs - QA Test Suite","2026-09-27","passed","2026-09-27","Verify Email OTP","Customer Onboarding","",""
"","134","Account Officer - Invalid Query","Personal Banking APIs - QA Test Suite","2026-09-27","failed","2026-09-27","Account Officer","Customer Profile, Accounts & Beneficiaries","",""
"","138","Create - Missing Required Field","Personal Banking APIs - QA Test Suite","2026-09-27","passed","2026-09-27","Create","Customer Profile, Accounts & Beneficiaries","",""
"","132","Admin Coins Redemption Rules - Invalid ID","Personal Banking APIs - QA Test Suite","2026-09-27","failed","2026-09-27","Admin Coins Redemption Rules","Rewards, Cash Tokens & Wishlists","",""
"","131","Retrieve - Invalid Query","Personal Banking APIs - QA Test Suite","2026-09-27","failed","2026-09-27","Retrieve","Kolo Connect Advances","",""
"","134","Admin Complete Upgrade Request - Invalid ID","Personal Banking APIs - QA Test Suite","2026-09-27","failed","2026-09-27","Admin Complete Upgrade Request","KYC, Tier Upgrades & Young Moni","",""
"","137","Create - Empty Fields","Personal Banking APIs - QA Test Suite","2026-09-27","passed","2026-09-27","Create","Customer Profile, Accounts & Beneficiaries","",""
"","127","Admin Devices Deactivate - Empty Fields","Personal Banking APIs - QA Test Suite","2026-09-27","failed","2026-09-27","Admin Devices Deactivate","Login, Credentials, Security & Devices","",""
"","135","Proposed Contributor - No Auth","Personal Banking APIs - QA Test Suite","2026-09-27","failed","2026-09-27","Proposed Contributor","Rewards, Cash Tokens & Wishlists","",""
"","140","Tier Progress - Invalid Query","Personal Banking APIs - QA Test Suite","2026-09-27","passed","2026-09-27","Tier Progress","Rewards, Cash Tokens & Wishlists","",""
"","134","Partial - Empty Fields","Personal Banking APIs - QA Test Suite","2026-09-27","failed","2026-09-27","Partial","Customer Profile, Accounts & Beneficiaries","",""
"","125","Retrieve - No Auth","Personal Banking APIs - QA Test Suite","2026-09-27","passed","2026-09-27","Retrieve","KYC, Tier Upgrades & Young Moni","",""
"","123","List - No Auth","Personal Banking APIs - QA Test Suite","2026-09-27","passed","2026-09-27","List","Wallets, Transfers, Transactions & Fund Requests","",""
"","130","Verify Email OTP - Valid","Personal Banking APIs - QA Test Suite","2026-09-27","failed","2026-09-27","Verify Email OTP","Customer Onboarding","",""
"","129","Login - Empty Fields","Personal Banking APIs - QA Test Suite","2026-09-27","passed","2026-09-27","Login","Login, Credentials, Security & Devices","",""
"","135","Create Her Wealth - Empty Fields","Personal Banking APIs - QA Test Suite","2026-09-27","passed","2026-09-27","Create Her Wealth","Customer Profile, Accounts & Beneficiaries","",""
"","142","Data - Missing Required Field","Personal Banking APIs - QA Test Suite","2026-09-27","passed","2026-09-27","Data","Scheduled Payments","",""
"","128","Verify Token - Empty Fields","Personal Banking APIs - QA Test Suite","2026-09-27","passed","2026-09-27","Verify Token","Login, Credentials, Security & Devices","",""
"","138","Create - Empty Fields","Personal Banking APIs - QA Test Suite","2026-09-27","failed","2026-09-27","Create","Airtime, Data, Bills & VAS Beneficiaries","",""
"","125","Data Plans - No Auth","Personal Banking APIs - QA Test Suite","2026-09-27","passed","2026-09-27","Data Plans","Airtime, Data, Bills & VAS Beneficiaries","",""
"","125","Disable - No Auth","Personal Banking APIs - QA Test Suite","2026-09-27","passed","2026-09-27","Disable","Wallets, Transfers, Transactions & Fund Requests","",""
"","136","Retrieve - Nonexistent ID","Personal Banking APIs - QA Test Suite","2026-09-27","failed","2026-09-27","Retrieve","Kolo Connect Advances","",""
"","126","Login With Pin - Empty Fields","Personal Banking APIs - QA Test Suite","2026-09-27","passed","2026-09-27","Login With Pin","Login, Credentials, Security & Devices","",""
"","130","Withdraw Supalock - Missing Required Field","Personal Banking APIs - QA Test Suite","2026-09-27","failed","2026-09-27","Withdraw Supalock","Supalock Savings","",""
"","134","Purchase Jamb - Invalid Token Or PIN","Personal Banking APIs - QA Test Suite","2026-09-27","passed","2026-09-27","Purchase Jamb","Airtime, Data, Bills & VAS Beneficiaries","",""
"","157","Create Wishlist With Items - Valid","Personal Banking APIs - QA Test Suite","2026-09-27","failed","2026-09-27","Create Wishlist With Items","Rewards, Cash Tokens & Wishlists","",""
"","124","Wallet - No Auth","Personal Banking APIs - QA Test Suite","2026-09-27","passed","2026-09-27","Wallet","SWAG Savings","",""
"","136","Account Officer Change Request - Invalid Query","Personal Banking APIs - QA Test Suite","2026-09-27","failed","2026-09-27","Account Officer Change Request","Customer Profile, Accounts & Beneficiaries","",""
"","139","Requests - Nonexistent ID","Personal Banking APIs - QA Test Suite","2026-09-27","passed","2026-09-27","Requests","Customer Cards","",""
"","126","Purchase Data - Invalid Amount","Personal Banking APIs - QA Test Suite","2026-09-27","passed","2026-09-27","Purchase Data","Airtime, Data, Bills & VAS Beneficiaries","",""
"","136","Validate Liveness (When Required) - Missing Required Field","Personal Banking APIs - QA Test Suite","2026-09-27","passed","2026-09-27","Validate Liveness (When Required)","Customer Onboarding","",""
"","144","Retrieve - Valid","Personal Banking APIs - QA Test Suite","2026-09-27","failed","2026-09-27","Retrieve","Kolo Connect Advances","",""
"","125","Channel Settings - No Auth","Personal Banking APIs - QA Test Suite","2026-09-27","passed","2026-09-27","Channel Settings","Customer Cards","",""
"","124","Retrieve - No Auth","Personal Banking APIs - QA Test Suite","2026-09-27","passed","2026-09-27","Retrieve","Kolo Connect Advances","",""
"","135","Activate - Nonexistent ID","Personal Banking APIs - QA Test Suite","2026-09-27","passed","2026-09-27","Activate","Customer Cards","",""
"","126","Wishlist Config Edit - No Auth","Personal Banking APIs - QA Test Suite","2026-09-27","failed","2026-09-27","Wishlist Config Edit","Rewards, Cash Tokens & Wishlists","",""
"","132","Fee Settings - Invalid Query","Personal Banking APIs - QA Test Suite","2026-09-27","failed","2026-09-27","Fee Settings","Customer Cards","",""
"","140","Transactions Evaluate Break - No Auth","Personal Banking APIs - QA Test Suite","2026-09-27","passed","2026-09-27","Transactions Evaluate Break","Target Savings","",""
"","134","Validate Jamb Profile - Invalid Status Or Type","Personal Banking APIs - QA Test Suite","2026-09-27","failed","2026-09-27","Validate Jamb Profile","Airtime, Data, Bills & VAS Beneficiaries","",""
"","156","Retrieve - Valid","Personal Banking APIs - QA Test Suite","2026-09-27","failed","2026-09-27","Retrieve","Wallets, Transfers, Transactions & Fund Requests","",""
"","138","Young Moni Requests - Valid","Personal Banking APIs - QA Test Suite","2026-09-27","failed","2026-09-27","Young Moni Requests","KYC, Tier Upgrades & Young Moni","",""
"","135","Dismiss Action - Nonexistent ID","Personal Banking APIs - QA Test Suite","2026-09-27","passed","2026-09-27","Dismiss Action","KYC, Tier Upgrades & Young Moni","",""
"","125","List Schedule Payments - No Auth","Personal Banking APIs - QA Test Suite","2026-09-27","passed","2026-09-27","List Schedule Payments","Scheduled Payments","",""
"","130","Transactions Break Wallet - Missing Required Field","Personal Banking APIs - QA Test Suite","2026-09-27","passed","2026-09-27","Transactions Break Wallet","Save & Spend","",""
"","124","Winner Dismiss Action - No Auth","Personal Banking APIs - QA Test Suite","2026-09-27","passed","2026-09-27","Winner Dismiss Action","Rewards, Cash Tokens & Wishlists","",""
"","134","Admin Admin Tier Zero Upgrade - Missing Required Field","Personal Banking APIs - QA Test Suite","2026-09-27","failed","2026-09-27","Admin Admin Tier Zero Upgrade","KYC, Tier Upgrades & Young Moni","",""
"","125","Account Officer Rate Officer - No Auth","Personal Banking APIs - QA Test Suite","2026-09-27","passed","2026-09-27","Account Officer Rate Officer","Customer Profile, Accounts & Beneficiaries","",""
"","147","Cancel Schedule Payment - Valid","Personal Banking APIs - QA Test Suite","2026-09-27","failed","2026-09-27","Cancel Schedule Payment","Scheduled Payments","",""
"","150","List - Valid","Personal Banking APIs - QA Test Suite","2026-09-27","failed","2026-09-27","List","Wallets, Transfers, Transactions & Fund Requests","",""
"","134","Young Moni Requests Complete Review - Nonexistent ID","Personal Banking APIs - QA Test Suite","2026-09-27","failed","2026-09-27","Young Moni Requests Complete Review","KYC, Tier Upgrades & Young Moni","",""
"","124","Purchase Cable - Invalid Status Or Type","Personal Banking APIs - QA Test Suite","2026-09-27","passed","2026-09-27","Purchase Cable","Airtime, Data, Bills & VAS Beneficiaries","",""
"","135","Find Account Banks - Missing Required Field","Personal Banking APIs - QA Test Suite","2026-09-27","passed","2026-09-27","Find Account Banks","Customer Profile, Accounts & Beneficiaries","",""
"","143","Update Credit Stage - Valid","Personal Banking APIs - QA Test Suite","2026-09-27","failed","2026-09-27","Update Credit Stage","Wallets, Transfers, Transactions & Fund Requests","",""
"","362","Retrieve - Nonexistent ID","Personal Banking APIs - QA Test Suite","2026-09-27","passed","2026-09-27","Retrieve","Customer Profile, Accounts & Beneficiaries","",""
"","139","Retrieve - Nonexistent ID","Personal Banking APIs - QA Test Suite","2026-09-27","passed","2026-09-27","Retrieve","Insurance","",""
"","125","Partial - No Auth","Personal Banking APIs - QA Test Suite","2026-09-27","passed","2026-09-27","Partial","Wallets, Transfers, Transactions & Fund Requests","",""
"","130","List Schedule Payments - Nonexistent ID","Personal Banking APIs - QA Test Suite","2026-09-27","failed","2026-09-27","List Schedule Payments","Scheduled Payments","",""
"","132","Admin Coins Rules - Invalid ID","Personal Banking APIs - QA Test Suite","2026-09-27","failed","2026-09-27","Admin Coins Rules","Rewards, Cash Tokens & Wishlists","",""
"","135","Retrieve - Invalid Query","Personal Banking APIs - QA Test Suite","2026-09-27","failed","2026-09-27","Retrieve","Airtime, Data, Bills & VAS Beneficiaries","",""
"","139","Retrieve - Invalid ID","Personal Banking APIs - QA Test Suite","2026-09-27","passed","2026-09-27","Retrieve","Customer Profile, Accounts & Beneficiaries","",""
"","135","Types - Invalid Query","Personal Banking APIs - QA Test Suite","2026-09-27","failed","2026-09-27","Types","Supalock Savings","",""
"","145","Reject Bulk Fund Request - Empty Fields","Personal Banking APIs - QA Test Suite","2026-09-27","failed","2026-09-27","Reject Bulk Fund Request","Wallets, Transfers, Transactions & Fund Requests","",""
"","134","Enable - Invalid Amount","Personal Banking APIs - QA Test Suite","2026-09-27","failed","2026-09-27","Enable","Wallets, Transfers, Transactions & Fund Requests","",""
"","128","Create Transaction Pin - No Auth","Personal Banking APIs - QA Test Suite","2026-09-27","passed","2026-09-27","Create Transaction Pin","Login, Credentials, Security & Devices","",""
"","132","Setup Liveness Image - No Auth","Personal Banking APIs - QA Test Suite","2026-09-27","failed","2026-09-27","Setup Liveness Image","Login, Credentials, Security & Devices","",""
"","129","Intra Account Transfer - Invalid Token Or PIN","Personal Banking APIs - QA Test Suite","2026-09-27","passed","2026-09-27","Intra Account Transfer","Wallets, Transfers, Transactions & Fund Requests","",""
"","378","Fetch Balance - Nonexistent ID","Personal Banking APIs - QA Test Suite","2026-09-27","passed","2026-09-27","Fetch Balance","Customer Profile, Accounts & Beneficiaries","",""
"","127","Reward With Airtime - Empty Fields","Personal Banking APIs - QA Test Suite","2026-09-27","passed","2026-09-27","Reward With Airtime","Rewards, Cash Tokens & Wishlists","",""
"","133","Terms - Invalid ID","Personal Banking APIs - QA Test Suite","2026-09-27","passed","2026-09-27","Terms","Rewards, Cash Tokens & Wishlists","",""
"","294","Find Customers By Phone - Valid","Personal Banking APIs - QA Test Suite","2026-09-27","passed","2026-09-27","Find Customers By Phone","Customer Profile, Accounts & Beneficiaries","",""
"","144","Activate - Invalid ID","Personal Banking APIs - QA Test Suite","2026-09-27","passed","2026-09-27","Activate","Customer Cards","",""
"","140","Retrieve - Invalid Query","Personal Banking APIs - QA Test Suite","2026-09-27","failed","2026-09-27","Retrieve","Wallets, Transfers, Transactions & Fund Requests","",""
"","125","Deals Active - No Auth","Personal Banking APIs - QA Test Suite","2026-09-27","passed","2026-09-27","Deals Active","Rewards, Cash Tokens & Wishlists","",""
"","133","Admin Coins Redemption Rules - Nonexistent ID","Personal Banking APIs - QA Test Suite","2026-09-27","failed","2026-09-27","Admin Coins Redemption Rules","Rewards, Cash Tokens & Wishlists","",""
"","136","Retrieve - Invalid ID","Personal Banking APIs - QA Test Suite","2026-09-27","passed","2026-09-27","Retrieve","Scheduled Payments","",""
"","135","Find Customers By Phone - Missing Required Field","Personal Banking APIs - QA Test Suite","2026-09-27","passed","2026-09-27","Find Customers By Phone","Customer Profile, Accounts & Beneficiaries","",""
"","151","Transfer - Valid","Personal Banking APIs - QA Test Suite","2026-09-27","failed","2026-09-27","Transfer","Scheduled Payments","",""
"","129","Purchase Epin - Missing Required Field","Personal Banking APIs - QA Test Suite","2026-09-27","passed","2026-09-27","Purchase Epin","Airtime, Data, Bills & VAS Beneficiaries","",""
"","133","Reset Login Pin - Valid","Personal Banking APIs - QA Test Suite","2026-09-27","failed","2026-09-27","Reset Login Pin","Login, Credentials, Security & Devices","",""
"","134","Redeem Insurance - Invalid Status Or Type","Personal Banking APIs - QA Test Suite","2026-09-27","passed","2026-09-27","Redeem Insurance","Insurance","",""
"","237","Admin Games - Invalid Query","Personal Banking APIs - QA Test Suite","2026-09-27","failed","2026-09-27","Admin Games","Rewards, Cash Tokens & Wishlists","",""
"","130","Complete Registration - Missing Required Field","Personal Banking APIs - QA Test Suite","2026-09-27","passed","2026-09-27","Complete Registration","Customer Onboarding","",""
"","135","Disable - Invalid Amount","Personal Banking APIs - QA Test Suite","2026-09-27","failed","2026-09-27","Disable","Wallets, Transfers, Transactions & Fund Requests","",""
"","147","Requests Get Delivery Cost - Valid","Personal Banking APIs - QA Test Suite","2026-09-27","failed","2026-09-27","Requests Get Delivery Cost","Customer Cards","",""
"","138","Retrieve - Invalid ID","Personal Banking APIs - QA Test Suite","2026-09-27","failed","2026-09-27","Retrieve","Airtime, Data, Bills & VAS Beneficiaries","",""
"","132","Update Identity - Missing Required Field","Personal Banking APIs - QA Test Suite","2026-09-27","passed","2026-09-27","Update Identity","KYC, Tier Upgrades & Young Moni","",""
"","127","Approve Bulk Fund Request - No Auth","Personal Banking APIs - QA Test Suite","2026-09-27","passed","2026-09-27","Approve Bulk Fund Request","Wallets, Transfers, Transactions & Fund Requests","",""
"","147","Admin Upload Documents - Invalid Status Or Type","Personal Banking APIs - QA Test Suite","2026-09-27","passed","2026-09-27","Admin Upload Documents","KYC, Tier Upgrades & Young Moni","",""
"","128","Transactions Withdraw Principal - Invalid Token Or PIN","Personal Banking APIs - QA Test Suite","2026-09-27","passed","2026-09-27","Transactions Withdraw Principal","SWAG Savings","",""
"","127","Young Moni Upload Guardian Documents - Nonexistent ID","Personal Banking APIs - QA Test Suite","2026-09-27","passed","2026-09-27","Young Moni Upload Guardian Documents","Customer Profile, Accounts & Beneficiaries","",""
"","138","Export Fund Recipients - Missing Required Field","Personal Banking APIs - QA Test Suite","2026-09-27","failed","2026-09-27","Export Fund Recipients","Wallets, Transfers, Transactions & Fund Requests","",""
"","143","Tier Progress - Valid","Personal Banking APIs - QA Test Suite","2026-09-27","failed","2026-09-27","Tier Progress","Rewards, Cash Tokens & Wishlists","",""
"","134","Approve Single Fund Request - Missing Required Field","Personal Banking APIs - QA Test Suite","2026-09-27","failed","2026-09-27","Approve Single Fund Request","Wallets, Transfers, Transactions & Fund Requests","",""
"","137","Youngmoni Transfer - Missing Required Field","Personal Banking APIs - QA Test Suite","2026-09-27","passed","2026-09-27","Youngmoni Transfer","Scheduled Payments","",""
"","125","Terms - No Auth","Personal Banking APIs - QA Test Suite","2026-09-27","passed","2026-09-27","Terms","Rewards, Cash Tokens & Wishlists","",""
"","134","Inter Name Enquiry - Empty Fields","Personal Banking APIs - QA Test Suite","2026-09-27","passed","2026-09-27","Inter Name Enquiry","Wallets, Transfers, Transactions & Fund Requests","",""
"","153","Encrypt Login - Invalid Token Or PIN","Personal Banking APIs - QA Test Suite","2026-09-27","failed","2026-09-27","Encrypt Login","Login, Credentials, Security & Devices","",""
"","127","Requests Request Card - No Auth","Personal Banking APIs - QA Test Suite","2026-09-27","passed","2026-09-27","Requests Request Card","Customer Cards","",""
"","135","Admin Reject Upgrade Request - Nonexistent ID","Personal Banking APIs - QA Test Suite","2026-09-27","failed","2026-09-27","Admin Reject Upgrade Request","KYC, Tier Upgrades & Young Moni","",""
"","135","Enable - Invalid ID","Personal Banking APIs - QA Test Suite","2026-09-27","failed","2026-09-27","Enable","Wallets, Transfers, Transactions & Fund Requests","",""
"","132","Continue With Email - Missing Required Field","Personal Banking APIs - QA Test Suite","2026-09-27","passed","2026-09-27","Continue With Email","Customer Onboarding","",""
"","942","Check Email / Phone Availability - Valid","Personal Banking APIs - QA Test Suite","2026-09-27","failed","2026-09-27","Check Email / Phone Availability","Customer Onboarding","",""
"","135","Young Moni Requests Request Stats - Invalid Query","Personal Banking APIs - QA Test Suite","2026-09-27","failed","2026-09-27","Young Moni Requests Request Stats","KYC, Tier Upgrades & Young Moni","",""
"","130","Reward With Airtime - No Auth","Personal Banking APIs - QA Test Suite","2026-09-27","passed","2026-09-27","Reward With Airtime","Rewards, Cash Tokens & Wishlists","",""
"","136","Perform Action - Invalid ID","Personal Banking APIs - QA Test Suite","2026-09-27","failed","2026-09-27","Perform Action","Rewards, Cash Tokens & Wishlists","",""
"","171","Transactions - Valid","Personal Banking APIs - QA Test Suite","2026-09-27","passed","2026-09-27","Transactions","Target Savings","",""
"","132","Cancel Schedule Payment - Missing Required Field","Personal Banking APIs - QA Test Suite","2026-09-27","passed","2026-09-27","Cancel Schedule Payment","Scheduled Payments","",""
"","135","Wallet Download Swag Statement - Missing Required Field","Personal Banking APIs - QA Test Suite","2026-09-27","failed","2026-09-27","Wallet Download Swag Statement","SWAG Savings","",""
"","125","Transactions Evaluate Target - No Auth","Personal Banking APIs - QA Test Suite","2026-09-27","passed","2026-09-27","Transactions Evaluate Target","Target Savings","",""
"","137","Repay - Invalid ID","Personal Banking APIs - QA Test Suite","2026-09-27","failed","2026-09-27","Repay","Kolo Connect Advances","",""
"","137","Reject Single Bulk Recipient - Empty Fields","Personal Banking APIs - QA Test Suite","2026-09-27","failed","2026-09-27","Reject Single Bulk Recipient","Wallets, Transfers, Transactions & Fund Requests","",""
"","127","Upload Bulk Fund Request - Missing Required Field","Personal Banking APIs - QA Test Suite","2026-09-27","passed","2026-09-27","Upload Bulk Fund Request","Wallets, Transfers, Transactions & Fund Requests","",""
"","125","List - No Auth","Personal Banking APIs - QA Test Suite","2026-09-27","passed","2026-09-27","List","Wallets, Transfers, Transactions & Fund Requests","",""
"","128","Transactions Create Wallet - Invalid Token Or PIN","Personal Banking APIs - QA Test Suite","2026-09-27","passed","2026-09-27","Transactions Create Wallet","Save & Spend","",""
"","139","Perform Action - Missing Required Field","Personal Banking APIs - QA Test Suite","2026-09-27","failed","2026-09-27","Perform Action","Rewards, Cash Tokens & Wishlists","",""
"","125","Wallet Download Swag Statement - No Auth","Personal Banking APIs - QA Test Suite","2026-09-27","passed","2026-09-27","Wallet Download Swag Statement","SWAG Savings","",""
"","127","Inter Transfer - Invalid Amount","Personal Banking APIs - QA Test Suite","2026-09-27","passed","2026-09-27","Inter Transfer","Wallets, Transfers, Transactions & Fund Requests","",""
"","131","Reward With Airtime - Missing Required Field","Personal Banking APIs - QA Test Suite","2026-09-27","failed","2026-09-27","Reward With Airtime","Rewards, Cash Tokens & Wishlists","",""
"","125","List - No Auth","Personal Banking APIs - QA Test Suite","2026-09-27","passed","2026-09-27","List","Scheduled Payments","",""
"","124","Account Officer Change Request - No Auth","Personal Banking APIs - QA Test Suite","2026-09-27","passed","2026-09-27","Account Officer Change Request","Customer Profile, Accounts & Beneficiaries","",""
"","125","Eligibility - No Auth","Personal Banking APIs - QA Test Suite","2026-09-27","passed","2026-09-27","Eligibility","Kolo Connect Advances","",""
"","129","Update - No Auth","Personal Banking APIs - QA Test Suite","2026-09-27","passed","2026-09-27","Update","Scheduled Payments","",""
"","137","List Documents - Invalid ID","Personal Banking APIs - QA Test Suite","2026-09-27","passed","2026-09-27","List Documents","KYC, Tier Upgrades & Young Moni","",""
"","125","Kyc Level Count - No Auth","Personal Banking APIs - QA Test Suite","2026-09-27","passed","2026-09-27","Kyc Level Count","Customer Profile, Accounts & Beneficiaries","",""
"","131","Admin Coins Rules - Invalid ID","Personal Banking APIs - QA Test Suite","2026-09-27","failed","2026-09-27","Admin Coins Rules","Rewards, Cash Tokens & Wishlists","",""
"","344","Info - Invalid Query","Personal Banking APIs - QA Test Suite","2026-09-27","failed","2026-09-27","Info","Customer Profile, Accounts & Beneficiaries","",""
"","124","Types - No Auth","Personal Banking APIs - QA Test Suite","2026-09-27","passed","2026-09-27","Types","Supalock Savings","",""
"","123","Wallet Interest Balance - No Auth","Personal Banking APIs - QA Test Suite","2026-09-27","passed","2026-09-27","Wallet Interest Balance","Save & Spend","",""
"","126","Add Item - No Auth","Personal Banking APIs - QA Test Suite","2026-09-27","passed","2026-09-27","Add Item","Rewards, Cash Tokens & Wishlists","",""
"","135","List - Invalid Query","Personal Banking APIs - QA Test Suite","2026-09-27","failed","2026-09-27","List","Wallets, Transfers, Transactions & Fund Requests","",""
"","134","Reset Pin - Nonexistent ID","Personal Banking APIs - QA Test Suite","2026-09-27","passed","2026-09-27","Reset Pin","Customer Cards","",""
"","182","Terms - Valid","Personal Banking APIs - QA Test Suite","2026-09-27","failed","2026-09-27","Terms","Rewards, Cash Tokens & Wishlists","",""
"","136","Admin Games Rewards - Valid","Personal Banking APIs - QA Test Suite","2026-09-27","failed","2026-09-27","Admin Games Rewards","Rewards, Cash Tokens & Wishlists","",""
"","137","Update Single Transfer Limit - Invalid Token Or PIN","Personal Banking APIs - QA Test Suite","2026-09-27","passed","2026-09-27","Update Single Transfer Limit","Customer Profile, Accounts & Beneficiaries","",""
"","130","Transactions Create Plan - Invalid Token Or PIN","Personal Banking APIs - QA Test Suite","2026-09-27","passed","2026-09-27","Transactions Create Plan","SWAG Savings","",""
"","127","Purchase Data - Invalid Token Or PIN","Personal Banking APIs - QA Test Suite","2026-09-27","passed","2026-09-27","Purchase Data","Airtime, Data, Bills & VAS Beneficiaries","",""
"","138","Activate - Missing Required Field","Personal Banking APIs - QA Test Suite","2026-09-27","failed","2026-09-27","Activate","Customer Cards","",""
"","135","Admin Update Documents - Empty Fields","Personal Banking APIs - QA Test Suite","2026-09-27","passed","2026-09-27","Admin Update Documents","KYC, Tier Upgrades & Young Moni","",""
"","131","Wallet Download Swag Statement - Invalid Status Or Type","Personal Banking APIs - QA Test Suite","2026-09-27","failed","2026-09-27","Wallet Download Swag Statement","SWAG Savings","",""
"","134","Proposed Contributor - Invalid Amount","Personal Banking APIs - QA Test Suite","2026-09-27","passed","2026-09-27","Proposed Contributor","Rewards, Cash Tokens & Wishlists","",""
"","125","Payment Merchant - No Auth","Personal Banking APIs - QA Test Suite","2026-09-27","passed","2026-09-27","Payment Merchant","Customer Cards","",""
"","136","Validate Face Match - Valid","Personal Banking APIs - QA Test Suite","2026-09-27","failed","2026-09-27","Validate Face Match","Login, Credentials, Security & Devices","",""
"","134","Retrieve - Invalid ID","Personal Banking APIs - QA Test Suite","2026-09-27","passed","2026-09-27","Retrieve","Rewards, Cash Tokens & Wishlists","",""
"","131","Reward With Cashback - Invalid Amount","Personal Banking APIs - QA Test Suite","2026-09-27","failed","2026-09-27","Reward With Cashback","Rewards, Cash Tokens & Wishlists","",""
"","135","List - Valid","Personal Banking APIs - QA Test Suite","2026-09-27","passed","2026-09-27","List","Customer Profile, Accounts & Beneficiaries","",""
"","124","Requests Get Delivery Cost - No Auth","Personal Banking APIs - QA Test Suite","2026-09-27","passed","2026-09-27","Requests Get Delivery Cost","Customer Cards","",""
"","132","Admin Admin Tier Two Upgrade - Missing Required Field","Personal Banking APIs - QA Test Suite","2026-09-27","failed","2026-09-27","Admin Admin Tier Two Upgrade","KYC, Tier Upgrades & Young Moni","",""
"","231","Admin Coins Rules Stats - No Auth","Personal Banking APIs - QA Test Suite","2026-09-27","passed","2026-09-27","Admin Coins Rules Stats","Rewards, Cash Tokens & Wishlists","",""
"","132","Create Supalock - Missing Required Field","Personal Banking APIs - QA Test Suite","2026-09-27","failed","2026-09-27","Create Supalock","Supalock Savings","",""
"","124","Partial - No Auth","Personal Banking APIs - QA Test Suite","2026-09-27","passed","2026-09-27","Partial","Airtime, Data, Bills & VAS Beneficiaries","",""
"","124","Young Moni Documents Action Document - No Auth","Personal Banking APIs - QA Test Suite","2026-09-27","passed","2026-09-27","Young Moni Documents Action Document","KYC, Tier Upgrades & Young Moni","",""
"","135","Create Her Wealth - Valid","Personal Banking APIs - QA Test Suite","2026-09-27","failed","2026-09-27","Create Her Wealth","Customer Profile, Accounts & Beneficiaries","",""
"","134","Winner - Invalid Query","Personal Banking APIs - QA Test Suite","2026-09-27","failed","2026-09-27","Winner","Rewards, Cash Tokens & Wishlists","",""
"","128","Get Item Edit - Invalid ID","Personal Banking APIs - QA Test Suite","2026-09-27","failed","2026-09-27","Get Item Edit","Rewards, Cash Tokens & Wishlists","",""
"","136","Topup Supalock - Invalid ID","Personal Banking APIs - QA Test Suite","2026-09-27","failed","2026-09-27","Topup Supalock","Supalock Savings","",""
"","145","Get Item - Valid","Personal Banking APIs - QA Test Suite","2026-09-27","failed","2026-09-27","Get Item","Rewards, Cash Tokens & Wishlists","",""
"","133","Reject Single Fund Request - Invalid Token Or PIN","Personal Banking APIs - QA Test Suite","2026-09-27","failed","2026-09-27","Reject Single Fund Request","Wallets, Transfers, Transactions & Fund Requests","",""
"","154","List - Valid","Personal Banking APIs - QA Test Suite","2026-09-27","failed","2026-09-27","List","Airtime, Data, Bills & VAS Beneficiaries","",""
"","133","List Schedule Payments - Invalid ID","Personal Banking APIs - QA Test Suite","2026-09-27","failed","2026-09-27","List Schedule Payments","Scheduled Payments","",""
"","133","Channel Settings - Invalid Amount","Personal Banking APIs - QA Test Suite","2026-09-27","failed","2026-09-27","Channel Settings","Customer Cards","",""
"","133","Topup Supalock - Nonexistent ID","Personal Banking APIs - QA Test Suite","2026-09-27","failed","2026-09-27","Topup Supalock","Supalock Savings","",""
"","134","Admin Coins Rules - Missing Required Field","Personal Banking APIs - QA Test Suite","2026-09-27","failed","2026-09-27","Admin Coins Rules","Rewards, Cash Tokens & Wishlists","",""
"","142","List - Invalid Query","Personal Banking APIs - QA Test Suite","2026-09-27","failed","2026-09-27","List","Wallets, Transfers, Transactions & Fund Requests","",""
"","240","Admin Coins Rules - Nonexistent ID","Personal Banking APIs - QA Test Suite","2026-09-27","failed","2026-09-27","Admin Coins Rules","Rewards, Cash Tokens & Wishlists","",""
"","128","Transactions Update Spend Wallet - Invalid ID","Personal Banking APIs - QA Test Suite","2026-09-27","passed","2026-09-27","Transactions Update Spend Wallet","Save & Spend","",""
"","125","Toolkit Accounts - No Auth","Personal Banking APIs - QA Test Suite","2026-09-27","passed","2026-09-27","Toolkit Accounts","Customer Profile, Accounts & Beneficiaries","",""
"","211","Channel Settings - Valid","Personal Banking APIs - QA Test Suite","2026-09-27","passed","2026-09-27","Channel Settings","Customer Cards","",""
"","124","Admin Devices Reactivate - Invalid ID","Personal Banking APIs - QA Test Suite","2026-09-27","failed","2026-09-27","Admin Devices Reactivate","Login, Credentials, Security & Devices","",""
"","127","Purchase Cable - Missing Required Field","Personal Banking APIs - QA Test Suite","2026-09-27","passed","2026-09-27","Purchase Cable","Airtime, Data, Bills & VAS Beneficiaries","",""
"","126","Initiate Email Update - No Auth","Personal Banking APIs - QA Test Suite","2026-09-27","passed","2026-09-27","Initiate Email Update","KYC, Tier Upgrades & Young Moni","",""
"","152","Item - Valid","Personal Banking APIs - QA Test Suite","2026-09-27","failed","2026-09-27","Item","Rewards, Cash Tokens & Wishlists","",""
"","126","Perform Action - No Auth","Personal Banking APIs - QA Test Suite","2026-09-27","passed","2026-09-27","Perform Action","Rewards, Cash Tokens & Wishlists","",""
"","138","Add Account Alias - Valid","Personal Banking APIs - QA Test Suite","2026-09-27","failed","2026-09-27","Add Account Alias","Customer Profile, Accounts & Beneficiaries","",""
"","144","Validate Meter - Valid","Personal Banking APIs - QA Test Suite","2026-09-27","failed","2026-09-27","Validate Meter","Airtime, Data, Bills & VAS Beneficiaries","",""
"","126","Update Identity - No Auth","Personal Banking APIs - QA Test Suite","2026-09-27","passed","2026-09-27","Update Identity","KYC, Tier Upgrades & Young Moni","",""
"","136","Validate Face Match - Missing Required Field","Personal Banking APIs - QA Test Suite","2026-09-27","passed","2026-09-27","Validate Face Match","Login, Credentials, Security & Devices","",""
"","128","Single Fund Request - Valid","Personal Banking APIs - QA Test Suite","2026-09-27","failed","2026-09-27","Single Fund Request","Wallets, Transfers, Transactions & Fund Requests","",""
"","140","Games Get Rewards - Valid","Personal Banking APIs - QA Test Suite","2026-09-27","failed","2026-09-27","Games Get Rewards","Rewards, Cash Tokens & Wishlists","",""
"","509","Fetch Balance - Valid","Personal Banking APIs - QA Test Suite","2026-09-27","passed","2026-09-27","Fetch Balance","Customer Profile, Accounts & Beneficiaries","",""
"","132","Young Moni Documents Action Document - Missing Required Field","Personal Banking APIs - QA Test Suite","2026-09-27","failed","2026-09-27","Young Moni Documents Action Document","KYC, Tier Upgrades & Young Moni","",""
"","132","Admin Coins Rules - Invalid Amount","Personal Banking APIs - QA Test Suite","2026-09-27","failed","2026-09-27","Admin Coins Rules","Rewards, Cash Tokens & Wishlists","",""
"","133","Tier One Upgrade With BVN - Missing Required Field","Personal Banking APIs - QA Test Suite","2026-09-27","passed","2026-09-27","Tier One Upgrade With BVN","KYC, Tier Upgrades & Young Moni","",""
"","128","Transactions Create Wallet - Missing Required Field","Personal Banking APIs - QA Test Suite","2026-09-27","passed","2026-09-27","Transactions Create Wallet","Save & Spend","",""
"","129","Verify Reset Token - Invalid Status Or Type","Personal Banking APIs - QA Test Suite","2026-09-27","passed","2026-09-27","Verify Reset Token","Login, Credentials, Security & Devices","",""
"","144","Eligibility - Valid","Personal Banking APIs - QA Test Suite","2026-09-27","failed","2026-09-27","Eligibility","Kolo Connect Advances","",""
"","146","Types - Valid","Personal Banking APIs - QA Test Suite","2026-09-27","failed","2026-09-27","Types","Supalock Savings","",""
"","152","Wallet - Valid","Personal Banking APIs - QA Test Suite","2026-09-27","failed","2026-09-27","Wallet","Save & Spend","",""
"","136","Intra Name Enquiry - Missing Required Field","Personal Banking APIs - QA Test Suite","2026-09-27","passed","2026-09-27","Intra Name Enquiry","Wallets, Transfers, Transactions & Fund Requests","",""
"","132","Admin Coins Redemption Rules - Missing Required Field","Personal Banking APIs - QA Test Suite","2026-09-27","failed","2026-09-27","Admin Coins Redemption Rules","Rewards, Cash Tokens & Wishlists","",""
"","135","Electricity - Missing Required Field","Personal Banking APIs - QA Test Suite","2026-09-27","passed","2026-09-27","Electricity","Scheduled Payments","",""
"","135","Withdraw Cashback - Nonexistent ID","Personal Banking APIs - QA Test Suite","2026-09-27","failed","2026-09-27","Withdraw Cashback","Wallets, Transfers, Transactions & Fund Requests","",""
"","128","Transactions Update Swag Plan - No Auth","Personal Banking APIs - QA Test Suite","2026-09-27","failed","2026-09-27","Transactions Update Swag Plan","SWAG Savings","",""
"","135","Verify Device Changed - Valid","Personal Banking APIs - QA Test Suite","2026-09-27","failed","2026-09-27","Verify Device Changed","Login, Credentials, Security & Devices","",""
"","126","Transactions - No Auth","Personal Banking APIs - QA Test Suite","2026-09-27","passed","2026-09-27","Transactions","Target Savings","",""
"","134","Admin Update Documents - Missing Required Field","Personal Banking APIs - QA Test Suite","2026-09-27","passed","2026-09-27","Admin Update Documents","KYC, Tier Upgrades & Young Moni","",""
"","127","Upload Bulk Fund Request - Invalid Status Or Type","Personal Banking APIs - QA Test Suite","2026-09-27","passed","2026-09-27","Upload Bulk Fund Request","Wallets, Transfers, Transactions & Fund Requests","",""
"","132","Admin Coins Redemption Rules - Empty Fields","Personal Banking APIs - QA Test Suite","2026-09-27","failed","2026-09-27","Admin Coins Redemption Rules","Rewards, Cash Tokens & Wishlists","",""
"","132","Topup Supalock - Invalid Token Or PIN","Personal Banking APIs - QA Test Suite","2026-09-27","failed","2026-09-27","Topup Supalock","Supalock Savings","",""
"","127","Intra Account Transfer - Empty Fields","Personal Banking APIs - QA Test Suite","2026-09-27","passed","2026-09-27","Intra Account Transfer","Wallets, Transfers, Transactions & Fund Requests","",""
"","139","Terms Draw Details - Invalid Query","Personal Banking APIs - QA Test Suite","2026-09-27","failed","2026-09-27","Terms Draw Details","Rewards, Cash Tokens & Wishlists","",""
"","133","Channel Settings - Invalid Amount","Personal Banking APIs - QA Test Suite","2026-09-27","failed","2026-09-27","Channel Settings","Customer Cards","",""
"","124","Account Officer View Rating - No Auth","Personal Banking APIs - QA Test Suite","2026-09-27","passed","2026-09-27","Account Officer View Rating","Customer Profile, Accounts & Beneficiaries","",""
"","133","Payment Merchant - Empty Fields","Personal Banking APIs - QA Test Suite","2026-09-27","failed","2026-09-27","Payment Merchant","Customer Cards","",""
"","124","Add Account Alias - No Auth","Personal Banking APIs - QA Test Suite","2026-09-27","passed","2026-09-27","Add Account Alias","Customer Profile, Accounts & Beneficiaries","",""
"","130","Reset Password - Missing Required Field","Personal Banking APIs - QA Test Suite","2026-09-27","passed","2026-09-27","Reset Password","Login, Credentials, Security & Devices","",""
"","133","Cancel Schedule Payment - Empty Fields","Personal Banking APIs - QA Test Suite","2026-09-27","passed","2026-09-27","Cancel Schedule Payment","Scheduled Payments","",""
"","133","Transfer - Invalid Status Or Type","Personal Banking APIs - QA Test Suite","2026-09-27","passed","2026-09-27","Transfer","Scheduled Payments","",""
"","134","Verify Email Update - Invalid Email","Personal Banking APIs - QA Test Suite","2026-09-27","passed","2026-09-27","Verify Email Update","KYC, Tier Upgrades & Young Moni","",""
"","137","Admin Coins Redemption Rules - Valid","Personal Banking APIs - QA Test Suite","2026-09-27","failed","2026-09-27","Admin Coins Redemption Rules","Rewards, Cash Tokens & Wishlists","",""
"","128","Purchase Data - No Auth","Personal Banking APIs - QA Test Suite","2026-09-27","failed","2026-09-27","Purchase Data","Airtime, Data, Bills & VAS Beneficiaries","",""
"","125","Jamb Lookup - No Auth","Personal Banking APIs - QA Test Suite","2026-09-27","passed","2026-09-27","Jamb Lookup","Airtime, Data, Bills & VAS Beneficiaries","",""
"","132","Wallet - Nonexistent ID","Personal Banking APIs - QA Test Suite","2026-09-27","failed","2026-09-27","Wallet","Target Savings","",""
"","423","Get Cable Plans - Invalid Query","Personal Banking APIs - QA Test Suite","2026-09-27","failed","2026-09-27","Get Cable Plans","Airtime, Data, Bills & VAS Beneficiaries","",""
"","145","Wallet Download Swag Statement - Valid","Personal Banking APIs - QA Test Suite","2026-09-27","failed","2026-09-27","Wallet Download Swag Statement","SWAG Savings","",""
"","152","Destroy - Valid","Personal Banking APIs - QA Test Suite","2026-09-27","failed","2026-09-27","Destroy","Customer Profile, Accounts & Beneficiaries","",""
"","131","Initiate Reset Card Pin - Invalid Query","Personal Banking APIs - QA Test Suite","2026-09-27","failed","2026-09-27","Initiate Reset Card Pin","Customer Cards","",""
"","125","Document Update Status - No Auth","Personal Banking APIs - QA Test Suite","2026-09-27","passed","2026-09-27","Document Update Status","KYC, Tier Upgrades & Young Moni","",""
"","126","Reward With Cashback - Empty Fields","Personal Banking APIs - QA Test Suite","2026-09-27","passed","2026-09-27","Reward With Cashback","Rewards, Cash Tokens & Wishlists","",""
"","135","Request Alias Phone Verification - Valid","Personal Banking APIs - QA Test Suite","2026-09-27","failed","2026-09-27","Request Alias Phone Verification","Customer Profile, Accounts & Beneficiaries","",""
"","125","Young Moni Validate Details - Invalid Email","Personal Banking APIs - QA Test Suite","2026-09-27","failed","2026-09-27","Young Moni Validate Details","Customer Profile, Accounts & Beneficiaries","",""
"","127","Retrieve - No Auth","Personal Banking APIs - QA Test Suite","2026-09-27","passed","2026-09-27","Retrieve","Scheduled Payments","",""
"","129","Transactions Withdraw Interest - No Auth","Personal Banking APIs - QA Test Suite","2026-09-27","failed","2026-09-27","Transactions Withdraw Interest","SWAG Savings","",""
"","240","Account Officer View Rating - Invalid Query","Personal Banking APIs - QA Test Suite","2026-09-27","failed","2026-09-27","Account Officer View Rating","Customer Profile, Accounts & Beneficiaries","",""
"","124","Repayment Plan - No Auth","Personal Banking APIs - QA Test Suite","2026-09-27","passed","2026-09-27","Repayment Plan","Kolo Connect Advances","",""
"","133","Requests - No Auth","Personal Banking APIs - QA Test Suite","2026-09-27","passed","2026-09-27","Requests","Customer Cards","",""
"","142","Validate Jamb Profile - Empty Fields","Personal Banking APIs - QA Test Suite","2026-09-27","failed","2026-09-27","Validate Jamb Profile","Airtime, Data, Bills & VAS Beneficiaries","",""
"","231","Admin Coins Rules - No Auth","Personal Banking APIs - QA Test Suite","2026-09-27","passed","2026-09-27","Admin Coins Rules","Rewards, Cash Tokens & Wishlists","",""
"","133","Winner Dismiss Action - Nonexistent ID","Personal Banking APIs - QA Test Suite","2026-09-27","passed","2026-09-27","Winner Dismiss Action","Rewards, Cash Tokens & Wishlists","",""
"","125","Wallet Total Balance - No Auth","Personal Banking APIs - QA Test Suite","2026-09-27","passed","2026-09-27","Wallet Total Balance","Target Savings","",""
"","128","Customer Submit - No Auth","Personal Banking APIs - QA Test Suite","2026-09-27","passed","2026-09-27","Customer Submit","KYC, Tier Upgrades & Young Moni","",""
"","164","Retrieve - Valid","Personal Banking APIs - QA Test Suite","2026-09-27","failed","2026-09-27","Retrieve","Insurance","",""
"","132","Create Insurance - Invalid Token Or PIN","Personal Banking APIs - QA Test Suite","2026-09-27","passed","2026-09-27","Create Insurance","Insurance","",""
"","134","Admin Admin Submit - Valid","Personal Banking APIs - QA Test Suite","2026-09-27","failed","2026-09-27","Admin Admin Submit","KYC, Tier Upgrades & Young Moni","",""
"","126","Initiate Reset Transaction Pin - Invalid Query","Personal Banking APIs - QA Test Suite","2026-09-27","failed","2026-09-27","Initiate Reset Transaction Pin","Login, Credentials, Security & Devices","",""
"","136","Transactions Withdraw Principal - Invalid Amount","Personal Banking APIs - QA Test Suite","2026-09-27","passed","2026-09-27","Transactions Withdraw Principal","SWAG Savings","",""
"","129","Transactions Withdraw Principal - Missing Required Field","Personal Banking APIs - QA Test Suite","2026-09-27","passed","2026-09-27","Transactions Withdraw Principal","SWAG Savings","",""
"","125","Transaction - No Auth","Personal Banking APIs - QA Test Suite","2026-09-27","passed","2026-09-27","Transaction","Airtime, Data, Bills & VAS Beneficiaries","",""
"","127","Purchase Epin - Invalid Amount","Personal Banking APIs - QA Test Suite","2026-09-27","passed","2026-09-27","Purchase Epin","Airtime, Data, Bills & VAS Beneficiaries","",""
"","240","Admin List Documents - Nonexistent ID","Personal Banking APIs - QA Test Suite","2026-09-27","passed","2026-09-27","Admin List Documents","KYC, Tier Upgrades & Young Moni","",""
"","125","Update Location - Missing Required Field","Personal Banking APIs - QA Test Suite","2026-09-27","failed","2026-09-27","Update Location","Login, Credentials, Security & Devices","",""
"","233","Admin Coins Redemption Rules - No Auth","Personal Banking APIs - QA Test Suite","2026-09-27","passed","2026-09-27","Admin Coins Redemption Rules","Rewards, Cash Tokens & Wishlists","",""
"","131","Tier One Upgrade With BVN - Empty Fields","Personal Banking APIs - QA Test Suite","2026-09-27","passed","2026-09-27","Tier One Upgrade With BVN","KYC, Tier Upgrades & Young Moni","",""
"","129","List - No Auth","Personal Banking APIs - QA Test Suite","2026-09-27","passed","2026-09-27","List","Airtime, Data, Bills & VAS Beneficiaries","",""
"","135","Young Moni Documents - Nonexistent ID","Personal Banking APIs - QA Test Suite","2026-09-27","failed","2026-09-27","Young Moni Documents","KYC, Tier Upgrades & Young Moni","",""
"","156","Requests Fetch Agents - Empty Fields","Personal Banking APIs - QA Test Suite","2026-09-27","passed","2026-09-27","Requests Fetch Agents","Customer Cards","",""
"","173","Admin Coins Redemption Rules - Empty Fields","Personal Banking APIs - QA Test Suite","2026-09-27","failed","2026-09-27","Admin Coins Redemption Rules","Rewards, Cash Tokens & Wishlists","",""
"","136","Verify Email Update - Valid","Personal Banking APIs - QA Test Suite","2026-09-27","failed","2026-09-27","Verify Email Update","KYC, Tier Upgrades & Young Moni","",""
"","133","Admin Games Rewards - Invalid ID","Personal Banking APIs - QA Test Suite","2026-09-27","failed","2026-09-27","Admin Games Rewards","Rewards, Cash Tokens & Wishlists","",""
"","159","Create - Valid","Personal Banking APIs - QA Test Suite","2026-09-27","failed","2026-09-27","Create","Customer Profile, Accounts & Beneficiaries","",""
"","132","Admin Coins Rules - Valid","Personal Banking APIs - QA Test Suite","2026-09-27","failed","2026-09-27","Admin Coins Rules","Rewards, Cash Tokens & Wishlists","",""
"","136","Reset Login Pin - Invalid Token Or PIN","Personal Banking APIs - QA Test Suite","2026-09-27","passed","2026-09-27","Reset Login Pin","Login, Credentials, Security & Devices","",""
"","130","Partial - Nonexistent ID","Personal Banking APIs - QA Test Suite","2026-09-27","passed","2026-09-27","Partial","Airtime, Data, Bills & VAS Beneficiaries","",""
"","126","Update Tin - No Auth","Personal Banking APIs - QA Test Suite","2026-09-27","passed","2026-09-27","Update Tin","Customer Profile, Accounts & Beneficiaries","",""
"","130","Create Sub Account - Empty Fields","Personal Banking APIs - QA Test Suite","2026-09-27","passed","2026-09-27","Create Sub Account","Customer Profile, Accounts & Beneficiaries","",""
"","134","List Documents - Valid","Personal Banking APIs - QA Test Suite","2026-09-27","failed","2026-09-27","List Documents","KYC, Tier Upgrades & Young Moni","",""
"","130","Transactions Break Target - Empty Fields","Personal Banking APIs - QA Test Suite","2026-09-27","passed","2026-09-27","Transactions Break Target","Target Savings","",""
"","140","Admin Coins Redemption Rules - Empty Fields","Personal Banking APIs - QA Test Suite","2026-09-27","failed","2026-09-27","Admin Coins Redemption Rules","Rewards, Cash Tokens & Wishlists","",""
"","124","Enable - No Auth","Personal Banking APIs - QA Test Suite","2026-09-27","passed","2026-09-27","Enable","Wallets, Transfers, Transactions & Fund Requests","",""
"","139","Payment Merchant - Invalid ID","Personal Banking APIs - QA Test Suite","2026-09-27","passed","2026-09-27","Payment Merchant","Customer Cards","",""
"","136","Young Moni Requests Request Stats - Valid","Personal Banking APIs - QA Test Suite","2026-09-27","failed","2026-09-27","Young Moni Requests Request Stats","KYC, Tier Upgrades & Young Moni","",""
"","132","Retrieve - Invalid Query","Personal Banking APIs - QA Test Suite","2026-09-27","failed","2026-09-27","Retrieve","Supalock Savings","",""
"","133","Wishlist Config Edit - Nonexistent ID","Personal Banking APIs - QA Test Suite","2026-09-27","failed","2026-09-27","Wishlist Config Edit","Rewards, Cash Tokens & Wishlists","",""
"","129","Transactions Update Swag Plan - Invalid Token Or PIN","Personal Banking APIs - QA Test Suite","2026-09-27","passed","2026-09-27","Transactions Update Swag Plan","SWAG Savings","",""
"","126","Withdraw - No Auth","Personal Banking APIs - QA Test Suite","2026-09-27","passed","2026-09-27","Withdraw","Rewards, Cash Tokens & Wishlists","",""
"","135","Disable - Missing Required Field","Personal Banking APIs - QA Test Suite","2026-09-27","failed","2026-09-27","Disable","Wallets, Transfers, Transactions & Fund Requests","",""
"","124","Update Communication Preference - No Auth","Personal Banking APIs - QA Test Suite","2026-09-27","passed","2026-09-27","Update Communication Preference","Customer Profile, Accounts & Beneficiaries","",""
"","129","Login With Pin - Valid","Personal Banking APIs - QA Test Suite","2026-09-27","failed","2026-09-27","Login With Pin","Login, Credentials, Security & Devices","",""
"","126","Download Statement - No Auth","Personal Banking APIs - QA Test Suite","2026-09-27","passed","2026-09-27","Download Statement","Wallets, Transfers, Transactions & Fund Requests","",""
"","128","Coin Redemption Rules - No Auth","Personal Banking APIs - QA Test Suite","2026-09-27","passed","2026-09-27","Coin Redemption Rules","Rewards, Cash Tokens & Wishlists","",""
"","126","Verify Token - Invalid Status Or Type","Personal Banking APIs - QA Test Suite","2026-09-27","passed","2026-09-27","Verify Token","Login, Credentials, Security & Devices","",""
"","134","Admin Reject Upgrade Request - Invalid ID","Personal Banking APIs - QA Test Suite","2026-09-27","failed","2026-09-27","Admin Reject Upgrade Request","KYC, Tier Upgrades & Young Moni","",""
"","239","Admin Coins Rules - Valid","Personal Banking APIs - QA Test Suite","2026-09-27","failed","2026-09-27","Admin Coins Rules","Rewards, Cash Tokens & Wishlists","",""
"","147","Intra Name Enquiry - Valid","Personal Banking APIs - QA Test Suite","2026-09-27","failed","2026-09-27","Intra Name Enquiry","Wallets, Transfers, Transactions & Fund Requests","",""
"","126","Purchase Electricity - Missing Required Field","Personal Banking APIs - QA Test Suite","2026-09-27","passed","2026-09-27","Purchase Electricity","Airtime, Data, Bills & VAS Beneficiaries","",""
"","149","Create - Valid","Personal Banking APIs - QA Test Suite","2026-09-27","passed","2026-09-27","Create","Airtime, Data, Bills & VAS Beneficiaries","",""
"","128","Purchase Cable - Invalid Token Or PIN","Personal Banking APIs - QA Test Suite","2026-09-27","passed","2026-09-27","Purchase Cable","Airtime, Data, Bills & VAS Beneficiaries","",""
"","134","Enable - Empty Fields","Personal Banking APIs - QA Test Suite","2026-09-27","failed","2026-09-27","Enable","Wallets, Transfers, Transactions & Fund Requests","",""
"","980","List - Valid","Personal Banking APIs - QA Test Suite","2026-09-27","failed","2026-09-27","List","Wallets, Transfers, Transactions & Fund Requests","",""
"","128","Activate - No Auth","Personal Banking APIs - QA Test Suite","2026-09-27","passed","2026-09-27","Activate","Customer Cards","",""
"","130","Set Password & Create Pending User - Missing Required Field","Personal Banking APIs - QA Test Suite","2026-09-27","passed","2026-09-27","Set Password & Create Pending User","Customer Onboarding","",""
"","131","Create Transaction Pin - Empty Fields","Personal Banking APIs - QA Test Suite","2026-09-27","failed","2026-09-27","Create Transaction Pin","Login, Credentials, Security & Devices","",""
"","134","Withdraw - Invalid ID","Personal Banking APIs - QA Test Suite","2026-09-27","passed","2026-09-27","Withdraw","Rewards, Cash Tokens & Wishlists","",""
"","146","Requests Request Card - Missing Required Field","Personal Banking APIs - QA Test Suite","2026-09-27","passed","2026-09-27","Requests Request Card","Customer Cards","",""
"","394","Total Young Moni Balance - Valid","Personal Banking APIs - QA Test Suite","2026-09-27","passed","2026-09-27","Total Young Moni Balance","Customer Profile, Accounts & Beneficiaries","",""
"","137","Airtime - Invalid Amount","Personal Banking APIs - QA Test Suite","2026-09-27","passed","2026-09-27","Airtime","Scheduled Payments","",""
"","135","Get Item - Nonexistent ID","Personal Banking APIs - QA Test Suite","2026-09-27","passed","2026-09-27","Get Item","Rewards, Cash Tokens & Wishlists","",""
"","131","Restrict Accounts By BVN - Missing Required Field","Personal Banking APIs - QA Test Suite","2026-09-27","failed","2026-09-27","Restrict Accounts By BVN","Customer Profile, Accounts & Beneficiaries","",""
"","128","Transactions Deposit - Missing Required Field","Personal Banking APIs - QA Test Suite","2026-09-27","passed","2026-09-27","Transactions Deposit","Target Savings","",""
"","130","Tier One Upgrade - Missing Required Field","Personal Banking APIs - QA Test Suite","2026-09-27","passed","2026-09-27","Tier One Upgrade","KYC, Tier Upgrades & Young Moni","",""
"","171","Young Moni - Valid","Personal Banking APIs - QA Test Suite","2026-09-27","passed","2026-09-27","Young Moni","Customer Profile, Accounts & Beneficiaries","",""
"","127","Overview - No Auth","Personal Banking APIs - QA Test Suite","2026-09-27","passed","2026-09-27","Overview","Customer Profile, Accounts & Beneficiaries","",""
"","135","Toolkit Accounts - Valid","Personal Banking APIs - QA Test Suite","2026-09-27","failed","2026-09-27","Toolkit Accounts","Customer Profile, Accounts & Beneficiaries","",""
"","132","Youngmoni Transfer - Invalid Status Or Type","Personal Banking APIs - QA Test Suite","2026-09-27","passed","2026-09-27","Youngmoni Transfer","Scheduled Payments","",""
"","125","Export Fund Recipients - No Auth","Personal Banking APIs - QA Test Suite","2026-09-27","passed","2026-09-27","Export Fund Recipients","Wallets, Transfers, Transactions & Fund Requests","",""
"","131","Admin Coins Redemption Rules - Valid","Personal Banking APIs - QA Test Suite","2026-09-27","failed","2026-09-27","Admin Coins Redemption Rules","Rewards, Cash Tokens & Wishlists","",""
"","127","Update Single Transfer Limit - No Auth","Personal Banking APIs - QA Test Suite","2026-09-27","passed","2026-09-27","Update Single Transfer Limit","Customer Profile, Accounts & Beneficiaries","",""
"","132","Borrow - Invalid Token Or PIN","Personal Banking APIs - QA Test Suite","2026-09-27","failed","2026-09-27","Borrow","Kolo Connect Advances","",""
"","128","Create Transaction Pin - Valid","Personal Banking APIs - QA Test Suite","2026-09-27","failed","2026-09-27","Create Transaction Pin","Login, Credentials, Security & Devices","",""
"","127","Channel Settings - Empty Fields","Personal Banking APIs - QA Test Suite","2026-09-27","passed","2026-09-27","Channel Settings","Customer Cards","",""
"","133","Update Single Transfer Limit - Empty Fields","Personal Banking APIs - QA Test Suite","2026-09-27","failed","2026-09-27","Update Single Transfer Limit","Customer Profile, Accounts & Beneficiaries","",""
"","231","Admin Games - No Auth","Personal Banking APIs - QA Test Suite","2026-09-27","passed","2026-09-27","Admin Games","Rewards, Cash Tokens & Wishlists","",""
"","139","Transactions Update Spend Wallet - Valid","Personal Banking APIs - QA Test Suite","2026-09-27","failed","2026-09-27","Transactions Update Spend Wallet","Save & Spend","",""
"","133","Admin Admin Tier One Upgrade - Missing Required Field","Personal Banking APIs - QA Test Suite","2026-09-27","failed","2026-09-27","Admin Admin Tier One Upgrade","KYC, Tier Upgrades & Young Moni","",""
"","128","Fund Betting Wallet - Invalid Status Or Type","Personal Banking APIs - QA Test Suite","2026-09-27","passed","2026-09-27","Fund Betting Wallet","Airtime, Data, Bills & VAS Beneficiaries","",""
"","130","Intra Transfer - Empty Fields","Personal Banking APIs - QA Test Suite","2026-09-27","passed","2026-09-27","Intra Transfer","Wallets, Transfers, Transactions & Fund Requests","",""
"","246","Admin Games - Invalid Query","Personal Banking APIs - QA Test Suite","2026-09-27","failed","2026-09-27","Admin Games","Rewards, Cash Tokens & Wishlists","",""
"","133","Inter Transfer - Valid","Personal Banking APIs - QA Test Suite","2026-09-27","failed","2026-09-27","Inter Transfer","Wallets, Transfers, Transactions & Fund Requests","",""
"","128","Create Password - Missing Required Field","Personal Banking APIs - QA Test Suite","2026-09-27","passed","2026-09-27","Create Password","Login, Credentials, Security & Devices","",""
"","124","Games Scratch Card - No Auth","Personal Banking APIs - QA Test Suite","2026-09-27","passed","2026-09-27","Games Scratch Card","Rewards, Cash Tokens & Wishlists","",""
"","137","Partial - Missing Required Field","Personal Banking APIs - QA Test Suite","2026-09-27","failed","2026-09-27","Partial","Customer Profile, Accounts & Beneficiaries","",""
"","137","Retrieve - Invalid Query","Personal Banking APIs - QA Test Suite","2026-09-27","failed","2026-09-27","Retrieve","Customer Cards","",""
"","125","Create Sub Account - No Auth","Personal Banking APIs - QA Test Suite","2026-09-27","passed","2026-09-27","Create Sub Account","Customer Profile, Accounts & Beneficiaries","",""
"","137","Transactions - Invalid Query","Personal Banking APIs - QA Test Suite","2026-09-27","failed","2026-09-27","Transactions","Target Savings","",""
"","127","Payment Merchant - No Auth","Personal Banking APIs - QA Test Suite","2026-09-27","passed","2026-09-27","Payment Merchant","Customer Cards","",""
"","133","Admin Games Rewards - Valid","Personal Banking APIs - QA Test Suite","2026-09-27","failed","2026-09-27","Admin Games Rewards","Rewards, Cash Tokens & Wishlists","",""
"","124","Inflow Outflow Analytics - No Auth","Personal Banking APIs - QA Test Suite","2026-09-27","passed","2026-09-27","Inflow Outflow Analytics","Wallets, Transfers, Transactions & Fund Requests","",""
"","150","Inter Name Enquiry - Valid","Personal Banking APIs - QA Test Suite","2026-09-27","failed","2026-09-27","Inter Name Enquiry","Wallets, Transfers, Transactions & Fund Requests","",""
"","128","List - No Auth","Personal Banking APIs - QA Test Suite","2026-09-27","passed","2026-09-27","List","Insurance","",""
"","135","Reset Pin - Empty Fields","Personal Banking APIs - QA Test Suite","2026-09-27","failed","2026-09-27","Reset Pin","Customer Cards","",""
"","148","List Schedule Payments - Valid","Personal Banking APIs - QA Test Suite","2026-09-27","failed","2026-09-27","List Schedule Payments","Scheduled Payments","",""
"","132","Admin Coins Rules - Valid","Personal Banking APIs - QA Test Suite","2026-09-27","failed","2026-09-27","Admin Coins Rules","Rewards, Cash Tokens & Wishlists","",""
"","134","Youngmoni Transfer - Invalid Token Or PIN","Personal Banking APIs - QA Test Suite","2026-09-27","passed","2026-09-27","Youngmoni Transfer","Scheduled Payments","",""
"","131","Verify Email OTP - Empty Fields","Personal Banking APIs - QA Test Suite","2026-09-27","passed","2026-09-27","Verify Email OTP","Customer Onboarding","",""
"","133","Validate Betting Id - Empty Fields","Personal Banking APIs - QA Test Suite","2026-09-27","passed","2026-09-27","Validate Betting Id","Airtime, Data, Bills & VAS Beneficiaries","",""
"","138","Dismiss Action - Valid","Personal Banking APIs - QA Test Suite","2026-09-27","failed","2026-09-27","Dismiss Action","KYC, Tier Upgrades & Young Moni","",""
"","133","Transactions - Invalid ID","Personal Banking APIs - QA Test Suite","2026-09-27","passed","2026-09-27","Transactions","Supalock Savings","",""
"","148","Games Scratch Card - Valid","Personal Banking APIs - QA Test Suite","2026-09-27","failed","2026-09-27","Games Scratch Card","Rewards, Cash Tokens & Wishlists","",""
"","136","Pay Schedule Early - Missing Required Field","Personal Banking APIs - QA Test Suite","2026-09-27","passed","2026-09-27","Pay Schedule Early","Scheduled Payments","",""
"","158","Winner Dismiss Action - Valid","Personal Banking APIs - QA Test Suite","2026-09-27","failed","2026-09-27","Winner Dismiss Action","Rewards, Cash Tokens & Wishlists","",""
"","140","List - Invalid Query","Personal Banking APIs - QA Test Suite","2026-09-27","failed","2026-09-27","List","Airtime, Data, Bills & VAS Beneficiaries","",""
"","162","Get Transaction Overview - Valid","Personal Banking APIs - QA Test Suite","2026-09-27","failed","2026-09-27","Get Transaction Overview","Wallets, Transfers, Transactions & Fund Requests","",""
"","131","Verify Reset Token - Empty Fields","Personal Banking APIs - QA Test Suite","2026-09-27","passed","2026-09-27","Verify Reset Token","Login, Credentials, Security & Devices","",""
"","130","Proposed Contributor - Empty Fields","Personal Banking APIs - QA Test Suite","2026-09-27","passed","2026-09-27","Proposed Contributor","Rewards, Cash Tokens & Wishlists","",""
"","133","Repayment Plan - Invalid Query","Personal Banking APIs - QA Test Suite","2026-09-27","failed","2026-09-27","Repayment Plan","Kolo Connect Advances","",""
"","183","Payment Merchant - Valid","Personal Banking APIs - QA Test Suite","2026-09-27","passed","2026-09-27","Payment Merchant","Customer Cards","",""
"","152","Update Location - Invalid ID","Personal Banking APIs - QA Test Suite","2026-09-27","failed","2026-09-27","Update Location","Login, Credentials, Security & Devices","",""
"","124","Get Item Edit - No Auth","Personal Banking APIs - QA Test Suite","2026-09-27","passed","2026-09-27","Get Item Edit","Rewards, Cash Tokens & Wishlists","",""
"","147","Wallet - Valid","Personal Banking APIs - QA Test Suite","2026-09-27","failed","2026-09-27","Wallet","Save & Spend","",""
"","154","Activate - Valid","Personal Banking APIs - QA Test Suite","2026-09-27","failed","2026-09-27","Activate","Customer Cards","",""
"","133","Requests - Invalid Query","Personal Banking APIs - QA Test Suite","2026-09-27","failed","2026-09-27","Requests","Customer Cards","",""
"","424","Info - Valid","Personal Banking APIs - QA Test Suite","2026-09-27","passed","2026-09-27","Info","Customer Profile, Accounts & Beneficiaries","",""
"","142","Tier Two Upgrade - Empty Fields","Personal Banking APIs - QA Test Suite","2026-09-27","passed","2026-09-27","Tier Two Upgrade","KYC, Tier Upgrades & Young Moni","",""
"","132","Admin Coins Redemption Rules - Invalid Status Or Type","Personal Banking APIs - QA Test Suite","2026-09-27","failed","2026-09-27","Admin Coins Redemption Rules","Rewards, Cash Tokens & Wishlists","",""
"","125","Wallet - No Auth","Personal Banking APIs - QA Test Suite","2026-09-27","passed","2026-09-27","Wallet","Target Savings","",""
"","122","Fee Settings - No Auth","Personal Banking APIs - QA Test Suite","2026-09-27","passed","2026-09-27","Fee Settings","Customer Cards","",""
"","128","Total Supalock Amount - No Auth","Personal Banking APIs - QA Test Suite","2026-09-27","passed","2026-09-27","Total Supalock Amount","Supalock Savings","",""
"","125","Young Moni Validate Details Without Identity - Missing Required Field","Personal Banking APIs - QA Test Suite","2026-09-27","failed","2026-09-27","Young Moni Validate Details Without Identity","Customer Profile, Accounts & Beneficiaries","",""
"","245","Admin Request Stats - Valid","Personal Banking APIs - QA Test Suite","2026-09-27","failed","2026-09-27","Admin Request Stats","KYC, Tier Upgrades & Young Moni","",""
"","135","Reset Pin - Invalid Token Or PIN","Personal Banking APIs - QA Test Suite","2026-09-27","failed","2026-09-27","Reset Pin","Customer Cards","",""
"","134","Channel Settings - Invalid Token Or PIN","Personal Banking APIs - QA Test Suite","2026-09-27","failed","2026-09-27","Channel Settings","Customer Cards","",""
"","126","Create Wishlist With Items - Empty Fields","Personal Banking APIs - QA Test Suite","2026-09-27","passed","2026-09-27","Create Wishlist With Items","Rewards, Cash Tokens & Wishlists","",""
"","136","Admin Admin Tier One Upgrade - Empty Fields","Personal Banking APIs - QA Test Suite","2026-09-27","failed","2026-09-27","Admin Admin Tier One Upgrade","KYC, Tier Upgrades & Young Moni","",""
"","142","Repay - Valid","Personal Banking APIs - QA Test Suite","2026-09-27","failed","2026-09-27","Repay","Kolo Connect Advances","",""
"","125","Validate Smart Card - No Auth","Personal Banking APIs - QA Test Suite","2026-09-27","passed","2026-09-27","Validate Smart Card","Airtime, Data, Bills & VAS Beneficiaries","",""
"","124","Initiate Liveness Setup - Valid","Personal Banking APIs - QA Test Suite","2026-09-27","failed","2026-09-27","Initiate Liveness Setup","Login, Credentials, Security & Devices","",""
"","181","Terms Draw Details - Valid","Personal Banking APIs - QA Test Suite","2026-09-27","passed","2026-09-27","Terms Draw Details","Rewards, Cash Tokens & Wishlists","",""
"","128","Transactions Break Target - Missing Required Field","Personal Banking APIs - QA Test Suite","2026-09-27","passed","2026-09-27","Transactions Break Target","Target Savings","",""
"","125","Retrieve - No Auth","Personal Banking APIs - QA Test Suite","2026-09-27","passed","2026-09-27","Retrieve","Insurance","",""
"","126","Transfer - No Auth","Personal Banking APIs - QA Test Suite","2026-09-27","passed","2026-09-27","Transfer","Scheduled Payments","",""
"","133","Retry Payment Schedule - Empty Fields","Personal Banking APIs - QA Test Suite","2026-09-27","passed","2026-09-27","Retry Payment Schedule","Scheduled Payments","",""
"","202","Add Account Alias - Missing Required Field","Personal Banking APIs - QA Test Suite","2026-09-27","passed","2026-09-27","Add Account Alias","Customer Profile, Accounts & Beneficiaries","",""
"","142","Transfers Left - Invalid Query","Personal Banking APIs - QA Test Suite","2026-09-27","failed","2026-09-27","Transfers Left","Wallets, Transfers, Transactions & Fund Requests","",""
"","129","Transactions Create Wallet Product Specific - Empty Fields","Personal Banking APIs - QA Test Suite","2026-09-27","passed","2026-09-27","Transactions Create Wallet Product Specific","Target Savings","",""
"","124","Intra Name Enquiry - No Auth","Personal Banking APIs - QA Test Suite","2026-09-27","passed","2026-09-27","Intra Name Enquiry","Wallets, Transfers, Transactions & Fund Requests","",""
"","212","Data Plans - Invalid Query","Personal Banking APIs - QA Test Suite","2026-09-27","passed","2026-09-27","Data Plans","Airtime, Data, Bills & VAS Beneficiaries","",""
"","142","Transactions Update Swag Monthly Rollover - Valid","Personal Banking APIs - QA Test Suite","2026-09-27","failed","2026-09-27","Transactions Update Swag Monthly Rollover","SWAG Savings","",""
"","127","Single Fund Request - Empty Fields","Personal Banking APIs - QA Test Suite","2026-09-27","passed","2026-09-27","Single Fund Request","Wallets, Transfers, Transactions & Fund Requests","",""
"","131","Reset Login Pin - Empty Fields","Personal Banking APIs - QA Test Suite","2026-09-27","passed","2026-09-27","Reset Login Pin","Login, Credentials, Security & Devices","",""
"","256","Admin Games - Valid","Personal Banking APIs - QA Test Suite","2026-09-27","failed","2026-09-27","Admin Games","Rewards, Cash Tokens & Wishlists","",""
"","133","Initiate Email Update - Empty Fields","Personal Banking APIs - QA Test Suite","2026-09-27","passed","2026-09-27","Initiate Email Update","KYC, Tier Upgrades & Young Moni","",""
"","133","Wallet - Invalid ID","Personal Banking APIs - QA Test Suite","2026-09-27","failed","2026-09-27","Wallet","Target Savings","",""
"","126","Purchase Data - Valid","Personal Banking APIs - QA Test Suite","2026-09-27","failed","2026-09-27","Purchase Data","Airtime, Data, Bills & VAS Beneficiaries","",""
"","126","Young Moni Upload Guardian Documents - No Auth","Personal Banking APIs - QA Test Suite","2026-09-27","failed","2026-09-27","Young Moni Upload Guardian Documents","Customer Profile, Accounts & Beneficiaries","",""
"","138","Create Insurance - Missing Required Field","Personal Banking APIs - QA Test Suite","2026-09-27","passed","2026-09-27","Create Insurance","Insurance","",""
"","129","Purchase Jamb - Valid","Personal Banking APIs - QA Test Suite","2026-09-27","failed","2026-09-27","Purchase Jamb","Airtime, Data, Bills & VAS Beneficiaries","",""
"","133","Young Moni Documents - Invalid Query","Personal Banking APIs - QA Test Suite","2026-09-27","failed","2026-09-27","Young Moni Documents","KYC, Tier Upgrades & Young Moni","",""
"","134","Toolkit Accounts - Valid","Personal Banking APIs - QA Test Suite","2026-09-27","failed","2026-09-27","Toolkit Accounts","Customer Profile, Accounts & Beneficiaries","",""
"","133","Create Insurance - Empty Fields","Personal Banking APIs - QA Test Suite","2026-09-27","passed","2026-09-27","Create Insurance","Insurance","",""
"","139","Intra Name Enquiry By Phone - Missing Required Field","Personal Banking APIs - QA Test Suite","2026-09-27","failed","2026-09-27","Intra Name Enquiry By Phone","Wallets, Transfers, Transactions & Fund Requests","",""
"","149","Details - Empty Fields","Personal Banking APIs - QA Test Suite","2026-09-27","passed","2026-09-27","Details","Customer Profile, Accounts & Beneficiaries","",""
"","149","Games - Valid","Personal Banking APIs - QA Test Suite","2026-09-27","failed","2026-09-27","Games","Rewards, Cash Tokens & Wishlists","",""
"","160","Create - Valid","Personal Banking APIs - QA Test Suite","2026-09-27","failed","2026-09-27","Create","Wallets, Transfers, Transactions & Fund Requests","",""
"","136","Retrieve - Invalid Query","Personal Banking APIs - QA Test Suite","2026-09-27","failed","2026-09-27","Retrieve","Scheduled Payments","",""
"","132","Transactions Update Swag Monthly Rollover - Invalid Token Or PIN","Personal Banking APIs - QA Test Suite","2026-09-27","failed","2026-09-27","Transactions Update Swag Monthly Rollover","SWAG Savings","",""
"","133","Transactions - Invalid Query","Personal Banking APIs - QA Test Suite","2026-09-27","failed","2026-09-27","Transactions","Supalock Savings","",""
"","127","Electricity - Empty Fields","Personal Banking APIs - QA Test Suite","2026-09-27","passed","2026-09-27","Electricity","Scheduled Payments","",""
"","137","Approve Single Bulk Recipient - Invalid Token Or PIN","Personal Banking APIs - QA Test Suite","2026-09-27","failed","2026-09-27","Approve Single Bulk Recipient","Wallets, Transfers, Transactions & Fund Requests","",""
"","133","Admin Coins Rules - Invalid ID","Personal Banking APIs - QA Test Suite","2026-09-27","failed","2026-09-27","Admin Coins Rules","Rewards, Cash Tokens & Wishlists","",""
"","124","List - No Auth","Personal Banking APIs - QA Test Suite","2026-09-27","passed","2026-09-27","List","Customer Profile, Accounts & Beneficiaries","",""
"","133","Register With Phone - Empty Fields","Personal Banking APIs - QA Test Suite","2026-09-27","passed","2026-09-27","Register With Phone","Customer Onboarding","",""
"","192","Terms - Valid","Personal Banking APIs - QA Test Suite","2026-09-27","passed","2026-09-27","Terms","Rewards, Cash Tokens & Wishlists","",""
"","127","Purchase Electricity - Invalid Status Or Type","Personal Banking APIs - QA Test Suite","2026-09-27","passed","2026-09-27","Purchase Electricity","Airtime, Data, Bills & VAS Beneficiaries","",""
"","136","Retrieve - Nonexistent ID","Personal Banking APIs - QA Test Suite","2026-09-27","passed","2026-09-27","Retrieve","Customer Cards","",""
"","159","Account Officer Change Request - Valid","Personal Banking APIs - QA Test Suite","2026-09-27","passed","2026-09-27","Account Officer Change Request","Customer Profile, Accounts & Beneficiaries","",""
"","177","Add Item - Valid","Personal Banking APIs - QA Test Suite","2026-09-27","failed","2026-09-27","Add Item","Rewards, Cash Tokens & Wishlists","",""
"","146","Find Account Banks - Empty Fields","Personal Banking APIs - QA Test Suite","2026-09-27","passed","2026-09-27","Find Account Banks","Customer Profile, Accounts & Beneficiaries","",""
"","135","Inflow Outflow Analytics - Invalid Query","Personal Banking APIs - QA Test Suite","2026-09-27","failed","2026-09-27","Inflow Outflow Analytics","Wallets, Transfers, Transactions & Fund Requests","",""
"","136","Wallet - Invalid Query","Personal Banking APIs - QA Test Suite","2026-09-27","failed","2026-09-27","Wallet","Save & Spend","",""
"","176","Verify Phone OTP - Invalid Token Or PIN","Personal Banking APIs - QA Test Suite","2026-09-27","passed","2026-09-27","Verify Phone OTP","Customer Onboarding","",""
"","147","Redeem Insurance - Valid","Personal Banking APIs - QA Test Suite","2026-09-27","failed","2026-09-27","Redeem Insurance","Insurance","",""
"","132","Retrieve - Invalid Query","Personal Banking APIs - QA Test Suite","2026-09-27","failed","2026-09-27","Retrieve","Wallets, Transfers, Transactions & Fund Requests","",""
"","134","Disable - Invalid ID","Personal Banking APIs - QA Test Suite","2026-09-27","failed","2026-09-27","Disable","Wallets, Transfers, Transactions & Fund Requests","",""
"","150","List - Valid","Personal Banking APIs - QA Test Suite","2026-09-27","failed","2026-09-27","List","Kolo Connect Advances","",""
"","137","List Documents - Nonexistent ID","Personal Banking APIs - QA Test Suite","2026-09-27","passed","2026-09-27","List Documents","KYC, Tier Upgrades & Young Moni","",""
"","137","Retrieve - Invalid ID","Personal Banking APIs - QA Test Suite","2026-09-27","passed","2026-09-27","Retrieve","Insurance","",""
"","123","Retrieve - No Auth","Personal Banking APIs - QA Test Suite","2026-09-27","passed","2026-09-27","Retrieve","Customer Cards","",""
"","127","Inter Transfer - Missing Required Field","Personal Banking APIs - QA Test Suite","2026-09-27","passed","2026-09-27","Inter Transfer","Wallets, Transfers, Transactions & Fund Requests","",""
"","129","Set Password & Create Pending User - Invalid Token Or PIN","Personal Banking APIs - QA Test Suite","2026-09-27","passed","2026-09-27","Set Password & Create Pending User","Customer Onboarding","",""
"","141","Approve Single Bulk Recipient - Valid","Personal Banking APIs - QA Test Suite","2026-09-27","failed","2026-09-27","Approve Single Bulk Recipient","Wallets, Transfers, Transactions & Fund Requests","",""
"","134","Wallet Download Target Statement - Invalid Status Or Type","Personal Banking APIs - QA Test Suite","2026-09-27","failed","2026-09-27","Wallet Download Target Statement","Target Savings","",""
"","158","Coin Wallet - Valid","Personal Banking APIs - QA Test Suite","2026-09-27","failed","2026-09-27","Coin Wallet","Rewards, Cash Tokens & Wishlists","",""
"","243","Admin Games Rewards - Invalid Query","Personal Banking APIs - QA Test Suite","2026-09-27","failed","2026-09-27","Admin Games Rewards","Rewards, Cash Tokens & Wishlists","",""
"","128","Create Password - Empty Fields","Personal Banking APIs - QA Test Suite","2026-09-27","passed","2026-09-27","Create Password","Login, Credentials, Security & Devices","",""
"","132","Terms - Nonexistent ID","Personal Banking APIs - QA Test Suite","2026-09-27","passed","2026-09-27","Terms","Rewards, Cash Tokens & Wishlists","",""
"","148","Games Card Match - Valid","Personal Banking APIs - QA Test Suite","2026-09-27","failed","2026-09-27","Games Card Match","Rewards, Cash Tokens & Wishlists","",""
"","143","Add Item - Missing Required Field","Personal Banking APIs - QA Test Suite","2026-09-27","failed","2026-09-27","Add Item","Rewards, Cash Tokens & Wishlists","",""
"","125","Young Moni Upload Guardian Documents - Invalid Status Or Type","Personal Banking APIs - QA Test Suite","2026-09-27","failed","2026-09-27","Young Moni Upload Guardian Documents","Customer Profile, Accounts & Beneficiaries","",""
"","145","Disable - Empty Fields","Personal Banking APIs - QA Test Suite","2026-09-27","failed","2026-09-27","Disable","Wallets, Transfers, Transactions & Fund Requests","",""
"","263","Admin Coins Transactions - Invalid Query","Personal Banking APIs - QA Test Suite","2026-09-27","failed","2026-09-27","Admin Coins Transactions","Rewards, Cash Tokens & Wishlists","",""
"","132","Purchase Waec - Valid","Personal Banking APIs - QA Test Suite","2026-09-27","failed","2026-09-27","Purchase Waec","Airtime, Data, Bills & VAS Beneficiaries","",""
"","135","Transactions - Invalid Query","Personal Banking APIs - QA Test Suite","2026-09-27","failed","2026-09-27","Transactions","Target Savings","",""
"","129","Transactions Create Wallet Product Specific - Valid","Personal Banking APIs - QA Test Suite","2026-09-27","failed","2026-09-27","Transactions Create Wallet Product Specific","Target Savings","",""
"","128","Request Phone Verification - No Auth","Personal Banking APIs - QA Test Suite","2026-09-27","passed","2026-09-27","Request Phone Verification","Login, Credentials, Security & Devices","",""
"","158","Reject Single Bulk Recipient - Valid","Personal Banking APIs - QA Test Suite","2026-09-27","failed","2026-09-27","Reject Single Bulk Recipient","Wallets, Transfers, Transactions & Fund Requests","",""
"","212","Remaining Limit Today - Valid","Personal Banking APIs - QA Test Suite","2026-09-27","passed","2026-09-27","Remaining Limit Today","Wallets, Transfers, Transactions & Fund Requests","",""
"","127","Single Fund Request - Missing Required Field","Personal Banking APIs - QA Test Suite","2026-09-27","passed","2026-09-27","Single Fund Request","Wallets, Transfers, Transactions & Fund Requests","",""
"","134","Update Request Recipients - Invalid Amount","Personal Banking APIs - QA Test Suite","2026-09-27","failed","2026-09-27","Update Request Recipients","Wallets, Transfers, Transactions & Fund Requests","",""
"","126","Remaining Limit Today - No Auth","Personal Banking APIs - QA Test Suite","2026-09-27","passed","2026-09-27","Remaining Limit Today","Wallets, Transfers, Transactions & Fund Requests","",""
"","127","Purchase Jamb - Invalid Amount","Personal Banking APIs - QA Test Suite","2026-09-27","passed","2026-09-27","Purchase Jamb","Airtime, Data, Bills & VAS Beneficiaries","",""
"","133","Continue With Email - Invalid Email","Personal Banking APIs - QA Test Suite","2026-09-27","passed","2026-09-27","Continue With Email","Customer Onboarding","",""
"","124","Admin Devices Reactivate - Invalid Token Or PIN","Personal Banking APIs - QA Test Suite","2026-09-27","failed","2026-09-27","Admin Devices Reactivate","Login, Credentials, Security & Devices","",""
"","134","Electricity - Invalid Token Or PIN","Personal Banking APIs - QA Test Suite","2026-09-27","passed","2026-09-27","Electricity","Scheduled Payments","",""
"","134","Tier Zero Upgrade - Valid","Personal Banking APIs - QA Test Suite","2026-09-27","failed","2026-09-27","Tier Zero Upgrade","KYC, Tier Upgrades & Young Moni","",""
"","138","Young Moni Upload Child Documents - Nonexistent ID","Personal Banking APIs - QA Test Suite","2026-09-27","passed","2026-09-27","Young Moni Upload Child Documents","Customer Profile, Accounts & Beneficiaries","",""
"","1042","Inter Transfer - Invalid Token Or PIN","Personal Banking APIs - QA Test Suite","2026-09-27","passed","2026-09-27","Inter Transfer","Wallets, Transfers, Transactions & Fund Requests","",""
"","127","Initiate Reset Transaction Pin - Valid","Personal Banking APIs - QA Test Suite","2026-09-27","failed","2026-09-27","Initiate Reset Transaction Pin","Login, Credentials, Security & Devices","",""
"","204","Overview - Missing Required Field","Personal Banking APIs - QA Test Suite","2026-09-27","failed","2026-09-27","Overview","Customer Profile, Accounts & Beneficiaries","",""
"","237","Admin Games Rewards - No Auth","Personal Banking APIs - QA Test Suite","2026-09-27","passed","2026-09-27","Admin Games Rewards","Rewards, Cash Tokens & Wishlists","",""
"","143","Data - Invalid Token Or PIN","Personal Banking APIs - QA Test Suite","2026-09-27","passed","2026-09-27","Data","Scheduled Payments","",""
"","127","Purchase Airtime - Invalid Token Or PIN","Personal Banking APIs - QA Test Suite","2026-09-27","passed","2026-09-27","Purchase Airtime","Airtime, Data, Bills & VAS Beneficiaries","",""
"","203","Providers - Valid","Personal Banking APIs - QA Test Suite","2026-09-27","passed","2026-09-27","Providers","Insurance","",""
"","132","Webhook Cashtoken Webhook - No Auth","Personal Banking APIs - QA Test Suite","2026-09-27","passed","2026-09-27","Webhook Cashtoken Webhook","Rewards, Cash Tokens & Wishlists","",""
"","132","Reset Transaction Pin - Empty Fields","Personal Banking APIs - QA Test Suite","2026-09-27","passed","2026-09-27","Reset Transaction Pin","Login, Credentials, Security & Devices","",""
"","123","Renew Insurance - No Auth","Personal Banking APIs - QA Test Suite","2026-09-27","passed","2026-09-27","Renew Insurance","Insurance","",""
"","126","Games Card Match - Empty Fields","Personal Banking APIs - QA Test Suite","2026-09-27","passed","2026-09-27","Games Card Match","Rewards, Cash Tokens & Wishlists","",""
"","131","Create Sub Account - Missing Required Field","Personal Banking APIs - QA Test Suite","2026-09-27","passed","2026-09-27","Create Sub Account","Customer Profile, Accounts & Beneficiaries","",""
"","138","Payment Merchant - Invalid Query","Personal Banking APIs - QA Test Suite","2026-09-27","failed","2026-09-27","Payment Merchant","Customer Cards","",""
"","143","Transactions Withdraw Interest - Invalid Token Or PIN","Personal Banking APIs - QA Test Suite","2026-09-27","passed","2026-09-27","Transactions Withdraw Interest","SWAG Savings","",""
"","132","Admin Reject Upgrade Request - Valid","Personal Banking APIs - QA Test Suite","2026-09-27","failed","2026-09-27","Admin Reject Upgrade Request","KYC, Tier Upgrades & Young Moni","",""
"","137","Verify NIN (Choose BVN or NIN) - Invalid Status Or Type","Personal Banking APIs - QA Test Suite","2026-09-27","passed","2026-09-27","Verify NIN (Choose BVN or NIN)","Customer Onboarding","",""
"","133","Notify Of Missed Inward - Empty Fields","Personal Banking APIs - QA Test Suite","2026-09-27","failed","2026-09-27","Notify Of Missed Inward","Wallets, Transfers, Transactions & Fund Requests","",""
"","241","Admin Games Rewards - Valid","Personal Banking APIs - QA Test Suite","2026-09-27","failed","2026-09-27","Admin Games Rewards","Rewards, Cash Tokens & Wishlists","",""
"","126","Enabled Setting - No Auth","Personal Banking APIs - QA Test Suite","2026-09-27","passed","2026-09-27","Enabled Setting","Wallets, Transfers, Transactions & Fund Requests","",""
"","127","Wishlist Config Edit - Invalid Amount","Personal Banking APIs - QA Test Suite","2026-09-27","failed","2026-09-27","Wishlist Config Edit","Rewards, Cash Tokens & Wishlists","",""
"","167","Approve Bulk Fund Request - Empty Fields","Personal Banking APIs - QA Test Suite","2026-09-27","failed","2026-09-27","Approve Bulk Fund Request","Wallets, Transfers, Transactions & Fund Requests","",""
"","134","Validate Jamb Profile - Missing Required Field","Personal Banking APIs - QA Test Suite","2026-09-27","failed","2026-09-27","Validate Jamb Profile","Airtime, Data, Bills & VAS Beneficiaries","",""
"","134","Providers - Invalid Query","Personal Banking APIs - QA Test Suite","2026-09-27","failed","2026-09-27","Providers","Insurance","",""
"","131","Types Get Supa Lock Special Interest - Invalid Query","Personal Banking APIs - QA Test Suite","2026-09-27","failed","2026-09-27","Types Get Supa Lock Special Interest","Supalock Savings","",""
"","129","Transactions Break Wallet - Invalid Token Or PIN","Personal Banking APIs - QA Test Suite","2026-09-27","passed","2026-09-27","Transactions Break Wallet","Save & Spend","",""
"","131","Channel Settings - Missing Required Field","Personal Banking APIs - QA Test Suite","2026-09-27","failed","2026-09-27","Channel Settings","Customer Cards","",""
"","127","Transactions Withdraw Interest - Invalid Amount","Personal Banking APIs - QA Test Suite","2026-09-27","passed","2026-09-27","Transactions Withdraw Interest","SWAG Savings","",""
"","128","Intra Account Transfer - No Auth","Personal Banking APIs - QA Test Suite","2026-09-27","failed","2026-09-27","Intra Account Transfer","Wallets, Transfers, Transactions & Fund Requests","",""
"","148","Enable - Valid","Personal Banking APIs - QA Test Suite","2026-09-27","failed","2026-09-27","Enable","Wallets, Transfers, Transactions & Fund Requests","",""
"","238","Admin Coins Rules Stats - Valid","Personal Banking APIs - QA Test Suite","2026-09-27","failed","2026-09-27","Admin Coins Rules Stats","Rewards, Cash Tokens & Wishlists","",""
"","409","Retrieve - Invalid ID","Personal Banking APIs - QA Test Suite","2026-09-27","passed","2026-09-27","Retrieve","Customer Profile, Accounts & Beneficiaries","",""
"","142","List - Invalid Query","Personal Banking APIs - QA Test Suite","2026-09-27","failed","2026-09-27","List","Airtime, Data, Bills & VAS Beneficiaries","",""
"","125","Create Login Pin - No Auth","Personal Banking APIs - QA Test Suite","2026-09-27","passed","2026-09-27","Create Login Pin","Login, Credentials, Security & Devices","",""
"","124","Young Moni Validate Details - Missing Required Field","Personal Banking APIs - QA Test Suite","2026-09-27","failed","2026-09-27","Young Moni Validate Details","Customer Profile, Accounts & Beneficiaries","",""
"","196","List - Valid","Personal Banking APIs - QA Test Suite","2026-09-27","passed","2026-09-27","List","Airtime, Data, Bills & VAS Beneficiaries","",""
"","127","Get Item Edit - Missing Required Field","Personal Banking APIs - QA Test Suite","2026-09-27","failed","2026-09-27","Get Item Edit","Rewards, Cash Tokens & Wishlists","",""
"","129","Transactions Create Plan - No Auth","Personal Banking APIs - QA Test Suite","2026-09-27","failed","2026-09-27","Transactions Create Plan","SWAG Savings","",""
"","126","Young Moni - No Auth","Personal Banking APIs - QA Test Suite","2026-09-27","passed","2026-09-27","Young Moni","Customer Profile, Accounts & Beneficiaries","",""
"","137","Destroy - Nonexistent ID","Personal Banking APIs - QA Test Suite","2026-09-27","passed","2026-09-27","Destroy","Customer Profile, Accounts & Beneficiaries","",""
"","235","Admin List Documents - No Auth","Personal Banking APIs - QA Test Suite","2026-09-27","passed","2026-09-27","Admin List Documents","KYC, Tier Upgrades & Young Moni","",""
"","123","Young Moni Documents - No Auth","Personal Banking APIs - QA Test Suite","2026-09-27","passed","2026-09-27","Young Moni Documents","KYC, Tier Upgrades & Young Moni","",""
"","126","Reset Login Pin - No Auth","Personal Banking APIs - QA Test Suite","2026-09-27","passed","2026-09-27","Reset Login Pin","Login, Credentials, Security & Devices","",""
"","241","Admin List Documents - Invalid Query","Personal Banking APIs - QA Test Suite","2026-09-27","failed","2026-09-27","Admin List Documents","KYC, Tier Upgrades & Young Moni","",""
"","179","Winner - Valid","Personal Banking APIs - QA Test Suite","2026-09-27","passed","2026-09-27","Winner","Rewards, Cash Tokens & Wishlists","",""
"","129","Purchase Epin - Invalid Token Or PIN","Personal Banking APIs - QA Test Suite","2026-09-27","passed","2026-09-27","Purchase Epin","Airtime, Data, Bills & VAS Beneficiaries","",""
"","133","Update Communication Preference - Missing Required Field","Personal Banking APIs - QA Test Suite","2026-09-27","passed","2026-09-27","Update Communication Preference","Customer Profile, Accounts & Beneficiaries","",""
"","132","Admin Games Rewards - Invalid ID","Personal Banking APIs - QA Test Suite","2026-09-27","failed","2026-09-27","Admin Games Rewards","Rewards, Cash Tokens & Wishlists","",""
"","125","Purchase Data - Missing Required Field","Personal Banking APIs - QA Test Suite","2026-09-27","passed","2026-09-27","Purchase Data","Airtime, Data, Bills & VAS Beneficiaries","",""
"","126","Reset Password - Empty Fields","Personal Banking APIs - QA Test Suite","2026-09-27","passed","2026-09-27","Reset Password","Login, Credentials, Security & Devices","",""
"","134","Kyc Level Count - Invalid Query","Personal Banking APIs - QA Test Suite","2026-09-27","failed","2026-09-27","Kyc Level Count","Customer Profile, Accounts & Beneficiaries","",""
"","314","Create Wishlist - Valid","Personal Banking APIs - QA Test Suite","2026-09-27","failed","2026-09-27","Create Wishlist","Rewards, Cash Tokens & Wishlists","",""
"","135","Perform Action - Nonexistent ID","Personal Banking APIs - QA Test Suite","2026-09-27","failed","2026-09-27","Perform Action","Rewards, Cash Tokens & Wishlists","",""
"","255","Data Plans - Invalid ID","Personal Banking APIs - QA Test Suite","2026-09-27","passed","2026-09-27","Data Plans","Airtime, Data, Bills & VAS Beneficiaries","",""
"","137","Transaction - Invalid Query","Personal Banking APIs - QA Test Suite","2026-09-27","failed","2026-09-27","Transaction","Airtime, Data, Bills & VAS Beneficiaries","",""
"","128","Upload Bulk Fund Request - No Auth","Personal Banking APIs - QA Test Suite","2026-09-27","failed","2026-09-27","Upload Bulk Fund Request","Wallets, Transfers, Transactions & Fund Requests","",""
"","137","Verify NIN (Choose BVN or NIN) - Missing Required Field","Personal Banking APIs - QA Test Suite","2026-09-27","passed","2026-09-27","Verify NIN (Choose BVN or NIN)","Customer Onboarding","",""
"","128","Transactions Deposit - Valid","Personal Banking APIs - QA Test Suite","2026-09-27","failed","2026-09-27","Transactions Deposit","Target Savings","",""
"","147","Transactions - Valid","Personal Banking APIs - QA Test Suite","2026-09-27","failed","2026-09-27","Transactions","Supalock Savings","",""
"","137","Transactions Evaluate Break - Missing Required Field","Personal Banking APIs - QA Test Suite","2026-09-27","passed","2026-09-27","Transactions Evaluate Break","Target Savings","",""
"","125","Request Alias Phone Verification - No Auth","Personal Banking APIs - QA Test Suite","2026-09-27","passed","2026-09-27","Request Alias Phone Verification","Customer Profile, Accounts & Beneficiaries","",""
"","181","Transfer - Invalid Amount","Personal Banking APIs - QA Test Suite","2026-09-27","passed","2026-09-27","Transfer","Scheduled Payments","",""
"","128","Purchase Epin - Empty Fields","Personal Banking APIs - QA Test Suite","2026-09-27","passed","2026-09-27","Purchase Epin","Airtime, Data, Bills & VAS Beneficiaries","",""
"","124","Reject Bulk Fund Request - No Auth","Personal Banking APIs - QA Test Suite","2026-09-27","passed","2026-09-27","Reject Bulk Fund Request","Wallets, Transfers, Transactions & Fund Requests","",""
"","133","Retrieve - Invalid ID","Personal Banking APIs - QA Test Suite","2026-09-27","failed","2026-09-27","Retrieve","Wallets, Transfers, Transactions & Fund Requests","",""
"","137","Withdraw Cashback - Invalid ID","Personal Banking APIs - QA Test Suite","2026-09-27","failed","2026-09-27","Withdraw Cashback","Wallets, Transfers, Transactions & Fund Requests","",""
"","234","Admin Coins Rules - No Auth","Personal Banking APIs - QA Test Suite","2026-09-27","passed","2026-09-27","Admin Coins Rules","Rewards, Cash Tokens & Wishlists","",""
"","150","Enabled Setting - Valid","Personal Banking APIs - QA Test Suite","2026-09-27","failed","2026-09-27","Enabled Setting","Wallets, Transfers, Transactions & Fund Requests","",""
"","127","Terms Draw Details - No Auth","Personal Banking APIs - QA Test Suite","2026-09-27","passed","2026-09-27","Terms Draw Details","Rewards, Cash Tokens & Wishlists","",""
"","135","Update Communication Preference - Empty Fields","Personal Banking APIs - QA Test Suite","2026-09-27","passed","2026-09-27","Update Communication Preference","Customer Profile, Accounts & Beneficiaries","",""
"","125","Verify Phone Number - Invalid Token Or PIN","Personal Banking APIs - QA Test Suite","2026-09-27","failed","2026-09-27","Verify Phone Number","Login, Credentials, Security & Devices","",""
"","134","Admin Coins Rules - Missing Required Field","Personal Banking APIs - QA Test Suite","2026-09-27","failed","2026-09-27","Admin Coins Rules","Rewards, Cash Tokens & Wishlists","",""
"","161","Withdraw Cashback - Valid","Personal Banking APIs - QA Test Suite","2026-09-27","failed","2026-09-27","Withdraw Cashback","Wallets, Transfers, Transactions & Fund Requests","",""
"","134","Withdraw Cashback - Missing Required Field","Personal Banking APIs - QA Test Suite","2026-09-27","failed","2026-09-27","Withdraw Cashback","Wallets, Transfers, Transactions & Fund Requests","",""
"","133","Tenors - Invalid Query","Personal Banking APIs - QA Test Suite","2026-09-27","failed","2026-09-27","Tenors","Kolo Connect Advances","",""
"","125","Find Customers By Phone - No Auth","Personal Banking APIs - QA Test Suite","2026-09-27","passed","2026-09-27","Find Customers By Phone","Customer Profile, Accounts & Beneficiaries","",""
"","140","Games Eligibility Requirements - Valid","Personal Banking APIs - QA Test Suite","2026-09-27","failed","2026-09-27","Games Eligibility Requirements","Rewards, Cash Tokens & Wishlists","",""
"","134","Document Update Status - Missing Required Field","Personal Banking APIs - QA Test Suite","2026-09-27","failed","2026-09-27","Document Update Status","KYC, Tier Upgrades & Young Moni","",""
"","420","List - Valid","Personal Banking APIs - QA Test Suite","2026-09-27","failed","2026-09-27","List","Wallets, Transfers, Transactions & Fund Requests","",""
"","127","Transactions Update Spend Wallet - Invalid Token Or PIN","Personal Banking APIs - QA Test Suite","2026-09-27","passed","2026-09-27","Transactions Update Spend Wallet","Save & Spend","",""
"","397","Admin - Valid","Personal Banking APIs - QA Test Suite","2026-09-27","failed","2026-09-27","Admin","KYC, Tier Upgrades & Young Moni","",""
"","142","Transactions - Invalid Query","Personal Banking APIs - QA Test Suite","2026-09-27","failed","2026-09-27","Transactions","Wallets, Transfers, Transactions & Fund Requests","",""
"","130","Inter Transfer - Empty Fields","Personal Banking APIs - QA Test Suite","2026-09-27","passed","2026-09-27","Inter Transfer","Wallets, Transfers, Transactions & Fund Requests","",""
"","261","Admin Games Rewards - Invalid ID","Personal Banking APIs - QA Test Suite","2026-09-27","failed","2026-09-27","Admin Games Rewards","Rewards, Cash Tokens & Wishlists","",""
"","125","Total Young Moni Balance - No Auth","Personal Banking APIs - QA Test Suite","2026-09-27","passed","2026-09-27","Total Young Moni Balance","Customer Profile, Accounts & Beneficiaries","",""
"","134","Young Moni Requests Complete Review - Invalid ID","Personal Banking APIs - QA Test Suite","2026-09-27","failed","2026-09-27","Young Moni Requests Complete Review","KYC, Tier Upgrades & Young Moni","",""
"","133","Account Officer Change Request - Invalid Query","Personal Banking APIs - QA Test Suite","2026-09-27","failed","2026-09-27","Account Officer Change Request","Customer Profile, Accounts & Beneficiaries","",""
"","132","Document Delete - Invalid Token Or PIN","Personal Banking APIs - QA Test Suite","2026-09-27","failed","2026-09-27","Document Delete","KYC, Tier Upgrades & Young Moni","",""
"","125","Initiate Reset Card Pin - No Auth","Personal Banking APIs - QA Test Suite","2026-09-27","passed","2026-09-27","Initiate Reset Card Pin","Customer Cards","",""
"","125","Tier One Upgrade With BVN - No Auth","Personal Banking APIs - QA Test Suite","2026-09-27","passed","2026-09-27","Tier One Upgrade With BVN","KYC, Tier Upgrades & Young Moni","",""
"","142","Unblock - Empty Fields","Personal Banking APIs - QA Test Suite","2026-09-27","failed","2026-09-27","Unblock","Customer Cards","",""
"","172","Approve Bulk Fund Request - Invalid Token Or PIN","Personal Banking APIs - QA Test Suite","2026-09-27","failed","2026-09-27","Approve Bulk Fund Request","Wallets, Transfers, Transactions & Fund Requests","",""
"","133","Young Moni Initiate Account Request - Invalid Status Or Type","Personal Banking APIs - QA Test Suite","2026-09-27","passed","2026-09-27","Young Moni Initiate Account Request","Customer Profile, Accounts & Beneficiaries","",""
"","152","Notify Of Missed Inward - Valid","Personal Banking APIs - QA Test Suite","2026-09-27","failed","2026-09-27","Notify Of Missed Inward","Wallets, Transfers, Transactions & Fund Requests","",""
"","123","Retrieve - No Auth","Personal Banking APIs - QA Test Suite","2026-09-27","passed","2026-09-27","Retrieve","Airtime, Data, Bills & VAS Beneficiaries","",""
"","140","Wallet - Valid","Personal Banking APIs - QA Test Suite","2026-09-27","failed","2026-09-27","Wallet","Target Savings","",""
"","408","List - Valid","Personal Banking APIs - QA Test Suite","2026-09-27","passed","2026-09-27","List","Customer Profile, Accounts & Beneficiaries","",""
"","124","Admin Devices Deactivate - Invalid Token Or PIN","Personal Banking APIs - QA Test Suite","2026-09-27","failed","2026-09-27","Admin Devices Deactivate","Login, Credentials, Security & Devices","",""
"","136","Withdraw Cashback - Invalid Amount","Personal Banking APIs - QA Test Suite","2026-09-27","failed","2026-09-27","Withdraw Cashback","Wallets, Transfers, Transactions & Fund Requests","",""
"","132","Transactions - Invalid Query","Personal Banking APIs - QA Test Suite","2026-09-27","failed","2026-09-27","Transactions","SWAG Savings","",""
"","133","Verify Token - Valid","Personal Banking APIs - QA Test Suite","2026-09-27","failed","2026-09-27","Verify Token","Login, Credentials, Security & Devices","",""
"","134","Admin Coins Redemption Rules - Valid","Personal Banking APIs - QA Test Suite","2026-09-27","failed","2026-09-27","Admin Coins Redemption Rules","Rewards, Cash Tokens & Wishlists","",""
"","128","Transactions Withdraw Principal - Empty Fields","Personal Banking APIs - QA Test Suite","2026-09-27","passed","2026-09-27","Transactions Withdraw Principal","SWAG Savings","",""
"","127","Overview - No Auth","Personal Banking APIs - QA Test Suite","2026-09-27","passed","2026-09-27","Overview","Rewards, Cash Tokens & Wishlists","",""
"","198","Admin Coins Rules - Missing Required Field","Personal Banking APIs - QA Test Suite","2026-09-27","failed","2026-09-27","Admin Coins Rules","Rewards, Cash Tokens & Wishlists","",""
"","132","Complete Registration - Valid","Personal Banking APIs - QA Test Suite","2026-09-27","failed","2026-09-27","Complete Registration","Customer Onboarding","",""
"","246","Admin - Invalid Query","Personal Banking APIs - QA Test Suite","2026-09-27","failed","2026-09-27","Admin","KYC, Tier Upgrades & Young Moni","",""
"","136","Update - Invalid Status Or Type","Personal Banking APIs - QA Test Suite","2026-09-27","passed","2026-09-27","Update","Scheduled Payments","",""
"","124","Create Insurance - No Auth","Personal Banking APIs - QA Test Suite","2026-09-27","passed","2026-09-27","Create Insurance","Insurance","",""
"","131","Redeem Coins - Missing Required Field","Personal Banking APIs - QA Test Suite","2026-09-27","passed","2026-09-27","Redeem Coins","Rewards, Cash Tokens & Wishlists","",""
"","131","Kyc Level Distribution - Valid","Personal Banking APIs - QA Test Suite","2026-09-27","failed","2026-09-27","Kyc Level Distribution","Customer Profile, Accounts & Beneficiaries","",""
"","1129","Export Fund Recipients - Valid","Personal Banking APIs - QA Test Suite","2026-09-27","failed","2026-09-27","Export Fund Recipients","Wallets, Transfers, Transactions & Fund Requests","",""
"","129","Transactions Deposit - Valid","Personal Banking APIs - QA Test Suite","2026-09-27","failed","2026-09-27","Transactions Deposit","SWAG Savings","",""
"","125","Terms Terms And Rewards - No Auth","Personal Banking APIs - QA Test Suite","2026-09-27","passed","2026-09-27","Terms Terms And Rewards","Rewards, Cash Tokens & Wishlists","",""
"","147","Borrow - Valid","Personal Banking APIs - QA Test Suite","2026-09-27","failed","2026-09-27","Borrow","Kolo Connect Advances","",""
"","132","Update Gender - Empty Fields","Personal Banking APIs - QA Test Suite","2026-09-27","passed","2026-09-27","Update Gender","Login, Credentials, Security & Devices","",""
"","137","Update - Invalid Amount","Personal Banking APIs - QA Test Suite","2026-09-27","passed","2026-09-27","Update","Scheduled Payments","",""
"","125","Wishlist Config - No Auth","Personal Banking APIs - QA Test Suite","2026-09-27","passed","2026-09-27","Wishlist Config","Rewards, Cash Tokens & Wishlists","",""
"","134","Update Tin - Missing Required Field","Personal Banking APIs - QA Test Suite","2026-09-27","passed","2026-09-27","Update Tin","Customer Profile, Accounts & Beneficiaries","",""
"","130","Transactions Create Wallet Product Specific - Missing Required Field","Personal Banking APIs - QA Test Suite","2026-09-27","passed","2026-09-27","Transactions Create Wallet Product Specific","Target Savings","",""
"","231","Admin Games Sessions - No Auth","Personal Banking APIs - QA Test Suite","2026-09-27","passed","2026-09-27","Admin Games Sessions","Rewards, Cash Tokens & Wishlists","",""
"","126","Get Item Edit - Invalid Status Or Type","Personal Banking APIs - QA Test Suite","2026-09-27","failed","2026-09-27","Get Item Edit","Rewards, Cash Tokens & Wishlists","",""
"","136","Transactions - Nonexistent ID","Personal Banking APIs - QA Test Suite","2026-09-27","passed","2026-09-27","Transactions","Target Savings","",""
"","138","Young Moni Upload Child Documents - Invalid ID","Personal Banking APIs - QA Test Suite","2026-09-27","passed","2026-09-27","Young Moni Upload Child Documents","Customer Profile, Accounts & Beneficiaries","",""
"","133","List - Invalid Query","Personal Banking APIs - QA Test Suite","2026-09-27","failed","2026-09-27","List","Customer Profile, Accounts & Beneficiaries","",""
"","125","Games Spin Wheel - No Auth","Personal Banking APIs - QA Test Suite","2026-09-27","passed","2026-09-27","Games Spin Wheel","Rewards, Cash Tokens & Wishlists","",""
"","145","Withdraw Cashback - Empty Fields","Personal Banking APIs - QA Test Suite","2026-09-27","passed","2026-09-27","Withdraw Cashback","Wallets, Transfers, Transactions & Fund Requests","",""
"","124","Dismiss Action - No Auth","Personal Banking APIs - QA Test Suite","2026-09-27","passed","2026-09-27","Dismiss Action","KYC, Tier Upgrades & Young Moni","",""
"","123","Admin Coins Redemption Rules - No Auth","Personal Banking APIs - QA Test Suite","2026-09-27","passed","2026-09-27","Admin Coins Redemption Rules","Rewards, Cash Tokens & Wishlists","",""
"","241","Admin Coins Redemption Rules - Valid","Personal Banking APIs - QA Test Suite","2026-09-27","failed","2026-09-27","Admin Coins Redemption Rules","Rewards, Cash Tokens & Wishlists","",""
"","132","Admin Coins Rules - Valid","Personal Banking APIs - QA Test Suite","2026-09-27","failed","2026-09-27","Admin Coins Rules","Rewards, Cash Tokens & Wishlists","",""
"","134","Validate Face Match - Empty Fields","Personal Banking APIs - QA Test Suite","2026-09-27","passed","2026-09-27","Validate Face Match","Login, Credentials, Security & Devices","",""
"","133","Payment Merchant - Nonexistent ID","Personal Banking APIs - QA Test Suite","2026-09-27","passed","2026-09-27","Payment Merchant","Customer Cards","",""
"","127","Young Moni Upload Guardian Documents - Missing Required Field","Personal Banking APIs - QA Test Suite","2026-09-27","failed","2026-09-27","Young Moni Upload Guardian Documents","Customer Profile, Accounts & Beneficiaries","",""
"","125","Get Cable Plans - No Auth","Personal Banking APIs - QA Test Suite","2026-09-27","passed","2026-09-27","Get Cable Plans","Airtime, Data, Bills & VAS Beneficiaries","",""
"","125","Transactions - No Auth","Personal Banking APIs - QA Test Suite","2026-09-27","passed","2026-09-27","Transactions","SWAG Savings","",""
"","125","Retrieve - No Auth","Personal Banking APIs - QA Test Suite","2026-09-27","passed","2026-09-27","Retrieve","Supalock Savings","",""
"","128","Admin Admin Submit - No Auth","Personal Banking APIs - QA Test Suite","2026-09-27","passed","2026-09-27","Admin Admin Submit","KYC, Tier Upgrades & Young Moni","",""
"","125","Young Moni Requests Complete Review - No Auth","Personal Banking APIs - QA Test Suite","2026-09-27","passed","2026-09-27","Young Moni Requests Complete Review","KYC, Tier Upgrades & Young Moni","",""
"","126","Airtime - No Auth","Personal Banking APIs - QA Test Suite","2026-09-27","passed","2026-09-27","Airtime","Scheduled Payments","",""
"","133","Repay - Invalid Token Or PIN","Personal Banking APIs - QA Test Suite","2026-09-27","failed","2026-09-27","Repay","Kolo Connect Advances","",""
"","140","Recipients - Invalid Query","Personal Banking APIs - QA Test Suite","2026-09-27","failed","2026-09-27","Recipients","Wallets, Transfers, Transactions & Fund Requests","",""
"","136","Transactions Evaluate Break - Empty Fields","Personal Banking APIs - QA Test Suite","2026-09-27","passed","2026-09-27","Transactions Evaluate Break","Target Savings","",""
"","127","Transactions Deposit - Invalid Amount","Personal Banking APIs - QA Test Suite","2026-09-27","passed","2026-09-27","Transactions Deposit","Target Savings","",""
"","133","Transactions - Invalid ID","Personal Banking APIs - QA Test Suite","2026-09-27","failed","2026-09-27","Transactions","SWAG Savings","",""
"","134","Retrieve - Nonexistent ID","Personal Banking APIs - QA Test Suite","2026-09-27","passed","2026-09-27","Retrieve","KYC, Tier Upgrades & Young Moni","",""
"","127","Admin Games Rewards - Valid","Personal Banking APIs - QA Test Suite","2026-09-27","failed","2026-09-27","Admin Games Rewards","Rewards, Cash Tokens & Wishlists","",""
"","139","Create Her Wealth - Missing Required Field","Personal Banking APIs - QA Test Suite","2026-09-27","passed","2026-09-27","Create Her Wealth","Customer Profile, Accounts & Beneficiaries","",""
"","132","Update Credit Stage - Invalid Status Or Type","Personal Banking APIs - QA Test Suite","2026-09-27","failed","2026-09-27","Update Credit Stage","Wallets, Transfers, Transactions & Fund Requests","",""
"","134","Young Moni Upload Child Documents - Missing Required Field","Personal Banking APIs - QA Test Suite","2026-09-27","failed","2026-09-27","Young Moni Upload Child Documents","Customer Profile, Accounts & Beneficiaries","",""
"","133","Transactions Create Wallet - Invalid Status Or Type","Personal Banking APIs - QA Test Suite","2026-09-27","passed","2026-09-27","Transactions Create Wallet","Save & Spend","",""
"","124","Channel Settings - No Auth","Personal Banking APIs - QA Test Suite","2026-09-27","passed","2026-09-27","Channel Settings","Customer Cards","",""
"","132","Admin Admin Submit - Empty Fields","Personal Banking APIs - QA Test Suite","2026-09-27","failed","2026-09-27","Admin Admin Submit","KYC, Tier Upgrades & Young Moni","",""
"","135","Unblock - Invalid ID","Personal Banking APIs - QA Test Suite","2026-09-27","passed","2026-09-27","Unblock","Customer Cards","",""
"","132","Enabled Setting - Invalid Query","Personal Banking APIs - QA Test Suite","2026-09-27","failed","2026-09-27","Enabled Setting","Wallets, Transfers, Transactions & Fund Requests","",""
"","132","Wallet - Invalid ID","Personal Banking APIs - QA Test Suite","2026-09-27","failed","2026-09-27","Wallet","SWAG Savings","",""
"","168","Customer Submit - Valid","Personal Banking APIs - QA Test Suite","2026-09-27","failed","2026-09-27","Customer Submit","KYC, Tier Upgrades & Young Moni","",""
"","129","Inter Transfer - No Auth","Personal Banking APIs - QA Test Suite","2026-09-27","failed","2026-09-27","Inter Transfer","Wallets, Transfers, Transactions & Fund Requests","",""
"","147","Account Officer View Rating - Valid","Personal Banking APIs - QA Test Suite","2026-09-27","passed","2026-09-27","Account Officer View Rating","Customer Profile, Accounts & Beneficiaries","",""
"","163","List - Invalid Query","Personal Banking APIs - QA Test Suite","2026-09-27","failed","2026-09-27","List","KYC, Tier Upgrades & Young Moni","",""
"","241","Admin Coins Transactions - Valid","Personal Banking APIs - QA Test Suite","2026-09-27","failed","2026-09-27","Admin Coins Transactions","Rewards, Cash Tokens & Wishlists","",""
"","145","Partial - Valid","Personal Banking APIs - QA Test Suite","2026-09-27","failed","2026-09-27","Partial","Wallets, Transfers, Transactions & Fund Requests","",""
"","161","Retrieve - Valid","Personal Banking APIs - QA Test Suite","2026-09-27","failed","2026-09-27","Retrieve","Scheduled Payments","",""
"","135","Retrieve - Invalid ID","Personal Banking APIs - QA Test Suite","2026-09-27","failed","2026-09-27","Retrieve","Wallets, Transfers, Transactions & Fund Requests","",""
"","130","List Schedule Payments - Invalid Query","Personal Banking APIs - QA Test Suite","2026-09-27","failed","2026-09-27","List Schedule Payments","Scheduled Payments","",""
"","128","Young Moni Upload Guardian Documents - Valid","Personal Banking APIs - QA Test Suite","2026-09-27","failed","2026-09-27","Young Moni Upload Guardian Documents","Customer Profile, Accounts & Beneficiaries","",""
"","127","Transactions Break Wallet - No Auth","Personal Banking APIs - QA Test Suite","2026-09-27","failed","2026-09-27","Transactions Break Wallet","Save & Spend","",""
"","125","Request Account Reactivation - No Auth","Personal Banking APIs - QA Test Suite","2026-09-27","passed","2026-09-27","Request Account Reactivation","KYC, Tier Upgrades & Young Moni","",""
"","135","Transactions Evaluate Target - Empty Fields","Personal Banking APIs - QA Test Suite","2026-09-27","passed","2026-09-27","Transactions Evaluate Target","Target Savings","",""
"","132","Admin Admin Tier Two Upgrade - Valid","Personal Banking APIs - QA Test Suite","2026-09-27","failed","2026-09-27","Admin Admin Tier Two Upgrade","KYC, Tier Upgrades & Young Moni","",""
"","126","Kyc Level Distribution - No Auth","Personal Banking APIs - QA Test Suite","2026-09-27","passed","2026-09-27","Kyc Level Distribution","Customer Profile, Accounts & Beneficiaries","",""
"","132","Request Phone Verification - Missing Required Field","Personal Banking APIs - QA Test Suite","2026-09-27","failed","2026-09-27","Request Phone Verification","Login, Credentials, Security & Devices","",""
"","334","List - Invalid Query","Personal Banking APIs - QA Test Suite","2026-09-27","failed","2026-09-27","List","Customer Profile, Accounts & Beneficiaries","",""
"","128","Login With Pin - Invalid Email","Personal Banking APIs - QA Test Suite","2026-09-27","passed","2026-09-27","Login With Pin","Login, Credentials, Security & Devices","",""
"","133","Toolkit Accounts - No Auth","Personal Banking APIs - QA Test Suite","2026-09-27","passed","2026-09-27","Toolkit Accounts","Customer Profile, Accounts & Beneficiaries","",""
"","128","Young Moni Upload Child Documents - No Auth","Personal Banking APIs - QA Test Suite","2026-09-27","passed","2026-09-27","Young Moni Upload Child Documents","Customer Profile, Accounts & Beneficiaries","",""
"","144","Retrieve - Valid","Personal Banking APIs - QA Test Suite","2026-09-27","failed","2026-09-27","Retrieve","Wallets, Transfers, Transactions & Fund Requests","",""
"","131","Wallet - Invalid Query","Personal Banking APIs - QA Test Suite","2026-09-27","failed","2026-09-27","Wallet","Target Savings","",""
"","139","List - Invalid Query","Personal Banking APIs - QA Test Suite","2026-09-27","failed","2026-09-27","List","Insurance","",""
"","2010","Reject Single Fund Request - Valid","Personal Banking APIs - QA Test Suite","2026-09-27","failed","2026-09-27","Reject Single Fund Request","Wallets, Transfers, Transactions & Fund Requests","",""
"","242","Admin - Valid","Personal Banking APIs - QA Test Suite","2026-09-27","failed","2026-09-27","Admin","KYC, Tier Upgrades & Young Moni","",""
"","140","Block - Nonexistent ID","Personal Banking APIs - QA Test Suite","2026-09-27","passed","2026-09-27","Block","Customer Cards","",""
"","131","Games Get Rewards - Invalid Query","Personal Banking APIs - QA Test Suite","2026-09-27","passed","2026-09-27","Games Get Rewards","Rewards, Cash Tokens & Wishlists","",""
"","131","Partial - Empty Fields","Personal Banking APIs - QA Test Suite","2026-09-27","failed","2026-09-27","Partial","Airtime, Data, Bills & VAS Beneficiaries","",""
"","124","List - No Auth","Personal Banking APIs - QA Test Suite","2026-09-27","passed","2026-09-27","List","Wallets, Transfers, Transactions & Fund Requests","",""
"","130","Create - No Auth","Personal Banking APIs - QA Test Suite","2026-09-27","passed","2026-09-27","Create","Customer Profile, Accounts & Beneficiaries","",""
"","136","Upload Documents - Invalid Status Or Type","Personal Banking APIs - QA Test Suite","2026-09-27","passed","2026-09-27","Upload Documents","KYC, Tier Upgrades & Young Moni","",""
"","149","List - Valid","Personal Banking APIs - QA Test Suite","2026-09-27","failed","2026-09-27","List","Airtime, Data, Bills & VAS Beneficiaries","",""
"","126","Admin Admin Upgrade To Merchant - No Auth","Personal Banking APIs - QA Test Suite","2026-09-27","passed","2026-09-27","Admin Admin Upgrade To Merchant","KYC, Tier Upgrades & Young Moni","",""
"","135","Admin Coins Rules - Invalid Status Or Type","Personal Banking APIs - QA Test Suite","2026-09-27","failed","2026-09-27","Admin Coins Rules","Rewards, Cash Tokens & Wishlists","",""
"","125","Admin Devices Deactivate - Missing Required Field","Personal Banking APIs - QA Test Suite","2026-09-27","failed","2026-09-27","Admin Devices Deactivate","Login, Credentials, Security & Devices","",""
"","137","Fund Betting Wallet - No Auth","Personal Banking APIs - QA Test Suite","2026-09-27","failed","2026-09-27","Fund Betting Wallet","Airtime, Data, Bills & VAS Beneficiaries","",""
"","124","Unblock - No Auth","Personal Banking APIs - QA Test Suite","2026-09-27","passed","2026-09-27","Unblock","Customer Cards","",""
"","128","Transactions Create Wallet - Valid","Personal Banking APIs - QA Test Suite","2026-09-27","failed","2026-09-27","Transactions Create Wallet","Save & Spend","",""
"","125","Types Get Supa Lock Special Interest - No Auth","Personal Banking APIs - QA Test Suite","2026-09-27","passed","2026-09-27","Types Get Supa Lock Special Interest","Supalock Savings","",""
"","145","Verify Reset Token - Invalid Email","Personal Banking APIs - QA Test Suite","2026-09-27","passed","2026-09-27","Verify Reset Token","Login, Credentials, Security & Devices","",""
"","129","Single Fund Request - Invalid Amount","Personal Banking APIs - QA Test Suite","2026-09-27","passed","2026-09-27","Single Fund Request","Wallets, Transfers, Transactions & Fund Requests","",""
"","127","Transactions Deposit - Invalid Token Or PIN","Personal Banking APIs - QA Test Suite","2026-09-27","passed","2026-09-27","Transactions Deposit","Target Savings","",""
"","135","Block - Empty Fields","Personal Banking APIs - QA Test Suite","2026-09-27","failed","2026-09-27","Block","Customer Cards","",""
"","147","Create Supalock - Valid","Personal Banking APIs - QA Test Suite","2026-09-27","failed","2026-09-27","Create Supalock","Supalock Savings","",""
"","126","Login - Invalid Token Or PIN","Personal Banking APIs - QA Test Suite","2026-09-27","passed","2026-09-27","Login","Login, Credentials, Security & Devices","",""
"","136","Update Documents - Valid","Personal Banking APIs - QA Test Suite","2026-09-27","failed","2026-09-27","Update Documents","KYC, Tier Upgrades & Young Moni","",""
"","129","Create - Missing Required Field","Personal Banking APIs - QA Test Suite","2026-09-27","failed","2026-09-27","Create","Airtime, Data, Bills & VAS Beneficiaries","",""
"","135","Dismiss Action - Invalid ID","Personal Banking APIs - QA Test Suite","2026-09-27","passed","2026-09-27","Dismiss Action","KYC, Tier Upgrades & Young Moni","",""
"","136","Borrow - Invalid Amount","Personal Banking APIs - QA Test Suite","2026-09-27","failed","2026-09-27","Borrow","Kolo Connect Advances","",""
"","130","Transactions Break Target - No Auth","Personal Banking APIs - QA Test Suite","2026-09-27","failed","2026-09-27","Transactions Break Target","Target Savings","",""
"","132","Admin Coins Rules - Nonexistent ID","Personal Banking APIs - QA Test Suite","2026-09-27","failed","2026-09-27","Admin Coins Rules","Rewards, Cash Tokens & Wishlists","",""
"","132","Update Credit Stage - Missing Required Field","Personal Banking APIs - QA Test Suite","2026-09-27","failed","2026-09-27","Update Credit Stage","Wallets, Transfers, Transactions & Fund Requests","",""
"","248","Admin Games - Invalid ID","Personal Banking APIs - QA Test Suite","2026-09-27","failed","2026-09-27","Admin Games","Rewards, Cash Tokens & Wishlists","",""
"","125","Admin Devices Deactivate - No Auth","Personal Banking APIs - QA Test Suite","2026-09-27","failed","2026-09-27","Admin Devices Deactivate","Login, Credentials, Security & Devices","",""
"","171","List - Invalid Query","Personal Banking APIs - QA Test Suite","2026-09-27","failed","2026-09-27","List","Customer Cards","",""
"","133","Requests Get Delivery Cost - Missing Required Field","Personal Banking APIs - QA Test Suite","2026-09-27","passed","2026-09-27","Requests Get Delivery Cost","Customer Cards","",""
"","261","Admin List Documents - Valid","Personal Banking APIs - QA Test Suite","2026-09-27","failed","2026-09-27","Admin List Documents","KYC, Tier Upgrades & Young Moni","",""
"","126","List - No Auth","Personal Banking APIs - QA Test Suite","2026-09-27","passed","2026-09-27","List","Customer Profile, Accounts & Beneficiaries","",""
"","143","Wallet Download Target Statement - Valid","Personal Banking APIs - QA Test Suite","2026-09-27","failed","2026-09-27","Wallet Download Target Statement","Target Savings","",""
"","133","Verify BVN (Choose BVN or NIN) - Invalid Status Or Type","Personal Banking APIs - QA Test Suite","2026-09-27","passed","2026-09-27","Verify BVN (Choose BVN or NIN)","Customer Onboarding","",""
"","146","Disable - Valid","Personal Banking APIs - QA Test Suite","2026-09-27","failed","2026-09-27","Disable","Wallets, Transfers, Transactions & Fund Requests","",""
"","509","List - Valid","Personal Banking APIs - QA Test Suite","2026-09-27","passed","2026-09-27","List","Rewards, Cash Tokens & Wishlists","",""
"","125","Wishlist Config Edit - Missing Required Field","Personal Banking APIs - QA Test Suite","2026-09-27","failed","2026-09-27","Wishlist Config Edit","Rewards, Cash Tokens & Wishlists","",""
"","128","Transactions Create Wallet - Invalid Amount","Personal Banking APIs - QA Test Suite","2026-09-27","passed","2026-09-27","Transactions Create Wallet","Target Savings","",""
"","148","Create - Valid","Personal Banking APIs - QA Test Suite","2026-09-27","failed","2026-09-27","Create","Airtime, Data, Bills & VAS Beneficiaries","",""
"","126","Create - No Auth","Personal Banking APIs - QA Test Suite","2026-09-27","passed","2026-09-27","Create","Wallets, Transfers, Transactions & Fund Requests","",""
"","136","Young Moni - Invalid Query","Personal Banking APIs - QA Test Suite","2026-09-27","failed","2026-09-27","Young Moni","Customer Profile, Accounts & Beneficiaries","",""
"","128","Purchase Waec - Missing Required Field","Personal Banking APIs - QA Test Suite","2026-09-27","passed","2026-09-27","Purchase Waec","Airtime, Data, Bills & VAS Beneficiaries","",""
"","129","Verify Reset Token - Missing Required Field","Personal Banking APIs - QA Test Suite","2026-09-27","passed","2026-09-27","Verify Reset Token","Login, Credentials, Security & Devices","",""
"","125","Purchase Cable - Valid","Personal Banking APIs - QA Test Suite","2026-09-27","failed","2026-09-27","Purchase Cable","Airtime, Data, Bills & VAS Beneficiaries","",""
"","137","Admin Coins Redemption Rules - Invalid ID","Personal Banking APIs - QA Test Suite","2026-09-27","failed","2026-09-27","Admin Coins Redemption Rules","Rewards, Cash Tokens & Wishlists","",""
"","134","Overview - Invalid Query","Personal Banking APIs - QA Test Suite","2026-09-27","failed","2026-09-27","Overview","Rewards, Cash Tokens & Wishlists","",""
"","124","Admin Games Rewards - No Auth","Personal Banking APIs - QA Test Suite","2026-09-27","passed","2026-09-27","Admin Games Rewards","Rewards, Cash Tokens & Wishlists","",""
"","125","Admin Coins Rules - No Auth","Personal Banking APIs - QA Test Suite","2026-09-27","passed","2026-09-27","Admin Coins Rules","Rewards, Cash Tokens & Wishlists","",""
"","134","Young Moni Initiate Account Request - Invalid Email","Personal Banking APIs - QA Test Suite","2026-09-27","passed","2026-09-27","Young Moni Initiate Account Request","Customer Profile, Accounts & Beneficiaries","",""
"","132","Wishlist Config - Invalid Query","Personal Banking APIs - QA Test Suite","2026-09-27","failed","2026-09-27","Wishlist Config","Rewards, Cash Tokens & Wishlists","",""
"","138","Retrieve - Nonexistent ID","Personal Banking APIs - QA Test Suite","2026-09-27","passed","2026-09-27","Retrieve","Scheduled Payments","",""
"","133","Transactions - Invalid ID","Personal Banking APIs - QA Test Suite","2026-09-27","passed","2026-09-27","Transactions","Save & Spend","",""
"","149","Wallet Total Balance - Valid","Personal Banking APIs - QA Test Suite","2026-09-27","failed","2026-09-27","Wallet Total Balance","Target Savings","",""
"","126","Games Check Eligibility - No Auth","Personal Banking APIs - QA Test Suite","2026-09-27","passed","2026-09-27","Games Check Eligibility","Rewards, Cash Tokens & Wishlists","",""
"","136","Young Moni Initiate Account Request - Missing Required Field","Personal Banking APIs - QA Test Suite","2026-09-27","passed","2026-09-27","Young Moni Initiate Account Request","Customer Profile, Accounts & Beneficiaries","",""
"","132","Wallet Interest Balance - Invalid ID","Personal Banking APIs - QA Test Suite","2026-09-27","failed","2026-09-27","Wallet Interest Balance","Save & Spend","",""
"","149","Block - Valid","Personal Banking APIs - QA Test Suite","2026-09-27","failed","2026-09-27","Block","Customer Cards","",""
"","134","Admin Admin Submit - Missing Required Field","Personal Banking APIs - QA Test Suite","2026-09-27","failed","2026-09-27","Admin Admin Submit","KYC, Tier Upgrades & Young Moni","",""
"","125","Admin Devices Reactivate - Missing Required Field","Personal Banking APIs - QA Test Suite","2026-09-27","failed","2026-09-27","Admin Devices Reactivate","Login, Credentials, Security & Devices","",""
"","134","Channel Settings - Nonexistent ID","Personal Banking APIs - QA Test Suite","2026-09-27","passed","2026-09-27","Channel Settings","Customer Cards","",""
"","124","Providers - No Auth","Personal Banking APIs - QA Test Suite","2026-09-27","passed","2026-09-27","Providers","Insurance","",""
"","125","Wallet - No Auth","Personal Banking APIs - QA Test Suite","2026-09-27","passed","2026-09-27","Wallet","Save & Spend","",""
"","131","Admin Coins Rules - Invalid Amount","Personal Banking APIs - QA Test Suite","2026-09-27","failed","2026-09-27","Admin Coins Rules","Rewards, Cash Tokens & Wishlists","",""
"","141","Reject Single Bulk Recipient - Missing Required Field","Personal Banking APIs - QA Test Suite","2026-09-27","failed","2026-09-27","Reject Single Bulk Recipient","Wallets, Transfers, Transactions & Fund Requests","",""
"","135","Inter Name Enquiry - Missing Required Field","Personal Banking APIs - QA Test Suite","2026-09-27","passed","2026-09-27","Inter Name Enquiry","Wallets, Transfers, Transactions & Fund Requests","",""
"","133","Transactions Evaluate Target - Missing Required Field","Personal Banking APIs - QA Test Suite","2026-09-27","passed","2026-09-27","Transactions Evaluate Target","Target Savings","",""
"","129","Admin Complete Upgrade Request - No Auth","Personal Banking APIs - QA Test Suite","2026-09-27","passed","2026-09-27","Admin Complete Upgrade Request","KYC, Tier Upgrades & Young Moni","",""
"","138","Retrieve - Valid","Personal Banking APIs - QA Test Suite","2026-09-27","failed","2026-09-27","Retrieve","KYC, Tier Upgrades & Young Moni","",""
"","327","Her Wealth Details - Invalid Query","Personal Banking APIs - QA Test Suite","2026-09-27","passed","2026-09-27","Her Wealth Details","Customer Profile, Accounts & Beneficiaries","",""
"","139","Validate Betting Id - Missing Required Field","Personal Banking APIs - QA Test Suite","2026-09-27","passed","2026-09-27","Validate Betting Id","Airtime, Data, Bills & VAS Beneficiaries","",""
"","126","Account Officer Change Request - No Auth","Personal Banking APIs - QA Test Suite","2026-09-27","passed","2026-09-27","Account Officer Change Request","Customer Profile, Accounts & Beneficiaries","",""
"","133","Games Spin Wheel - Invalid Query","Personal Banking APIs - QA Test Suite","2026-09-27","passed","2026-09-27","Games Spin Wheel","Rewards, Cash Tokens & Wishlists","",""
"","135","Enable - Nonexistent ID","Personal Banking APIs - QA Test Suite","2026-09-27","failed","2026-09-27","Enable","Wallets, Transfers, Transactions & Fund Requests","",""
"","129","Transactions Create Wallet - No Auth","Personal Banking APIs - QA Test Suite","2026-09-27","failed","2026-09-27","Transactions Create Wallet","Save & Spend","",""
"","140","Check Email / Phone Availability - Missing Required Field","Personal Banking APIs - QA Test Suite","2026-09-27","failed","2026-09-27","Check Email / Phone Availability","Customer Onboarding","",""
"","132","Admin Coins Redemption Rules - Invalid Status Or Type","Personal Banking APIs - QA Test Suite","2026-09-27","failed","2026-09-27","Admin Coins Redemption Rules","Rewards, Cash Tokens & Wishlists","",""
"","133","Airtime - Invalid Status Or Type","Personal Banking APIs - QA Test Suite","2026-09-27","passed","2026-09-27","Airtime","Scheduled Payments","",""
"","139","Create Wishlist With Items - Missing Required Field","Personal Banking APIs - QA Test Suite","2026-09-27","passed","2026-09-27","Create Wishlist With Items","Rewards, Cash Tokens & Wishlists","",""
"","127","Her Wealth Details - No Auth","Personal Banking APIs - QA Test Suite","2026-09-27","passed","2026-09-27","Her Wealth Details","Customer Profile, Accounts & Beneficiaries","",""
"","132","Reset Transaction Pin - Invalid Token Or PIN","Personal Banking APIs - QA Test Suite","2026-09-27","passed","2026-09-27","Reset Transaction Pin","Login, Credentials, Security & Devices","",""
"","143","Retrieve - Valid","Personal Banking APIs - QA Test Suite","2026-09-27","failed","2026-09-27","Retrieve","Wallets, Transfers, Transactions & Fund Requests","",""
"","134","Retry Payment Schedule - Missing Required Field","Personal Banking APIs - QA Test Suite","2026-09-27","passed","2026-09-27","Retry Payment Schedule","Scheduled Payments","",""
"","125","Young Moni Requests - No Auth","Personal Banking APIs - QA Test Suite","2026-09-27","passed","2026-09-27","Young Moni Requests","KYC, Tier Upgrades & Young Moni","",""
"","1417","Login - Valid","Personal Banking APIs - QA Test Suite","2026-09-27","passed","2026-09-27","Login","Login, Credentials, Security & Devices","",""
"","124","Admin Coins Rules - No Auth","Personal Banking APIs - QA Test Suite","2026-09-27","passed","2026-09-27","Admin Coins Rules","Rewards, Cash Tokens & Wishlists","",""
"","170","Get Betting Billers - Valid","Personal Banking APIs - QA Test Suite","2026-09-27","passed","2026-09-27","Get Betting Billers","Airtime, Data, Bills & VAS Beneficiaries","",""
"","141","Register With Phone - Valid","Personal Banking APIs - QA Test Suite","2026-09-27","failed","2026-09-27","Register With Phone","Customer Onboarding","",""
"","143","Partial - Valid","Personal Banking APIs - QA Test Suite","2026-09-27","failed","2026-09-27","Partial","Customer Profile, Accounts & Beneficiaries","",""
"","132","Verify Alias Phone Number - Missing Required Field","Personal Banking APIs - QA Test Suite","2026-09-27","passed","2026-09-27","Verify Alias Phone Number","Customer Profile, Accounts & Beneficiaries","",""
"","131","Borrow - Missing Required Field","Personal Banking APIs - QA Test Suite","2026-09-27","failed","2026-09-27","Borrow","Kolo Connect Advances","",""
"","153","Terms - Invalid Query","Personal Banking APIs - QA Test Suite","2026-09-27","failed","2026-09-27","Terms","Rewards, Cash Tokens & Wishlists","",""
"","143","Transaction - Invalid ID","Personal Banking APIs - QA Test Suite","2026-09-27","failed","2026-09-27","Transaction","Airtime, Data, Bills & VAS Beneficiaries","",""
"","134","Partial - Invalid ID","Personal Banking APIs - QA Test Suite","2026-09-27","failed","2026-09-27","Partial","Customer Profile, Accounts & Beneficiaries","",""
"","138","Types - Nonexistent ID","Personal Banking APIs - QA Test Suite","2026-09-27","passed","2026-09-27","Types","Supalock Savings","",""
"","125","Wallet - No Auth","Personal Banking APIs - QA Test Suite","2026-09-27","passed","2026-09-27","Wallet","Save & Spend","",""
"","124","List - No Auth","Personal Banking APIs - QA Test Suite","2026-09-27","passed","2026-09-27","List","Airtime, Data, Bills & VAS Beneficiaries","",""
"","134","Create Wishlist - Empty Fields","Personal Banking APIs - QA Test Suite","2026-09-27","passed","2026-09-27","Create Wishlist","Rewards, Cash Tokens & Wishlists","",""
"","129","Purchase Cable - No Auth","Personal Banking APIs - QA Test Suite","2026-09-27","failed","2026-09-27","Purchase Cable","Airtime, Data, Bills & VAS Beneficiaries","",""
"","134","Young Moni Initiate Account Without Identity - Valid","Personal Banking APIs - QA Test Suite","2026-09-27","failed","2026-09-27","Young Moni Initiate Account Without Identity","Customer Profile, Accounts & Beneficiaries","",""
"","142","Transactions - Valid","Personal Banking APIs - QA Test Suite","2026-09-27","failed","2026-09-27","Transactions","SWAG Savings","",""
"","166","Restrict Accounts By BVN - Valid","Personal Banking APIs - QA Test Suite","2026-09-27","failed","2026-09-27","Restrict Accounts By BVN","Customer Profile, Accounts & Beneficiaries","",""
"","229","Transfers Left - Valid","Personal Banking APIs - QA Test Suite","2026-09-27","passed","2026-09-27","Transfers Left","Wallets, Transfers, Transactions & Fund Requests","",""
"","138","Download Statement - Empty Fields","Personal Banking APIs - QA Test Suite","2026-09-27","failed","2026-09-27","Download Statement","Wallets, Transfers, Transactions & Fund Requests","",""
"","134","Redeem Insurance - Empty Fields","Personal Banking APIs - QA Test Suite","2026-09-27","passed","2026-09-27","Redeem Insurance","Insurance","",""
"","132","Account Officer Change Request - Nonexistent ID","Personal Banking APIs - QA Test Suite","2026-09-27","passed","2026-09-27","Account Officer Change Request","Customer Profile, Accounts & Beneficiaries","",""
"","124","Verify Phone Number - Valid","Personal Banking APIs - QA Test Suite","2026-09-27","failed","2026-09-27","Verify Phone Number","Login, Credentials, Security & Devices","",""
"","139","Create - Missing Required Field","Personal Banking APIs - QA Test Suite","2026-09-27","failed","2026-09-27","Create","Wallets, Transfers, Transactions & Fund Requests","",""
"","134","Retrieve - Invalid Query","Personal Banking APIs - QA Test Suite","2026-09-27","failed","2026-09-27","Retrieve","Insurance","",""
"","134","Transactions Withdraw Principal - Valid","Personal Banking APIs - QA Test Suite","2026-09-27","failed","2026-09-27","Transactions Withdraw Principal","SWAG Savings","",""
"","127","Transactions Deposit - Empty Fields","Personal Banking APIs - QA Test Suite","2026-09-27","passed","2026-09-27","Transactions Deposit","Target Savings","",""
"","154","Withdraw - Valid","Personal Banking APIs - QA Test Suite","2026-09-27","failed","2026-09-27","Withdraw","Rewards, Cash Tokens & Wishlists","",""
"","153","Update Tin - Valid","Personal Banking APIs - QA Test Suite","2026-09-27","passed","2026-09-27","Update Tin","Customer Profile, Accounts & Beneficiaries","",""
"","347","List - Valid","Personal Banking APIs - QA Test Suite","2026-09-27","passed","2026-09-27","List","Insurance","",""
"","125","Games - No Auth","Personal Banking APIs - QA Test Suite","2026-09-27","passed","2026-09-27","Games","Rewards, Cash Tokens & Wishlists","",""
"","124","Admin Games Rewards - No Auth","Personal Banking APIs - QA Test Suite","2026-09-27","passed","2026-09-27","Admin Games Rewards","Rewards, Cash Tokens & Wishlists","",""
"","136","Renew Insurance - Missing Required Field","Personal Banking APIs - QA Test Suite","2026-09-27","passed","2026-09-27","Renew Insurance","Insurance","",""
"","240","Admin - Nonexistent ID","Personal Banking APIs - QA Test Suite","2026-09-27","failed","2026-09-27","Admin","KYC, Tier Upgrades & Young Moni","",""
"","133","Create - Missing Required Field","Personal Banking APIs - QA Test Suite","2026-09-27","failed","2026-09-27","Create","Airtime, Data, Bills & VAS Beneficiaries","",""
"","139","Admin Coins Redemption Rules - Invalid Status Or Type","Personal Banking APIs - QA Test Suite","2026-09-27","failed","2026-09-27","Admin Coins Redemption Rules","Rewards, Cash Tokens & Wishlists","",""
"","128","Purchase Jamb - Missing Required Field","Personal Banking APIs - QA Test Suite","2026-09-27","passed","2026-09-27","Purchase Jamb","Airtime, Data, Bills & VAS Beneficiaries","",""
"","126","Verify Alias Phone Number - No Auth","Personal Banking APIs - QA Test Suite","2026-09-27","passed","2026-09-27","Verify Alias Phone Number","Customer Profile, Accounts & Beneficiaries","",""
"","124","Tier Progress - No Auth","Personal Banking APIs - QA Test Suite","2026-09-27","passed","2026-09-27","Tier Progress","Rewards, Cash Tokens & Wishlists","",""
"","132","Pay Schedule Early - Empty Fields","Personal Banking APIs - QA Test Suite","2026-09-27","passed","2026-09-27","Pay Schedule Early","Scheduled Payments","",""
"","128","Login With Pin - Invalid Token Or PIN","Personal Banking APIs - QA Test Suite","2026-09-27","passed","2026-09-27","Login With Pin","Login, Credentials, Security & Devices","",""
"","135","Admin Coins Redemption Rules - Missing Required Field","Personal Banking APIs - QA Test Suite","2026-09-27","failed","2026-09-27","Admin Coins Redemption Rules","Rewards, Cash Tokens & Wishlists","",""
"","124","Transactions - No Auth","Personal Banking APIs - QA Test Suite","2026-09-27","passed","2026-09-27","Transactions","Save & Spend","",""
"","135","Verify Phone OTP - Empty Fields","Personal Banking APIs - QA Test Suite","2026-09-27","passed","2026-09-27","Verify Phone OTP","Customer Onboarding","",""
"","128","Create - Invalid Amount","Personal Banking APIs - QA Test Suite","2026-09-27","passed","2026-09-27","Create","Wallets, Transfers, Transactions & Fund Requests","",""
"","125","Admin Admin Tier Two Upgrade - No Auth","Personal Banking APIs - QA Test Suite","2026-09-27","passed","2026-09-27","Admin Admin Tier Two Upgrade","KYC, Tier Upgrades & Young Moni","",""
"","197","Reset Transaction Pin - Valid","Personal Banking APIs - QA Test Suite","2026-09-27","failed","2026-09-27","Reset Transaction Pin","Login, Credentials, Security & Devices","",""
"","143","Requests Request Card - Invalid Token Or PIN","Personal Banking APIs - QA Test Suite","2026-09-27","passed","2026-09-27","Requests Request Card","Customer Cards","",""
"","205","Daily Income Summary - Valid","Personal Banking APIs - QA Test Suite","2026-09-27","passed","2026-09-27","Daily Income Summary","Wallets, Transfers, Transactions & Fund Requests","",""
"","132","Complete Registration - Empty Fields","Personal Banking APIs - QA Test Suite","2026-09-27","passed","2026-09-27","Complete Registration","Customer Onboarding","",""
"","130","Transactions Break Wallet - Valid","Personal Banking APIs - QA Test Suite","2026-09-27","failed","2026-09-27","Transactions Break Wallet","Save & Spend","",""
"","133","Winner Dismiss Action - Invalid Token Or PIN","Personal Banking APIs - QA Test Suite","2026-09-27","failed","2026-09-27","Winner Dismiss Action","Rewards, Cash Tokens & Wishlists","",""
"","132","Purchase Jamb - Invalid Status Or Type","Personal Banking APIs - QA Test Suite","2026-09-27","passed","2026-09-27","Purchase Jamb","Airtime, Data, Bills & VAS Beneficiaries","",""
"","127","Create Login Pin - Empty Fields","Personal Banking APIs - QA Test Suite","2026-09-27","failed","2026-09-27","Create Login Pin","Login, Credentials, Security & Devices","",""
"","132","Requests Fetch Agents - Missing Required Field","Personal Banking APIs - QA Test Suite","2026-09-27","passed","2026-09-27","Requests Fetch Agents","Customer Cards","",""
"","138","Retrieve - Nonexistent ID","Personal Banking APIs - QA Test Suite","2026-09-27","failed","2026-09-27","Retrieve","Wallets, Transfers, Transactions & Fund Requests","",""
"","139","Verify Email Update - Empty Fields","Personal Banking APIs - QA Test Suite","2026-09-27","passed","2026-09-27","Verify Email Update","KYC, Tier Upgrades & Young Moni","",""
"","127","Login - Missing Required Field","Personal Banking APIs - QA Test Suite","2026-09-27","passed","2026-09-27","Login","Login, Credentials, Security & Devices","",""
"","125","Create Login Pin - Invalid Token Or PIN","Personal Banking APIs - QA Test Suite","2026-09-27","failed","2026-09-27","Create Login Pin","Login, Credentials, Security & Devices","",""
"","132","Document Delete - Valid","Personal Banking APIs - QA Test Suite","2026-09-27","failed","2026-09-27","Document Delete","KYC, Tier Upgrades & Young Moni","",""
"","135","Young Moni Upload Child Documents - Empty Fields","Personal Banking APIs - QA Test Suite","2026-09-27","failed","2026-09-27","Young Moni Upload Child Documents","Customer Profile, Accounts & Beneficiaries","",""
"","364","Data Plans - Valid","Personal Banking APIs - QA Test Suite","2026-09-27","failed","2026-09-27","Data Plans","Airtime, Data, Bills & VAS Beneficiaries","",""
"","143","Webhook Cashtoken Webhook - Valid","Personal Banking APIs - QA Test Suite","2026-09-27","failed","2026-09-27","Webhook Cashtoken Webhook","Rewards, Cash Tokens & Wishlists","",""
"","136","Young Moni Initiate Account Request - Valid","Personal Banking APIs - QA Test Suite","2026-09-27","failed","2026-09-27","Young Moni Initiate Account Request","Customer Profile, Accounts & Beneficiaries","",""
"","141","Wallet Download Target Statement - Empty Fields","Personal Banking APIs - QA Test Suite","2026-09-27","failed","2026-09-27","Wallet Download Target Statement","Target Savings","",""
"","129","Transactions Deposit - Empty Fields","Personal Banking APIs - QA Test Suite","2026-09-27","passed","2026-09-27","Transactions Deposit","SWAG Savings","",""
"","162","Get Suggestions - Valid","Personal Banking APIs - QA Test Suite","2026-09-27","passed","2026-09-27","Get Suggestions","Customer Profile, Accounts & Beneficiaries","",""
"","123","List - No Auth","Personal Banking APIs - QA Test Suite","2026-09-27","passed","2026-09-27","List","Airtime, Data, Bills & VAS Beneficiaries","",""
"","130","Tier Zero Upgrade - Empty Fields","Personal Banking APIs - QA Test Suite","2026-09-27","passed","2026-09-27","Tier Zero Upgrade","KYC, Tier Upgrades & Young Moni","",""
"","135","Dismiss Action - Missing Required Field","Personal Banking APIs - QA Test Suite","2026-09-27","failed","2026-09-27","Dismiss Action","KYC, Tier Upgrades & Young Moni","",""
"","134","Account Officer - Nonexistent ID","Personal Banking APIs - QA Test Suite","2026-09-27","passed","2026-09-27","Account Officer","Customer Profile, Accounts & Beneficiaries","",""
"","129","Transactions Update Swag Plan - Invalid Status Or Type","Personal Banking APIs - QA Test Suite","2026-09-27","passed","2026-09-27","Transactions Update Swag Plan","SWAG Savings","",""
"","134","Retrieve - Invalid ID","Personal Banking APIs - QA Test Suite","2026-09-27","passed","2026-09-27","Retrieve","Customer Cards","",""
"","124","Update Location - No Auth","Personal Banking APIs - QA Test Suite","2026-09-27","failed","2026-09-27","Update Location","Login, Credentials, Security & Devices","",""
"","131","Wallet - Invalid Query","Personal Banking APIs - QA Test Suite","2026-09-27","failed","2026-09-27","Wallet","SWAG Savings","",""
"","126","Transactions Update Spend Wallet - Empty Fields","Personal Banking APIs - QA Test Suite","2026-09-27","passed","2026-09-27","Transactions Update Spend Wallet","Save & Spend","",""
"","146","Types - Missing Required Field","Personal Banking APIs - QA Test Suite","2026-09-27","failed","2026-09-27","Types","Supalock Savings","",""
"","123","Admin Games Rewards - No Auth","Personal Banking APIs - QA Test Suite","2026-09-27","passed","2026-09-27","Admin Games Rewards","Rewards, Cash Tokens & Wishlists","",""
"","138","Perform Action - Empty Fields","Personal Banking APIs - QA Test Suite","2026-09-27","failed","2026-09-27","Perform Action","Rewards, Cash Tokens & Wishlists","",""
"","184","List - Valid","Personal Banking APIs - QA Test Suite","2026-09-27","failed","2026-09-27","List","Wallets, Transfers, Transactions & Fund Requests","",""
"","135","Transactions Evaluate Target - Invalid Amount","Personal Banking APIs - QA Test Suite","2026-09-27","passed","2026-09-27","Transactions Evaluate Target","Target Savings","",""
"","133","Get Item - No Auth","Personal Banking APIs - QA Test Suite","2026-09-27","failed","2026-09-27","Get Item","Rewards, Cash Tokens & Wishlists","",""
"","135","Repay - Invalid Amount","Personal Banking APIs - QA Test Suite","2026-09-27","failed","2026-09-27","Repay","Kolo Connect Advances","",""
"","130","Games Eligibility Requirements - Invalid Query","Personal Banking APIs - QA Test Suite","2026-09-27","passed","2026-09-27","Games Eligibility Requirements","Rewards, Cash Tokens & Wishlists","",""
"","330","Her Wealth Details - Nonexistent ID","Personal Banking APIs - QA Test Suite","2026-09-27","passed","2026-09-27","Her Wealth Details","Customer Profile, Accounts & Beneficiaries","",""
"","133","Purchase Electricity - Empty Fields","Personal Banking APIs - QA Test Suite","2026-09-27","passed","2026-09-27","Purchase Electricity","Airtime, Data, Bills & VAS Beneficiaries","",""
"","174","Transfer - Invalid Token Or PIN","Personal Banking APIs - QA Test Suite","2026-09-27","passed","2026-09-27","Transfer","Scheduled Payments","",""
"","125","Admin Coins Redemption Rules - No Auth","Personal Banking APIs - QA Test Suite","2026-09-27","passed","2026-09-27","Admin Coins Redemption Rules","Rewards, Cash Tokens & Wishlists","",""
"","138","Tier Two Upgrade - Missing Required Field","Personal Banking APIs - QA Test Suite","2026-09-27","passed","2026-09-27","Tier Two Upgrade","KYC, Tier Upgrades & Young Moni","",""
"","132","Retrieve - Nonexistent ID","Personal Banking APIs - QA Test Suite","2026-09-27","passed","2026-09-27","Retrieve","Airtime, Data, Bills & VAS Beneficiaries","",""
"","143","Create Insurance - Valid","Personal Banking APIs - QA Test Suite","2026-09-27","failed","2026-09-27","Create Insurance","Insurance","",""
"","138","Withdraw - Missing Required Field","Personal Banking APIs - QA Test Suite","2026-09-27","failed","2026-09-27","Withdraw","Rewards, Cash Tokens & Wishlists","",""
"","125","Update Location - Empty Fields","Personal Banking APIs - QA Test Suite","2026-09-27","failed","2026-09-27","Update Location","Login, Credentials, Security & Devices","",""
"","128","Transactions Create Wallet - Missing Required Field","Personal Banking APIs - QA Test Suite","2026-09-27","passed","2026-09-27","Transactions Create Wallet","Target Savings","",""
"","173","Retrieve - Valid","Personal Banking APIs - QA Test Suite","2026-09-27","failed","2026-09-27","Retrieve","Customer Profile, Accounts & Beneficiaries","",""
"","145","Profile - Invalid Query","Personal Banking APIs - QA Test Suite","2026-09-27","failed","2026-09-27","Profile","Customer Profile, Accounts & Beneficiaries","",""
"","136","Document Delete - Invalid ID","Personal Banking APIs - QA Test Suite","2026-09-27","failed","2026-09-27","Document Delete","KYC, Tier Upgrades & Young Moni","",""
"","137","Transactions - Invalid Query","Personal Banking APIs - QA Test Suite","2026-09-27","failed","2026-09-27","Transactions","Save & Spend","",""
"","127","High Value Transactions - No Auth","Personal Banking APIs - QA Test Suite","2026-09-27","passed","2026-09-27","High Value Transactions","Wallets, Transfers, Transactions & Fund Requests","",""
"","141","Requests - Invalid Query","Personal Banking APIs - QA Test Suite","2026-09-27","failed","2026-09-27","Requests","Customer Cards","",""
"","133","Eligibility - Invalid Query","Personal Banking APIs - QA Test Suite","2026-09-27","failed","2026-09-27","Eligibility","Kolo Connect Advances","",""
"","129","Verify Reset Token - No Auth","Personal Banking APIs - QA Test Suite","2026-09-27","failed","2026-09-27","Verify Reset Token","Login, Credentials, Security & Devices","",""
"","125","Update Gender - No Auth","Personal Banking APIs - QA Test Suite","2026-09-27","passed","2026-09-27","Update Gender","Login, Credentials, Security & Devices","",""
"","125","Topup Supalock - No Auth","Personal Banking APIs - QA Test Suite","2026-09-27","passed","2026-09-27","Topup Supalock","Supalock Savings","",""
"","127","Intra Transfer - Invalid Token Or PIN","Personal Banking APIs - QA Test Suite","2026-09-27","passed","2026-09-27","Intra Transfer","Wallets, Transfers, Transactions & Fund Requests","",""
"","156","Account Officer Rate Officer - Valid","Personal Banking APIs - QA Test Suite","2026-09-27","failed","2026-09-27","Account Officer Rate Officer","Customer Profile, Accounts & Beneficiaries","",""
"","239","Admin Games Stats - Invalid Query","Personal Banking APIs - QA Test Suite","2026-09-27","failed","2026-09-27","Admin Games Stats","Rewards, Cash Tokens & Wishlists","",""
"","124","Games Eligibility Requirements - No Auth","Personal Banking APIs - QA Test Suite","2026-09-27","passed","2026-09-27","Games Eligibility Requirements","Rewards, Cash Tokens & Wishlists","",""
"","145","Withdraw - Nonexistent ID","Personal Banking APIs - QA Test Suite","2026-09-27","passed","2026-09-27","Withdraw","Rewards, Cash Tokens & Wishlists","",""
"","135","Approve Single Fund Request - Invalid Token Or PIN","Personal Banking APIs - QA Test Suite","2026-09-27","failed","2026-09-27","Approve Single Fund Request","Wallets, Transfers, Transactions & Fund Requests","",""
"","130","Validate Meter - No Auth","Personal Banking APIs - QA Test Suite","2026-09-27","passed","2026-09-27","Validate Meter","Airtime, Data, Bills & VAS Beneficiaries","",""
"","124","Admin Devices Reactivate - Empty Fields","Personal Banking APIs - QA Test Suite","2026-09-27","failed","2026-09-27","Admin Devices Reactivate","Login, Credentials, Security & Devices","",""
"","202","Reset Password - Valid","Personal Banking APIs - QA Test Suite","2026-09-27","passed","2026-09-27","Reset Password","Login, Credentials, Security & Devices","",""
"","233","Admin Games Sessions - No Auth","Personal Banking APIs - QA Test Suite","2026-09-27","passed","2026-09-27","Admin Games Sessions","Rewards, Cash Tokens & Wishlists","",""
"","138","List - Invalid Query","Personal Banking APIs - QA Test Suite","2026-09-27","failed","2026-09-27","List","Airtime, Data, Bills & VAS Beneficiaries","",""
"","134","List - Invalid Query","Personal Banking APIs - QA Test Suite","2026-09-27","failed","2026-09-27","List","Kolo Connect Advances","",""
"","323","Her Wealth Details - Invalid ID","Personal Banking APIs - QA Test Suite","2026-09-27","passed","2026-09-27","Her Wealth Details","Customer Profile, Accounts & Beneficiaries","",""
"","134","Wallet - Nonexistent ID","Personal Banking APIs - QA Test Suite","2026-09-27","failed","2026-09-27","Wallet","SWAG Savings","",""
"","241","Admin Coins Redemption Rules - Valid","Personal Banking APIs - QA Test Suite","2026-09-27","failed","2026-09-27","Admin Coins Redemption Rules","Rewards, Cash Tokens & Wishlists","",""
"","142","Dismiss Action - Invalid Email","Personal Banking APIs - QA Test Suite","2026-09-27","failed","2026-09-27","Dismiss Action","KYC, Tier Upgrades & Young Moni","",""
"","131","Setup Liveness Image - Valid","Personal Banking APIs - QA Test Suite","2026-09-27","failed","2026-09-27","Setup Liveness Image","Login, Credentials, Security & Devices","",""
"","133","Update Daily Transfer Limit - Empty Fields","Personal Banking APIs - QA Test Suite","2026-09-27","failed","2026-09-27","Update Daily Transfer Limit","Customer Profile, Accounts & Beneficiaries","",""
"","133","Item - Invalid Query","Personal Banking APIs - QA Test Suite","2026-09-27","failed","2026-09-27","Item","Rewards, Cash Tokens & Wishlists","",""
"","127","Partial - Invalid Amount","Personal Banking APIs - QA Test Suite","2026-09-27","passed","2026-09-27","Partial","Wallets, Transfers, Transactions & Fund Requests","",""
"","239","Admin Coins Rules - Invalid Query","Personal Banking APIs - QA Test Suite","2026-09-27","failed","2026-09-27","Admin Coins Rules","Rewards, Cash Tokens & Wishlists","",""
"","129","Purchase Epin - Valid","Personal Banking APIs - QA Test Suite","2026-09-27","failed","2026-09-27","Purchase Epin","Airtime, Data, Bills & VAS Beneficiaries","",""
"","137","Partial - Empty Fields","Personal Banking APIs - QA Test Suite","2026-09-27","failed","2026-09-27","Partial","Airtime, Data, Bills & VAS Beneficiaries","",""
"","135","Admin Reject Upgrade Request - Empty Fields","Personal Banking APIs - QA Test Suite","2026-09-27","failed","2026-09-27","Admin Reject Upgrade Request","KYC, Tier Upgrades & Young Moni","",""
"","184","Transactions - Valid","Personal Banking APIs - QA Test Suite","2026-09-27","passed","2026-09-27","Transactions","Supalock Savings","",""
"","135","Daily Spending Summary - Invalid Query","Personal Banking APIs - QA Test Suite","2026-09-27","failed","2026-09-27","Daily Spending Summary","Wallets, Transfers, Transactions & Fund Requests","",""
"","143","Validate Meter - Missing Required Field","Personal Banking APIs - QA Test Suite","2026-09-27","failed","2026-09-27","Validate Meter","Airtime, Data, Bills & VAS Beneficiaries","",""
"","132","Topup Supalock - Missing Required Field","Personal Banking APIs - QA Test Suite","2026-09-27","failed","2026-09-27","Topup Supalock","Supalock Savings","",""
"","133","Request Account Reactivation - Valid","Personal Banking APIs - QA Test Suite","2026-09-27","failed","2026-09-27","Request Account Reactivation","KYC, Tier Upgrades & Young Moni","",""
"","133","Young Moni Documents Action Document - Invalid ID","Personal Banking APIs - QA Test Suite","2026-09-27","failed","2026-09-27","Young Moni Documents Action Document","KYC, Tier Upgrades & Young Moni","",""
"","126","Young Moni Upload Guardian Documents - Empty Fields","Personal Banking APIs - QA Test Suite","2026-09-27","failed","2026-09-27","Young Moni Upload Guardian Documents","Customer Profile, Accounts & Beneficiaries","",""
"","361","Retrieve - Invalid Query","Personal Banking APIs - QA Test Suite","2026-09-27","failed","2026-09-27","Retrieve","Customer Profile, Accounts & Beneficiaries","",""
"","140","Account Officer Rate Officer - Missing Required Field","Personal Banking APIs - QA Test Suite","2026-09-27","failed","2026-09-27","Account Officer Rate Officer","Customer Profile, Accounts & Beneficiaries","",""
"","131","List - Invalid Query","Personal Banking APIs - QA Test Suite","2026-09-27","failed","2026-09-27","List","Supalock Savings","",""
"","141","Wallet - Valid","Personal Banking APIs - QA Test Suite","2026-09-27","failed","2026-09-27","Wallet","SWAG Savings","",""
"","177","Fee Settings - Valid","Personal Banking APIs - QA Test Suite","2026-09-27","passed","2026-09-27","Fee Settings","Customer Cards","",""
"","131","Transactions Deposit - Invalid Amount","Personal Banking APIs - QA Test Suite","2026-09-27","passed","2026-09-27","Transactions Deposit","SWAG Savings","",""
"","133","Update Documents - Invalid Status Or Type","Personal Banking APIs - QA Test Suite","2026-09-27","passed","2026-09-27","Update Documents","KYC, Tier Upgrades & Young Moni","",""
"","162","Download Statement - Valid","Personal Banking APIs - QA Test Suite","2026-09-27","failed","2026-09-27","Download Statement","Wallets, Transfers, Transactions & Fund Requests","",""
"","138","Partial - Missing Required Field","Personal Banking APIs - QA Test Suite","2026-09-27","failed","2026-09-27","Partial","Airtime, Data, Bills & VAS Beneficiaries","",""
"","125","Young Moni Validate Details - Valid","Personal Banking APIs - QA Test Suite","2026-09-27","failed","2026-09-27","Young Moni Validate Details","Customer Profile, Accounts & Beneficiaries","",""
"","132","Borrow - Invalid Status Or Type","Personal Banking APIs - QA Test Suite","2026-09-27","failed","2026-09-27","Borrow","Kolo Connect Advances","",""
"","134","Young Moni Initiate Account Request - Empty Fields","Personal Banking APIs - QA Test Suite","2026-09-27","passed","2026-09-27","Young Moni Initiate Account Request","Customer Profile, Accounts & Beneficiaries","",""
"","139","Continue With Email - Valid","Personal Banking APIs - QA Test Suite","2026-09-27","failed","2026-09-27","Continue With Email","Customer Onboarding","",""
"","134","Update Daily Transfer Limit - Invalid Amount","Personal Banking APIs - QA Test Suite","2026-09-27","passed","2026-09-27","Update Daily Transfer Limit","Customer Profile, Accounts & Beneficiaries","",""
"","127","Transactions Create Wallet - Empty Fields","Personal Banking APIs - QA Test Suite","2026-09-27","passed","2026-09-27","Transactions Create Wallet","Save & Spend","",""
"","144","Deals Active - Valid","Personal Banking APIs - QA Test Suite","2026-09-27","failed","2026-09-27","Deals Active","Rewards, Cash Tokens & Wishlists","",""
"","138","Admin Coins Redemption Rules - Missing Required Field","Personal Banking APIs - QA Test Suite","2026-09-27","failed","2026-09-27","Admin Coins Redemption Rules","Rewards, Cash Tokens & Wishlists","",""
"","126","Verify Token - Invalid Token Or PIN","Personal Banking APIs - QA Test Suite","2026-09-27","passed","2026-09-27","Verify Token","Login, Credentials, Security & Devices","",""
"","193","List - Valid","Personal Banking APIs - QA Test Suite","2026-09-27","passed","2026-09-27","List","Airtime, Data, Bills & VAS Beneficiaries","",""
"","134","Repay - Nonexistent ID","Personal Banking APIs - QA Test Suite","2026-09-27","failed","2026-09-27","Repay","Kolo Connect Advances","",""
"","127","Purchase Airtime - Missing Required Field","Personal Banking APIs - QA Test Suite","2026-09-27","passed","2026-09-27","Purchase Airtime","Airtime, Data, Bills & VAS Beneficiaries","",""
"","144","Waec Lookup - Valid","Personal Banking APIs - QA Test Suite","2026-09-27","failed","2026-09-27","Waec Lookup","Airtime, Data, Bills & VAS Beneficiaries","",""
"","168","Channel Settings - Valid","Personal Banking APIs - QA Test Suite","2026-09-27","failed","2026-09-27","Channel Settings","Customer Cards","",""
"","134","Update Request Recipients - Missing Required Field","Personal Banking APIs - QA Test Suite","2026-09-27","failed","2026-09-27","Update Request Recipients","Wallets, Transfers, Transactions & Fund Requests","",""
"","174","Transactions - Valid","Personal Banking APIs - QA Test Suite","2026-09-27","passed","2026-09-27","Transactions","Save & Spend","",""
"","127","Data - Empty Fields","Personal Banking APIs - QA Test Suite","2026-09-27","passed","2026-09-27","Data","Scheduled Payments","",""
"","127","Pay Schedule Early - No Auth","Personal Banking APIs - QA Test Suite","2026-09-27","passed","2026-09-27","Pay Schedule Early","Scheduled Payments","",""
"","142","Deals Active - Invalid Query","Personal Banking APIs - QA Test Suite","2026-09-27","passed","2026-09-27","Deals Active","Rewards, Cash Tokens & Wishlists","",""
"","180","Inflow Outflow Analytics - Valid","Personal Banking APIs - QA Test Suite","2026-09-27","passed","2026-09-27","Inflow Outflow Analytics","Wallets, Transfers, Transactions & Fund Requests","",""
"","126","Partial - Empty Fields","Personal Banking APIs - QA Test Suite","2026-09-27","passed","2026-09-27","Partial","Wallets, Transfers, Transactions & Fund Requests","",""
"","143","Pay Schedule Early - Valid","Personal Banking APIs - QA Test Suite","2026-09-27","failed","2026-09-27","Pay Schedule Early","Scheduled Payments","",""
"","134","Withdraw Supalock - Empty Fields","Personal Banking APIs - QA Test Suite","2026-09-27","failed","2026-09-27","Withdraw Supalock","Supalock Savings","",""
"","126","Transactions - No Auth","Personal Banking APIs - QA Test Suite","2026-09-27","passed","2026-09-27","Transactions","Target Savings","",""
"","124","Retrieve - No Auth","Personal Banking APIs - QA Test Suite","2026-09-27","passed","2026-09-27","Retrieve","Airtime, Data, Bills & VAS Beneficiaries","",""
"","125","Reject Single Bulk Recipient - No Auth","Personal Banking APIs - QA Test Suite","2026-09-27","passed","2026-09-27","Reject Single Bulk Recipient","Wallets, Transfers, Transactions & Fund Requests","",""
"","205","List - Valid","Personal Banking APIs - QA Test Suite","2026-09-27","passed","2026-09-27","List","KYC, Tier Upgrades & Young Moni","",""
"","135","Proposed Contributor - Missing Required Field","Personal Banking APIs - QA Test Suite","2026-09-27","passed","2026-09-27","Proposed Contributor","Rewards, Cash Tokens & Wishlists","",""
"","252","Update Communication Preference - Valid","Personal Banking APIs - QA Test Suite","2026-09-27","failed","2026-09-27","Update Communication Preference","Customer Profile, Accounts & Beneficiaries","",""
"","146","Retrieve - Invalid Query","Personal Banking APIs - QA Test Suite","2026-09-27","failed","2026-09-27","Retrieve","Airtime, Data, Bills & VAS Beneficiaries","",""
"","130","Setup Liveness Image - Missing Required Field","Personal Banking APIs - QA Test Suite","2026-09-27","passed","2026-09-27","Setup Liveness Image","Login, Credentials, Security & Devices","",""
"","131","Verify BVN (Choose BVN or NIN) - Missing Required Field","Personal Banking APIs - QA Test Suite","2026-09-27","passed","2026-09-27","Verify BVN (Choose BVN or NIN)","Customer Onboarding","",""
"","127","Transactions Create Plan - Missing Required Field","Personal Banking APIs - QA Test Suite","2026-09-27","passed","2026-09-27","Transactions Create Plan","SWAG Savings","",""
"","131","Types Get Supa Lock Special Interest - Nonexistent ID","Personal Banking APIs - QA Test Suite","2026-09-27","failed","2026-09-27","Types Get Supa Lock Special Interest","Supalock Savings","",""
"","240","Admin Coins Rules - Invalid Query","Personal Banking APIs - QA Test Suite","2026-09-27","failed","2026-09-27","Admin Coins Rules","Rewards, Cash Tokens & Wishlists","",""
"","142","Details - Missing Required Field","Personal Banking APIs - QA Test Suite","2026-09-27","failed","2026-09-27","Details","Customer Profile, Accounts & Beneficiaries","",""
"","138","Retrieve - Invalid ID","Personal Banking APIs - QA Test Suite","2026-09-27","passed","2026-09-27","Retrieve","Airtime, Data, Bills & VAS Beneficiaries","",""
"","140","Transactions - Valid","Personal Banking APIs - QA Test Suite","2026-09-27","failed","2026-09-27","Transactions","SWAG Savings","",""
"","127","Admin Admin Tier One Upgrade - No Auth","Personal Banking APIs - QA Test Suite","2026-09-27","passed","2026-09-27","Admin Admin Tier One Upgrade","KYC, Tier Upgrades & Young Moni","",""
"","134","Admin Admin Tier Zero Upgrade - Empty Fields","Personal Banking APIs - QA Test Suite","2026-09-27","failed","2026-09-27","Admin Admin Tier Zero Upgrade","KYC, Tier Upgrades & Young Moni","",""
"","132","Wallet - Nonexistent ID","Personal Banking APIs - QA Test Suite","2026-09-27","failed","2026-09-27","Wallet","Save & Spend","",""
"","127","Get Suggestions - No Auth","Personal Banking APIs - QA Test Suite","2026-09-27","passed","2026-09-27","Get Suggestions","Customer Profile, Accounts & Beneficiaries","",""
"","133","Winner Dismiss Action - Invalid ID","Personal Banking APIs - QA Test Suite","2026-09-27","passed","2026-09-27","Winner Dismiss Action","Rewards, Cash Tokens & Wishlists","",""
"","123","Coin Wallet Transactions - No Auth","Personal Banking APIs - QA Test Suite","2026-09-27","passed","2026-09-27","Coin Wallet Transactions","Rewards, Cash Tokens & Wishlists","",""
"","126","Account Officer Request Change - No Auth","Personal Banking APIs - QA Test Suite","2026-09-27","passed","2026-09-27","Account Officer Request Change","Customer Profile, Accounts & Beneficiaries","",""
"","152","Unblock - Valid","Personal Banking APIs - QA Test Suite","2026-09-27","failed","2026-09-27","Unblock","Customer Cards","",""
"","139","Add Item - Invalid Amount","Personal Banking APIs - QA Test Suite","2026-09-27","failed","2026-09-27","Add Item","Rewards, Cash Tokens & Wishlists","",""
"","130","Transactions Update Swag Plan - Invalid Amount","Personal Banking APIs - QA Test Suite","2026-09-27","passed","2026-09-27","Transactions Update Swag Plan","SWAG Savings","",""
"","144","Wallet - Valid","Personal Banking APIs - QA Test Suite","2026-09-27","failed","2026-09-27","Wallet","SWAG Savings","",""
"","140","Transfer - Missing Required Field","Personal Banking APIs - QA Test Suite","2026-09-27","passed","2026-09-27","Transfer","Scheduled Payments","",""
"","128","Transactions Create Plan - Invalid Status Or Type","Personal Banking APIs - QA Test Suite","2026-09-27","passed","2026-09-27","Transactions Create Plan","SWAG Savings","",""
"","136","Account Officer Rate Officer - Empty Fields","Personal Banking APIs - QA Test Suite","2026-09-27","failed","2026-09-27","Account Officer Rate Officer","Customer Profile, Accounts & Beneficiaries","",""
"","142","Types Get Supa Lock Special Interest - Valid","Personal Banking APIs - QA Test Suite","2026-09-27","failed","2026-09-27","Types Get Supa Lock Special Interest","Supalock Savings","",""
"","126","Young Moni Initiate Account Without Identity - No Auth","Personal Banking APIs - QA Test Suite","2026-09-27","passed","2026-09-27","Young Moni Initiate Account Without Identity","Customer Profile, Accounts & Beneficiaries","",""
"","175","Verify Reset Token - Invalid Token Or PIN","Personal Banking APIs - QA Test Suite","2026-09-27","failed","2026-09-27","Verify Reset Token","Login, Credentials, Security & Devices","",""
"","134","Admin Complete Upgrade Request - Nonexistent ID","Personal Banking APIs - QA Test Suite","2026-09-27","failed","2026-09-27","Admin Complete Upgrade Request","KYC, Tier Upgrades & Young Moni","",""
"","126","Admin Coins Rules - No Auth","Personal Banking APIs - QA Test Suite","2026-09-27","passed","2026-09-27","Admin Coins Rules","Rewards, Cash Tokens & Wishlists","",""
"","239","Admin Games Sessions - Invalid ID","Personal Banking APIs - QA Test Suite","2026-09-27","failed","2026-09-27","Admin Games Sessions","Rewards, Cash Tokens & Wishlists","",""
"","127","Repay - No Auth","Personal Banking APIs - QA Test Suite","2026-09-27","passed","2026-09-27","Repay","Kolo Connect Advances","",""
"","134","Repayment Plan - Nonexistent ID","Personal Banking APIs - QA Test Suite","2026-09-27","failed","2026-09-27","Repayment Plan","Kolo Connect Advances","",""
"","150","Wishlist Config Edit - Invalid ID","Personal Banking APIs - QA Test Suite","2026-09-27","failed","2026-09-27","Wishlist Config Edit","Rewards, Cash Tokens & Wishlists","",""
"","137","Download Statement - Missing Required Field","Personal Banking APIs - QA Test Suite","2026-09-27","failed","2026-09-27","Download Statement","Wallets, Transfers, Transactions & Fund Requests","",""
"","127","Create Password - Invalid Email","Personal Banking APIs - QA Test Suite","2026-09-27","passed","2026-09-27","Create Password","Login, Credentials, Security & Devices","",""
"","131","Wallet - Invalid Query","Personal Banking APIs - QA Test Suite","2026-09-27","failed","2026-09-27","Wallet","Target Savings","",""
"","134","Verify Alias Phone Number - Valid","Personal Banking APIs - QA Test Suite","2026-09-27","failed","2026-09-27","Verify Alias Phone Number","Customer Profile, Accounts & Beneficiaries","",""
"","131","Partial - Missing Required Field","Personal Banking APIs - QA Test Suite","2026-09-27","failed","2026-09-27","Partial","Airtime, Data, Bills & VAS Beneficiaries","",""
"","135","Validate Liveness (When Required) - Valid","Personal Banking APIs - QA Test Suite","2026-09-27","failed","2026-09-27","Validate Liveness (When Required)","Customer Onboarding","",""
"","122","Requests - No Auth","Personal Banking APIs - QA Test Suite","2026-09-27","passed","2026-09-27","Requests","Customer Cards","",""
"","148","Reset Pin - Valid","Personal Banking APIs - QA Test Suite","2026-09-27","failed","2026-09-27","Reset Pin","Customer Cards","",""
"","189","Retry Payment Schedule - Valid","Personal Banking APIs - QA Test Suite","2026-09-27","failed","2026-09-27","Retry Payment Schedule","Scheduled Payments","",""
"","129","Setup Liveness Image - Empty Fields","Personal Banking APIs - QA Test Suite","2026-09-27","passed","2026-09-27","Setup Liveness Image","Login, Credentials, Security & Devices","",""
"","127","Transactions Create Wallet - Valid","Personal Banking APIs - QA Test Suite","2026-09-27","failed","2026-09-27","Transactions Create Wallet","Target Savings","",""
"","130","Transactions Withdraw Principal - No Auth","Personal Banking APIs - QA Test Suite","2026-09-27","failed","2026-09-27","Transactions Withdraw Principal","SWAG Savings","",""
"","125","Wallet - No Auth","Personal Banking APIs - QA Test Suite","2026-09-27","passed","2026-09-27","Wallet","Target Savings","",""
"","135","List - Invalid Query","Personal Banking APIs - QA Test Suite","2026-09-27","failed","2026-09-27","List","Wallets, Transfers, Transactions & Fund Requests","",""
"","126","Verify Email Update - No Auth","Personal Banking APIs - QA Test Suite","2026-09-27","passed","2026-09-27","Verify Email Update","KYC, Tier Upgrades & Young Moni","",""
"","126","Account Officer - No Auth","Personal Banking APIs - QA Test Suite","2026-09-27","passed","2026-09-27","Account Officer","Customer Profile, Accounts & Beneficiaries","",""
"","140","Retrieve - Invalid ID","Personal Banking APIs - QA Test Suite","2026-09-27","failed","2026-09-27","Retrieve","Wallets, Transfers, Transactions & Fund Requests","",""
"","130","Intra Account Transfer - Valid","Personal Banking APIs - QA Test Suite","2026-09-27","failed","2026-09-27","Intra Account Transfer","Wallets, Transfers, Transactions & Fund Requests","",""
"","138","Young Moni Upload Child Documents - Valid","Personal Banking APIs - QA Test Suite","2026-09-27","failed","2026-09-27","Young Moni Upload Child Documents","Customer Profile, Accounts & Beneficiaries","",""
"","145","Channel Settings - Valid","Personal Banking APIs - QA Test Suite","2026-09-27","failed","2026-09-27","Channel Settings","Customer Cards","",""
"","355","Retrieve - Valid","Personal Banking APIs - QA Test Suite","2026-09-27","passed","2026-09-27","Retrieve","Customer Profile, Accounts & Beneficiaries","",""
"","248","Admin Games Sessions - Invalid Query","Personal Banking APIs - QA Test Suite","2026-09-27","failed","2026-09-27","Admin Games Sessions","Rewards, Cash Tokens & Wishlists","",""
"","131","Intra Transfer - Valid","Personal Banking APIs - QA Test Suite","2026-09-27","failed","2026-09-27","Intra Transfer","Wallets, Transfers, Transactions & Fund Requests","",""
"","124","Get Transaction Overview - No Auth","Personal Banking APIs - QA Test Suite","2026-09-27","passed","2026-09-27","Get Transaction Overview","Wallets, Transfers, Transactions & Fund Requests","",""
"","130","Notify Of Missed Inward - No Auth","Personal Banking APIs - QA Test Suite","2026-09-27","passed","2026-09-27","Notify Of Missed Inward","Wallets, Transfers, Transactions & Fund Requests","",""
"","124","Games Get Rewards - No Auth","Personal Banking APIs - QA Test Suite","2026-09-27","passed","2026-09-27","Games Get Rewards","Rewards, Cash Tokens & Wishlists","",""
"","130","Transactions Break Target - Valid","Personal Banking APIs - QA Test Suite","2026-09-27","failed","2026-09-27","Transactions Break Target","Target Savings","",""
"","147","Retrieve - Invalid Query","Personal Banking APIs - QA Test Suite","2026-09-27","failed","2026-09-27","Retrieve","Customer Profile, Accounts & Beneficiaries","",""
"","259","Types - Valid","Personal Banking APIs - QA Test Suite","2026-09-27","passed","2026-09-27","Types","Supalock Savings","",""
"","134","Transactions - Invalid Query","Personal Banking APIs - QA Test Suite","2026-09-27","failed","2026-09-27","Transactions","Save & Spend","",""
"","148","Reset Transaction Pin - Missing Required Field","Personal Banking APIs - QA Test Suite","2026-09-27","passed","2026-09-27","Reset Transaction Pin","Login, Credentials, Security & Devices","",""
"","137","Coin Wallet - Invalid Query","Personal Banking APIs - QA Test Suite","2026-09-27","passed","2026-09-27","Coin Wallet","Rewards, Cash Tokens & Wishlists","",""
"","127","Wallet Download Target Statement - No Auth","Personal Banking APIs - QA Test Suite","2026-09-27","passed","2026-09-27","Wallet Download Target Statement","Target Savings","",""
"","128","Purchase Waec - Invalid Amount","Personal Banking APIs - QA Test Suite","2026-09-27","passed","2026-09-27","Purchase Waec","Airtime, Data, Bills & VAS Beneficiaries","",""
"","130","Games Card Match - Missing Required Field","Personal Banking APIs - QA Test Suite","2026-09-27","passed","2026-09-27","Games Card Match","Rewards, Cash Tokens & Wishlists","",""
"","138","Tier One Upgrade - Empty Fields","Personal Banking APIs - QA Test Suite","2026-09-27","passed","2026-09-27","Tier One Upgrade","KYC, Tier Upgrades & Young Moni","",""
"","126","Approve Single Bulk Recipient - No Auth","Personal Banking APIs - QA Test Suite","2026-09-27","passed","2026-09-27","Approve Single Bulk Recipient","Wallets, Transfers, Transactions & Fund Requests","",""
"","150","Verify NIN (Choose BVN or NIN) - Empty Fields","Personal Banking APIs - QA Test Suite","2026-09-27","passed","2026-09-27","Verify NIN (Choose BVN or NIN)","Customer Onboarding","",""
"","138","Destroy - Invalid ID","Personal Banking APIs - QA Test Suite","2026-09-27","passed","2026-09-27","Destroy","Customer Profile, Accounts & Beneficiaries","",""
"","128","Upload Bulk Fund Request - Invalid Token Or PIN","Personal Banking APIs - QA Test Suite","2026-09-27","passed","2026-09-27","Upload Bulk Fund Request","Wallets, Transfers, Transactions & Fund Requests","",""
"","127","Requests Fetch Agents - No Auth","Personal Banking APIs - QA Test Suite","2026-09-27","passed","2026-09-27","Requests Fetch Agents","Customer Cards","",""
"","237","Admin Coins Rules - Invalid ID","Personal Banking APIs - QA Test Suite","2026-09-27","failed","2026-09-27","Admin Coins Rules","Rewards, Cash Tokens & Wishlists","",""
"","136","Reset Pin - Missing Required Field","Personal Banking APIs - QA Test Suite","2026-09-27","failed","2026-09-27","Reset Pin","Customer Cards","",""
