"DESCRIPTION","DURATION IN MS","NAME","PARENT SUITE","START TIME","STATUS","STOP TIME","SUB SUITE","SUITE","TEST CLASS","TEST METHOD"
"","159","Purchase Cable - Invalid Status Or Type","Personal Banking APIs - QA Test Suite","2026-09-25","passed","2026-09-25","Purchase Cable","Airtime, Data, Bills & VAS Beneficiaries","",""
"","151","Admin Coins Redemption Rules - Missing Required Field","Personal Banking APIs - QA Test Suite","2026-09-25","failed","2026-09-25","Admin Coins Redemption Rules","Rewards, Cash Tokens & Wishlists","",""
"","196","Total Supalock Amount - No Auth","Personal Banking APIs - QA Test Suite","2026-09-25","passed","2026-09-25","Total Supalock Amount","Supalock Savings","",""
"","244","Partial - No Auth","Personal Banking APIs - QA Test Suite","2026-09-25","passed","2026-09-25","Partial","Airtime, Data, Bills & VAS Beneficiaries","",""
"","161","Redeem Insurance - Invalid Amount","Personal Banking APIs - QA Test Suite","2026-09-25","passed","2026-09-25","Redeem Insurance","Insurance","",""
"","227","Young Moni Initiate Account Request - Empty Fields","Personal Banking APIs - QA Test Suite","2026-09-25","passed","2026-09-25","Young Moni Initiate Account Request","Customer Profile, Accounts & Beneficiaries","",""
"","171","Update Single Transfer Limit - Invalid Token Or PIN","Personal Banking APIs - QA Test Suite","2026-09-25","passed","2026-09-25","Update Single Transfer Limit","Customer Profile, Accounts & Beneficiaries","",""
"","315","Admin Games - Valid","Personal Banking APIs - QA Test Suite","2026-09-25","failed","2026-09-25","Admin Games","Rewards, Cash Tokens & Wishlists","",""
"","149","Get Item Edit - Invalid Status Or Type","Personal Banking APIs - QA Test Suite","2026-09-25","failed","2026-09-25","Get Item Edit","Rewards, Cash Tokens & Wishlists","",""
"","166","Purchase Electricity - Invalid Token Or PIN","Personal Banking APIs - QA Test Suite","2026-09-25","passed","2026-09-25","Purchase Electricity","Airtime, Data, Bills & VAS Beneficiaries","",""
"","159","Item - Invalid ID","Personal Banking APIs - QA Test Suite","2026-09-25","passed","2026-09-25","Item","Rewards, Cash Tokens & Wishlists","",""
"","231","Inter Name Enquiry - Valid","Personal Banking APIs - QA Test Suite","2026-09-25","failed","2026-09-25","Inter Name Enquiry","Wallets, Transfers, Transactions & Fund Requests","",""
"","163","Wallet - Valid","Personal Banking APIs - QA Test Suite","2026-09-25","failed","2026-09-25","Wallet","Target Savings","",""
"","157","Coin Redemption Rules - Invalid Query","Personal Banking APIs - QA Test Suite","2026-09-25","passed","2026-09-25","Coin Redemption Rules","Rewards, Cash Tokens & Wishlists","",""
"","275","Admin Coins Rules Stats - No Auth","Personal Banking APIs - QA Test Suite","2026-09-25","passed","2026-09-25","Admin Coins Rules Stats","Rewards, Cash Tokens & Wishlists","",""
"","287","Admin Games Stats - No Auth","Personal Banking APIs - QA Test Suite","2026-09-25","passed","2026-09-25","Admin Games Stats","Rewards, Cash Tokens & Wishlists","",""
"","173","Dismiss Action - Nonexistent ID","Personal Banking APIs - QA Test Suite","2026-09-25","passed","2026-09-25","Dismiss Action","KYC, Tier Upgrades & Young Moni","",""
"","147","Transactions Update Swag Plan - Missing Required Field","Personal Banking APIs - QA Test Suite","2026-09-25","passed","2026-09-25","Transactions Update Swag Plan","SWAG Savings","",""
"","157","Young Moni Validate Details Without Identity - Empty Fields","Personal Banking APIs - QA Test Suite","2026-09-25","failed","2026-09-25","Young Moni Validate Details Without Identity","Customer Profile, Accounts & Beneficiaries","",""
"","144","Transactions - No Auth","Personal Banking APIs - QA Test Suite","2026-09-25","passed","2026-09-25","Transactions","Save & Spend","",""
"","161","Purchase Jamb - Empty Fields","Personal Banking APIs - QA Test Suite","2026-09-25","passed","2026-09-25","Purchase Jamb","Airtime, Data, Bills & VAS Beneficiaries","",""
"","267","Repayment Plan - Invalid ID","Personal Banking APIs - QA Test Suite","2026-09-25","failed","2026-09-25","Repayment Plan","Kolo Connect Advances","",""
"","224","Tier Two Upgrade - Valid","Personal Banking APIs - QA Test Suite","2026-09-25","failed","2026-09-25","Tier Two Upgrade","KYC, Tier Upgrades & Young Moni","",""
"","159","Single Fund Request - No Auth","Personal Banking APIs - QA Test Suite","2026-09-25","failed","2026-09-25","Single Fund Request","Wallets, Transfers, Transactions & Fund Requests","",""
"","164","List - Invalid Query","Personal Banking APIs - QA Test Suite","2026-09-25","failed","2026-09-25","List","Customer Profile, Accounts & Beneficiaries","",""
"","172","Verify Device Changed - Missing Required Field","Personal Banking APIs - QA Test Suite","2026-09-25","passed","2026-09-25","Verify Device Changed","Login, Credentials, Security & Devices","",""
"","212","Topup Supalock - Valid","Personal Banking APIs - QA Test Suite","2026-09-25","failed","2026-09-25","Topup Supalock","Supalock Savings","",""
"","145","Admin Games Rewards - No Auth","Personal Banking APIs - QA Test Suite","2026-09-25","passed","2026-09-25","Admin Games Rewards","Rewards, Cash Tokens & Wishlists","",""
"","165","Overview - Invalid Query","Personal Banking APIs - QA Test Suite","2026-09-25","failed","2026-09-25","Overview","Rewards, Cash Tokens & Wishlists","",""
"","164","Verify Email Update - Empty Fields","Personal Banking APIs - QA Test Suite","2026-09-25","passed","2026-09-25","Verify Email Update","KYC, Tier Upgrades & Young Moni","",""
"","172","Wallet Total Balance - Invalid Query","Personal Banking APIs - QA Test Suite","2026-09-25","failed","2026-09-25","Wallet Total Balance","Save & Spend","",""
"","156","Young Moni Documents - No Auth","Personal Banking APIs - QA Test Suite","2026-09-25","passed","2026-09-25","Young Moni Documents","KYC, Tier Upgrades & Young Moni","",""
"","166","Validate Liveness (When Required) - Valid","Personal Banking APIs - QA Test Suite","2026-09-25","failed","2026-09-25","Validate Liveness (When Required)","Customer Onboarding","",""
"","172","Toolkit Accounts - No Auth","Personal Banking APIs - QA Test Suite","2026-09-25","passed","2026-09-25","Toolkit Accounts","Customer Profile, Accounts & Beneficiaries","",""
"","169","Update Gender - No Auth","Personal Banking APIs - QA Test Suite","2026-09-25","passed","2026-09-25","Update Gender","Login, Credentials, Security & Devices","",""
"","201","Partial - No Auth","Personal Banking APIs - QA Test Suite","2026-09-25","passed","2026-09-25","Partial","Customer Profile, Accounts & Beneficiaries","",""
"","158","Channel Settings - No Auth","Personal Banking APIs - QA Test Suite","2026-09-25","passed","2026-09-25","Channel Settings","Customer Cards","",""
"","161","Purchase Cable - Invalid Amount","Personal Banking APIs - QA Test Suite","2026-09-25","passed","2026-09-25","Purchase Cable","Airtime, Data, Bills & VAS Beneficiaries","",""
"","150","Withdraw Supalock - Empty Fields","Personal Banking APIs - QA Test Suite","2026-09-25","failed","2026-09-25","Withdraw Supalock","Supalock Savings","",""
"","157","Types - Invalid ID","Personal Banking APIs - QA Test Suite","2026-09-25","passed","2026-09-25","Types","Supalock Savings","",""
"","165","Admin Upload Documents - Empty Fields","Personal Banking APIs - QA Test Suite","2026-09-25","passed","2026-09-25","Admin Upload Documents","KYC, Tier Upgrades & Young Moni","",""
"","146","Deals Active - No Auth","Personal Banking APIs - QA Test Suite","2026-09-25","passed","2026-09-25","Deals Active","Rewards, Cash Tokens & Wishlists","",""
"","291","Admin Games Stats - Valid","Personal Banking APIs - QA Test Suite","2026-09-25","failed","2026-09-25","Admin Games Stats","Rewards, Cash Tokens & Wishlists","",""
"","213","Providers - No Auth","Personal Banking APIs - QA Test Suite","2026-09-25","passed","2026-09-25","Providers","Insurance","",""
"","237","Create Wishlist - Empty Fields","Personal Banking APIs - QA Test Suite","2026-09-25","passed","2026-09-25","Create Wishlist","Rewards, Cash Tokens & Wishlists","",""
"","156","Requests Request Card - Empty Fields","Personal Banking APIs - QA Test Suite","2026-09-25","passed","2026-09-25","Requests Request Card","Customer Cards","",""
"","166","Pay Schedule Early - Valid","Personal Banking APIs - QA Test Suite","2026-09-25","failed","2026-09-25","Pay Schedule Early","Scheduled Payments","",""
"","172","Export Fund Recipients - Valid","Personal Banking APIs - QA Test Suite","2026-09-25","failed","2026-09-25","Export Fund Recipients","Wallets, Transfers, Transactions & Fund Requests","",""
"","178","Transactions Evaluate Break - Valid","Personal Banking APIs - QA Test Suite","2026-09-25","failed","2026-09-25","Transactions Evaluate Break","Target Savings","",""
"","158","Request Phone Verification - Valid","Personal Banking APIs - QA Test Suite","2026-09-25","failed","2026-09-25","Request Phone Verification","Login, Credentials, Security & Devices","",""
"","219","Tier Progress - Valid","Personal Banking APIs - QA Test Suite","2026-09-25","failed","2026-09-25","Tier Progress","Rewards, Cash Tokens & Wishlists","",""
"","157","Tier One Upgrade With BVN - No Auth","Personal Banking APIs - QA Test Suite","2026-09-25","passed","2026-09-25","Tier One Upgrade With BVN","KYC, Tier Upgrades & Young Moni","",""
"","300","Admin Coins Redemption Rules - Invalid ID","Personal Banking APIs - QA Test Suite","2026-09-25","failed","2026-09-25","Admin Coins Redemption Rules","Rewards, Cash Tokens & Wishlists","",""
"","163","Item - Invalid ID","Personal Banking APIs - QA Test Suite","2026-09-25","passed","2026-09-25","Item","Rewards, Cash Tokens & Wishlists","",""
"","164","Request Account Reactivation - Missing Required Field","Personal Banking APIs - QA Test Suite","2026-09-25","passed","2026-09-25","Request Account Reactivation","KYC, Tier Upgrades & Young Moni","",""
"","179","Transactions - Nonexistent ID","Personal Banking APIs - QA Test Suite","2026-09-25","passed","2026-09-25","Transactions","Save & Spend","",""
"","146","Wallet - No Auth","Personal Banking APIs - QA Test Suite","2026-09-25","passed","2026-09-25","Wallet","Save & Spend","",""
"","146","Admin Coins Rules - No Auth","Personal Banking APIs - QA Test Suite","2026-09-25","passed","2026-09-25","Admin Coins Rules","Rewards, Cash Tokens & Wishlists","",""
"","441","Retrieve - Nonexistent ID","Personal Banking APIs - QA Test Suite","2026-09-25","failed","2026-09-25","Retrieve","Wallets, Transfers, Transactions & Fund Requests","",""
"","172","Retrieve - Invalid Query","Personal Banking APIs - QA Test Suite","2026-09-25","failed","2026-09-25","Retrieve","Airtime, Data, Bills & VAS Beneficiaries","",""
"","197","Young Moni Requests Request Stats - Valid","Personal Banking APIs - QA Test Suite","2026-09-25","failed","2026-09-25","Young Moni Requests Request Stats","KYC, Tier Upgrades & Young Moni","",""
"","227","List - Invalid Query","Personal Banking APIs - QA Test Suite","2026-09-25","failed","2026-09-25","List","Airtime, Data, Bills & VAS Beneficiaries","",""
"","234","Recipients - Invalid Query","Personal Banking APIs - QA Test Suite","2026-09-25","failed","2026-09-25","Recipients","Wallets, Transfers, Transactions & Fund Requests","",""
"","160","Admin Coins Rules - Empty Fields","Personal Banking APIs - QA Test Suite","2026-09-25","failed","2026-09-25","Admin Coins Rules","Rewards, Cash Tokens & Wishlists","",""
"","154","Types - Invalid Status Or Type","Personal Banking APIs - QA Test Suite","2026-09-25","failed","2026-09-25","Types","Supalock Savings","",""
"","228","Enable - Empty Fields","Personal Banking APIs - QA Test Suite","2026-09-25","failed","2026-09-25","Enable","Wallets, Transfers, Transactions & Fund Requests","",""
"","150","Transactions Create Plan - No Auth","Personal Banking APIs - QA Test Suite","2026-09-25","failed","2026-09-25","Transactions Create Plan","SWAG Savings","",""
"","167","Admin Coins Rules - Invalid Amount","Personal Banking APIs - QA Test Suite","2026-09-25","failed","2026-09-25","Admin Coins Rules","Rewards, Cash Tokens & Wishlists","",""
"","162","Kyc Level Count - Invalid Query","Personal Banking APIs - QA Test Suite","2026-09-25","failed","2026-09-25","Kyc Level Count","Customer Profile, Accounts & Beneficiaries","",""
"","183","Recipients - Valid","Personal Banking APIs - QA Test Suite","2026-09-25","failed","2026-09-25","Recipients","Wallets, Transfers, Transactions & Fund Requests","",""
"","254","Create Password - Missing Required Field","Personal Banking APIs - QA Test Suite","2026-09-25","passed","2026-09-25","Create Password","Login, Credentials, Security & Devices","",""
"","218","Channel Settings - Valid","Personal Banking APIs - QA Test Suite","2026-09-25","failed","2026-09-25","Channel Settings","Customer Cards","",""
"","156","Borrow - Missing Required Field","Personal Banking APIs - QA Test Suite","2026-09-25","failed","2026-09-25","Borrow","Kolo Connect Advances","",""
"","165","Setup Liveness Image - No Auth","Personal Banking APIs - QA Test Suite","2026-09-25","failed","2026-09-25","Setup Liveness Image","Login, Credentials, Security & Devices","",""
"","166","Repayment Plan - Valid","Personal Banking APIs - QA Test Suite","2026-09-25","failed","2026-09-25","Repayment Plan","Kolo Connect Advances","",""
"","371","Retrieve - Invalid ID","Personal Banking APIs - QA Test Suite","2026-09-25","passed","2026-09-25","Retrieve","Customer Profile, Accounts & Beneficiaries","",""
"","147","Topup Supalock - No Auth","Personal Banking APIs - QA Test Suite","2026-09-25","passed","2026-09-25","Topup Supalock","Supalock Savings","",""
"","167","Withdraw Cashback - Invalid Amount","Personal Banking APIs - QA Test Suite","2026-09-25","failed","2026-09-25","Withdraw Cashback","Wallets, Transfers, Transactions & Fund Requests","",""
"","305","Intra Name Enquiry By Phone - Empty Fields","Personal Banking APIs - QA Test Suite","2026-09-25","failed","2026-09-25","Intra Name Enquiry By Phone","Wallets, Transfers, Transactions & Fund Requests","",""
"","205","Transactions Deposit - No Auth","Personal Banking APIs - QA Test Suite","2026-09-25","failed","2026-09-25","Transactions Deposit","Target Savings","",""
"","159","Purchase Jamb - Valid","Personal Banking APIs - QA Test Suite","2026-09-25","failed","2026-09-25","Purchase Jamb","Airtime, Data, Bills & VAS Beneficiaries","",""
"","179","Setup Liveness Image - Empty Fields","Personal Banking APIs - QA Test Suite","2026-09-25","passed","2026-09-25","Setup Liveness Image","Login, Credentials, Security & Devices","",""
"","169","Reset Login Pin - Missing Required Field","Personal Banking APIs - QA Test Suite","2026-09-25","passed","2026-09-25","Reset Login Pin","Login, Credentials, Security & Devices","",""
"","164","Retrieve - Invalid ID","Personal Banking APIs - QA Test Suite","2026-09-25","failed","2026-09-25","Retrieve","Wallets, Transfers, Transactions & Fund Requests","",""
"","192","Transactions - Valid","Personal Banking APIs - QA Test Suite","2026-09-25","failed","2026-09-25","Transactions","Save & Spend","",""
"","177","Withdraw Cashback - Valid","Personal Banking APIs - QA Test Suite","2026-09-25","failed","2026-09-25","Withdraw Cashback","Wallets, Transfers, Transactions & Fund Requests","",""
"","173","Withdraw Cashback - Invalid ID","Personal Banking APIs - QA Test Suite","2026-09-25","failed","2026-09-25","Withdraw Cashback","Wallets, Transfers, Transactions & Fund Requests","",""
"","156","Borrow - Invalid Token Or PIN","Personal Banking APIs - QA Test Suite","2026-09-25","failed","2026-09-25","Borrow","Kolo Connect Advances","",""
"","162","Wallet Download Swag Statement - Valid","Personal Banking APIs - QA Test Suite","2026-09-25","failed","2026-09-25","Wallet Download Swag Statement","SWAG Savings","",""
"","156","Retrieve - Invalid Query","Personal Banking APIs - QA Test Suite","2026-09-25","failed","2026-09-25","Retrieve","Kolo Connect Advances","",""
"","159","Intra Account Transfer - Valid","Personal Banking APIs - QA Test Suite","2026-09-25","failed","2026-09-25","Intra Account Transfer","Wallets, Transfers, Transactions & Fund Requests","",""
"","169","Block - Valid","Personal Banking APIs - QA Test Suite","2026-09-25","failed","2026-09-25","Block","Customer Cards","",""
"","186","Games Scratch Card - Valid","Personal Banking APIs - QA Test Suite","2026-09-25","failed","2026-09-25","Games Scratch Card","Rewards, Cash Tokens & Wishlists","",""
"","202","Continue With Email - Invalid Email","Personal Banking APIs - QA Test Suite","2026-09-25","passed","2026-09-25","Continue With Email","Customer Onboarding","",""
"","174","Wallet Total Balance - Valid","Personal Banking APIs - QA Test Suite","2026-09-25","failed","2026-09-25","Wallet Total Balance","Save & Spend","",""
"","172","Inter Transfer - Empty Fields","Personal Banking APIs - QA Test Suite","2026-09-25","passed","2026-09-25","Inter Transfer","Wallets, Transfers, Transactions & Fund Requests","",""
"","215","Set Password & Create Pending User - Invalid Token Or PIN","Personal Banking APIs - QA Test Suite","2026-09-25","passed","2026-09-25","Set Password & Create Pending User","Customer Onboarding","",""
"","162","Update Daily Transfer Limit - Missing Required Field","Personal Banking APIs - QA Test Suite","2026-09-25","passed","2026-09-25","Update Daily Transfer Limit","Customer Profile, Accounts & Beneficiaries","",""
"","166","Young Moni Documents Action Document - Valid","Personal Banking APIs - QA Test Suite","2026-09-25","failed","2026-09-25","Young Moni Documents Action Document","KYC, Tier Upgrades & Young Moni","",""
"","369","Info - Valid","Personal Banking APIs - QA Test Suite","2026-09-25","passed","2026-09-25","Info","Customer Profile, Accounts & Beneficiaries","",""
"","215","Enable - Nonexistent ID","Personal Banking APIs - QA Test Suite","2026-09-25","failed","2026-09-25","Enable","Wallets, Transfers, Transactions & Fund Requests","",""
"","219","Admin Games Rewards - No Auth","Personal Banking APIs - QA Test Suite","2026-09-25","passed","2026-09-25","Admin Games Rewards","Rewards, Cash Tokens & Wishlists","",""
"","171","Validate Liveness (When Required) - Missing Required Field","Personal Banking APIs - QA Test Suite","2026-09-25","passed","2026-09-25","Validate Liveness (When Required)","Customer Onboarding","",""
"","157","Verify Phone Number - Empty Fields","Personal Banking APIs - QA Test Suite","2026-09-25","failed","2026-09-25","Verify Phone Number","Login, Credentials, Security & Devices","",""
"","152","Create Supalock - Invalid Token Or PIN","Personal Banking APIs - QA Test Suite","2026-09-25","failed","2026-09-25","Create Supalock","Supalock Savings","",""
"","163","Kyc Level Distribution - Invalid Query","Personal Banking APIs - QA Test Suite","2026-09-25","failed","2026-09-25","Kyc Level Distribution","Customer Profile, Accounts & Beneficiaries","",""
"","202","Retrieve - Invalid ID","Personal Banking APIs - QA Test Suite","2026-09-25","failed","2026-09-25","Retrieve","Airtime, Data, Bills & VAS Beneficiaries","",""
"","203","Create Login Pin - Invalid Token Or PIN","Personal Banking APIs - QA Test Suite","2026-09-25","failed","2026-09-25","Create Login Pin","Login, Credentials, Security & Devices","",""
"","442","Approve Single Bulk Recipient - Empty Fields","Personal Banking APIs - QA Test Suite","2026-09-25","failed","2026-09-25","Approve Single Bulk Recipient","Wallets, Transfers, Transactions & Fund Requests","",""
"","289","Inflow Outflow Analytics - Invalid Query","Personal Banking APIs - QA Test Suite","2026-09-25","failed","2026-09-25","Inflow Outflow Analytics","Wallets, Transfers, Transactions & Fund Requests","",""
"","146","Create Supalock - No Auth","Personal Banking APIs - QA Test Suite","2026-09-25","passed","2026-09-25","Create Supalock","Supalock Savings","",""
"","171","Continue With Email - Missing Required Field","Personal Banking APIs - QA Test Suite","2026-09-25","passed","2026-09-25","Continue With Email","Customer Onboarding","",""
"","195","Transactions - Invalid Query","Personal Banking APIs - QA Test Suite","2026-09-25","failed","2026-09-25","Transactions","Target Savings","",""
"","250","Young Moni Requests - Invalid Query","Personal Banking APIs - QA Test Suite","2026-09-25","failed","2026-09-25","Young Moni Requests","KYC, Tier Upgrades & Young Moni","",""
"","163","Young Moni Requests Complete Review - Valid","Personal Banking APIs - QA Test Suite","2026-09-25","failed","2026-09-25","Young Moni Requests Complete Review","KYC, Tier Upgrades & Young Moni","",""
"","169","Document Delete - Invalid Token Or PIN","Personal Banking APIs - QA Test Suite","2026-09-25","failed","2026-09-25","Document Delete","KYC, Tier Upgrades & Young Moni","",""
"","184","Dismiss Action - Missing Required Field","Personal Banking APIs - QA Test Suite","2026-09-25","failed","2026-09-25","Dismiss Action","KYC, Tier Upgrades & Young Moni","",""
"","164","List Schedule Payments - Nonexistent ID","Personal Banking APIs - QA Test Suite","2026-09-25","failed","2026-09-25","List Schedule Payments","Scheduled Payments","",""
"","152","Transactions Create Wallet - Empty Fields","Personal Banking APIs - QA Test Suite","2026-09-25","passed","2026-09-25","Transactions Create Wallet","Target Savings","",""
"","238","List - No Auth","Personal Banking APIs - QA Test Suite","2026-09-25","passed","2026-09-25","List","Wallets, Transfers, Transactions & Fund Requests","",""
"","232","Providers - Invalid ID","Personal Banking APIs - QA Test Suite","2026-09-25","passed","2026-09-25","Providers","Insurance","",""
"","158","Account Officer Request Change - No Auth","Personal Banking APIs - QA Test Suite","2026-09-25","passed","2026-09-25","Account Officer Request Change","Customer Profile, Accounts & Beneficiaries","",""
"","158","Winner Dismiss Action - Missing Required Field","Personal Banking APIs - QA Test Suite","2026-09-25","failed","2026-09-25","Winner Dismiss Action","Rewards, Cash Tokens & Wishlists","",""
"","350","Admin Games Sessions - Nonexistent ID","Personal Banking APIs - QA Test Suite","2026-09-25","failed","2026-09-25","Admin Games Sessions","Rewards, Cash Tokens & Wishlists","",""
"","160","Single Fund Request - Invalid Token Or PIN","Personal Banking APIs - QA Test Suite","2026-09-25","passed","2026-09-25","Single Fund Request","Wallets, Transfers, Transactions & Fund Requests","",""
"","148","Electricity - No Auth","Personal Banking APIs - QA Test Suite","2026-09-25","passed","2026-09-25","Electricity","Scheduled Payments","",""
"","176","Admin Coins Redemption Rules - Empty Fields","Personal Banking APIs - QA Test Suite","2026-09-25","failed","2026-09-25","Admin Coins Redemption Rules","Rewards, Cash Tokens & Wishlists","",""
"","152","Withdraw Supalock - Missing Required Field","Personal Banking APIs - QA Test Suite","2026-09-25","failed","2026-09-25","Withdraw Supalock","Supalock Savings","",""
"","371","Fetch Balance - Nonexistent ID","Personal Banking APIs - QA Test Suite","2026-09-25","passed","2026-09-25","Fetch Balance","Customer Profile, Accounts & Beneficiaries","",""
"","153","Webhook Cashtoken Webhook - Missing Required Field","Personal Banking APIs - QA Test Suite","2026-09-25","failed","2026-09-25","Webhook Cashtoken Webhook","Rewards, Cash Tokens & Wishlists","",""
"","238","Notify Of Missed Inward - Missing Required Field","Personal Banking APIs - QA Test Suite","2026-09-25","failed","2026-09-25","Notify Of Missed Inward","Wallets, Transfers, Transactions & Fund Requests","",""
"","618","List - Valid","Personal Banking APIs - QA Test Suite","2026-09-25","passed","2026-09-25","List","Rewards, Cash Tokens & Wishlists","",""
"","165","Login - Empty Fields","Personal Banking APIs - QA Test Suite","2026-09-25","passed","2026-09-25","Login","Login, Credentials, Security & Devices","",""
"","247","Reject Single Fund Request - Valid","Personal Banking APIs - QA Test Suite","2026-09-25","failed","2026-09-25","Reject Single Fund Request","Wallets, Transfers, Transactions & Fund Requests","",""
"","168","Retrieve - Invalid Query","Personal Banking APIs - QA Test Suite","2026-09-25","failed","2026-09-25","Retrieve","Wallets, Transfers, Transactions & Fund Requests","",""
"","158","Games - No Auth","Personal Banking APIs - QA Test Suite","2026-09-25","passed","2026-09-25","Games","Rewards, Cash Tokens & Wishlists","",""
"","340","Admin Games Rewards - Invalid ID","Personal Banking APIs - QA Test Suite","2026-09-25","failed","2026-09-25","Admin Games Rewards","Rewards, Cash Tokens & Wishlists","",""
"","172","Update Identity - Missing Required Field","Personal Banking APIs - QA Test Suite","2026-09-25","passed","2026-09-25","Update Identity","KYC, Tier Upgrades & Young Moni","",""
"","219","Admin Coins Rules - Valid","Personal Banking APIs - QA Test Suite","2026-09-25","failed","2026-09-25","Admin Coins Rules","Rewards, Cash Tokens & Wishlists","",""
"","146","Admin Coins Redemption Rules - No Auth","Personal Banking APIs - QA Test Suite","2026-09-25","passed","2026-09-25","Admin Coins Redemption Rules","Rewards, Cash Tokens & Wishlists","",""
"","343","Transfers Left - Valid","Personal Banking APIs - QA Test Suite","2026-09-25","passed","2026-09-25","Transfers Left","Wallets, Transfers, Transactions & Fund Requests","",""
"","170","Webhook Cashtoken Webhook - No Auth","Personal Banking APIs - QA Test Suite","2026-09-25","passed","2026-09-25","Webhook Cashtoken Webhook","Rewards, Cash Tokens & Wishlists","",""
"","160","Purchase Epin - Empty Fields","Personal Banking APIs - QA Test Suite","2026-09-25","passed","2026-09-25","Purchase Epin","Airtime, Data, Bills & VAS Beneficiaries","",""
"","214","Block - Missing Required Field","Personal Banking APIs - QA Test Suite","2026-09-25","failed","2026-09-25","Block","Customer Cards","",""
"","201","Complete Registration - Missing Required Field","Personal Banking APIs - QA Test Suite","2026-09-25","passed","2026-09-25","Complete Registration","Customer Onboarding","",""
"","203","Transfers Left - Invalid Query","Personal Banking APIs - QA Test Suite","2026-09-25","failed","2026-09-25","Transfers Left","Wallets, Transfers, Transactions & Fund Requests","",""
"","158","Her Wealth Details - No Auth","Personal Banking APIs - QA Test Suite","2026-09-25","passed","2026-09-25","Her Wealth Details","Customer Profile, Accounts & Beneficiaries","",""
"","227","Retrieve - Invalid ID","Personal Banking APIs - QA Test Suite","2026-09-25","passed","2026-09-25","Retrieve","Airtime, Data, Bills & VAS Beneficiaries","",""
"","169","Admin Devices Deactivate - Invalid ID","Personal Banking APIs - QA Test Suite","2026-09-25","failed","2026-09-25","Admin Devices Deactivate","Login, Credentials, Security & Devices","",""
"","160","Kyc Level Distribution - No Auth","Personal Banking APIs - QA Test Suite","2026-09-25","passed","2026-09-25","Kyc Level Distribution","Customer Profile, Accounts & Beneficiaries","",""
"","171","Find Account Banks - Missing Required Field","Personal Banking APIs - QA Test Suite","2026-09-25","passed","2026-09-25","Find Account Banks","Customer Profile, Accounts & Beneficiaries","",""
"","172","Update Request Recipients - Invalid Amount","Personal Banking APIs - QA Test Suite","2026-09-25","failed","2026-09-25","Update Request Recipients","Wallets, Transfers, Transactions & Fund Requests","",""
"","157","Retrieve - No Auth","Personal Banking APIs - QA Test Suite","2026-09-25","passed","2026-09-25","Retrieve","Airtime, Data, Bills & VAS Beneficiaries","",""
"","226","Create - Missing Required Field","Personal Banking APIs - QA Test Suite","2026-09-25","failed","2026-09-25","Create","Wallets, Transfers, Transactions & Fund Requests","",""
"","158","Young Moni Upload Guardian Documents - Nonexistent ID","Personal Banking APIs - QA Test Suite","2026-09-25","passed","2026-09-25","Young Moni Upload Guardian Documents","Customer Profile, Accounts & Beneficiaries","",""
"","162","Young Moni Validate Details - Invalid Email","Personal Banking APIs - QA Test Suite","2026-09-25","failed","2026-09-25","Young Moni Validate Details","Customer Profile, Accounts & Beneficiaries","",""
"","166","Repay - Invalid Token Or PIN","Personal Banking APIs - QA Test Suite","2026-09-25","failed","2026-09-25","Repay","Kolo Connect Advances","",""
"","172","Requests Request Card - Missing Required Field","Personal Banking APIs - QA Test Suite","2026-09-25","passed","2026-09-25","Requests Request Card","Customer Cards","",""
"","150","Wallet - Nonexistent ID","Personal Banking APIs - QA Test Suite","2026-09-25","failed","2026-09-25","Wallet","SWAG Savings","",""
"","149","Transactions Deposit - Valid","Personal Banking APIs - QA Test Suite","2026-09-25","failed","2026-09-25","Transactions Deposit","SWAG Savings","",""
"","192","Dismiss Action - No Auth","Personal Banking APIs - QA Test Suite","2026-09-25","passed","2026-09-25","Dismiss Action","KYC, Tier Upgrades & Young Moni","",""
"","576","Login With Pin - Invalid Token Or PIN","Personal Banking APIs - QA Test Suite","2026-09-25","passed","2026-09-25","Login With Pin","Login, Credentials, Security & Devices","",""
"","150","Transactions Create Wallet Product Specific - Invalid Token Or PIN","Personal Banking APIs - QA Test Suite","2026-09-25","passed","2026-09-25","Transactions Create Wallet Product Specific","Target Savings","",""
"","152","Types - Invalid Query","Personal Banking APIs - QA Test Suite","2026-09-25","failed","2026-09-25","Types","Supalock Savings","",""
"","381","Young Moni Initiate Account Request - Invalid Status Or Type","Personal Banking APIs - QA Test Suite","2026-09-25","passed","2026-09-25","Young Moni Initiate Account Request","Customer Profile, Accounts & Beneficiaries","",""
"","148","Get Item Edit - Empty Fields","Personal Banking APIs - QA Test Suite","2026-09-25","failed","2026-09-25","Get Item Edit","Rewards, Cash Tokens & Wishlists","",""
"","166","Validate Betting Id - Empty Fields","Personal Banking APIs - QA Test Suite","2026-09-25","passed","2026-09-25","Validate Betting Id","Airtime, Data, Bills & VAS Beneficiaries","",""
"","186","Young Moni Upload Child Documents - Empty Fields","Personal Banking APIs - QA Test Suite","2026-09-25","failed","2026-09-25","Young Moni Upload Child Documents","Customer Profile, Accounts & Beneficiaries","",""
"","189","Partial - Invalid ID","Personal Banking APIs - QA Test Suite","2026-09-25","failed","2026-09-25","Partial","Airtime, Data, Bills & VAS Beneficiaries","",""
"","159","Young Moni Validate Details - Valid","Personal Banking APIs - QA Test Suite","2026-09-25","failed","2026-09-25","Young Moni Validate Details","Customer Profile, Accounts & Beneficiaries","",""
"","164","Initiate Email Update - Invalid Email","Personal Banking APIs - QA Test Suite","2026-09-25","passed","2026-09-25","Initiate Email Update","KYC, Tier Upgrades & Young Moni","",""
"","172","Redeem Insurance - Valid","Personal Banking APIs - QA Test Suite","2026-09-25","failed","2026-09-25","Redeem Insurance","Insurance","",""
"","381","Her Wealth Details - Invalid Query","Personal Banking APIs - QA Test Suite","2026-09-25","passed","2026-09-25","Her Wealth Details","Customer Profile, Accounts & Beneficiaries","",""
"","157","Verify Phone Number - Missing Required Field","Personal Banking APIs - QA Test Suite","2026-09-25","failed","2026-09-25","Verify Phone Number","Login, Credentials, Security & Devices","",""
"","210","Waec Lookup - Valid","Personal Banking APIs - QA Test Suite","2026-09-25","failed","2026-09-25","Waec Lookup","Airtime, Data, Bills & VAS Beneficiaries","",""
"","184","Create Transaction Pin - Empty Fields","Personal Banking APIs - QA Test Suite","2026-09-25","failed","2026-09-25","Create Transaction Pin","Login, Credentials, Security & Devices","",""
"","166","Transactions Create Wallet - Invalid Status Or Type","Personal Banking APIs - QA Test Suite","2026-09-25","passed","2026-09-25","Transactions Create Wallet","Save & Spend","",""
"","163","Single Fund Request - Missing Required Field","Personal Banking APIs - QA Test Suite","2026-09-25","passed","2026-09-25","Single Fund Request","Wallets, Transfers, Transactions & Fund Requests","",""
"","157","Requests - Invalid Query","Personal Banking APIs - QA Test Suite","2026-09-25","failed","2026-09-25","Requests","Customer Cards","",""
"","175","Retrieve - Valid","Personal Banking APIs - QA Test Suite","2026-09-25","failed","2026-09-25","Retrieve","Airtime, Data, Bills & VAS Beneficiaries","",""
"","167","Admin Coins Redemption Rules - Invalid ID","Personal Banking APIs - QA Test Suite","2026-09-25","failed","2026-09-25","Admin Coins Redemption Rules","Rewards, Cash Tokens & Wishlists","",""
"","229","Get Suggestions - Valid","Personal Banking APIs - QA Test Suite","2026-09-25","passed","2026-09-25","Get Suggestions","Customer Profile, Accounts & Beneficiaries","",""
"","146","Terms Terms And Rewards - No Auth","Personal Banking APIs - QA Test Suite","2026-09-25","passed","2026-09-25","Terms Terms And Rewards","Rewards, Cash Tokens & Wishlists","",""
"","146","Update - No Auth","Personal Banking APIs - QA Test Suite","2026-09-25","passed","2026-09-25","Update","Scheduled Payments","",""
"","157","Admin Devices Reactivate - Empty Fields","Personal Banking APIs - QA Test Suite","2026-09-25","failed","2026-09-25","Admin Devices Reactivate","Login, Credentials, Security & Devices","",""
"","169","Verify BVN (Choose BVN or NIN) - Empty Fields","Personal Banking APIs - QA Test Suite","2026-09-25","passed","2026-09-25","Verify BVN (Choose BVN or NIN)","Customer Onboarding","",""
"","154","Topup Supalock - Invalid ID","Personal Banking APIs - QA Test Suite","2026-09-25","failed","2026-09-25","Topup Supalock","Supalock Savings","",""
"","221","Intra Name Enquiry - Valid","Personal Banking APIs - QA Test Suite","2026-09-25","failed","2026-09-25","Intra Name Enquiry","Wallets, Transfers, Transactions & Fund Requests","",""
"","153","Winner Dismiss Action - Empty Fields","Personal Banking APIs - QA Test Suite","2026-09-25","failed","2026-09-25","Winner Dismiss Action","Rewards, Cash Tokens & Wishlists","",""
"","160","Retrieve - Invalid ID","Personal Banking APIs - QA Test Suite","2026-09-25","passed","2026-09-25","Retrieve","Rewards, Cash Tokens & Wishlists","",""
"","313","Providers - Invalid Query","Personal Banking APIs - QA Test Suite","2026-09-25","failed","2026-09-25","Providers","Insurance","",""
"","155","Proposed Contributor - No Auth","Personal Banking APIs - QA Test Suite","2026-09-25","failed","2026-09-25","Proposed Contributor","Rewards, Cash Tokens & Wishlists","",""
"","203","Requests - No Auth","Personal Banking APIs - QA Test Suite","2026-09-25","passed","2026-09-25","Requests","Customer Cards","",""
"","226","Transactions Evaluate Target - Valid","Personal Banking APIs - QA Test Suite","2026-09-25","failed","2026-09-25","Transactions Evaluate Target","Target Savings","",""
"","159","Get Cable Plans - No Auth","Personal Banking APIs - QA Test Suite","2026-09-25","passed","2026-09-25","Get Cable Plans","Airtime, Data, Bills & VAS Beneficiaries","",""
"","172","Approve Bulk Fund Request - Missing Required Field","Personal Banking APIs - QA Test Suite","2026-09-25","failed","2026-09-25","Approve Bulk Fund Request","Wallets, Transfers, Transactions & Fund Requests","",""
"","157","Daily Spending Summary - No Auth","Personal Banking APIs - QA Test Suite","2026-09-25","passed","2026-09-25","Daily Spending Summary","Wallets, Transfers, Transactions & Fund Requests","",""
"","240","Admin Reject Upgrade Request - Invalid ID","Personal Banking APIs - QA Test Suite","2026-09-25","failed","2026-09-25","Admin Reject Upgrade Request","KYC, Tier Upgrades & Young Moni","",""
"","203","Login With Pin - Invalid Email","Personal Banking APIs - QA Test Suite","2026-09-25","passed","2026-09-25","Login With Pin","Login, Credentials, Security & Devices","",""
"","177","Admin Devices Reactivate - Valid","Personal Banking APIs - QA Test Suite","2026-09-25","failed","2026-09-25","Admin Devices Reactivate","Login, Credentials, Security & Devices","",""
"","148","Eligibility - No Auth","Personal Banking APIs - QA Test Suite","2026-09-25","passed","2026-09-25","Eligibility","Kolo Connect Advances","",""
"","219","Retrieve - Invalid ID","Personal Banking APIs - QA Test Suite","2026-09-25","passed","2026-09-25","Retrieve","Scheduled Payments","",""
"","207","Update - Valid","Personal Banking APIs - QA Test Suite","2026-09-25","failed","2026-09-25","Update","Scheduled Payments","",""
"","156","Terms Terms And Rewards - Invalid Query","Personal Banking APIs - QA Test Suite","2026-09-25","failed","2026-09-25","Terms Terms And Rewards","Rewards, Cash Tokens & Wishlists","",""
"","154","Types - Invalid Query","Personal Banking APIs - QA Test Suite","2026-09-25","failed","2026-09-25","Types","Supalock Savings","",""
"","164","Verify Reset Token - Invalid Status Or Type","Personal Banking APIs - QA Test Suite","2026-09-25","passed","2026-09-25","Verify Reset Token","Login, Credentials, Security & Devices","",""
"","237","Check Email / Phone Availability - Invalid Email","Personal Banking APIs - QA Test Suite","2026-09-25","passed","2026-09-25","Check Email / Phone Availability","Customer Onboarding","",""
"","246","Admin Coins Redemption Rules - Invalid Status Or Type","Personal Banking APIs - QA Test Suite","2026-09-25","failed","2026-09-25","Admin Coins Redemption Rules","Rewards, Cash Tokens & Wishlists","",""
"","156","High Value Transactions - No Auth","Personal Banking APIs - QA Test Suite","2026-09-25","passed","2026-09-25","High Value Transactions","Wallets, Transfers, Transactions & Fund Requests","",""
"","162","Intra Transfer - Valid","Personal Banking APIs - QA Test Suite","2026-09-25","failed","2026-09-25","Intra Transfer","Wallets, Transfers, Transactions & Fund Requests","",""
"","164","Kyc Level Distribution - Valid","Personal Banking APIs - QA Test Suite","2026-09-25","failed","2026-09-25","Kyc Level Distribution","Customer Profile, Accounts & Beneficiaries","",""
"","153","Transactions Withdraw Principal - Valid","Personal Banking APIs - QA Test Suite","2026-09-25","failed","2026-09-25","Transactions Withdraw Principal","SWAG Savings","",""
"","153","Wallet - Nonexistent ID","Personal Banking APIs - QA Test Suite","2026-09-25","failed","2026-09-25","Wallet","Save & Spend","",""
"","263","List - No Auth","Personal Banking APIs - QA Test Suite","2026-09-25","passed","2026-09-25","List","Airtime, Data, Bills & VAS Beneficiaries","",""
"","147","Transactions Create Plan - Empty Fields","Personal Banking APIs - QA Test Suite","2026-09-25","passed","2026-09-25","Transactions Create Plan","SWAG Savings","",""
"","397","Info - Invalid Query","Personal Banking APIs - QA Test Suite","2026-09-25","failed","2026-09-25","Info","Customer Profile, Accounts & Beneficiaries","",""
"","294","Admin Games - Nonexistent ID","Personal Banking APIs - QA Test Suite","2026-09-25","failed","2026-09-25","Admin Games","Rewards, Cash Tokens & Wishlists","",""
"","179","Channel Settings - Missing Required Field","Personal Banking APIs - QA Test Suite","2026-09-25","failed","2026-09-25","Channel Settings","Customer Cards","",""
"","157","Unblock - Invalid ID","Personal Banking APIs - QA Test Suite","2026-09-25","passed","2026-09-25","Unblock","Customer Cards","",""
"","290","Renew Insurance - Empty Fields","Personal Banking APIs - QA Test Suite","2026-09-25","passed","2026-09-25","Renew Insurance","Insurance","",""
"","209","Wallet - Invalid Query","Personal Banking APIs - QA Test Suite","2026-09-25","failed","2026-09-25","Wallet","SWAG Savings","",""
"","166","Redeem Insurance - Invalid Status Or Type","Personal Banking APIs - QA Test Suite","2026-09-25","passed","2026-09-25","Redeem Insurance","Insurance","",""
"","161","Wallet Interest Balance - Valid","Personal Banking APIs - QA Test Suite","2026-09-25","failed","2026-09-25","Wallet Interest Balance","Save & Spend","",""
"","160","Upload Bulk Fund Request - Invalid Status Or Type","Personal Banking APIs - QA Test Suite","2026-09-25","passed","2026-09-25","Upload Bulk Fund Request","Wallets, Transfers, Transactions & Fund Requests","",""
"","173","List - Invalid Query","Personal Banking APIs - QA Test Suite","2026-09-25","failed","2026-09-25","List","Customer Cards","",""
"","156","Admin Coins Redemption Rules - Empty Fields","Personal Banking APIs - QA Test Suite","2026-09-25","failed","2026-09-25","Admin Coins Redemption Rules","Rewards, Cash Tokens & Wishlists","",""
"","146","Wishlist Config Edit - No Auth","Personal Banking APIs - QA Test Suite","2026-09-25","failed","2026-09-25","Wishlist Config Edit","Rewards, Cash Tokens & Wishlists","",""
"","158","Admin Coins Redemption Rules - Invalid ID","Personal Banking APIs - QA Test Suite","2026-09-25","failed","2026-09-25","Admin Coins Redemption Rules","Rewards, Cash Tokens & Wishlists","",""
"","155","Pay Schedule Early - Empty Fields","Personal Banking APIs - QA Test Suite","2026-09-25","passed","2026-09-25","Pay Schedule Early","Scheduled Payments","",""
"","447","Admin - Valid","Personal Banking APIs - QA Test Suite","2026-09-25","failed","2026-09-25","Admin","KYC, Tier Upgrades & Young Moni","",""
"","161","Transactions Evaluate Break - Missing Required Field","Personal Banking APIs - QA Test Suite","2026-09-25","passed","2026-09-25","Transactions Evaluate Break","Target Savings","",""
"","154","Transactions Update Swag Monthly Rollover - Missing Required Field","Personal Banking APIs - QA Test Suite","2026-09-25","failed","2026-09-25","Transactions Update Swag Monthly Rollover","SWAG Savings","",""
"","236","Approve Bulk Fund Request - Invalid Token Or PIN","Personal Banking APIs - QA Test Suite","2026-09-25","failed","2026-09-25","Approve Bulk Fund Request","Wallets, Transfers, Transactions & Fund Requests","",""
"","155","Admin Games Rewards - Nonexistent ID","Personal Banking APIs - QA Test Suite","2026-09-25","failed","2026-09-25","Admin Games Rewards","Rewards, Cash Tokens & Wishlists","",""
"","173","Update Identity - Empty Fields","Personal Banking APIs - QA Test Suite","2026-09-25","passed","2026-09-25","Update Identity","KYC, Tier Upgrades & Young Moni","",""
"","167","Update Daily Transfer Limit - Invalid Amount","Personal Banking APIs - QA Test Suite","2026-09-25","passed","2026-09-25","Update Daily Transfer Limit","Customer Profile, Accounts & Beneficiaries","",""
"","148","Transfer - Empty Fields","Personal Banking APIs - QA Test Suite","2026-09-25","passed","2026-09-25","Transfer","Scheduled Payments","",""
"","163","Tier One Upgrade With BVN - Missing Required Field","Personal Banking APIs - QA Test Suite","2026-09-25","passed","2026-09-25","Tier One Upgrade With BVN","KYC, Tier Upgrades & Young Moni","",""
"","212","Fee Settings - Invalid Query","Personal Banking APIs - QA Test Suite","2026-09-25","failed","2026-09-25","Fee Settings","Customer Cards","",""
"","169","Verify NIN (Choose BVN or NIN) - Missing Required Field","Personal Banking APIs - QA Test Suite","2026-09-25","passed","2026-09-25","Verify NIN (Choose BVN or NIN)","Customer Onboarding","",""
"","157","Pay Schedule Early - Missing Required Field","Personal Banking APIs - QA Test Suite","2026-09-25","passed","2026-09-25","Pay Schedule Early","Scheduled Payments","",""
"","262","Airtime - Empty Fields","Personal Banking APIs - QA Test Suite","2026-09-25","passed","2026-09-25","Airtime","Scheduled Payments","",""
"","206","Create Insurance - Invalid Token Or PIN","Personal Banking APIs - QA Test Suite","2026-09-25","passed","2026-09-25","Create Insurance","Insurance","",""
"","165","Complete Registration - Valid","Personal Banking APIs - QA Test Suite","2026-09-25","failed","2026-09-25","Complete Registration","Customer Onboarding","",""
"","168","Approve Single Bulk Recipient - Valid","Personal Banking APIs - QA Test Suite","2026-09-25","failed","2026-09-25","Approve Single Bulk Recipient","Wallets, Transfers, Transactions & Fund Requests","",""
"","159","Admin Coins Rules - Invalid ID","Personal Banking APIs - QA Test Suite","2026-09-25","failed","2026-09-25","Admin Coins Rules","Rewards, Cash Tokens & Wishlists","",""
"","289","Admin Games Stats - Invalid Query","Personal Banking APIs - QA Test Suite","2026-09-25","failed","2026-09-25","Admin Games Stats","Rewards, Cash Tokens & Wishlists","",""
"","165","Initiate Liveness Setup - Valid","Personal Banking APIs - QA Test Suite","2026-09-25","failed","2026-09-25","Initiate Liveness Setup","Login, Credentials, Security & Devices","",""
"","160","Fund Betting Wallet - Empty Fields","Personal Banking APIs - QA Test Suite","2026-09-25","passed","2026-09-25","Fund Betting Wallet","Airtime, Data, Bills & VAS Beneficiaries","",""
"","158","Purchase Epin - No Auth","Personal Banking APIs - QA Test Suite","2026-09-25","failed","2026-09-25","Purchase Epin","Airtime, Data, Bills & VAS Beneficiaries","",""
"","168","Retrieve - Valid","Personal Banking APIs - QA Test Suite","2026-09-25","failed","2026-09-25","Retrieve","Customer Cards","",""
"","181","Wallet - Valid","Personal Banking APIs - QA Test Suite","2026-09-25","failed","2026-09-25","Wallet","Target Savings","",""
"","161","Purchase Data - Empty Fields","Personal Banking APIs - QA Test Suite","2026-09-25","passed","2026-09-25","Purchase Data","Airtime, Data, Bills & VAS Beneficiaries","",""
"","162","Transactions Break Target - Valid","Personal Banking APIs - QA Test Suite","2026-09-25","failed","2026-09-25","Transactions Break Target","Target Savings","",""
"","237","Reject Single Fund Request - No Auth","Personal Banking APIs - QA Test Suite","2026-09-25","passed","2026-09-25","Reject Single Fund Request","Wallets, Transfers, Transactions & Fund Requests","",""
"","173","Total Supalock Amount - Valid","Personal Banking APIs - QA Test Suite","2026-09-25","passed","2026-09-25","Total Supalock Amount","Supalock Savings","",""
"","159","Youngmoni Transfer - Invalid Amount","Personal Banking APIs - QA Test Suite","2026-09-25","passed","2026-09-25","Youngmoni Transfer","Scheduled Payments","",""
"","166","Retrieve - Invalid Query","Personal Banking APIs - QA Test Suite","2026-09-25","failed","2026-09-25","Retrieve","Customer Profile, Accounts & Beneficiaries","",""
"","214","Cancel Schedule Payment - Empty Fields","Personal Banking APIs - QA Test Suite","2026-09-25","passed","2026-09-25","Cancel Schedule Payment","Scheduled Payments","",""
"","148","Cancel Schedule Payment - No Auth","Personal Banking APIs - QA Test Suite","2026-09-25","passed","2026-09-25","Cancel Schedule Payment","Scheduled Payments","",""
"","174","Upload Documents - Invalid Status Or Type","Personal Banking APIs - QA Test Suite","2026-09-25","passed","2026-09-25","Upload Documents","KYC, Tier Upgrades & Young Moni","",""
"","170","Verify Device Changed - Invalid Token Or PIN","Personal Banking APIs - QA Test Suite","2026-09-25","passed","2026-09-25","Verify Device Changed","Login, Credentials, Security & Devices","",""
"","165","Account Officer Rate Officer - Valid","Personal Banking APIs - QA Test Suite","2026-09-25","failed","2026-09-25","Account Officer Rate Officer","Customer Profile, Accounts & Beneficiaries","",""
"","157","Request Alias Phone Verification - No Auth","Personal Banking APIs - QA Test Suite","2026-09-25","passed","2026-09-25","Request Alias Phone Verification","Customer Profile, Accounts & Beneficiaries","",""
"","203","List - Invalid Query","Personal Banking APIs - QA Test Suite","2026-09-25","failed","2026-09-25","List","Wallets, Transfers, Transactions & Fund Requests","",""
"","157","Airtime - Invalid Amount","Personal Banking APIs - QA Test Suite","2026-09-25","passed","2026-09-25","Airtime","Scheduled Payments","",""
"","165","Account Officer - Nonexistent ID","Personal Banking APIs - QA Test Suite","2026-09-25","passed","2026-09-25","Account Officer","Customer Profile, Accounts & Beneficiaries","",""
"","155","Tenors - Invalid Query","Personal Banking APIs - QA Test Suite","2026-09-25","failed","2026-09-25","Tenors","Kolo Connect Advances","",""
"","149","Reward With Airtime - Empty Fields","Personal Banking APIs - QA Test Suite","2026-09-25","passed","2026-09-25","Reward With Airtime","Rewards, Cash Tokens & Wishlists","",""
"","164","Tier One Upgrade - Empty Fields","Personal Banking APIs - QA Test Suite","2026-09-25","passed","2026-09-25","Tier One Upgrade","KYC, Tier Upgrades & Young Moni","",""
"","228","Restrict Accounts By BVN - Valid","Personal Banking APIs - QA Test Suite","2026-09-25","failed","2026-09-25","Restrict Accounts By BVN","Customer Profile, Accounts & Beneficiaries","",""
"","226","Retrieve - Valid","Personal Banking APIs - QA Test Suite","2026-09-25","failed","2026-09-25","Retrieve","KYC, Tier Upgrades & Young Moni","",""
"","157","Create Wishlist With Items - Invalid Amount","Personal Banking APIs - QA Test Suite","2026-09-25","passed","2026-09-25","Create Wishlist With Items","Rewards, Cash Tokens & Wishlists","",""
"","176","Find Account Banks - Valid","Personal Banking APIs - QA Test Suite","2026-09-25","failed","2026-09-25","Find Account Banks","Customer Profile, Accounts & Beneficiaries","",""
"","310","Admin - Invalid Query","Personal Banking APIs - QA Test Suite","2026-09-25","failed","2026-09-25","Admin","KYC, Tier Upgrades & Young Moni","",""
"","171","Verify Device Changed - Valid","Personal Banking APIs - QA Test Suite","2026-09-25","failed","2026-09-25","Verify Device Changed","Login, Credentials, Security & Devices","",""
"","234","Admin Reject Upgrade Request - No Auth","Personal Banking APIs - QA Test Suite","2026-09-25","passed","2026-09-25","Admin Reject Upgrade Request","KYC, Tier Upgrades & Young Moni","",""
"","153","Topup Supalock - Invalid Amount","Personal Banking APIs - QA Test Suite","2026-09-25","failed","2026-09-25","Topup Supalock","Supalock Savings","",""
"","153","Transactions - Nonexistent ID","Personal Banking APIs - QA Test Suite","2026-09-25","passed","2026-09-25","Transactions","Supalock Savings","",""
"","207","Intra Name Enquiry - Missing Required Field","Personal Banking APIs - QA Test Suite","2026-09-25","passed","2026-09-25","Intra Name Enquiry","Wallets, Transfers, Transactions & Fund Requests","",""
"","150","Reward With Cashback - Empty Fields","Personal Banking APIs - QA Test Suite","2026-09-25","passed","2026-09-25","Reward With Cashback","Rewards, Cash Tokens & Wishlists","",""
"","161","Purchase Waec - Missing Required Field","Personal Banking APIs - QA Test Suite","2026-09-25","passed","2026-09-25","Purchase Waec","Airtime, Data, Bills & VAS Beneficiaries","",""
"","160","Purchase Cable - No Auth","Personal Banking APIs - QA Test Suite","2026-09-25","failed","2026-09-25","Purchase Cable","Airtime, Data, Bills & VAS Beneficiaries","",""
"","167","Daily Spending Summary - Invalid Query","Personal Banking APIs - QA Test Suite","2026-09-25","failed","2026-09-25","Daily Spending Summary","Wallets, Transfers, Transactions & Fund Requests","",""
"","330","Admin Coins Transactions - Valid","Personal Banking APIs - QA Test Suite","2026-09-25","failed","2026-09-25","Admin Coins Transactions","Rewards, Cash Tokens & Wishlists","",""
"","158","Toolkit Accounts - No Auth","Personal Banking APIs - QA Test Suite","2026-09-25","passed","2026-09-25","Toolkit Accounts","Customer Profile, Accounts & Beneficiaries","",""
"","178","Young Moni Requests Complete Review - Invalid ID","Personal Banking APIs - QA Test Suite","2026-09-25","failed","2026-09-25","Young Moni Requests Complete Review","KYC, Tier Upgrades & Young Moni","",""
"","292","Create Insurance - No Auth","Personal Banking APIs - QA Test Suite","2026-09-25","passed","2026-09-25","Create Insurance","Insurance","",""
"","158","Tier Two Upgrade - No Auth","Personal Banking APIs - QA Test Suite","2026-09-25","passed","2026-09-25","Tier Two Upgrade","KYC, Tier Upgrades & Young Moni","",""
"","170","Export Fund Recipients - No Auth","Personal Banking APIs - QA Test Suite","2026-09-25","passed","2026-09-25","Export Fund Recipients","Wallets, Transfers, Transactions & Fund Requests","",""
"","154","Payment Merchant - Empty Fields","Personal Banking APIs - QA Test Suite","2026-09-25","failed","2026-09-25","Payment Merchant","Customer Cards","",""
"","203","Disable - Invalid Amount","Personal Banking APIs - QA Test Suite","2026-09-25","failed","2026-09-25","Disable","Wallets, Transfers, Transactions & Fund Requests","",""
"","217","Validate Meter - Missing Required Field","Personal Banking APIs - QA Test Suite","2026-09-25","failed","2026-09-25","Validate Meter","Airtime, Data, Bills & VAS Beneficiaries","",""
"","147","Transactions - No Auth","Personal Banking APIs - QA Test Suite","2026-09-25","passed","2026-09-25","Transactions","Supalock Savings","",""
"","244","Partial - Nonexistent ID","Personal Banking APIs - QA Test Suite","2026-09-25","failed","2026-09-25","Partial","Airtime, Data, Bills & VAS Beneficiaries","",""
"","165","Young Moni Documents - Valid","Personal Banking APIs - QA Test Suite","2026-09-25","failed","2026-09-25","Young Moni Documents","KYC, Tier Upgrades & Young Moni","",""
"","162","Youngmoni Transfer - Valid","Personal Banking APIs - QA Test Suite","2026-09-25","failed","2026-09-25","Youngmoni Transfer","Scheduled Payments","",""
"","158","Coin Wallet Transactions - Invalid Query","Personal Banking APIs - QA Test Suite","2026-09-25","passed","2026-09-25","Coin Wallet Transactions","Rewards, Cash Tokens & Wishlists","",""
"","156","Young Moni Requests Complete Review - No Auth","Personal Banking APIs - QA Test Suite","2026-09-25","passed","2026-09-25","Young Moni Requests Complete Review","KYC, Tier Upgrades & Young Moni","",""
"","162","Terms Draw Details - Invalid Query","Personal Banking APIs - QA Test Suite","2026-09-25","failed","2026-09-25","Terms Draw Details","Rewards, Cash Tokens & Wishlists","",""
"","163","Request Account Reactivation - Empty Fields","Personal Banking APIs - QA Test Suite","2026-09-25","passed","2026-09-25","Request Account Reactivation","KYC, Tier Upgrades & Young Moni","",""
"","182","Types - Valid","Personal Banking APIs - QA Test Suite","2026-09-25","failed","2026-09-25","Types","Supalock Savings","",""
"","349","Airtime - Missing Required Field","Personal Banking APIs - QA Test Suite","2026-09-25","passed","2026-09-25","Airtime","Scheduled Payments","",""
"","239","Check Email / Phone Availability - Empty Fields","Personal Banking APIs - QA Test Suite","2026-09-25","failed","2026-09-25","Check Email / Phone Availability","Customer Onboarding","",""
"","168","Document Delete - Invalid ID","Personal Banking APIs - QA Test Suite","2026-09-25","failed","2026-09-25","Document Delete","KYC, Tier Upgrades & Young Moni","",""
"","581","Fetch Balance - Valid","Personal Banking APIs - QA Test Suite","2026-09-25","passed","2026-09-25","Fetch Balance","Customer Profile, Accounts & Beneficiaries","",""
"","227","Create Password - Valid","Personal Banking APIs - QA Test Suite","2026-09-25","failed","2026-09-25","Create Password","Login, Credentials, Security & Devices","",""
"","166","Admin Coins Rules - Nonexistent ID","Personal Banking APIs - QA Test Suite","2026-09-25","failed","2026-09-25","Admin Coins Rules","Rewards, Cash Tokens & Wishlists","",""
"","148","Redeem Coins - Empty Fields","Personal Banking APIs - QA Test Suite","2026-09-25","passed","2026-09-25","Redeem Coins","Rewards, Cash Tokens & Wishlists","",""
"","1752","Login - Valid","Personal Banking APIs - QA Test Suite","2026-09-25","passed","2026-09-25","Login","Login, Credentials, Security & Devices","",""
"","174","Create - Empty Fields","Personal Banking APIs - QA Test Suite","2026-09-25","passed","2026-09-25","Create","Customer Profile, Accounts & Beneficiaries","",""
"","166","Validate Face Match - Valid","Personal Banking APIs - QA Test Suite","2026-09-25","failed","2026-09-25","Validate Face Match","Login, Credentials, Security & Devices","",""
"","248","Toolkit Accounts - Valid","Personal Banking APIs - QA Test Suite","2026-09-25","failed","2026-09-25","Toolkit Accounts","Customer Profile, Accounts & Beneficiaries","",""
"","178","Channel Settings - Invalid ID","Personal Banking APIs - QA Test Suite","2026-09-25","passed","2026-09-25","Channel Settings","Customer Cards","",""
"","160","Purchase Jamb - Invalid Amount","Personal Banking APIs - QA Test Suite","2026-09-25","passed","2026-09-25","Purchase Jamb","Airtime, Data, Bills & VAS Beneficiaries","",""
"","166","Toolkit Accounts - Invalid ID","Personal Banking APIs - QA Test Suite","2026-09-25","failed","2026-09-25","Toolkit Accounts","Customer Profile, Accounts & Beneficiaries","",""
"","189","Block - Invalid ID","Personal Banking APIs - QA Test Suite","2026-09-25","passed","2026-09-25","Block","Customer Cards","",""
"","240","Young Moni Requests - Valid","Personal Banking APIs - QA Test Suite","2026-09-25","failed","2026-09-25","Young Moni Requests","KYC, Tier Upgrades & Young Moni","",""
"","257","Validate Smart Card - No Auth","Personal Banking APIs - QA Test Suite","2026-09-25","passed","2026-09-25","Validate Smart Card","Airtime, Data, Bills & VAS Beneficiaries","",""
"","256","Winner Dismiss Action - Valid","Personal Banking APIs - QA Test Suite","2026-09-25","failed","2026-09-25","Winner Dismiss Action","Rewards, Cash Tokens & Wishlists","",""
"","164","Upload Bulk Fund Request - Valid","Personal Banking APIs - QA Test Suite","2026-09-25","failed","2026-09-25","Upload Bulk Fund Request","Wallets, Transfers, Transactions & Fund Requests","",""
"","174","Young Moni Upload Child Documents - Invalid Status Or Type","Personal Banking APIs - QA Test Suite","2026-09-25","failed","2026-09-25","Young Moni Upload Child Documents","Customer Profile, Accounts & Beneficiaries","",""
"","167","Update Communication Preference - Invalid Token Or PIN","Personal Banking APIs - QA Test Suite","2026-09-25","passed","2026-09-25","Update Communication Preference","Customer Profile, Accounts & Beneficiaries","",""
"","167","Admin Admin Tier Two Upgrade - Empty Fields","Personal Banking APIs - QA Test Suite","2026-09-25","failed","2026-09-25","Admin Admin Tier Two Upgrade","KYC, Tier Upgrades & Young Moni","",""
"","164","Partial - Invalid Status Or Type","Personal Banking APIs - QA Test Suite","2026-09-25","passed","2026-09-25","Partial","Airtime, Data, Bills & VAS Beneficiaries","",""
"","290","Admin Coins Redemption Rules - Invalid Query","Personal Banking APIs - QA Test Suite","2026-09-25","failed","2026-09-25","Admin Coins Redemption Rules","Rewards, Cash Tokens & Wishlists","",""
"","244","Retrieve - Valid","Personal Banking APIs - QA Test Suite","2026-09-25","failed","2026-09-25","Retrieve","Insurance","",""
"","161","Wallet - Nonexistent ID","Personal Banking APIs - QA Test Suite","2026-09-25","failed","2026-09-25","Wallet","Target Savings","",""
"","148","Winner Dismiss Action - No Auth","Personal Banking APIs - QA Test Suite","2026-09-25","passed","2026-09-25","Winner Dismiss Action","Rewards, Cash Tokens & Wishlists","",""
"","173","Customer Submit - No Auth","Personal Banking APIs - QA Test Suite","2026-09-25","passed","2026-09-25","Customer Submit","KYC, Tier Upgrades & Young Moni","",""
"","239","Intra Transfer - Empty Fields","Personal Banking APIs - QA Test Suite","2026-09-25","passed","2026-09-25","Intra Transfer","Wallets, Transfers, Transactions & Fund Requests","",""
"","184","Update Daily Transfer Limit - Empty Fields","Personal Banking APIs - QA Test Suite","2026-09-25","failed","2026-09-25","Update Daily Transfer Limit","Customer Profile, Accounts & Beneficiaries","",""
"","146","Transactions Withdraw Interest - Empty Fields","Personal Banking APIs - QA Test Suite","2026-09-25","passed","2026-09-25","Transactions Withdraw Interest","SWAG Savings","",""
"","167","Approve Single Bulk Recipient - Invalid Token Or PIN","Personal Banking APIs - QA Test Suite","2026-09-25","failed","2026-09-25","Approve Single Bulk Recipient","Wallets, Transfers, Transactions & Fund Requests","",""
"","145","Transactions - No Auth","Personal Banking APIs - QA Test Suite","2026-09-25","passed","2026-09-25","Transactions","Supalock Savings","",""
"","177","Verify Token - Missing Required Field","Personal Banking APIs - QA Test Suite","2026-09-25","passed","2026-09-25","Verify Token","Login, Credentials, Security & Devices","",""
"","172","Update Single Transfer Limit - Empty Fields","Personal Banking APIs - QA Test Suite","2026-09-25","failed","2026-09-25","Update Single Transfer Limit","Customer Profile, Accounts & Beneficiaries","",""
"","188","Validate Meter - Empty Fields","Personal Banking APIs - QA Test Suite","2026-09-25","failed","2026-09-25","Validate Meter","Airtime, Data, Bills & VAS Beneficiaries","",""
"","303","Admin List Documents - Invalid Query","Personal Banking APIs - QA Test Suite","2026-09-25","failed","2026-09-25","Admin List Documents","KYC, Tier Upgrades & Young Moni","",""
"","166","Retrieve - Nonexistent ID","Personal Banking APIs - QA Test Suite","2026-09-25","failed","2026-09-25","Retrieve","Airtime, Data, Bills & VAS Beneficiaries","",""
"","218","Admin Admin Tier Zero Upgrade - No Auth","Personal Banking APIs - QA Test Suite","2026-09-25","passed","2026-09-25","Admin Admin Tier Zero Upgrade","KYC, Tier Upgrades & Young Moni","",""
"","199","Get Electricity Billers - No Auth","Personal Banking APIs - QA Test Suite","2026-09-25","passed","2026-09-25","Get Electricity Billers","Airtime, Data, Bills & VAS Beneficiaries","",""
"","162","Purchase Data - Invalid Token Or PIN","Personal Banking APIs - QA Test Suite","2026-09-25","passed","2026-09-25","Purchase Data","Airtime, Data, Bills & VAS Beneficiaries","",""
"","160","Purchase Jamb - Invalid Status Or Type","Personal Banking APIs - QA Test Suite","2026-09-25","passed","2026-09-25","Purchase Jamb","Airtime, Data, Bills & VAS Beneficiaries","",""
"","174","Data - Invalid Token Or PIN","Personal Banking APIs - QA Test Suite","2026-09-25","passed","2026-09-25","Data","Scheduled Payments","",""
"","403","Get Cable Plans - Invalid Query","Personal Banking APIs - QA Test Suite","2026-09-25","failed","2026-09-25","Get Cable Plans","Airtime, Data, Bills & VAS Beneficiaries","",""
"","159","Tier One Upgrade - No Auth","Personal Banking APIs - QA Test Suite","2026-09-25","passed","2026-09-25","Tier One Upgrade","KYC, Tier Upgrades & Young Moni","",""
"","291","Admin Coins Rules - Nonexistent ID","Personal Banking APIs - QA Test Suite","2026-09-25","failed","2026-09-25","Admin Coins Rules","Rewards, Cash Tokens & Wishlists","",""
"","165","Update Communication Preference - Missing Required Field","Personal Banking APIs - QA Test Suite","2026-09-25","passed","2026-09-25","Update Communication Preference","Customer Profile, Accounts & Beneficiaries","",""
"","151","Transactions Update Spend Wallet - Nonexistent ID","Personal Banking APIs - QA Test Suite","2026-09-25","failed","2026-09-25","Transactions Update Spend Wallet","Save & Spend","",""
"","976","Partial - Valid","Personal Banking APIs - QA Test Suite","2026-09-25","failed","2026-09-25","Partial","Airtime, Data, Bills & VAS Beneficiaries","",""
"","297","Update Tin - Valid","Personal Banking APIs - QA Test Suite","2026-09-25","passed","2026-09-25","Update Tin","Customer Profile, Accounts & Beneficiaries","",""
"","253","Validate Betting Id - Valid","Personal Banking APIs - QA Test Suite","2026-09-25","failed","2026-09-25","Validate Betting Id","Airtime, Data, Bills & VAS Beneficiaries","",""
"","195","Update Documents - Valid","Personal Banking APIs - QA Test Suite","2026-09-25","failed","2026-09-25","Update Documents","KYC, Tier Upgrades & Young Moni","",""
"","146","Transactions Update Swag Monthly Rollover - No Auth","Personal Banking APIs - QA Test Suite","2026-09-25","passed","2026-09-25","Transactions Update Swag Monthly Rollover","SWAG Savings","",""
"","239","Retrieve - Valid","Personal Banking APIs - QA Test Suite","2026-09-25","failed","2026-09-25","Retrieve","Scheduled Payments","",""
"","183","Transaction - Nonexistent ID","Personal Banking APIs - QA Test Suite","2026-09-25","failed","2026-09-25","Transaction","Airtime, Data, Bills & VAS Beneficiaries","",""
"","185","Enable - Valid","Personal Banking APIs - QA Test Suite","2026-09-25","failed","2026-09-25","Enable","Wallets, Transfers, Transactions & Fund Requests","",""
"","324","Admin Games Rewards - Valid","Personal Banking APIs - QA Test Suite","2026-09-25","failed","2026-09-25","Admin Games Rewards","Rewards, Cash Tokens & Wishlists","",""
"","157","Transaction - No Auth","Personal Banking APIs - QA Test Suite","2026-09-25","passed","2026-09-25","Transaction","Airtime, Data, Bills & VAS Beneficiaries","",""
"","158","Admin Coins Rules - Empty Fields","Personal Banking APIs - QA Test Suite","2026-09-25","failed","2026-09-25","Admin Coins Rules","Rewards, Cash Tokens & Wishlists","",""
"","214","Waec Lookup - No Auth","Personal Banking APIs - QA Test Suite","2026-09-25","passed","2026-09-25","Waec Lookup","Airtime, Data, Bills & VAS Beneficiaries","",""
"","167","Retrieve - Invalid Query","Personal Banking APIs - QA Test Suite","2026-09-25","failed","2026-09-25","Retrieve","KYC, Tier Upgrades & Young Moni","",""
"","184","Games Spin Wheel - Valid","Personal Banking APIs - QA Test Suite","2026-09-25","failed","2026-09-25","Games Spin Wheel","Rewards, Cash Tokens & Wishlists","",""
"","160","Purchase Airtime - Valid","Personal Banking APIs - QA Test Suite","2026-09-25","failed","2026-09-25","Purchase Airtime","Airtime, Data, Bills & VAS Beneficiaries","",""
"","153","Admin Coins Redemption Rules - Invalid Status Or Type","Personal Banking APIs - QA Test Suite","2026-09-25","failed","2026-09-25","Admin Coins Redemption Rules","Rewards, Cash Tokens & Wishlists","",""
"","165","Tenors - No Auth","Personal Banking APIs - QA Test Suite","2026-09-25","passed","2026-09-25","Tenors","Kolo Connect Advances","",""
"","164","Document Update Status - Missing Required Field","Personal Banking APIs - QA Test Suite","2026-09-25","failed","2026-09-25","Document Update Status","KYC, Tier Upgrades & Young Moni","",""
"","147","Transactions Update Swag Plan - Invalid Status Or Type","Personal Banking APIs - QA Test Suite","2026-09-25","passed","2026-09-25","Transactions Update Swag Plan","SWAG Savings","",""
"","158","Young Moni Upload Guardian Documents - Invalid Status Or Type","Personal Banking APIs - QA Test Suite","2026-09-25","failed","2026-09-25","Young Moni Upload Guardian Documents","Customer Profile, Accounts & Beneficiaries","",""
"","146","Requests Fetch Agents - No Auth","Personal Banking APIs - QA Test Suite","2026-09-25","passed","2026-09-25","Requests Fetch Agents","Customer Cards","",""
"","166","Cancel Schedule Payment - Valid","Personal Banking APIs - QA Test Suite","2026-09-25","failed","2026-09-25","Cancel Schedule Payment","Scheduled Payments","",""
"","180","Retrieve - Valid","Personal Banking APIs - QA Test Suite","2026-09-25","failed","2026-09-25","Retrieve","Wallets, Transfers, Transactions & Fund Requests","",""
"","399","Young Moni Initiate Account Request - Missing Required Field","Personal Banking APIs - QA Test Suite","2026-09-25","passed","2026-09-25","Young Moni Initiate Account Request","Customer Profile, Accounts & Beneficiaries","",""
"","177","Account Officer Change Request - Invalid ID","Personal Banking APIs - QA Test Suite","2026-09-25","passed","2026-09-25","Account Officer Change Request","Customer Profile, Accounts & Beneficiaries","",""
"","238","Transfers Left - No Auth","Personal Banking APIs - QA Test Suite","2026-09-25","passed","2026-09-25","Transfers Left","Wallets, Transfers, Transactions & Fund Requests","",""
"","165","Kyc Level Count - Valid","Personal Banking APIs - QA Test Suite","2026-09-25","failed","2026-09-25","Kyc Level Count","Customer Profile, Accounts & Beneficiaries","",""
"","177","Overview - Missing Required Field","Personal Banking APIs - QA Test Suite","2026-09-25","failed","2026-09-25","Overview","Customer Profile, Accounts & Beneficiaries","",""
"","166","Admin Update Documents - Invalid Status Or Type","Personal Banking APIs - QA Test Suite","2026-09-25","passed","2026-09-25","Admin Update Documents","KYC, Tier Upgrades & Young Moni","",""
"","369","Encrypt Login - Valid","Personal Banking APIs - QA Test Suite","2026-09-25","passed","2026-09-25","Encrypt Login","Login, Credentials, Security & Devices","",""
"","162","List - No Auth","Personal Banking APIs - QA Test Suite","2026-09-25","passed","2026-09-25","List","Wallets, Transfers, Transactions & Fund Requests","",""
"","165","Verify BVN (Choose BVN or NIN) - Invalid Status Or Type","Personal Banking APIs - QA Test Suite","2026-09-25","passed","2026-09-25","Verify BVN (Choose BVN or NIN)","Customer Onboarding","",""
"","160","Inter Transfer - Valid","Personal Banking APIs - QA Test Suite","2026-09-25","failed","2026-09-25","Inter Transfer","Wallets, Transfers, Transactions & Fund Requests","",""
"","220","Wallet Download Target Statement - Invalid Amount","Personal Banking APIs - QA Test Suite","2026-09-25","failed","2026-09-25","Wallet Download Target Statement","Target Savings","",""
"","206","Activate - Invalid ID","Personal Banking APIs - QA Test Suite","2026-09-25","passed","2026-09-25","Activate","Customer Cards","",""
"","365","Partial - No Auth","Personal Banking APIs - QA Test Suite","2026-09-25","passed","2026-09-25","Partial","Airtime, Data, Bills & VAS Beneficiaries","",""
"","166","Update Request Recipients - Missing Required Field","Personal Banking APIs - QA Test Suite","2026-09-25","failed","2026-09-25","Update Request Recipients","Wallets, Transfers, Transactions & Fund Requests","",""
"","276","Remaining Limit Today - No Auth","Personal Banking APIs - QA Test Suite","2026-09-25","passed","2026-09-25","Remaining Limit Today","Wallets, Transfers, Transactions & Fund Requests","",""
"","324","Initiate Reset Transaction Pin - No Auth","Personal Banking APIs - QA Test Suite","2026-09-25","passed","2026-09-25","Initiate Reset Transaction Pin","Login, Credentials, Security & Devices","",""
"","149","Transactions Break Wallet - Invalid Token Or PIN","Personal Banking APIs - QA Test Suite","2026-09-25","passed","2026-09-25","Transactions Break Wallet","Save & Spend","",""
"","304","Admin - Invalid Query","Personal Banking APIs - QA Test Suite","2026-09-25","failed","2026-09-25","Admin","KYC, Tier Upgrades & Young Moni","",""
"","169","List Documents - Valid","Personal Banking APIs - QA Test Suite","2026-09-25","failed","2026-09-25","List Documents","KYC, Tier Upgrades & Young Moni","",""
"","165","Purchase Cable - Valid","Personal Banking APIs - QA Test Suite","2026-09-25","failed","2026-09-25","Purchase Cable","Airtime, Data, Bills & VAS Beneficiaries","",""
"","167","Update Gender - Missing Required Field","Personal Banking APIs - QA Test Suite","2026-09-25","passed","2026-09-25","Update Gender","Login, Credentials, Security & Devices","",""
"","181","Overview - Valid","Personal Banking APIs - QA Test Suite","2026-09-25","passed","2026-09-25","Overview","Rewards, Cash Tokens & Wishlists","",""
"","165","Download Statement - Valid","Personal Banking APIs - QA Test Suite","2026-09-25","failed","2026-09-25","Download Statement","Wallets, Transfers, Transactions & Fund Requests","",""
"","179","Wishlist Config - Invalid Query","Personal Banking APIs - QA Test Suite","2026-09-25","failed","2026-09-25","Wishlist Config","Rewards, Cash Tokens & Wishlists","",""
"","168","Admin Update Documents - Valid","Personal Banking APIs - QA Test Suite","2026-09-25","failed","2026-09-25","Admin Update Documents","KYC, Tier Upgrades & Young Moni","",""
"","232","Requests - Nonexistent ID","Personal Banking APIs - QA Test Suite","2026-09-25","passed","2026-09-25","Requests","Customer Cards","",""
"","165","Purchase Cable - Invalid Token Or PIN","Personal Banking APIs - QA Test Suite","2026-09-25","passed","2026-09-25","Purchase Cable","Airtime, Data, Bills & VAS Beneficiaries","",""
"","171","Account Officer Request Change - Valid","Personal Banking APIs - QA Test Suite","2026-09-25","failed","2026-09-25","Account Officer Request Change","Customer Profile, Accounts & Beneficiaries","",""
"","363","Get Cable Plans - Invalid ID","Personal Banking APIs - QA Test Suite","2026-09-25","failed","2026-09-25","Get Cable Plans","Airtime, Data, Bills & VAS Beneficiaries","",""
"","196","Transactions - Valid","Personal Banking APIs - QA Test Suite","2026-09-25","failed","2026-09-25","Transactions","Target Savings","",""
"","175","Requests - Valid","Personal Banking APIs - QA Test Suite","2026-09-25","failed","2026-09-25","Requests","Customer Cards","",""
"","164","Young Moni Documents Action Document - Empty Fields","Personal Banking APIs - QA Test Suite","2026-09-25","failed","2026-09-25","Young Moni Documents Action Document","KYC, Tier Upgrades & Young Moni","",""
"","294","Admin Games Rewards - Nonexistent ID","Personal Banking APIs - QA Test Suite","2026-09-25","failed","2026-09-25","Admin Games Rewards","Rewards, Cash Tokens & Wishlists","",""
"","164","Partial - No Auth","Personal Banking APIs - QA Test Suite","2026-09-25","passed","2026-09-25","Partial","Wallets, Transfers, Transactions & Fund Requests","",""
"","169","Retrieve - No Auth","Personal Banking APIs - QA Test Suite","2026-09-25","passed","2026-09-25","Retrieve","Kolo Connect Advances","",""
"","167","Reset Login Pin - Invalid Token Or PIN","Personal Banking APIs - QA Test Suite","2026-09-25","passed","2026-09-25","Reset Login Pin","Login, Credentials, Security & Devices","",""
"","157","Block - Invalid Token Or PIN","Personal Banking APIs - QA Test Suite","2026-09-25","failed","2026-09-25","Block","Customer Cards","",""
"","176","Update Documents - No Auth","Personal Banking APIs - QA Test Suite","2026-09-25","passed","2026-09-25","Update Documents","KYC, Tier Upgrades & Young Moni","",""
"","419","Get Cable Providers - Invalid Query","Personal Banking APIs - QA Test Suite","2026-09-25","failed","2026-09-25","Get Cable Providers","Airtime, Data, Bills & VAS Beneficiaries","",""
"","159","Purchase Data - Missing Required Field","Personal Banking APIs - QA Test Suite","2026-09-25","passed","2026-09-25","Purchase Data","Airtime, Data, Bills & VAS Beneficiaries","",""
"","237","Types - Valid","Personal Banking APIs - QA Test Suite","2026-09-25","failed","2026-09-25","Types","Supalock Savings","",""
"","297","Admin - No Auth","Personal Banking APIs - QA Test Suite","2026-09-25","passed","2026-09-25","Admin","KYC, Tier Upgrades & Young Moni","",""
"","247","Data Plans - Invalid Query","Personal Banking APIs - QA Test Suite","2026-09-25","passed","2026-09-25","Data Plans","Airtime, Data, Bills & VAS Beneficiaries","",""
"","153","Wallet Download Swag Statement - Empty Fields","Personal Banking APIs - QA Test Suite","2026-09-25","failed","2026-09-25","Wallet Download Swag Statement","SWAG Savings","",""
"","145","Transactions - No Auth","Personal Banking APIs - QA Test Suite","2026-09-25","passed","2026-09-25","Transactions","SWAG Savings","",""
"","337","Restrict Accounts By BVN - Empty Fields","Personal Banking APIs - QA Test Suite","2026-09-25","failed","2026-09-25","Restrict Accounts By BVN","Customer Profile, Accounts & Beneficiaries","",""
"","279","Admin Games Rewards - No Auth","Personal Banking APIs - QA Test Suite","2026-09-25","passed","2026-09-25","Admin Games Rewards","Rewards, Cash Tokens & Wishlists","",""
"","157","Admin Admin Submit - No Auth","Personal Banking APIs - QA Test Suite","2026-09-25","passed","2026-09-25","Admin Admin Submit","KYC, Tier Upgrades & Young Moni","",""
"","208","Validate Face Match - Missing Required Field","Personal Banking APIs - QA Test Suite","2026-09-25","passed","2026-09-25","Validate Face Match","Login, Credentials, Security & Devices","",""
"","172","Young Moni - Invalid Query","Personal Banking APIs - QA Test Suite","2026-09-25","failed","2026-09-25","Young Moni","Customer Profile, Accounts & Beneficiaries","",""
"","301","Get Electricity Billers - Invalid Query","Personal Banking APIs - QA Test Suite","2026-09-25","failed","2026-09-25","Get Electricity Billers","Airtime, Data, Bills & VAS Beneficiaries","",""
"","158","Find Customers By Phone - No Auth","Personal Banking APIs - QA Test Suite","2026-09-25","passed","2026-09-25","Find Customers By Phone","Customer Profile, Accounts & Beneficiaries","",""
"","186","List Schedule Payments - Invalid ID","Personal Banking APIs - QA Test Suite","2026-09-25","failed","2026-09-25","List Schedule Payments","Scheduled Payments","",""
"","265","Update Location - No Auth","Personal Banking APIs - QA Test Suite","2026-09-25","failed","2026-09-25","Update Location","Login, Credentials, Security & Devices","",""
"","182","Transactions Break Target - Invalid Token Or PIN","Personal Banking APIs - QA Test Suite","2026-09-25","passed","2026-09-25","Transactions Break Target","Target Savings","",""
"","202","Wallet Download Target Statement - Invalid Status Or Type","Personal Banking APIs - QA Test Suite","2026-09-25","failed","2026-09-25","Wallet Download Target Statement","Target Savings","",""
"","159","Admin Devices Deactivate - Valid","Personal Banking APIs - QA Test Suite","2026-09-25","failed","2026-09-25","Admin Devices Deactivate","Login, Credentials, Security & Devices","",""
"","173","Create Her Wealth - Valid","Personal Banking APIs - QA Test Suite","2026-09-25","failed","2026-09-25","Create Her Wealth","Customer Profile, Accounts & Beneficiaries","",""
"","347","Encrypt Login - Missing Required Field","Personal Banking APIs - QA Test Suite","2026-09-25","failed","2026-09-25","Encrypt Login","Login, Credentials, Security & Devices","",""
"","153","Transactions - Invalid Query","Personal Banking APIs - QA Test Suite","2026-09-25","failed","2026-09-25","Transactions","SWAG Savings","",""
"","168","Retrieve - No Auth","Personal Banking APIs - QA Test Suite","2026-09-25","passed","2026-09-25","Retrieve","Customer Profile, Accounts & Beneficiaries","",""
"","507","Approve Bulk Fund Request - Empty Fields","Personal Banking APIs - QA Test Suite","2026-09-25","failed","2026-09-25","Approve Bulk Fund Request","Wallets, Transfers, Transactions & Fund Requests","",""
"","169","Verify Email Update - Missing Required Field","Personal Banking APIs - QA Test Suite","2026-09-25","passed","2026-09-25","Verify Email Update","KYC, Tier Upgrades & Young Moni","",""
"","144","Wallet - No Auth","Personal Banking APIs - QA Test Suite","2026-09-25","passed","2026-09-25","Wallet","Save & Spend","",""
"","157","Verify Alias Phone Number - No Auth","Personal Banking APIs - QA Test Suite","2026-09-25","passed","2026-09-25","Verify Alias Phone Number","Customer Profile, Accounts & Beneficiaries","",""
"","148","Transactions Create Wallet Product Specific - Invalid Amount","Personal Banking APIs - QA Test Suite","2026-09-25","passed","2026-09-25","Transactions Create Wallet Product Specific","Target Savings","",""
"","167","Create - No Auth","Personal Banking APIs - QA Test Suite","2026-09-25","passed","2026-09-25","Create","Airtime, Data, Bills & VAS Beneficiaries","",""
"","222","Remaining Limit Today - Valid","Personal Banking APIs - QA Test Suite","2026-09-25","passed","2026-09-25","Remaining Limit Today","Wallets, Transfers, Transactions & Fund Requests","",""
"","154","Retry Payment Schedule - Missing Required Field","Personal Banking APIs - QA Test Suite","2026-09-25","passed","2026-09-25","Retry Payment Schedule","Scheduled Payments","",""
"","201","Young Moni Requests Request Stats - Invalid Query","Personal Banking APIs - QA Test Suite","2026-09-25","failed","2026-09-25","Young Moni Requests Request Stats","KYC, Tier Upgrades & Young Moni","",""
"","160","Transactions - Nonexistent ID","Personal Banking APIs - QA Test Suite","2026-09-25","failed","2026-09-25","Transactions","SWAG Savings","",""
"","241","Data - No Auth","Personal Banking APIs - QA Test Suite","2026-09-25","passed","2026-09-25","Data","Scheduled Payments","",""
"","147","Transactions Deposit - Valid","Personal Banking APIs - QA Test Suite","2026-09-25","failed","2026-09-25","Transactions Deposit","Target Savings","",""
"","300","Admin Coins Rules - Invalid ID","Personal Banking APIs - QA Test Suite","2026-09-25","failed","2026-09-25","Admin Coins Rules","Rewards, Cash Tokens & Wishlists","",""
"","290","Admin Coins Redemption Rules - Nonexistent ID","Personal Banking APIs - QA Test Suite","2026-09-25","failed","2026-09-25","Admin Coins Redemption Rules","Rewards, Cash Tokens & Wishlists","",""
"","167","Update Request Recipients - Empty Fields","Personal Banking APIs - QA Test Suite","2026-09-25","failed","2026-09-25","Update Request Recipients","Wallets, Transfers, Transactions & Fund Requests","",""
"","154","Admin Devices Deactivate - Missing Required Field","Personal Banking APIs - QA Test Suite","2026-09-25","failed","2026-09-25","Admin Devices Deactivate","Login, Credentials, Security & Devices","",""
"","183","Terms - Invalid Query","Personal Banking APIs - QA Test Suite","2026-09-25","failed","2026-09-25","Terms","Rewards, Cash Tokens & Wishlists","",""
"","165","Admin Games Rewards - Invalid ID","Personal Banking APIs - QA Test Suite","2026-09-25","failed","2026-09-25","Admin Games Rewards","Rewards, Cash Tokens & Wishlists","",""
"","174","Inflow Outflow Analytics - Valid","Personal Banking APIs - QA Test Suite","2026-09-25","passed","2026-09-25","Inflow Outflow Analytics","Wallets, Transfers, Transactions & Fund Requests","",""
"","207","List - Invalid Query","Personal Banking APIs - QA Test Suite","2026-09-25","failed","2026-09-25","List","Airtime, Data, Bills & VAS Beneficiaries","",""
"","147","Transactions Create Wallet Product Specific - Invalid Status Or Type","Personal Banking APIs - QA Test Suite","2026-09-25","passed","2026-09-25","Transactions Create Wallet Product Specific","Target Savings","",""
"","262","Continue With Email - Valid","Personal Banking APIs - QA Test Suite","2026-09-25","failed","2026-09-25","Continue With Email","Customer Onboarding","",""
"","231","List - Valid","Personal Banking APIs - QA Test Suite","2026-09-25","passed","2026-09-25","List","KYC, Tier Upgrades & Young Moni","",""
"","191","Transactions Withdraw Interest - No Auth","Personal Banking APIs - QA Test Suite","2026-09-25","failed","2026-09-25","Transactions Withdraw Interest","SWAG Savings","",""
"","159","Intra Account Transfer - Invalid Amount","Personal Banking APIs - QA Test Suite","2026-09-25","passed","2026-09-25","Intra Account Transfer","Wallets, Transfers, Transactions & Fund Requests","",""
"","166","Wallet Total Balance - Valid","Personal Banking APIs - QA Test Suite","2026-09-25","failed","2026-09-25","Wallet Total Balance","Target Savings","",""
"","250","Get Electricity Billers - Valid","Personal Banking APIs - QA Test Suite","2026-09-25","failed","2026-09-25","Get Electricity Billers","Airtime, Data, Bills & VAS Beneficiaries","",""
"","474","Daily Income Summary - Valid","Personal Banking APIs - QA Test Suite","2026-09-25","passed","2026-09-25","Daily Income Summary","Wallets, Transfers, Transactions & Fund Requests","",""
"","433","Total Young Moni Balance - Valid","Personal Banking APIs - QA Test Suite","2026-09-25","passed","2026-09-25","Total Young Moni Balance","Customer Profile, Accounts & Beneficiaries","",""
"","155","Wallet - Invalid ID","Personal Banking APIs - QA Test Suite","2026-09-25","failed","2026-09-25","Wallet","SWAG Savings","",""
"","223","Create Password - Invalid Email","Personal Banking APIs - QA Test Suite","2026-09-25","passed","2026-09-25","Create Password","Login, Credentials, Security & Devices","",""
"","245","Recipients - Invalid ID","Personal Banking APIs - QA Test Suite","2026-09-25","failed","2026-09-25","Recipients","Wallets, Transfers, Transactions & Fund Requests","",""
"","161","Purchase Electricity - No Auth","Personal Banking APIs - QA Test Suite","2026-09-25","failed","2026-09-25","Purchase Electricity","Airtime, Data, Bills & VAS Beneficiaries","",""
"","146","Types Get Supa Lock Special Interest - No Auth","Personal Banking APIs - QA Test Suite","2026-09-25","passed","2026-09-25","Types Get Supa Lock Special Interest","Supalock Savings","",""
"","164","Account Officer Request Change - Empty Fields","Personal Banking APIs - QA Test Suite","2026-09-25","passed","2026-09-25","Account Officer Request Change","Customer Profile, Accounts & Beneficiaries","",""
"","149","Repay - No Auth","Personal Banking APIs - QA Test Suite","2026-09-25","passed","2026-09-25","Repay","Kolo Connect Advances","",""
"","313","Details - No Auth","Personal Banking APIs - QA Test Suite","2026-09-25","passed","2026-09-25","Details","Customer Profile, Accounts & Beneficiaries","",""
"","161","Retrieve - Invalid ID","Personal Banking APIs - QA Test Suite","2026-09-25","failed","2026-09-25","Retrieve","Supalock Savings","",""
"","200","Games Spin Wheel - Invalid Query","Personal Banking APIs - QA Test Suite","2026-09-25","passed","2026-09-25","Games Spin Wheel","Rewards, Cash Tokens & Wishlists","",""
"","175","Reject Single Bulk Recipient - Valid","Personal Banking APIs - QA Test Suite","2026-09-25","failed","2026-09-25","Reject Single Bulk Recipient","Wallets, Transfers, Transactions & Fund Requests","",""
"","165","Get Transaction Overview - Invalid Query","Personal Banking APIs - QA Test Suite","2026-09-25","failed","2026-09-25","Get Transaction Overview","Wallets, Transfers, Transactions & Fund Requests","",""
"","302","Admin Games Sessions - Invalid ID","Personal Banking APIs - QA Test Suite","2026-09-25","failed","2026-09-25","Admin Games Sessions","Rewards, Cash Tokens & Wishlists","",""
"","185","Upload Bulk Fund Request - Missing Required Field","Personal Banking APIs - QA Test Suite","2026-09-25","passed","2026-09-25","Upload Bulk Fund Request","Wallets, Transfers, Transactions & Fund Requests","",""
"","228","List - Valid","Personal Banking APIs - QA Test Suite","2026-09-25","passed","2026-09-25","List","Insurance","",""
"","212","Transactions - Valid","Personal Banking APIs - QA Test Suite","2026-09-25","passed","2026-09-25","Transactions","Target Savings","",""
"","160","Requests Fetch Agents - Empty Fields","Personal Banking APIs - QA Test Suite","2026-09-25","passed","2026-09-25","Requests Fetch Agents","Customer Cards","",""
"","225","Jamb Lookup - Invalid Query","Personal Banking APIs - QA Test Suite","2026-09-25","failed","2026-09-25","Jamb Lookup","Airtime, Data, Bills & VAS Beneficiaries","",""
"","172","Verify Phone OTP - Missing Required Field","Personal Banking APIs - QA Test Suite","2026-09-25","passed","2026-09-25","Verify Phone OTP","Customer Onboarding","",""
"","153","Wallet - Invalid ID","Personal Banking APIs - QA Test Suite","2026-09-25","failed","2026-09-25","Wallet","Save & Spend","",""
"","176","Reset Transaction Pin - Missing Required Field","Personal Banking APIs - QA Test Suite","2026-09-25","passed","2026-09-25","Reset Transaction Pin","Login, Credentials, Security & Devices","",""
"","154","Transactions Create Wallet Product Specific - Valid","Personal Banking APIs - QA Test Suite","2026-09-25","failed","2026-09-25","Transactions Create Wallet Product Specific","Target Savings","",""
"","161","Youngmoni Transfer - Invalid Status Or Type","Personal Banking APIs - QA Test Suite","2026-09-25","passed","2026-09-25","Youngmoni Transfer","Scheduled Payments","",""
"","180","Games Spin Wheel - No Auth","Personal Banking APIs - QA Test Suite","2026-09-25","passed","2026-09-25","Games Spin Wheel","Rewards, Cash Tokens & Wishlists","",""
"","158","Young Moni Upload Guardian Documents - Empty Fields","Personal Banking APIs - QA Test Suite","2026-09-25","failed","2026-09-25","Young Moni Upload Guardian Documents","Customer Profile, Accounts & Beneficiaries","",""
"","157","Young Moni Requests - No Auth","Personal Banking APIs - QA Test Suite","2026-09-25","passed","2026-09-25","Young Moni Requests","KYC, Tier Upgrades & Young Moni","",""
"","276","Create Her Wealth - Missing Required Field","Personal Banking APIs - QA Test Suite","2026-09-25","passed","2026-09-25","Create Her Wealth","Customer Profile, Accounts & Beneficiaries","",""
"","154","Withdraw Supalock - Invalid ID","Personal Banking APIs - QA Test Suite","2026-09-25","failed","2026-09-25","Withdraw Supalock","Supalock Savings","",""
"","166","Account Officer View Rating - Valid","Personal Banking APIs - QA Test Suite","2026-09-25","passed","2026-09-25","Account Officer View Rating","Customer Profile, Accounts & Beneficiaries","",""
"","164","Admin Admin Tier Zero Upgrade - Invalid Status Or Type","Personal Banking APIs - QA Test Suite","2026-09-25","failed","2026-09-25","Admin Admin Tier Zero Upgrade","KYC, Tier Upgrades & Young Moni","",""
"","152","Transfer - Invalid Token Or PIN","Personal Banking APIs - QA Test Suite","2026-09-25","passed","2026-09-25","Transfer","Scheduled Payments","",""
"","154","Games Get Rewards - Invalid Query","Personal Banking APIs - QA Test Suite","2026-09-25","passed","2026-09-25","Games Get Rewards","Rewards, Cash Tokens & Wishlists","",""
"","172","Retrieve - Invalid ID","Personal Banking APIs - QA Test Suite","2026-09-25","passed","2026-09-25","Retrieve","Insurance","",""
"","166","Transactions - Invalid Query","Personal Banking APIs - QA Test Suite","2026-09-25","failed","2026-09-25","Transactions","Save & Spend","",""
"","289","Find Customers By Phone - Valid","Personal Banking APIs - QA Test Suite","2026-09-25","passed","2026-09-25","Find Customers By Phone","Customer Profile, Accounts & Beneficiaries","",""
"","178","Download Statement - Invalid Status Or Type","Personal Banking APIs - QA Test Suite","2026-09-25","failed","2026-09-25","Download Statement","Wallets, Transfers, Transactions & Fund Requests","",""
"","156","Create - No Auth","Personal Banking APIs - QA Test Suite","2026-09-25","passed","2026-09-25","Create","Customer Profile, Accounts & Beneficiaries","",""
"","202","Withdraw Cashback - Missing Required Field","Personal Banking APIs - QA Test Suite","2026-09-25","failed","2026-09-25","Withdraw Cashback","Wallets, Transfers, Transactions & Fund Requests","",""
"","273","Games Card Match - Valid","Personal Banking APIs - QA Test Suite","2026-09-25","failed","2026-09-25","Games Card Match","Rewards, Cash Tokens & Wishlists","",""
"","160","Intra Account Transfer - No Auth","Personal Banking APIs - QA Test Suite","2026-09-25","failed","2026-09-25","Intra Account Transfer","Wallets, Transfers, Transactions & Fund Requests","",""
"","165","Validate Jamb Profile - Invalid Status Or Type","Personal Banking APIs - QA Test Suite","2026-09-25","failed","2026-09-25","Validate Jamb Profile","Airtime, Data, Bills & VAS Beneficiaries","",""
"","192","Admin Devices Deactivate - No Auth","Personal Banking APIs - QA Test Suite","2026-09-25","failed","2026-09-25","Admin Devices Deactivate","Login, Credentials, Security & Devices","",""
"","161","Young Moni Validate Details - Missing Required Field","Personal Banking APIs - QA Test Suite","2026-09-25","failed","2026-09-25","Young Moni Validate Details","Customer Profile, Accounts & Beneficiaries","",""
"","157","Create Supalock - Empty Fields","Personal Banking APIs - QA Test Suite","2026-09-25","failed","2026-09-25","Create Supalock","Supalock Savings","",""
"","259","Create Login Pin - Empty Fields","Personal Banking APIs - QA Test Suite","2026-09-25","failed","2026-09-25","Create Login Pin","Login, Credentials, Security & Devices","",""
"","156","Redeem Insurance - Invalid Email","Personal Banking APIs - QA Test Suite","2026-09-25","passed","2026-09-25","Redeem Insurance","Insurance","",""
"","163","Document Update Status - Empty Fields","Personal Banking APIs - QA Test Suite","2026-09-25","failed","2026-09-25","Document Update Status","KYC, Tier Upgrades & Young Moni","",""
"","158","Admin Upload Documents - No Auth","Personal Banking APIs - QA Test Suite","2026-09-25","passed","2026-09-25","Admin Upload Documents","KYC, Tier Upgrades & Young Moni","",""
"","161","Eligibility - Valid","Personal Banking APIs - QA Test Suite","2026-09-25","failed","2026-09-25","Eligibility","Kolo Connect Advances","",""
"","214","Partial - Missing Required Field","Personal Banking APIs - QA Test Suite","2026-09-25","failed","2026-09-25","Partial","Airtime, Data, Bills & VAS Beneficiaries","",""
"","163","Transactions - Invalid ID","Personal Banking APIs - QA Test Suite","2026-09-25","passed","2026-09-25","Transactions","Save & Spend","",""
"","228","Admin Coins Rules - Invalid Amount","Personal Banking APIs - QA Test Suite","2026-09-25","failed","2026-09-25","Admin Coins Rules","Rewards, Cash Tokens & Wishlists","",""
"","161","Verify Email Update - No Auth","Personal Banking APIs - QA Test Suite","2026-09-25","passed","2026-09-25","Verify Email Update","KYC, Tier Upgrades & Young Moni","",""
"","184","List Schedule Payments - Valid","Personal Banking APIs - QA Test Suite","2026-09-25","failed","2026-09-25","List Schedule Payments","Scheduled Payments","",""
"","283","Unblock - Nonexistent ID","Personal Banking APIs - QA Test Suite","2026-09-25","passed","2026-09-25","Unblock","Customer Cards","",""
"","157","Leaderboard - No Auth","Personal Banking APIs - QA Test Suite","2026-09-25","passed","2026-09-25","Leaderboard","Customer Profile, Accounts & Beneficiaries","",""
"","153","Transactions Update Spend Wallet - Invalid Status Or Type","Personal Banking APIs - QA Test Suite","2026-09-25","passed","2026-09-25","Transactions Update Spend Wallet","Save & Spend","",""
"","168","List - Valid","Personal Banking APIs - QA Test Suite","2026-09-25","failed","2026-09-25","List","Wallets, Transfers, Transactions & Fund Requests","",""
"","200","Update Daily Transfer Limit - Invalid Token Or PIN","Personal Banking APIs - QA Test Suite","2026-09-25","passed","2026-09-25","Update Daily Transfer Limit","Customer Profile, Accounts & Beneficiaries","",""
"","341","Admin Games Rewards - Valid","Personal Banking APIs - QA Test Suite","2026-09-25","failed","2026-09-25","Admin Games Rewards","Rewards, Cash Tokens & Wishlists","",""
"","148","Electricity - Empty Fields","Personal Banking APIs - QA Test Suite","2026-09-25","passed","2026-09-25","Electricity","Scheduled Payments","",""
"","179","Young Moni Requests Request Stats - No Auth","Personal Banking APIs - QA Test Suite","2026-09-25","passed","2026-09-25","Young Moni Requests Request Stats","KYC, Tier Upgrades & Young Moni","",""
"","153","Transactions Evaluate Target - Invalid Status Or Type","Personal Banking APIs - QA Test Suite","2026-09-25","passed","2026-09-25","Transactions Evaluate Target","Target Savings","",""
"","156","Update Daily Transfer Limit - No Auth","Personal Banking APIs - QA Test Suite","2026-09-25","passed","2026-09-25","Update Daily Transfer Limit","Customer Profile, Accounts & Beneficiaries","",""
"","147","Transactions Withdraw Principal - No Auth","Personal Banking APIs - QA Test Suite","2026-09-25","failed","2026-09-25","Transactions Withdraw Principal","SWAG Savings","",""
"","218","Verify Token - Invalid Status Or Type","Personal Banking APIs - QA Test Suite","2026-09-25","passed","2026-09-25","Verify Token","Login, Credentials, Security & Devices","",""
"","157","Admin Admin Upgrade To Merchant - No Auth","Personal Banking APIs - QA Test Suite","2026-09-25","passed","2026-09-25","Admin Admin Upgrade To Merchant","KYC, Tier Upgrades & Young Moni","",""
"","157","Young Moni - No Auth","Personal Banking APIs - QA Test Suite","2026-09-25","passed","2026-09-25","Young Moni","Customer Profile, Accounts & Beneficiaries","",""
"","156","List - No Auth","Personal Banking APIs - QA Test Suite","2026-09-25","passed","2026-09-25","List","Customer Profile, Accounts & Beneficiaries","",""
"","146","Transactions Deposit - Invalid Token Or PIN","Personal Banking APIs - QA Test Suite","2026-09-25","passed","2026-09-25","Transactions Deposit","Target Savings","",""
"","339","Enabled Setting - Invalid Query","Personal Banking APIs - QA Test Suite","2026-09-25","failed","2026-09-25","Enabled Setting","Wallets, Transfers, Transactions & Fund Requests","",""
"","220","Request Account Reactivation - Valid","Personal Banking APIs - QA Test Suite","2026-09-25","failed","2026-09-25","Request Account Reactivation","KYC, Tier Upgrades & Young Moni","",""
"","170","Channel Settings - Invalid ID","Personal Banking APIs - QA Test Suite","2026-09-25","passed","2026-09-25","Channel Settings","Customer Cards","",""
"","165","Dismiss Action - Invalid Status Or Type","Personal Banking APIs - QA Test Suite","2026-09-25","failed","2026-09-25","Dismiss Action","KYC, Tier Upgrades & Young Moni","",""
"","159","Unblock - Empty Fields","Personal Banking APIs - QA Test Suite","2026-09-25","failed","2026-09-25","Unblock","Customer Cards","",""
"","203","Reward With Cashback - Missing Required Field","Personal Banking APIs - QA Test Suite","2026-09-25","failed","2026-09-25","Reward With Cashback","Rewards, Cash Tokens & Wishlists","",""
"","167","Admin Admin Tier Two Upgrade - Valid","Personal Banking APIs - QA Test Suite","2026-09-25","failed","2026-09-25","Admin Admin Tier Two Upgrade","KYC, Tier Upgrades & Young Moni","",""
"","269","Profile - Invalid Query","Personal Banking APIs - QA Test Suite","2026-09-25","failed","2026-09-25","Profile","Customer Profile, Accounts & Beneficiaries","",""
"","189","Transactions Evaluate Target - Missing Required Field","Personal Banking APIs - QA Test Suite","2026-09-25","passed","2026-09-25","Transactions Evaluate Target","Target Savings","",""
"","166","List - Invalid Query","Personal Banking APIs - QA Test Suite","2026-09-25","failed","2026-09-25","List","Wallets, Transfers, Transactions & Fund Requests","",""
"","163","Validate Face Match - Empty Fields","Personal Banking APIs - QA Test Suite","2026-09-25","passed","2026-09-25","Validate Face Match","Login, Credentials, Security & Devices","",""
"","312","Admin Games Rewards - Valid","Personal Banking APIs - QA Test Suite","2026-09-25","failed","2026-09-25","Admin Games Rewards","Rewards, Cash Tokens & Wishlists","",""
"","167","Details - Empty Fields","Personal Banking APIs - QA Test Suite","2026-09-25","passed","2026-09-25","Details","Customer Profile, Accounts & Beneficiaries","",""
"","233","Retrieve - Nonexistent ID","Personal Banking APIs - QA Test Suite","2026-09-25","passed","2026-09-25","Retrieve","KYC, Tier Upgrades & Young Moni","",""
"","201","Retrieve - Nonexistent ID","Personal Banking APIs - QA Test Suite","2026-09-25","failed","2026-09-25","Retrieve","Kolo Connect Advances","",""
"","165","Withdraw Supalock - Valid","Personal Banking APIs - QA Test Suite","2026-09-25","failed","2026-09-25","Withdraw Supalock","Supalock Savings","",""
"","168","Verify NIN (Choose BVN or NIN) - Invalid Status Or Type","Personal Banking APIs - QA Test Suite","2026-09-25","passed","2026-09-25","Verify NIN (Choose BVN or NIN)","Customer Onboarding","",""
"","175","Update Tin - Missing Required Field","Personal Banking APIs - QA Test Suite","2026-09-25","passed","2026-09-25","Update Tin","Customer Profile, Accounts & Beneficiaries","",""
"","177","Destroy - Invalid ID","Personal Banking APIs - QA Test Suite","2026-09-25","passed","2026-09-25","Destroy","Customer Profile, Accounts & Beneficiaries","",""
"","149","Wishlist Config Edit - Valid","Personal Banking APIs - QA Test Suite","2026-09-25","failed","2026-09-25","Wishlist Config Edit","Rewards, Cash Tokens & Wishlists","",""
"","355","Her Wealth Details - Invalid ID","Personal Banking APIs - QA Test Suite","2026-09-25","passed","2026-09-25","Her Wealth Details","Customer Profile, Accounts & Beneficiaries","",""
"","146","Transactions Evaluate Target - No Auth","Personal Banking APIs - QA Test Suite","2026-09-25","passed","2026-09-25","Transactions Evaluate Target","Target Savings","",""
"","268","Get Betting Billers - Invalid Query","Personal Banking APIs - QA Test Suite","2026-09-25","failed","2026-09-25","Get Betting Billers","Airtime, Data, Bills & VAS Beneficiaries","",""
"","245","Retrieve - Invalid ID","Personal Banking APIs - QA Test Suite","2026-09-25","failed","2026-09-25","Retrieve","Kolo Connect Advances","",""
"","332","Coin Wallet - Valid","Personal Banking APIs - QA Test Suite","2026-09-25","failed","2026-09-25","Coin Wallet","Rewards, Cash Tokens & Wishlists","",""
"","148","Transactions Create Plan - Invalid Status Or Type","Personal Banking APIs - QA Test Suite","2026-09-25","passed","2026-09-25","Transactions Create Plan","SWAG Savings","",""
"","191","Encrypt Login - Invalid Token Or PIN","Personal Banking APIs - QA Test Suite","2026-09-25","failed","2026-09-25","Encrypt Login","Login, Credentials, Security & Devices","",""
"","231","Update Location - Empty Fields","Personal Banking APIs - QA Test Suite","2026-09-25","failed","2026-09-25","Update Location","Login, Credentials, Security & Devices","",""
"","172","Customer Submit - Valid","Personal Banking APIs - QA Test Suite","2026-09-25","failed","2026-09-25","Customer Submit","KYC, Tier Upgrades & Young Moni","",""
"","170","Initiate Email Update - Valid","Personal Banking APIs - QA Test Suite","2026-09-25","failed","2026-09-25","Initiate Email Update","KYC, Tier Upgrades & Young Moni","",""
"","1098","Reject Single Bulk Recipient - Invalid Token Or PIN","Personal Banking APIs - QA Test Suite","2026-09-25","failed","2026-09-25","Reject Single Bulk Recipient","Wallets, Transfers, Transactions & Fund Requests","",""
"","307","Login With Pin - Empty Fields","Personal Banking APIs - QA Test Suite","2026-09-25","passed","2026-09-25","Login With Pin","Login, Credentials, Security & Devices","",""
"","164","Tier Zero Upgrade - Valid","Personal Banking APIs - QA Test Suite","2026-09-25","failed","2026-09-25","Tier Zero Upgrade","KYC, Tier Upgrades & Young Moni","",""
"","283","Admin Coins Rules - No Auth","Personal Banking APIs - QA Test Suite","2026-09-25","passed","2026-09-25","Admin Coins Rules","Rewards, Cash Tokens & Wishlists","",""
"","162","Create Sub Account - Empty Fields","Personal Banking APIs - QA Test Suite","2026-09-25","passed","2026-09-25","Create Sub Account","Customer Profile, Accounts & Beneficiaries","",""
"","272","Types - Valid","Personal Banking APIs - QA Test Suite","2026-09-25","passed","2026-09-25","Types","Supalock Savings","",""
"","179","Retrieve - Valid","Personal Banking APIs - QA Test Suite","2026-09-25","failed","2026-09-25","Retrieve","Supalock Savings","",""
"","173","Young Moni Initiate Account Without Identity - Valid","Personal Banking APIs - QA Test Suite","2026-09-25","failed","2026-09-25","Young Moni Initiate Account Without Identity","Customer Profile, Accounts & Beneficiaries","",""
"","303","Admin List Documents - Invalid ID","Personal Banking APIs - QA Test Suite","2026-09-25","passed","2026-09-25","Admin List Documents","KYC, Tier Upgrades & Young Moni","",""
"","221","Wallet Download Target Statement - Missing Required Field","Personal Banking APIs - QA Test Suite","2026-09-25","failed","2026-09-25","Wallet Download Target Statement","Target Savings","",""
"","172","Login - Missing Required Field","Personal Banking APIs - QA Test Suite","2026-09-25","passed","2026-09-25","Login","Login, Credentials, Security & Devices","",""
"","304","Admin List Documents - Nonexistent ID","Personal Banking APIs - QA Test Suite","2026-09-25","passed","2026-09-25","Admin List Documents","KYC, Tier Upgrades & Young Moni","",""
"","175","Fund Betting Wallet - Valid","Personal Banking APIs - QA Test Suite","2026-09-25","failed","2026-09-25","Fund Betting Wallet","Airtime, Data, Bills & VAS Beneficiaries","",""
"","240","Login With Pin - Valid","Personal Banking APIs - QA Test Suite","2026-09-25","failed","2026-09-25","Login With Pin","Login, Credentials, Security & Devices","",""
"","167","Payment Merchant - Invalid Query","Personal Banking APIs - QA Test Suite","2026-09-25","failed","2026-09-25","Payment Merchant","Customer Cards","",""
"","384","Her Wealth Details - Valid","Personal Banking APIs - QA Test Suite","2026-09-25","failed","2026-09-25","Her Wealth Details","Customer Profile, Accounts & Beneficiaries","",""
"","155","Transactions Update Swag Plan - Valid","Personal Banking APIs - QA Test Suite","2026-09-25","failed","2026-09-25","Transactions Update Swag Plan","SWAG Savings","",""
"","212","Providers - Valid","Personal Banking APIs - QA Test Suite","2026-09-25","passed","2026-09-25","Providers","Insurance","",""
"","163","Upload Bulk Fund Request - Invalid Token Or PIN","Personal Banking APIs - QA Test Suite","2026-09-25","passed","2026-09-25","Upload Bulk Fund Request","Wallets, Transfers, Transactions & Fund Requests","",""
"","164","Create Supalock - Valid","Personal Banking APIs - QA Test Suite","2026-09-25","failed","2026-09-25","Create Supalock","Supalock Savings","",""
"","155","Document Update Status - No Auth","Personal Banking APIs - QA Test Suite","2026-09-25","passed","2026-09-25","Document Update Status","KYC, Tier Upgrades & Young Moni","",""
"","148","Activate - No Auth","Personal Banking APIs - QA Test Suite","2026-09-25","passed","2026-09-25","Activate","Customer Cards","",""
"","268","Admin Reject Upgrade Request - Valid","Personal Banking APIs - QA Test Suite","2026-09-25","failed","2026-09-25","Admin Reject Upgrade Request","KYC, Tier Upgrades & Young Moni","",""
"","162","Purchase Data - Valid","Personal Banking APIs - QA Test Suite","2026-09-25","failed","2026-09-25","Purchase Data","Airtime, Data, Bills & VAS Beneficiaries","",""
"","146","Transactions Create Wallet - No Auth","Personal Banking APIs - QA Test Suite","2026-09-25","failed","2026-09-25","Transactions Create Wallet","Target Savings","",""
"","156","Youngmoni Transfer - Invalid Token Or PIN","Personal Banking APIs - QA Test Suite","2026-09-25","passed","2026-09-25","Youngmoni Transfer","Scheduled Payments","",""
"","278","Details - Valid","Personal Banking APIs - QA Test Suite","2026-09-25","passed","2026-09-25","Details","Customer Profile, Accounts & Beneficiaries","",""
"","166","Get Item Edit - Valid","Personal Banking APIs - QA Test Suite","2026-09-25","failed","2026-09-25","Get Item Edit","Rewards, Cash Tokens & Wishlists","",""
"","159","Fund Betting Wallet - Invalid Amount","Personal Banking APIs - QA Test Suite","2026-09-25","passed","2026-09-25","Fund Betting Wallet","Airtime, Data, Bills & VAS Beneficiaries","",""
"","157","Update Single Transfer Limit - No Auth","Personal Banking APIs - QA Test Suite","2026-09-25","passed","2026-09-25","Update Single Transfer Limit","Customer Profile, Accounts & Beneficiaries","",""
"","319","List - Valid","Personal Banking APIs - QA Test Suite","2026-09-25","passed","2026-09-25","List","Customer Cards","",""
"","158","Transactions Break Target - No Auth","Personal Banking APIs - QA Test Suite","2026-09-25","failed","2026-09-25","Transactions Break Target","Target Savings","",""
"","161","List - Invalid Query","Personal Banking APIs - QA Test Suite","2026-09-25","failed","2026-09-25","List","Supalock Savings","",""
"","201","Dismiss Action - Invalid Email","Personal Banking APIs - QA Test Suite","2026-09-25","failed","2026-09-25","Dismiss Action","KYC, Tier Upgrades & Young Moni","",""
"","298","Admin Coins Redemption Rules - Valid","Personal Banking APIs - QA Test Suite","2026-09-25","failed","2026-09-25","Admin Coins Redemption Rules","Rewards, Cash Tokens & Wishlists","",""
"","188","Partial - Missing Required Field","Personal Banking APIs - QA Test Suite","2026-09-25","failed","2026-09-25","Partial","Wallets, Transfers, Transactions & Fund Requests","",""
"","156","List - No Auth","Personal Banking APIs - QA Test Suite","2026-09-25","passed","2026-09-25","List","Customer Profile, Accounts & Beneficiaries","",""
"","167","Destroy - Nonexistent ID","Personal Banking APIs - QA Test Suite","2026-09-25","passed","2026-09-25","Destroy","Customer Profile, Accounts & Beneficiaries","",""
"","162","Wallet - Valid","Personal Banking APIs - QA Test Suite","2026-09-25","failed","2026-09-25","Wallet","SWAG Savings","",""
"","198","Document Update Status - Invalid ID","Personal Banking APIs - QA Test Suite","2026-09-25","failed","2026-09-25","Document Update Status","KYC, Tier Upgrades & Young Moni","",""
"","170","Document Delete - Nonexistent ID","Personal Banking APIs - QA Test Suite","2026-09-25","failed","2026-09-25","Document Delete","KYC, Tier Upgrades & Young Moni","",""
"","147","Transactions Deposit - Invalid Amount","Personal Banking APIs - QA Test Suite","2026-09-25","passed","2026-09-25","Transactions Deposit","SWAG Savings","",""
"","148","Transactions Deposit - Empty Fields","Personal Banking APIs - QA Test Suite","2026-09-25","passed","2026-09-25","Transactions Deposit","SWAG Savings","",""
"","244","Retry Payment Schedule - Valid","Personal Banking APIs - QA Test Suite","2026-09-25","failed","2026-09-25","Retry Payment Schedule","Scheduled Payments","",""
"","159","Update Identity - No Auth","Personal Banking APIs - QA Test Suite","2026-09-25","passed","2026-09-25","Update Identity","KYC, Tier Upgrades & Young Moni","",""
"","255","Upload Bulk Fund Request - Empty Fields","Personal Banking APIs - QA Test Suite","2026-09-25","passed","2026-09-25","Upload Bulk Fund Request","Wallets, Transfers, Transactions & Fund Requests","",""
"","158","Withdraw Cashback - No Auth","Personal Banking APIs - QA Test Suite","2026-09-25","passed","2026-09-25","Withdraw Cashback","Wallets, Transfers, Transactions & Fund Requests","",""
"","170","Verify Phone OTP - Empty Fields","Personal Banking APIs - QA Test Suite","2026-09-25","passed","2026-09-25","Verify Phone OTP","Customer Onboarding","",""
"","147","Transactions - No Auth","Personal Banking APIs - QA Test Suite","2026-09-25","passed","2026-09-25","Transactions","SWAG Savings","",""
"","147","Transfer - No Auth","Personal Banking APIs - QA Test Suite","2026-09-25","passed","2026-09-25","Transfer","Scheduled Payments","",""
"","155","Electricity - Invalid Status Or Type","Personal Banking APIs - QA Test Suite","2026-09-25","passed","2026-09-25","Electricity","Scheduled Payments","",""
"","286","Admin Coins Rules Stats - Invalid Query","Personal Banking APIs - QA Test Suite","2026-09-25","failed","2026-09-25","Admin Coins Rules Stats","Rewards, Cash Tokens & Wishlists","",""
"","326","Update Documents - Missing Required Field","Personal Banking APIs - QA Test Suite","2026-09-25","passed","2026-09-25","Update Documents","KYC, Tier Upgrades & Young Moni","",""
"","157","Admin Games Rewards - Valid","Personal Banking APIs - QA Test Suite","2026-09-25","failed","2026-09-25","Admin Games Rewards","Rewards, Cash Tokens & Wishlists","",""
"","219","Create - No Auth","Personal Banking APIs - QA Test Suite","2026-09-25","passed","2026-09-25","Create","Wallets, Transfers, Transactions & Fund Requests","",""
"","147","Get Item Edit - No Auth","Personal Banking APIs - QA Test Suite","2026-09-25","passed","2026-09-25","Get Item Edit","Rewards, Cash Tokens & Wishlists","",""
"","146","Wallet Interest Balance - No Auth","Personal Banking APIs - QA Test Suite","2026-09-25","passed","2026-09-25","Wallet Interest Balance","Save & Spend","",""
"","151","Types Get Supa Lock Special Interest - Invalid ID","Personal Banking APIs - QA Test Suite","2026-09-25","failed","2026-09-25","Types Get Supa Lock Special Interest","Supalock Savings","",""
"","159","Young Moni Upload Child Documents - No Auth","Personal Banking APIs - QA Test Suite","2026-09-25","passed","2026-09-25","Young Moni Upload Child Documents","Customer Profile, Accounts & Beneficiaries","",""
"","168","Document Delete - Valid","Personal Banking APIs - QA Test Suite","2026-09-25","failed","2026-09-25","Document Delete","KYC, Tier Upgrades & Young Moni","",""
"","192","Disable - Empty Fields","Personal Banking APIs - QA Test Suite","2026-09-25","failed","2026-09-25","Disable","Wallets, Transfers, Transactions & Fund Requests","",""
"","178","Admin Devices Reactivate - Invalid Token Or PIN","Personal Banking APIs - QA Test Suite","2026-09-25","failed","2026-09-25","Admin Devices Reactivate","Login, Credentials, Security & Devices","",""
"","174","Account Officer Change Request - Nonexistent ID","Personal Banking APIs - QA Test Suite","2026-09-25","passed","2026-09-25","Account Officer Change Request","Customer Profile, Accounts & Beneficiaries","",""
"","167","Verify Alias Phone Number - Invalid Token Or PIN","Personal Banking APIs - QA Test Suite","2026-09-25","passed","2026-09-25","Verify Alias Phone Number","Customer Profile, Accounts & Beneficiaries","",""
"","289","Verify Phone OTP - Invalid Token Or PIN","Personal Banking APIs - QA Test Suite","2026-09-25","passed","2026-09-25","Verify Phone OTP","Customer Onboarding","",""
"","161","Young Moni Upload Guardian Documents - No Auth","Personal Banking APIs - QA Test Suite","2026-09-25","failed","2026-09-25","Young Moni Upload Guardian Documents","Customer Profile, Accounts & Beneficiaries","",""
"","154","Transactions - Invalid Query","Personal Banking APIs - QA Test Suite","2026-09-25","failed","2026-09-25","Transactions","SWAG Savings","",""
"","293","Topup Supalock - Invalid Token Or PIN","Personal Banking APIs - QA Test Suite","2026-09-25","failed","2026-09-25","Topup Supalock","Supalock Savings","",""
"","143","Transactions - No Auth","Personal Banking APIs - QA Test Suite","2026-09-25","passed","2026-09-25","Transactions","Target Savings","",""
"","165","Admin Admin Tier Zero Upgrade - Missing Required Field","Personal Banking APIs - QA Test Suite","2026-09-25","failed","2026-09-25","Admin Admin Tier Zero Upgrade","KYC, Tier Upgrades & Young Moni","",""
"","328","Admin Coins Rules - Nonexistent ID","Personal Banking APIs - QA Test Suite","2026-09-25","failed","2026-09-25","Admin Coins Rules","Rewards, Cash Tokens & Wishlists","",""
"","354","Retrieve - Invalid Query","Personal Banking APIs - QA Test Suite","2026-09-25","failed","2026-09-25","Retrieve","Rewards, Cash Tokens & Wishlists","",""
"","247","Create - No Auth","Personal Banking APIs - QA Test Suite","2026-09-25","passed","2026-09-25","Create","Airtime, Data, Bills & VAS Beneficiaries","",""
"","146","List - No Auth","Personal Banking APIs - QA Test Suite","2026-09-25","passed","2026-09-25","List","Supalock Savings","",""
"","178","Add Account Alias - No Auth","Personal Banking APIs - QA Test Suite","2026-09-25","passed","2026-09-25","Add Account Alias","Customer Profile, Accounts & Beneficiaries","",""
"","155","Reset Pin - Missing Required Field","Personal Banking APIs - QA Test Suite","2026-09-25","failed","2026-09-25","Reset Pin","Customer Cards","",""
"","149","Transactions Withdraw Interest - Invalid Amount","Personal Banking APIs - QA Test Suite","2026-09-25","passed","2026-09-25","Transactions Withdraw Interest","SWAG Savings","",""
"","158","Admin Devices Deactivate - Empty Fields","Personal Banking APIs - QA Test Suite","2026-09-25","failed","2026-09-25","Admin Devices Deactivate","Login, Credentials, Security & Devices","",""
"","168","Toolkit Accounts - Valid","Personal Banking APIs - QA Test Suite","2026-09-25","failed","2026-09-25","Toolkit Accounts","Customer Profile, Accounts & Beneficiaries","",""
"","145","Wallet Total Balance - No Auth","Personal Banking APIs - QA Test Suite","2026-09-25","passed","2026-09-25","Wallet Total Balance","Save & Spend","",""
"","162","Inter Name Enquiry - No Auth","Personal Banking APIs - QA Test Suite","2026-09-25","passed","2026-09-25","Inter Name Enquiry","Wallets, Transfers, Transactions & Fund Requests","",""
"","168","Toolkit Accounts - Invalid Query","Personal Banking APIs - QA Test Suite","2026-09-25","failed","2026-09-25","Toolkit Accounts","Customer Profile, Accounts & Beneficiaries","",""
"","173","Young Moni Requests - Invalid ID","Personal Banking APIs - QA Test Suite","2026-09-25","failed","2026-09-25","Young Moni Requests","KYC, Tier Upgrades & Young Moni","",""
"","155","List - No Auth","Personal Banking APIs - QA Test Suite","2026-09-25","passed","2026-09-25","List","Customer Profile, Accounts & Beneficiaries","",""
"","157","Tier Zero Upgrade - No Auth","Personal Banking APIs - QA Test Suite","2026-09-25","passed","2026-09-25","Tier Zero Upgrade","KYC, Tier Upgrades & Young Moni","",""
"","294","Admin Games - Valid","Personal Banking APIs - QA Test Suite","2026-09-25","failed","2026-09-25","Admin Games","Rewards, Cash Tokens & Wishlists","",""
"","151","Get Item Edit - Invalid ID","Personal Banking APIs - QA Test Suite","2026-09-25","failed","2026-09-25","Get Item Edit","Rewards, Cash Tokens & Wishlists","",""
"","269","Renew Insurance - Valid","Personal Banking APIs - QA Test Suite","2026-09-25","failed","2026-09-25","Renew Insurance","Insurance","",""
"","215","Download Statement - Missing Required Field","Personal Banking APIs - QA Test Suite","2026-09-25","failed","2026-09-25","Download Statement","Wallets, Transfers, Transactions & Fund Requests","",""
"","155","Transactions - Invalid Query","Personal Banking APIs - QA Test Suite","2026-09-25","failed","2026-09-25","Transactions","Target Savings","",""
"","302","Transactions - Valid","Personal Banking APIs - QA Test Suite","2026-09-25","passed","2026-09-25","Transactions","Supalock Savings","",""
"","252","Add Account Alias - Missing Required Field","Personal Banking APIs - QA Test Suite","2026-09-25","passed","2026-09-25","Add Account Alias","Customer Profile, Accounts & Beneficiaries","",""
"","228","Total Supalock Amount - Invalid Query","Personal Banking APIs - QA Test Suite","2026-09-25","failed","2026-09-25","Total Supalock Amount","Supalock Savings","",""
"","258","Retrieve - Nonexistent ID","Personal Banking APIs - QA Test Suite","2026-09-25","failed","2026-09-25","Retrieve","Wallets, Transfers, Transactions & Fund Requests","",""
"","164","Customer Submit - Empty Fields","Personal Banking APIs - QA Test Suite","2026-09-25","passed","2026-09-25","Customer Submit","KYC, Tier Upgrades & Young Moni","",""
"","149","Transactions Create Wallet - Empty Fields","Personal Banking APIs - QA Test Suite","2026-09-25","passed","2026-09-25","Transactions Create Wallet","Save & Spend","",""
"","184","Admin Coins Redemption Rules - Valid","Personal Banking APIs - QA Test Suite","2026-09-25","failed","2026-09-25","Admin Coins Redemption Rules","Rewards, Cash Tokens & Wishlists","",""
"","253","Data - Valid","Personal Banking APIs - QA Test Suite","2026-09-25","failed","2026-09-25","Data","Scheduled Payments","",""
"","370","Get Cable Plans - Nonexistent ID","Personal Banking APIs - QA Test Suite","2026-09-25","failed","2026-09-25","Get Cable Plans","Airtime, Data, Bills & VAS Beneficiaries","",""
"","159","Partial - Empty Fields","Personal Banking APIs - QA Test Suite","2026-09-25","passed","2026-09-25","Partial","Wallets, Transfers, Transactions & Fund Requests","",""
"","166","Approve Single Fund Request - Empty Fields","Personal Banking APIs - QA Test Suite","2026-09-25","failed","2026-09-25","Approve Single Fund Request","Wallets, Transfers, Transactions & Fund Requests","",""
"","201","Retrieve - Invalid ID","Personal Banking APIs - QA Test Suite","2026-09-25","passed","2026-09-25","Retrieve","Customer Profile, Accounts & Beneficiaries","",""
"","150","Data - Empty Fields","Personal Banking APIs - QA Test Suite","2026-09-25","passed","2026-09-25","Data","Scheduled Payments","",""
"","154","Wallet Interest Balance - Invalid ID","Personal Banking APIs - QA Test Suite","2026-09-25","failed","2026-09-25","Wallet Interest Balance","Save & Spend","",""
"","156","Unblock - Missing Required Field","Personal Banking APIs - QA Test Suite","2026-09-25","failed","2026-09-25","Unblock","Customer Cards","",""
"","174","Admin Admin Tier One Upgrade - Invalid Status Or Type","Personal Banking APIs - QA Test Suite","2026-09-25","failed","2026-09-25","Admin Admin Tier One Upgrade","KYC, Tier Upgrades & Young Moni","",""
"","165","Create - Missing Required Field","Personal Banking APIs - QA Test Suite","2026-09-25","passed","2026-09-25","Create","Customer Profile, Accounts & Beneficiaries","",""
"","174","Initiate Email Update - No Auth","Personal Banking APIs - QA Test Suite","2026-09-25","passed","2026-09-25","Initiate Email Update","KYC, Tier Upgrades & Young Moni","",""
"","165","Partial - Nonexistent ID","Personal Banking APIs - QA Test Suite","2026-09-25","failed","2026-09-25","Partial","Customer Profile, Accounts & Beneficiaries","",""
"","151","Terms - Invalid Query","Personal Banking APIs - QA Test Suite","2026-09-25","failed","2026-09-25","Terms","Rewards, Cash Tokens & Wishlists","",""
"","258","Admin Coins Redemption Rules - Nonexistent ID","Personal Banking APIs - QA Test Suite","2026-09-25","failed","2026-09-25","Admin Coins Redemption Rules","Rewards, Cash Tokens & Wishlists","",""
"","158","Young Moni Upload Guardian Documents - Invalid ID","Personal Banking APIs - QA Test Suite","2026-09-25","passed","2026-09-25","Young Moni Upload Guardian Documents","Customer Profile, Accounts & Beneficiaries","",""
"","188","Add Item - No Auth","Personal Banking APIs - QA Test Suite","2026-09-25","passed","2026-09-25","Add Item","Rewards, Cash Tokens & Wishlists","",""
"","166","Admin Admin Upgrade To Merchant - Missing Required Field","Personal Banking APIs - QA Test Suite","2026-09-25","failed","2026-09-25","Admin Admin Upgrade To Merchant","KYC, Tier Upgrades & Young Moni","",""
"","218","Channel Settings - Valid","Personal Banking APIs - QA Test Suite","2026-09-25","passed","2026-09-25","Channel Settings","Customer Cards","",""
"","210","List - Invalid Query","Personal Banking APIs - QA Test Suite","2026-09-25","failed","2026-09-25","List","KYC, Tier Upgrades & Young Moni","",""
"","184","Payment Merchant - Valid","Personal Banking APIs - QA Test Suite","2026-09-25","failed","2026-09-25","Payment Merchant","Customer Cards","",""
"","163","Admin Devices Deactivate - Invalid Token Or PIN","Personal Banking APIs - QA Test Suite","2026-09-25","failed","2026-09-25","Admin Devices Deactivate","Login, Credentials, Security & Devices","",""
"","182","Airtime - Valid","Personal Banking APIs - QA Test Suite","2026-09-25","failed","2026-09-25","Airtime","Scheduled Payments","",""
"","215","Young Moni Requests - Valid","Personal Banking APIs - QA Test Suite","2026-09-25","failed","2026-09-25","Young Moni Requests","KYC, Tier Upgrades & Young Moni","",""
"","164","Types - Nonexistent ID","Personal Banking APIs - QA Test Suite","2026-09-25","passed","2026-09-25","Types","Supalock Savings","",""
"","172","Transactions - Valid","Personal Banking APIs - QA Test Suite","2026-09-25","failed","2026-09-25","Transactions","Supalock Savings","",""
"","161","Terms - Invalid ID","Personal Banking APIs - QA Test Suite","2026-09-25","passed","2026-09-25","Terms","Rewards, Cash Tokens & Wishlists","",""
"","172","Update Location - Valid","Personal Banking APIs - QA Test Suite","2026-09-25","failed","2026-09-25","Update Location","Login, Credentials, Security & Devices","",""
"","334","Create Wishlist - Missing Required Field","Personal Banking APIs - QA Test Suite","2026-09-25","passed","2026-09-25","Create Wishlist","Rewards, Cash Tokens & Wishlists","",""
"","170","Transactions - Invalid Query","Personal Banking APIs - QA Test Suite","2026-09-25","failed","2026-09-25","Transactions","Wallets, Transfers, Transactions & Fund Requests","",""
"","154","Payment Merchant - Invalid Status Or Type","Personal Banking APIs - QA Test Suite","2026-09-25","failed","2026-09-25","Payment Merchant","Customer Cards","",""
"","151","Transactions Create Wallet - Valid","Personal Banking APIs - QA Test Suite","2026-09-25","failed","2026-09-25","Transactions Create Wallet","Save & Spend","",""
"","149","Transactions Create Plan - Missing Required Field","Personal Banking APIs - QA Test Suite","2026-09-25","passed","2026-09-25","Transactions Create Plan","SWAG Savings","",""
"","156","Upload Documents - No Auth","Personal Banking APIs - QA Test Suite","2026-09-25","passed","2026-09-25","Upload Documents","KYC, Tier Upgrades & Young Moni","",""
"","224","Partial - Empty Fields","Personal Banking APIs - QA Test Suite","2026-09-25","failed","2026-09-25","Partial","Airtime, Data, Bills & VAS Beneficiaries","",""
"","256","Customer Submit - Missing Required Field","Personal Banking APIs - QA Test Suite","2026-09-25","passed","2026-09-25","Customer Submit","KYC, Tier Upgrades & Young Moni","",""
"","177","Retrieve - Invalid ID","Personal Banking APIs - QA Test Suite","2026-09-25","passed","2026-09-25","Retrieve","KYC, Tier Upgrades & Young Moni","",""
"","227","Daily Income Summary - No Auth","Personal Banking APIs - QA Test Suite","2026-09-25","passed","2026-09-25","Daily Income Summary","Wallets, Transfers, Transactions & Fund Requests","",""
"","164","Account Officer - Invalid Query","Personal Banking APIs - QA Test Suite","2026-09-25","failed","2026-09-25","Account Officer","Customer Profile, Accounts & Beneficiaries","",""
"","168","Transactions Break Wallet - Valid","Personal Banking APIs - QA Test Suite","2026-09-25","failed","2026-09-25","Transactions Break Wallet","Save & Spend","",""
"","169","Update Tin - No Auth","Personal Banking APIs - QA Test Suite","2026-09-25","passed","2026-09-25","Update Tin","Customer Profile, Accounts & Beneficiaries","",""
"","159","Validate Jamb Profile - No Auth","Personal Banking APIs - QA Test Suite","2026-09-25","passed","2026-09-25","Validate Jamb Profile","Airtime, Data, Bills & VAS Beneficiaries","",""
"","165","Wallet - Valid","Personal Banking APIs - QA Test Suite","2026-09-25","failed","2026-09-25","Wallet","SWAG Savings","",""
"","276","Admin Coins Rules - No Auth","Personal Banking APIs - QA Test Suite","2026-09-25","passed","2026-09-25","Admin Coins Rules","Rewards, Cash Tokens & Wishlists","",""
"","161","Purchase Data - Invalid Amount","Personal Banking APIs - QA Test Suite","2026-09-25","passed","2026-09-25","Purchase Data","Airtime, Data, Bills & VAS Beneficiaries","",""
"","456","Create Wishlist - No Auth","Personal Banking APIs - QA Test Suite","2026-09-25","passed","2026-09-25","Create Wishlist","Rewards, Cash Tokens & Wishlists","",""
"","237","Update Documents - Empty Fields","Personal Banking APIs - QA Test Suite","2026-09-25","passed","2026-09-25","Update Documents","KYC, Tier Upgrades & Young Moni","",""
"","158","Activate - Missing Required Field","Personal Banking APIs - QA Test Suite","2026-09-25","failed","2026-09-25","Activate","Customer Cards","",""
"","328","List - No Auth","Personal Banking APIs - QA Test Suite","2026-09-25","passed","2026-09-25","List","Insurance","",""
"","166","Dismiss Action - Valid","Personal Banking APIs - QA Test Suite","2026-09-25","failed","2026-09-25","Dismiss Action","KYC, Tier Upgrades & Young Moni","",""
"","157","Total Young Moni Balance - No Auth","Personal Banking APIs - QA Test Suite","2026-09-25","passed","2026-09-25","Total Young Moni Balance","Customer Profile, Accounts & Beneficiaries","",""
"","197","Admin Coins Redemption Rules - Invalid ID","Personal Banking APIs - QA Test Suite","2026-09-25","failed","2026-09-25","Admin Coins Redemption Rules","Rewards, Cash Tokens & Wishlists","",""
"","217","Retrieve - Invalid Query","Personal Banking APIs - QA Test Suite","2026-09-25","failed","2026-09-25","Retrieve","Scheduled Payments","",""
"","146","Wallet Total Balance - No Auth","Personal Banking APIs - QA Test Suite","2026-09-25","passed","2026-09-25","Wallet Total Balance","Target Savings","",""
"","324","Admin Request Stats - Invalid Query","Personal Banking APIs - QA Test Suite","2026-09-25","failed","2026-09-25","Admin Request Stats","KYC, Tier Upgrades & Young Moni","",""
"","207","Set Password & Create Pending User - Missing Required Field","Personal Banking APIs - QA Test Suite","2026-09-25","passed","2026-09-25","Set Password & Create Pending User","Customer Onboarding","",""
"","252","Admin Admin Submit - Empty Fields","Personal Banking APIs - QA Test Suite","2026-09-25","failed","2026-09-25","Admin Admin Submit","KYC, Tier Upgrades & Young Moni","",""
"","155","Retrieve - Nonexistent ID","Personal Banking APIs - QA Test Suite","2026-09-25","passed","2026-09-25","Retrieve","Scheduled Payments","",""
"","345","Partial - Missing Required Field","Personal Banking APIs - QA Test Suite","2026-09-25","failed","2026-09-25","Partial","Airtime, Data, Bills & VAS Beneficiaries","",""
"","146","Wishlist Config Edit - Missing Required Field","Personal Banking APIs - QA Test Suite","2026-09-25","failed","2026-09-25","Wishlist Config Edit","Rewards, Cash Tokens & Wishlists","",""
"","253","Update Documents - Invalid Status Or Type","Personal Banking APIs - QA Test Suite","2026-09-25","passed","2026-09-25","Update Documents","KYC, Tier Upgrades & Young Moni","",""
"","153","Transactions Create Wallet - Invalid Status Or Type","Personal Banking APIs - QA Test Suite","2026-09-25","passed","2026-09-25","Transactions Create Wallet","Target Savings","",""
"","170","Update Gender - Valid","Personal Banking APIs - QA Test Suite","2026-09-25","failed","2026-09-25","Update Gender","Login, Credentials, Security & Devices","",""
"","158","Verify Phone Number - No Auth","Personal Banking APIs - QA Test Suite","2026-09-25","passed","2026-09-25","Verify Phone Number","Login, Credentials, Security & Devices","",""
"","151","Admin Coins Rules - No Auth","Personal Banking APIs - QA Test Suite","2026-09-25","passed","2026-09-25","Admin Coins Rules","Rewards, Cash Tokens & Wishlists","",""
"","169","Account Officer Change Request - Valid","Personal Banking APIs - QA Test Suite","2026-09-25","failed","2026-09-25","Account Officer Change Request","Customer Profile, Accounts & Beneficiaries","",""
"","172","List Documents - Invalid Query","Personal Banking APIs - QA Test Suite","2026-09-25","failed","2026-09-25","List Documents","KYC, Tier Upgrades & Young Moni","",""
"","174","Games - Invalid Query","Personal Banking APIs - QA Test Suite","2026-09-25","passed","2026-09-25","Games","Rewards, Cash Tokens & Wishlists","",""
"","180","Validate Liveness (When Required) - Empty Fields","Personal Banking APIs - QA Test Suite","2026-09-25","passed","2026-09-25","Validate Liveness (When Required)","Customer Onboarding","",""
"","267","Overview - No Auth","Personal Banking APIs - QA Test Suite","2026-09-25","passed","2026-09-25","Overview","Rewards, Cash Tokens & Wishlists","",""
"","376","Retrieve - Valid","Personal Banking APIs - QA Test Suite","2026-09-25","passed","2026-09-25","Retrieve","Customer Profile, Accounts & Beneficiaries","",""
"","173","List - No Auth","Personal Banking APIs - QA Test Suite","2026-09-25","passed","2026-09-25","List","KYC, Tier Upgrades & Young Moni","",""
"","166","Partial - Invalid Amount","Personal Banking APIs - QA Test Suite","2026-09-25","failed","2026-09-25","Partial","Customer Profile, Accounts & Beneficiaries","",""
"","146","Types - No Auth","Personal Banking APIs - QA Test Suite","2026-09-25","passed","2026-09-25","Types","Supalock Savings","",""
"","192","Update Location - Nonexistent ID","Personal Banking APIs - QA Test Suite","2026-09-25","failed","2026-09-25","Update Location","Login, Credentials, Security & Devices","",""
"","219","Create - Empty Fields","Personal Banking APIs - QA Test Suite","2026-09-25","passed","2026-09-25","Create","Wallets, Transfers, Transactions & Fund Requests","",""
"","147","Transactions Create Wallet Product Specific - Missing Required Field","Personal Banking APIs - QA Test Suite","2026-09-25","passed","2026-09-25","Transactions Create Wallet Product Specific","Target Savings","",""
"","154","Transfer - Invalid Amount","Personal Banking APIs - QA Test Suite","2026-09-25","passed","2026-09-25","Transfer","Scheduled Payments","",""
"","148","Create Wishlist With Items - No Auth","Personal Banking APIs - QA Test Suite","2026-09-25","passed","2026-09-25","Create Wishlist With Items","Rewards, Cash Tokens & Wishlists","",""
"","162","Purchase Electricity - Empty Fields","Personal Banking APIs - QA Test Suite","2026-09-25","passed","2026-09-25","Purchase Electricity","Airtime, Data, Bills & VAS Beneficiaries","",""
"","159","Single Fund Request - Invalid Amount","Personal Banking APIs - QA Test Suite","2026-09-25","passed","2026-09-25","Single Fund Request","Wallets, Transfers, Transactions & Fund Requests","",""
"","148","Transactions Update Swag Plan - Invalid Amount","Personal Banking APIs - QA Test Suite","2026-09-25","passed","2026-09-25","Transactions Update Swag Plan","SWAG Savings","",""
"","165","Withdraw Cashback - Nonexistent ID","Personal Banking APIs - QA Test Suite","2026-09-25","failed","2026-09-25","Withdraw Cashback","Wallets, Transfers, Transactions & Fund Requests","",""
"","158","Verify Phone Number - Invalid Token Or PIN","Personal Banking APIs - QA Test Suite","2026-09-25","failed","2026-09-25","Verify Phone Number","Login, Credentials, Security & Devices","",""
"","305","Admin - Valid","Personal Banking APIs - QA Test Suite","2026-09-25","failed","2026-09-25","Admin","KYC, Tier Upgrades & Young Moni","",""
"","158","Purchase Electricity - Invalid Status Or Type","Personal Banking APIs - QA Test Suite","2026-09-25","passed","2026-09-25","Purchase Electricity","Airtime, Data, Bills & VAS Beneficiaries","",""
"","164","Update Communication Preference - Empty Fields","Personal Banking APIs - QA Test Suite","2026-09-25","passed","2026-09-25","Update Communication Preference","Customer Profile, Accounts & Beneficiaries","",""
"","168","Approve Bulk Fund Request - Valid","Personal Banking APIs - QA Test Suite","2026-09-25","failed","2026-09-25","Approve Bulk Fund Request","Wallets, Transfers, Transactions & Fund Requests","",""
"","199","List - No Auth","Personal Banking APIs - QA Test Suite","2026-09-25","passed","2026-09-25","List","Wallets, Transfers, Transactions & Fund Requests","",""
"","172","Export Fund Recipients - Empty Fields","Personal Banking APIs - QA Test Suite","2026-09-25","failed","2026-09-25","Export Fund Recipients","Wallets, Transfers, Transactions & Fund Requests","",""
"","195","Transaction - Invalid Query","Personal Banking APIs - QA Test Suite","2026-09-25","failed","2026-09-25","Transaction","Airtime, Data, Bills & VAS Beneficiaries","",""
"","256","Terms Draw Details - Valid","Personal Banking APIs - QA Test Suite","2026-09-25","passed","2026-09-25","Terms Draw Details","Rewards, Cash Tokens & Wishlists","",""
"","249","Data Plans - Invalid ID","Personal Banking APIs - QA Test Suite","2026-09-25","passed","2026-09-25","Data Plans","Airtime, Data, Bills & VAS Beneficiaries","",""
"","180","Transaction - Invalid ID","Personal Banking APIs - QA Test Suite","2026-09-25","failed","2026-09-25","Transaction","Airtime, Data, Bills & VAS Beneficiaries","",""
"","171","Item - Valid","Personal Banking APIs - QA Test Suite","2026-09-25","failed","2026-09-25","Item","Rewards, Cash Tokens & Wishlists","",""
"","159","Purchase Airtime - Invalid Token Or PIN","Personal Banking APIs - QA Test Suite","2026-09-25","passed","2026-09-25","Purchase Airtime","Airtime, Data, Bills & VAS Beneficiaries","",""
"","277","Admin Games - No Auth","Personal Banking APIs - QA Test Suite","2026-09-25","passed","2026-09-25","Admin Games","Rewards, Cash Tokens & Wishlists","",""
"","165","Admin Coins Rules - No Auth","Personal Banking APIs - QA Test Suite","2026-09-25","passed","2026-09-25","Admin Coins Rules","Rewards, Cash Tokens & Wishlists","",""
"","162","Tier Zero Upgrade - Invalid Status Or Type","Personal Banking APIs - QA Test Suite","2026-09-25","passed","2026-09-25","Tier Zero Upgrade","KYC, Tier Upgrades & Young Moni","",""
"","158","Transactions - No Auth","Personal Banking APIs - QA Test Suite","2026-09-25","passed","2026-09-25","Transactions","Wallets, Transfers, Transactions & Fund Requests","",""
"","147","Transactions Withdraw Principal - Invalid Amount","Personal Banking APIs - QA Test Suite","2026-09-25","passed","2026-09-25","Transactions Withdraw Principal","SWAG Savings","",""
"","163","Reset Password - Invalid Email","Personal Banking APIs - QA Test Suite","2026-09-25","passed","2026-09-25","Reset Password","Login, Credentials, Security & Devices","",""
"","147","Transactions Deposit - Invalid Token Or PIN","Personal Banking APIs - QA Test Suite","2026-09-25","passed","2026-09-25","Transactions Deposit","SWAG Savings","",""
"","150","Transactions Deposit - Missing Required Field","Personal Banking APIs - QA Test Suite","2026-09-25","passed","2026-09-25","Transactions Deposit","Target Savings","",""
"","150","Types Get Supa Lock Special Interest - Nonexistent ID","Personal Banking APIs - QA Test Suite","2026-09-25","failed","2026-09-25","Types Get Supa Lock Special Interest","Supalock Savings","",""
"","166","Get Transaction Overview - Valid","Personal Banking APIs - QA Test Suite","2026-09-25","failed","2026-09-25","Get Transaction Overview","Wallets, Transfers, Transactions & Fund Requests","",""
"","760","Profile - Valid","Personal Banking APIs - QA Test Suite","2026-09-25","passed","2026-09-25","Profile","Customer Profile, Accounts & Beneficiaries","",""
"","188","Retrieve - Valid","Personal Banking APIs - QA Test Suite","2026-09-25","failed","2026-09-25","Retrieve","Customer Profile, Accounts & Beneficiaries","",""
"","380","Jamb Lookup - No Auth","Personal Banking APIs - QA Test Suite","2026-09-25","passed","2026-09-25","Jamb Lookup","Airtime, Data, Bills & VAS Beneficiaries","",""
"","153","Retrieve - Invalid Query","Personal Banking APIs - QA Test Suite","2026-09-25","failed","2026-09-25","Retrieve","Supalock Savings","",""
"","435","Retrieve - Valid","Personal Banking APIs - QA Test Suite","2026-09-25","failed","2026-09-25","Retrieve","Wallets, Transfers, Transactions & Fund Requests","",""
"","167","Restrict Accounts By BVN - Missing Required Field","Personal Banking APIs - QA Test Suite","2026-09-25","failed","2026-09-25","Restrict Accounts By BVN","Customer Profile, Accounts & Beneficiaries","",""
"","148","Channel Settings - Empty Fields","Personal Banking APIs - QA Test Suite","2026-09-25","passed","2026-09-25","Channel Settings","Customer Cards","",""
"","166","Admin Complete Upgrade Request - Invalid ID","Personal Banking APIs - QA Test Suite","2026-09-25","failed","2026-09-25","Admin Complete Upgrade Request","KYC, Tier Upgrades & Young Moni","",""
"","168","Tier Two Upgrade - Missing Required Field","Personal Banking APIs - QA Test Suite","2026-09-25","passed","2026-09-25","Tier Two Upgrade","KYC, Tier Upgrades & Young Moni","",""
"","158","Partial - Invalid Amount","Personal Banking APIs - QA Test Suite","2026-09-25","passed","2026-09-25","Partial","Wallets, Transfers, Transactions & Fund Requests","",""
"","296","Admin Coins Rules - Invalid ID","Personal Banking APIs - QA Test Suite","2026-09-25","failed","2026-09-25","Admin Coins Rules","Rewards, Cash Tokens & Wishlists","",""
"","145","Redeem Coins - No Auth","Personal Banking APIs - QA Test Suite","2026-09-25","passed","2026-09-25","Redeem Coins","Rewards, Cash Tokens & Wishlists","",""
"","289","Document Update Status - Nonexistent ID","Personal Banking APIs - QA Test Suite","2026-09-25","failed","2026-09-25","Document Update Status","KYC, Tier Upgrades & Young Moni","",""
"","149","Terms Draw Details - No Auth","Personal Banking APIs - QA Test Suite","2026-09-25","passed","2026-09-25","Terms Draw Details","Rewards, Cash Tokens & Wishlists","",""
"","284","Admin Coins Redemption Rules - Invalid Query","Personal Banking APIs - QA Test Suite","2026-09-25","failed","2026-09-25","Admin Coins Redemption Rules","Rewards, Cash Tokens & Wishlists","",""
"","237","Wallet Download Target Statement - No Auth","Personal Banking APIs - QA Test Suite","2026-09-25","passed","2026-09-25","Wallet Download Target Statement","Target Savings","",""
"","201","Coin Wallet - Invalid Query","Personal Banking APIs - QA Test Suite","2026-09-25","passed","2026-09-25","Coin Wallet","Rewards, Cash Tokens & Wishlists","",""
"","173","Create - Invalid Status Or Type","Personal Banking APIs - QA Test Suite","2026-09-25","passed","2026-09-25","Create","Airtime, Data, Bills & VAS Beneficiaries","",""
"","506","Admin Games Rewards - Valid","Personal Banking APIs - QA Test Suite","2026-09-25","failed","2026-09-25","Admin Games Rewards","Rewards, Cash Tokens & Wishlists","",""
"","149","Wallet - No Auth","Personal Banking APIs - QA Test Suite","2026-09-25","passed","2026-09-25","Wallet","Target Savings","",""
"","153","Wallet Download Target Statement - Empty Fields","Personal Banking APIs - QA Test Suite","2026-09-25","failed","2026-09-25","Wallet Download Target Statement","Target Savings","",""
"","178","High Value Transactions - Invalid Query","Personal Banking APIs - QA Test Suite","2026-09-25","failed","2026-09-25","High Value Transactions","Wallets, Transfers, Transactions & Fund Requests","",""
"","235","Requests - Valid","Personal Banking APIs - QA Test Suite","2026-09-25","passed","2026-09-25","Requests","Customer Cards","",""
"","406","Admin Games Rewards - No Auth","Personal Banking APIs - QA Test Suite","2026-09-25","passed","2026-09-25","Admin Games Rewards","Rewards, Cash Tokens & Wishlists","",""
"","156","Reset Pin - Invalid Token Or PIN","Personal Banking APIs - QA Test Suite","2026-09-25","failed","2026-09-25","Reset Pin","Customer Cards","",""
"","157","Wishlist Config Edit - Nonexistent ID","Personal Banking APIs - QA Test Suite","2026-09-25","failed","2026-09-25","Wishlist Config Edit","Rewards, Cash Tokens & Wishlists","",""
"","165","Update Communication Preference - Nonexistent ID","Personal Banking APIs - QA Test Suite","2026-09-25","passed","2026-09-25","Update Communication Preference","Customer Profile, Accounts & Beneficiaries","",""
"","266","List - Valid","Personal Banking APIs - QA Test Suite","2026-09-25","passed","2026-09-25","List","Scheduled Payments","",""
"","155","Withdraw - Invalid ID","Personal Banking APIs - QA Test Suite","2026-09-25","passed","2026-09-25","Withdraw","Rewards, Cash Tokens & Wishlists","",""
"","229","Transfer - Valid","Personal Banking APIs - QA Test Suite","2026-09-25","failed","2026-09-25","Transfer","Scheduled Payments","",""
"","150","Transactions Create Wallet - Valid","Personal Banking APIs - QA Test Suite","2026-09-25","failed","2026-09-25","Transactions Create Wallet","Target Savings","",""
"","170","List - Valid","Personal Banking APIs - QA Test Suite","2026-09-25","failed","2026-09-25","List","Supalock Savings","",""
"","285","Withdraw - Invalid Token Or PIN","Personal Banking APIs - QA Test Suite","2026-09-25","failed","2026-09-25","Withdraw","Rewards, Cash Tokens & Wishlists","",""
"","174","Young Moni Upload Child Documents - Valid","Personal Banking APIs - QA Test Suite","2026-09-25","failed","2026-09-25","Young Moni Upload Child Documents","Customer Profile, Accounts & Beneficiaries","",""
"","257","Young Moni Initiate Account Request - Invalid Email","Personal Banking APIs - QA Test Suite","2026-09-25","passed","2026-09-25","Young Moni Initiate Account Request","Customer Profile, Accounts & Beneficiaries","",""
"","158","Unblock - Invalid Token Or PIN","Personal Banking APIs - QA Test Suite","2026-09-25","failed","2026-09-25","Unblock","Customer Cards","",""
"","248","Account Officer - Valid","Personal Banking APIs - QA Test Suite","2026-09-25","failed","2026-09-25","Account Officer","Customer Profile, Accounts & Beneficiaries","",""
"","221","Admin Update Documents - Missing Required Field","Personal Banking APIs - QA Test Suite","2026-09-25","passed","2026-09-25","Admin Update Documents","KYC, Tier Upgrades & Young Moni","",""
"","155","Channel Settings - Invalid Amount","Personal Banking APIs - QA Test Suite","2026-09-25","failed","2026-09-25","Channel Settings","Customer Cards","",""
"","152","Withdraw Supalock - Invalid Token Or PIN","Personal Banking APIs - QA Test Suite","2026-09-25","failed","2026-09-25","Withdraw Supalock","Supalock Savings","",""
"","156","Retrieve - No Auth","Personal Banking APIs - QA Test Suite","2026-09-25","passed","2026-09-25","Retrieve","Airtime, Data, Bills & VAS Beneficiaries","",""
"","275","Coin Redemption Rules - Valid","Personal Banking APIs - QA Test Suite","2026-09-25","failed","2026-09-25","Coin Redemption Rules","Rewards, Cash Tokens & Wishlists","",""
"","165","Update Communication Preference - Invalid Email","Personal Banking APIs - QA Test Suite","2026-09-25","passed","2026-09-25","Update Communication Preference","Customer Profile, Accounts & Beneficiaries","",""
"","350","Add Account Alias - Empty Fields","Personal Banking APIs - QA Test Suite","2026-09-25","passed","2026-09-25","Add Account Alias","Customer Profile, Accounts & Beneficiaries","",""
"","159","Purchase Data - No Auth","Personal Banking APIs - QA Test Suite","2026-09-25","failed","2026-09-25","Purchase Data","Airtime, Data, Bills & VAS Beneficiaries","",""
"","155","Get Transaction Overview - No Auth","Personal Banking APIs - QA Test Suite","2026-09-25","passed","2026-09-25","Get Transaction Overview","Wallets, Transfers, Transactions & Fund Requests","",""
"","373","Partial - Invalid ID","Personal Banking APIs - QA Test Suite","2026-09-25","passed","2026-09-25","Partial","Airtime, Data, Bills & VAS Beneficiaries","",""
"","200","Enabled Setting - No Auth","Personal Banking APIs - QA Test Suite","2026-09-25","passed","2026-09-25","Enabled Setting","Wallets, Transfers, Transactions & Fund Requests","",""
"","218","Intra Name Enquiry By Phone - No Auth","Personal Banking APIs - QA Test Suite","2026-09-25","passed","2026-09-25","Intra Name Enquiry By Phone","Wallets, Transfers, Transactions & Fund Requests","",""
"","342","Transactions Evaluate Break - No Auth","Personal Banking APIs - QA Test Suite","2026-09-25","passed","2026-09-25","Transactions Evaluate Break","Target Savings","",""
"","244","Tier Progress - Invalid Query","Personal Banking APIs - QA Test Suite","2026-09-25","passed","2026-09-25","Tier Progress","Rewards, Cash Tokens & Wishlists","",""
"","238","Notify Of Missed Inward - No Auth","Personal Banking APIs - QA Test Suite","2026-09-25","passed","2026-09-25","Notify Of Missed Inward","Wallets, Transfers, Transactions & Fund Requests","",""
"","168","Retrieve - Invalid ID","Personal Banking APIs - QA Test Suite","2026-09-25","passed","2026-09-25","Retrieve","Customer Cards","",""
"","165","Admin Admin Tier Two Upgrade - Missing Required Field","Personal Banking APIs - QA Test Suite","2026-09-25","failed","2026-09-25","Admin Admin Tier Two Upgrade","KYC, Tier Upgrades & Young Moni","",""
"","232","Terms - Valid","Personal Banking APIs - QA Test Suite","2026-09-25","passed","2026-09-25","Terms","Rewards, Cash Tokens & Wishlists","",""
"","154","Update - Invalid Amount","Personal Banking APIs - QA Test Suite","2026-09-25","passed","2026-09-25","Update","Scheduled Payments","",""
"","237","Get Item - Valid","Personal Banking APIs - QA Test Suite","2026-09-25","failed","2026-09-25","Get Item","Rewards, Cash Tokens & Wishlists","",""
"","146","Transactions - No Auth","Personal Banking APIs - QA Test Suite","2026-09-25","passed","2026-09-25","Transactions","Target Savings","",""
"","149","Retrieve - No Auth","Personal Banking APIs - QA Test Suite","2026-09-25","passed","2026-09-25","Retrieve","Scheduled Payments","",""
"","305","Admin Games Sessions - Invalid Query","Personal Banking APIs - QA Test Suite","2026-09-25","failed","2026-09-25","Admin Games Sessions","Rewards, Cash Tokens & Wishlists","",""
"","157","Electricity - Missing Required Field","Personal Banking APIs - QA Test Suite","2026-09-25","passed","2026-09-25","Electricity","Scheduled Payments","",""
"","149","Transactions Update Swag Plan - Invalid Token Or PIN","Personal Banking APIs - QA Test Suite","2026-09-25","passed","2026-09-25","Transactions Update Swag Plan","SWAG Savings","",""
"","163","Winner Dismiss Action - Invalid Amount","Personal Banking APIs - QA Test Suite","2026-09-25","failed","2026-09-25","Winner Dismiss Action","Rewards, Cash Tokens & Wishlists","",""
"","354","List - Invalid Query","Personal Banking APIs - QA Test Suite","2026-09-25","failed","2026-09-25","List","Customer Profile, Accounts & Beneficiaries","",""
"","157","Young Moni Validate Details - Empty Fields","Personal Banking APIs - QA Test Suite","2026-09-25","failed","2026-09-25","Young Moni Validate Details","Customer Profile, Accounts & Beneficiaries","",""
"","168","Young Moni Documents Action Document - Nonexistent ID","Personal Banking APIs - QA Test Suite","2026-09-25","failed","2026-09-25","Young Moni Documents Action Document","KYC, Tier Upgrades & Young Moni","",""
"","172","Types Get Supa Lock Special Interest - Valid","Personal Banking APIs - QA Test Suite","2026-09-25","failed","2026-09-25","Types Get Supa Lock Special Interest","Supalock Savings","",""
"","167","Verify Reset Token - Valid","Personal Banking APIs - QA Test Suite","2026-09-25","failed","2026-09-25","Verify Reset Token","Login, Credentials, Security & Devices","",""
"","857","Retrieve - Invalid Query","Personal Banking APIs - QA Test Suite","2026-09-25","failed","2026-09-25","Retrieve","Airtime, Data, Bills & VAS Beneficiaries","",""
"","148","Terms - No Auth","Personal Banking APIs - QA Test Suite","2026-09-25","passed","2026-09-25","Terms","Rewards, Cash Tokens & Wishlists","",""
"","330","Admin Coins Transactions - No Auth","Personal Banking APIs - QA Test Suite","2026-09-25","passed","2026-09-25","Admin Coins Transactions","Rewards, Cash Tokens & Wishlists","",""
"","294","Admin Coins Transactions - Invalid Query","Personal Banking APIs - QA Test Suite","2026-09-25","failed","2026-09-25","Admin Coins Transactions","Rewards, Cash Tokens & Wishlists","",""
"","203","Create Password - Empty Fields","Personal Banking APIs - QA Test Suite","2026-09-25","passed","2026-09-25","Create Password","Login, Credentials, Security & Devices","",""
"","166","Account Officer View Rating - Invalid Query","Personal Banking APIs - QA Test Suite","2026-09-25","failed","2026-09-25","Account Officer View Rating","Customer Profile, Accounts & Beneficiaries","",""
"","167","Notify Of Missed Inward - Empty Fields","Personal Banking APIs - QA Test Suite","2026-09-25","failed","2026-09-25","Notify Of Missed Inward","Wallets, Transfers, Transactions & Fund Requests","",""
"","163","Games Check Eligibility - Valid","Personal Banking APIs - QA Test Suite","2026-09-25","failed","2026-09-25","Games Check Eligibility","Rewards, Cash Tokens & Wishlists","",""
"","241","Initiate Email Update - Invalid Token Or PIN","Personal Banking APIs - QA Test Suite","2026-09-25","passed","2026-09-25","Initiate Email Update","KYC, Tier Upgrades & Young Moni","",""
"","169","Create - Empty Fields","Personal Banking APIs - QA Test Suite","2026-09-25","failed","2026-09-25","Create","Airtime, Data, Bills & VAS Beneficiaries","",""
"","158","Enable - No Auth","Personal Banking APIs - QA Test Suite","2026-09-25","passed","2026-09-25","Enable","Wallets, Transfers, Transactions & Fund Requests","",""
"","195","Upload Documents - Empty Fields","Personal Banking APIs - QA Test Suite","2026-09-25","passed","2026-09-25","Upload Documents","KYC, Tier Upgrades & Young Moni","",""
"","158","Admin Complete Upgrade Request - No Auth","Personal Banking APIs - QA Test Suite","2026-09-25","passed","2026-09-25","Admin Complete Upgrade Request","KYC, Tier Upgrades & Young Moni","",""
"","237","Tier Progress - No Auth","Personal Banking APIs - QA Test Suite","2026-09-25","passed","2026-09-25","Tier Progress","Rewards, Cash Tokens & Wishlists","",""
"","157","Wallet - Invalid Query","Personal Banking APIs - QA Test Suite","2026-09-25","failed","2026-09-25","Wallet","Save & Spend","",""
"","159","Redeem Insurance - No Auth","Personal Banking APIs - QA Test Suite","2026-09-25","passed","2026-09-25","Redeem Insurance","Insurance","",""
"","146","Transactions Update Spend Wallet - No Auth","Personal Banking APIs - QA Test Suite","2026-09-25","passed","2026-09-25","Transactions Update Spend Wallet","Save & Spend","",""
"","195","Enable - Invalid ID","Personal Banking APIs - QA Test Suite","2026-09-25","failed","2026-09-25","Enable","Wallets, Transfers, Transactions & Fund Requests","",""
"","157","Approve Single Bulk Recipient - No Auth","Personal Banking APIs - QA Test Suite","2026-09-25","passed","2026-09-25","Approve Single Bulk Recipient","Wallets, Transfers, Transactions & Fund Requests","",""
"","213","Inter Transfer - No Auth","Personal Banking APIs - QA Test Suite","2026-09-25","failed","2026-09-25","Inter Transfer","Wallets, Transfers, Transactions & Fund Requests","",""
"","316","Get Betting Billers - Valid","Personal Banking APIs - QA Test Suite","2026-09-25","passed","2026-09-25","Get Betting Billers","Airtime, Data, Bills & VAS Beneficiaries","",""
"","182","Admin Coins Rules - No Auth","Personal Banking APIs - QA Test Suite","2026-09-25","passed","2026-09-25","Admin Coins Rules","Rewards, Cash Tokens & Wishlists","",""
"","186","Disable - Valid","Personal Banking APIs - QA Test Suite","2026-09-25","failed","2026-09-25","Disable","Wallets, Transfers, Transactions & Fund Requests","",""
"","158","Admin Devices Reactivate - Invalid ID","Personal Banking APIs - QA Test Suite","2026-09-25","failed","2026-09-25","Admin Devices Reactivate","Login, Credentials, Security & Devices","",""
"","157","Approve Single Fund Request - No Auth","Personal Banking APIs - QA Test Suite","2026-09-25","passed","2026-09-25","Approve Single Fund Request","Wallets, Transfers, Transactions & Fund Requests","",""
"","173","Register With Phone - Valid","Personal Banking APIs - QA Test Suite","2026-09-25","failed","2026-09-25","Register With Phone","Customer Onboarding","",""
"","267","Requests Fetch Agents - Valid","Personal Banking APIs - QA Test Suite","2026-09-25","failed","2026-09-25","Requests Fetch Agents","Customer Cards","",""
"","147","Wishlist Config Edit - Empty Fields","Personal Banking APIs - QA Test Suite","2026-09-25","failed","2026-09-25","Wishlist Config Edit","Rewards, Cash Tokens & Wishlists","",""
"","160","Purchase Epin - Invalid Amount","Personal Banking APIs - QA Test Suite","2026-09-25","passed","2026-09-25","Purchase Epin","Airtime, Data, Bills & VAS Beneficiaries","",""
"","240","Young Moni Documents - Invalid Query","Personal Banking APIs - QA Test Suite","2026-09-25","failed","2026-09-25","Young Moni Documents","KYC, Tier Upgrades & Young Moni","",""
"","160","Inter Transfer - Invalid Token Or PIN","Personal Banking APIs - QA Test Suite","2026-09-25","passed","2026-09-25","Inter Transfer","Wallets, Transfers, Transactions & Fund Requests","",""
"","151","Wallet - Invalid Query","Personal Banking APIs - QA Test Suite","2026-09-25","failed","2026-09-25","Wallet","Target Savings","",""
"","277","Admin Coins Redemption Rules - No Auth","Personal Banking APIs - QA Test Suite","2026-09-25","passed","2026-09-25","Admin Coins Redemption Rules","Rewards, Cash Tokens & Wishlists","",""
"","208","Wallet Download Target Statement - Valid","Personal Banking APIs - QA Test Suite","2026-09-25","failed","2026-09-25","Wallet Download Target Statement","Target Savings","",""
"","156","List - Invalid Query","Personal Banking APIs - QA Test Suite","2026-09-25","failed","2026-09-25","List","Insurance","",""
"","279","Admin Games Sessions - No Auth","Personal Banking APIs - QA Test Suite","2026-09-25","passed","2026-09-25","Admin Games Sessions","Rewards, Cash Tokens & Wishlists","",""
"","338","Admin Games - Invalid Query","Personal Banking APIs - QA Test Suite","2026-09-25","failed","2026-09-25","Admin Games","Rewards, Cash Tokens & Wishlists","",""
"","168","List - No Auth","Personal Banking APIs - QA Test Suite","2026-09-25","passed","2026-09-25","List","Airtime, Data, Bills & VAS Beneficiaries","",""
"","180","Inflow Outflow Analytics - No Auth","Personal Banking APIs - QA Test Suite","2026-09-25","passed","2026-09-25","Inflow Outflow Analytics","Wallets, Transfers, Transactions & Fund Requests","",""
"","184","Update Identity - Invalid Status Or Type","Personal Banking APIs - QA Test Suite","2026-09-25","passed","2026-09-25","Update Identity","KYC, Tier Upgrades & Young Moni","",""
"","272","Intra Transfer - Missing Required Field","Personal Banking APIs - QA Test Suite","2026-09-25","passed","2026-09-25","Intra Transfer","Wallets, Transfers, Transactions & Fund Requests","",""
"","149","Games Check Eligibility - No Auth","Personal Banking APIs - QA Test Suite","2026-09-25","passed","2026-09-25","Games Check Eligibility","Rewards, Cash Tokens & Wishlists","",""
"","238","Admin Coins Redemption Rules - Empty Fields","Personal Banking APIs - QA Test Suite","2026-09-25","failed","2026-09-25","Admin Coins Redemption Rules","Rewards, Cash Tokens & Wishlists","",""
"","156","Transactions Update Spend Wallet - Invalid ID","Personal Banking APIs - QA Test Suite","2026-09-25","passed","2026-09-25","Transactions Update Spend Wallet","Save & Spend","",""
"","193","Overview - Valid","Personal Banking APIs - QA Test Suite","2026-09-25","passed","2026-09-25","Overview","Customer Profile, Accounts & Beneficiaries","",""
"","165","Admin Upload Documents - Missing Required Field","Personal Banking APIs - QA Test Suite","2026-09-25","passed","2026-09-25","Admin Upload Documents","KYC, Tier Upgrades & Young Moni","",""
"","210","Young Moni Documents - No Auth","Personal Banking APIs - QA Test Suite","2026-09-25","passed","2026-09-25","Young Moni Documents","KYC, Tier Upgrades & Young Moni","",""
"","167","Admin Upload Documents - Valid","Personal Banking APIs - QA Test Suite","2026-09-25","failed","2026-09-25","Admin Upload Documents","KYC, Tier Upgrades & Young Moni","",""
"","145","Perform Action - No Auth","Personal Banking APIs - QA Test Suite","2026-09-25","passed","2026-09-25","Perform Action","Rewards, Cash Tokens & Wishlists","",""
"","156","Create Sub Account - No Auth","Personal Banking APIs - QA Test Suite","2026-09-25","passed","2026-09-25","Create Sub Account","Customer Profile, Accounts & Beneficiaries","",""
"","169","Channel Settings - Invalid Query","Personal Banking APIs - QA Test Suite","2026-09-25","failed","2026-09-25","Channel Settings","Customer Cards","",""
"","163","Admin Admin Upgrade To Merchant - Empty Fields","Personal Banking APIs - QA Test Suite","2026-09-25","failed","2026-09-25","Admin Admin Upgrade To Merchant","KYC, Tier Upgrades & Young Moni","",""
"","171","List - Invalid Query","Personal Banking APIs - QA Test Suite","2026-09-25","failed","2026-09-25","List","Airtime, Data, Bills & VAS Beneficiaries","",""
"","182","Redeem Coins - Valid","Personal Banking APIs - QA Test Suite","2026-09-25","failed","2026-09-25","Redeem Coins","Rewards, Cash Tokens & Wishlists","",""
"","169","Verify Reset Token - Empty Fields","Personal Banking APIs - QA Test Suite","2026-09-25","passed","2026-09-25","Verify Reset Token","Login, Credentials, Security & Devices","",""
"","168","Transactions Evaluate Break - Empty Fields","Personal Banking APIs - QA Test Suite","2026-09-25","passed","2026-09-25","Transactions Evaluate Break","Target Savings","",""
"","151","Types Get Supa Lock Special Interest - Invalid Query","Personal Banking APIs - QA Test Suite","2026-09-25","failed","2026-09-25","Types Get Supa Lock Special Interest","Supalock Savings","",""
"","184","Tier Zero Upgrade - Empty Fields","Personal Banking APIs - QA Test Suite","2026-09-25","passed","2026-09-25","Tier Zero Upgrade","KYC, Tier Upgrades & Young Moni","",""
"","356","Check Email / Phone Availability - Missing Required Field","Personal Banking APIs - QA Test Suite","2026-09-25","failed","2026-09-25","Check Email / Phone Availability","Customer Onboarding","",""
"","164","Initiate Email Update - Empty Fields","Personal Banking APIs - QA Test Suite","2026-09-25","passed","2026-09-25","Initiate Email Update","KYC, Tier Upgrades & Young Moni","",""
"","158","Account Officer Rate Officer - No Auth","Personal Banking APIs - QA Test Suite","2026-09-25","passed","2026-09-25","Account Officer Rate Officer","Customer Profile, Accounts & Beneficiaries","",""
"","168","Toolkit Accounts - Nonexistent ID","Personal Banking APIs - QA Test Suite","2026-09-25","failed","2026-09-25","Toolkit Accounts","Customer Profile, Accounts & Beneficiaries","",""
"","169","Young Moni Initiate Account Without Identity - Empty Fields","Personal Banking APIs - QA Test Suite","2026-09-25","failed","2026-09-25","Young Moni Initiate Account Without Identity","Customer Profile, Accounts & Beneficiaries","",""
"","264","Reject Bulk Fund Request - Invalid Token Or PIN","Personal Banking APIs - QA Test Suite","2026-09-25","failed","2026-09-25","Reject Bulk Fund Request","Wallets, Transfers, Transactions & Fund Requests","",""
"","160","Destroy - No Auth","Personal Banking APIs - QA Test Suite","2026-09-25","passed","2026-09-25","Destroy","Customer Profile, Accounts & Beneficiaries","",""
"","155","Payment Merchant - Invalid ID","Personal Banking APIs - QA Test Suite","2026-09-25","passed","2026-09-25","Payment Merchant","Customer Cards","",""
"","166","Repay - Valid","Personal Banking APIs - QA Test Suite","2026-09-25","failed","2026-09-25","Repay","Kolo Connect Advances","",""
"","157","Channel Settings - Nonexistent ID","Personal Banking APIs - QA Test Suite","2026-09-25","passed","2026-09-25","Channel Settings","Customer Cards","",""
"","226","Winner Dismiss Action - Invalid Token Or PIN","Personal Banking APIs - QA Test Suite","2026-09-25","failed","2026-09-25","Winner Dismiss Action","Rewards, Cash Tokens & Wishlists","",""
"","183","Get Cable Providers - No Auth","Personal Banking APIs - QA Test Suite","2026-09-25","passed","2026-09-25","Get Cable Providers","Airtime, Data, Bills & VAS Beneficiaries","",""
"","166","Intra Name Enquiry - Empty Fields","Personal Banking APIs - QA Test Suite","2026-09-25","passed","2026-09-25","Intra Name Enquiry","Wallets, Transfers, Transactions & Fund Requests","",""
"","165","Tier One Upgrade - Valid","Personal Banking APIs - QA Test Suite","2026-09-25","failed","2026-09-25","Tier One Upgrade","KYC, Tier Upgrades & Young Moni","",""
"","218","Winner - Valid","Personal Banking APIs - QA Test Suite","2026-09-25","passed","2026-09-25","Winner","Rewards, Cash Tokens & Wishlists","",""
"","276","Repayment Plan - Nonexistent ID","Personal Banking APIs - QA Test Suite","2026-09-25","failed","2026-09-25","Repayment Plan","Kolo Connect Advances","",""
"","155","Retrieve - Invalid Query","Personal Banking APIs - QA Test Suite","2026-09-25","failed","2026-09-25","Retrieve","Customer Cards","",""
"","157","Withdraw Supalock - Nonexistent ID","Personal Banking APIs - QA Test Suite","2026-09-25","failed","2026-09-25","Withdraw Supalock","Supalock Savings","",""
"","310","Admin List Documents - Valid","Personal Banking APIs - QA Test Suite","2026-09-25","failed","2026-09-25","Admin List Documents","KYC, Tier Upgrades & Young Moni","",""
"","170","Reward With Airtime - Valid","Personal Banking APIs - QA Test Suite","2026-09-25","failed","2026-09-25","Reward With Airtime","Rewards, Cash Tokens & Wishlists","",""
"","203","Block - Nonexistent ID","Personal Banking APIs - QA Test Suite","2026-09-25","passed","2026-09-25","Block","Customer Cards","",""
"","144","Terms - No Auth","Personal Banking APIs - QA Test Suite","2026-09-25","passed","2026-09-25","Terms","Rewards, Cash Tokens & Wishlists","",""
"","153","Channel Settings - Missing Required Field","Personal Banking APIs - QA Test Suite","2026-09-25","failed","2026-09-25","Channel Settings","Customer Cards","",""
"","155","Proposed Contributor - Missing Required Field","Personal Banking APIs - QA Test Suite","2026-09-25","passed","2026-09-25","Proposed Contributor","Rewards, Cash Tokens & Wishlists","",""
"","154","Account Officer View Rating - No Auth","Personal Banking APIs - QA Test Suite","2026-09-25","passed","2026-09-25","Account Officer View Rating","Customer Profile, Accounts & Beneficiaries","",""
"","168","Verify NIN (Choose BVN or NIN) - Empty Fields","Personal Banking APIs - QA Test Suite","2026-09-25","passed","2026-09-25","Verify NIN (Choose BVN or NIN)","Customer Onboarding","",""
"","169","Retrieve - Invalid Query","Personal Banking APIs - QA Test Suite","2026-09-25","failed","2026-09-25","Retrieve","Airtime, Data, Bills & VAS Beneficiaries","",""
"","294","List - Valid","Personal Banking APIs - QA Test Suite","2026-09-25","passed","2026-09-25","List","Customer Profile, Accounts & Beneficiaries","",""
"","146","Types - No Auth","Personal Banking APIs - QA Test Suite","2026-09-25","passed","2026-09-25","Types","Supalock Savings","",""
"","216","Channel Settings - Invalid Token Or PIN","Personal Banking APIs - QA Test Suite","2026-09-25","failed","2026-09-25","Channel Settings","Customer Cards","",""
"","311","Borrow - Invalid Status Or Type","Personal Banking APIs - QA Test Suite","2026-09-25","failed","2026-09-25","Borrow","Kolo Connect Advances","",""
"","175","Reset Login Pin - No Auth","Personal Banking APIs - QA Test Suite","2026-09-25","passed","2026-09-25","Reset Login Pin","Login, Credentials, Security & Devices","",""
"","184","Create Her Wealth - No Auth","Personal Banking APIs - QA Test Suite","2026-09-25","passed","2026-09-25","Create Her Wealth","Customer Profile, Accounts & Beneficiaries","",""
"","167","List - Valid","Personal Banking APIs - QA Test Suite","2026-09-25","passed","2026-09-25","List","Customer Profile, Accounts & Beneficiaries","",""
"","162","Young Moni Documents - Valid","Personal Banking APIs - QA Test Suite","2026-09-25","failed","2026-09-25","Young Moni Documents","KYC, Tier Upgrades & Young Moni","",""
"","177","Admin Coins Redemption Rules - Valid","Personal Banking APIs - QA Test Suite","2026-09-25","failed","2026-09-25","Admin Coins Redemption Rules","Rewards, Cash Tokens & Wishlists","",""
"","175","Games Get Rewards - No Auth","Personal Banking APIs - QA Test Suite","2026-09-25","passed","2026-09-25","Games Get Rewards","Rewards, Cash Tokens & Wishlists","",""
"","164","Update Credit Stage - Valid","Personal Banking APIs - QA Test Suite","2026-09-25","failed","2026-09-25","Update Credit Stage","Wallets, Transfers, Transactions & Fund Requests","",""
"","172","Terms Terms And Rewards - Valid","Personal Banking APIs - QA Test Suite","2026-09-25","passed","2026-09-25","Terms Terms And Rewards","Rewards, Cash Tokens & Wishlists","",""
"","219","Providers - No Auth","Personal Banking APIs - QA Test Suite","2026-09-25","passed","2026-09-25","Providers","Insurance","",""
"","154","Payment Merchant - Missing Required Field","Personal Banking APIs - QA Test Suite","2026-09-25","failed","2026-09-25","Payment Merchant","Customer Cards","",""
"","236","Admin Coins Rules - Valid","Personal Banking APIs - QA Test Suite","2026-09-25","failed","2026-09-25","Admin Coins Rules","Rewards, Cash Tokens & Wishlists","",""
"","167","Unblock - Valid","Personal Banking APIs - QA Test Suite","2026-09-25","failed","2026-09-25","Unblock","Customer Cards","",""
"","237","Get Item - No Auth","Personal Banking APIs - QA Test Suite","2026-09-25","failed","2026-09-25","Get Item","Rewards, Cash Tokens & Wishlists","",""
"","239","Providers - Invalid Query","Personal Banking APIs - QA Test Suite","2026-09-25","failed","2026-09-25","Providers","Insurance","",""
"","152","Transactions - Invalid Query","Personal Banking APIs - QA Test Suite","2026-09-25","failed","2026-09-25","Transactions","Supalock Savings","",""
"","163","Transactions - Nonexistent ID","Personal Banking APIs - QA Test Suite","2026-09-25","passed","2026-09-25","Transactions","Target Savings","",""
"","153","Wallet Interest Balance - Nonexistent ID","Personal Banking APIs - QA Test Suite","2026-09-25","failed","2026-09-25","Wallet Interest Balance","Save & Spend","",""
"","146","List Schedule Payments - No Auth","Personal Banking APIs - QA Test Suite","2026-09-25","passed","2026-09-25","List Schedule Payments","Scheduled Payments","",""
"","190","Verify BVN (Choose BVN or NIN) - Valid","Personal Banking APIs - QA Test Suite","2026-09-25","failed","2026-09-25","Verify BVN (Choose BVN or NIN)","Customer Onboarding","",""
"","160","Purchase Jamb - Invalid Token Or PIN","Personal Banking APIs - QA Test Suite","2026-09-25","passed","2026-09-25","Purchase Jamb","Airtime, Data, Bills & VAS Beneficiaries","",""
"","332","Admin Games Sessions - No Auth","Personal Banking APIs - QA Test Suite","2026-09-25","passed","2026-09-25","Admin Games Sessions","Rewards, Cash Tokens & Wishlists","",""
"","169","List - Valid","Personal Banking APIs - QA Test Suite","2026-09-25","failed","2026-09-25","List","Kolo Connect Advances","",""
"","219","Purchase Waec - Invalid Amount","Personal Banking APIs - QA Test Suite","2026-09-25","passed","2026-09-25","Purchase Waec","Airtime, Data, Bills & VAS Beneficiaries","",""
"","166","Wallet - Valid","Personal Banking APIs - QA Test Suite","2026-09-25","failed","2026-09-25","Wallet","Save & Spend","",""
"","147","Transactions Deposit - Invalid Amount","Personal Banking APIs - QA Test Suite","2026-09-25","passed","2026-09-25","Transactions Deposit","Target Savings","",""
"","179","Admin Coins Redemption Rules - Missing Required Field","Personal Banking APIs - QA Test Suite","2026-09-25","failed","2026-09-25","Admin Coins Redemption Rules","Rewards, Cash Tokens & Wishlists","",""
"","190","Games Card Match - Empty Fields","Personal Banking APIs - QA Test Suite","2026-09-25","passed","2026-09-25","Games Card Match","Rewards, Cash Tokens & Wishlists","",""
"","164","Find Customers By Phone - Missing Required Field","Personal Banking APIs - QA Test Suite","2026-09-25","passed","2026-09-25","Find Customers By Phone","Customer Profile, Accounts & Beneficiaries","",""
"","152","Proposed Contributor - Invalid Amount","Personal Banking APIs - QA Test Suite","2026-09-25","passed","2026-09-25","Proposed Contributor","Rewards, Cash Tokens & Wishlists","",""
"","158","Young Moni Documents Action Document - No Auth","Personal Banking APIs - QA Test Suite","2026-09-25","passed","2026-09-25","Young Moni Documents Action Document","KYC, Tier Upgrades & Young Moni","",""
"","290","Transactions - Valid","Personal Banking APIs - QA Test Suite","2026-09-25","passed","2026-09-25","Transactions","Save & Spend","",""
"","238","Create Transaction Pin - No Auth","Personal Banking APIs - QA Test Suite","2026-09-25","passed","2026-09-25","Create Transaction Pin","Login, Credentials, Security & Devices","",""
"","154","Requests Request Card - Invalid Token Or PIN","Personal Banking APIs - QA Test Suite","2026-09-25","passed","2026-09-25","Requests Request Card","Customer Cards","",""
"","255","Add Item - Valid","Personal Banking APIs - QA Test Suite","2026-09-25","failed","2026-09-25","Add Item","Rewards, Cash Tokens & Wishlists","",""
"","167","Disable - Nonexistent ID","Personal Banking APIs - QA Test Suite","2026-09-25","failed","2026-09-25","Disable","Wallets, Transfers, Transactions & Fund Requests","",""
"","164","List - Valid","Personal Banking APIs - QA Test Suite","2026-09-25","failed","2026-09-25","List","Wallets, Transfers, Transactions & Fund Requests","",""
"","167","Create Sub Account - Valid","Personal Banking APIs - QA Test Suite","2026-09-25","failed","2026-09-25","Create Sub Account","Customer Profile, Accounts & Beneficiaries","",""
"","195","Intra Transfer - Invalid Amount","Personal Banking APIs - QA Test Suite","2026-09-25","passed","2026-09-25","Intra Transfer","Wallets, Transfers, Transactions & Fund Requests","",""
"","173","Validate Smart Card - Missing Required Field","Personal Banking APIs - QA Test Suite","2026-09-25","failed","2026-09-25","Validate Smart Card","Airtime, Data, Bills & VAS Beneficiaries","",""
"","261","Intra Account Transfer - Missing Required Field","Personal Banking APIs - QA Test Suite","2026-09-25","passed","2026-09-25","Intra Account Transfer","Wallets, Transfers, Transactions & Fund Requests","",""
"","167","Purchase Electricity - Invalid Amount","Personal Banking APIs - QA Test Suite","2026-09-25","passed","2026-09-25","Purchase Electricity","Airtime, Data, Bills & VAS Beneficiaries","",""
"","145","Wallet - No Auth","Personal Banking APIs - QA Test Suite","2026-09-25","passed","2026-09-25","Wallet","SWAG Savings","",""
"","164","Setup Liveness Image - Valid","Personal Banking APIs - QA Test Suite","2026-09-25","failed","2026-09-25","Setup Liveness Image","Login, Credentials, Security & Devices","",""
"","168","Retrieve - Nonexistent ID","Personal Banking APIs - QA Test Suite","2026-09-25","failed","2026-09-25","Retrieve","Supalock Savings","",""
"","150","Wallet - Invalid Query","Personal Banking APIs - QA Test Suite","2026-09-25","failed","2026-09-25","Wallet","Save & Spend","",""
"","165","Register With Phone - Empty Fields","Personal Banking APIs - QA Test Suite","2026-09-25","passed","2026-09-25","Register With Phone","Customer Onboarding","",""
"","264","Retrieve - Nonexistent ID","Personal Banking APIs - QA Test Suite","2026-09-25","failed","2026-09-25","Retrieve","Wallets, Transfers, Transactions & Fund Requests","",""
"","213","Channel Settings - Valid","Personal Banking APIs - QA Test Suite","2026-09-25","failed","2026-09-25","Channel Settings","Customer Cards","",""
"","145","Youngmoni Transfer - No Auth","Personal Banking APIs - QA Test Suite","2026-09-25","passed","2026-09-25","Youngmoni Transfer","Scheduled Payments","",""
"","159","Info - No Auth","Personal Banking APIs - QA Test Suite","2026-09-25","passed","2026-09-25","Info","Customer Profile, Accounts & Beneficiaries","",""
"","165","Disable - Missing Required Field","Personal Banking APIs - QA Test Suite","2026-09-25","failed","2026-09-25","Disable","Wallets, Transfers, Transactions & Fund Requests","",""
"","164","Update Single Transfer Limit - Invalid Amount","Personal Banking APIs - QA Test Suite","2026-09-25","passed","2026-09-25","Update Single Transfer Limit","Customer Profile, Accounts & Beneficiaries","",""
"","243","Intra Name Enquiry By Phone - Missing Required Field","Personal Banking APIs - QA Test Suite","2026-09-25","failed","2026-09-25","Intra Name Enquiry By Phone","Wallets, Transfers, Transactions & Fund Requests","",""
"","154","Requests Get Delivery Cost - Empty Fields","Personal Banking APIs - QA Test Suite","2026-09-25","passed","2026-09-25","Requests Get Delivery Cost","Customer Cards","",""
"","194","List Documents - Invalid ID","Personal Banking APIs - QA Test Suite","2026-09-25","passed","2026-09-25","List Documents","KYC, Tier Upgrades & Young Moni","",""
"","156","Update Request Recipients - No Auth","Personal Banking APIs - QA Test Suite","2026-09-25","passed","2026-09-25","Update Request Recipients","Wallets, Transfers, Transactions & Fund Requests","",""
"","178","Transactions Break Wallet - No Auth","Personal Banking APIs - QA Test Suite","2026-09-25","failed","2026-09-25","Transactions Break Wallet","Save & Spend","",""
"","154","Repay - Empty Fields","Personal Banking APIs - QA Test Suite","2026-09-25","failed","2026-09-25","Repay","Kolo Connect Advances","",""
"","167","Intra Name Enquiry By Phone - Valid","Personal Banking APIs - QA Test Suite","2026-09-25","failed","2026-09-25","Intra Name Enquiry By Phone","Wallets, Transfers, Transactions & Fund Requests","",""
"","146","Transactions Create Wallet - Invalid Amount","Personal Banking APIs - QA Test Suite","2026-09-25","passed","2026-09-25","Transactions Create Wallet","Target Savings","",""
"","166","Retrieve - Valid","Personal Banking APIs - QA Test Suite","2026-09-25","failed","2026-09-25","Retrieve","Wallets, Transfers, Transactions & Fund Requests","",""
"","161","Transactions Update Spend Wallet - Valid","Personal Banking APIs - QA Test Suite","2026-09-25","failed","2026-09-25","Transactions Update Spend Wallet","Save & Spend","",""
"","355","Admin Games Sessions - Valid","Personal Banking APIs - QA Test Suite","2026-09-25","failed","2026-09-25","Admin Games Sessions","Rewards, Cash Tokens & Wishlists","",""
"","169","Tier One Upgrade - Missing Required Field","Personal Banking APIs - QA Test Suite","2026-09-25","passed","2026-09-25","Tier One Upgrade","KYC, Tier Upgrades & Young Moni","",""
"","303","Admin Games Rewards - Invalid Query","Personal Banking APIs - QA Test Suite","2026-09-25","failed","2026-09-25","Admin Games Rewards","Rewards, Cash Tokens & Wishlists","",""
"","156","Kyc Level Count - No Auth","Personal Banking APIs - QA Test Suite","2026-09-25","passed","2026-09-25","Kyc Level Count","Customer Profile, Accounts & Beneficiaries","",""
"","158","List - No Auth","Personal Banking APIs - QA Test Suite","2026-09-25","passed","2026-09-25","List","Customer Cards","",""
"","156","Add Item - Invalid Status Or Type","Personal Banking APIs - QA Test Suite","2026-09-25","failed","2026-09-25","Add Item","Rewards, Cash Tokens & Wishlists","",""
"","186","Register With Phone - Missing Required Field","Personal Banking APIs - QA Test Suite","2026-09-25","passed","2026-09-25","Register With Phone","Customer Onboarding","",""
"","156","Types - Empty Fields","Personal Banking APIs - QA Test Suite","2026-09-25","failed","2026-09-25","Types","Supalock Savings","",""
"","151","Wallet - Invalid Query","Personal Banking APIs - QA Test Suite","2026-09-25","failed","2026-09-25","Wallet","SWAG Savings","",""
"","250","Borrow - Invalid Amount","Personal Banking APIs - QA Test Suite","2026-09-25","failed","2026-09-25","Borrow","Kolo Connect Advances","",""
"","163","Young Moni Documents Action Document - Invalid ID","Personal Banking APIs - QA Test Suite","2026-09-25","failed","2026-09-25","Young Moni Documents Action Document","KYC, Tier Upgrades & Young Moni","",""
"","164","Admin Admin Submit - Missing Required Field","Personal Banking APIs - QA Test Suite","2026-09-25","failed","2026-09-25","Admin Admin Submit","KYC, Tier Upgrades & Young Moni","",""
"","219","Admin Coins Rules - Invalid ID","Personal Banking APIs - QA Test Suite","2026-09-25","failed","2026-09-25","Admin Coins Rules","Rewards, Cash Tokens & Wishlists","",""
"","201","Update Location - Missing Required Field","Personal Banking APIs - QA Test Suite","2026-09-25","failed","2026-09-25","Update Location","Login, Credentials, Security & Devices","",""
"","273","Transactions - Valid","Personal Banking APIs - QA Test Suite","2026-09-25","passed","2026-09-25","Transactions","Wallets, Transfers, Transactions & Fund Requests","",""
"","149","Transactions Withdraw Principal - Empty Fields","Personal Banking APIs - QA Test Suite","2026-09-25","passed","2026-09-25","Transactions Withdraw Principal","SWAG Savings","",""
"","168","Tier One Upgrade With BVN - Valid","Personal Banking APIs - QA Test Suite","2026-09-25","failed","2026-09-25","Tier One Upgrade With BVN","KYC, Tier Upgrades & Young Moni","",""
"","268","Payment Merchant - Nonexistent ID","Personal Banking APIs - QA Test Suite","2026-09-25","passed","2026-09-25","Payment Merchant","Customer Cards","",""
"","174","Request Alias Phone Verification - Empty Fields","Personal Banking APIs - QA Test Suite","2026-09-25","passed","2026-09-25","Request Alias Phone Verification","Customer Profile, Accounts & Beneficiaries","",""
"","157","Retrieve - No Auth","Personal Banking APIs - QA Test Suite","2026-09-25","passed","2026-09-25","Retrieve","Wallets, Transfers, Transactions & Fund Requests","",""
"","182","Young Moni Validate Details Without Identity - Valid","Personal Banking APIs - QA Test Suite","2026-09-25","failed","2026-09-25","Young Moni Validate Details Without Identity","Customer Profile, Accounts & Beneficiaries","",""
"","168","List - Invalid Query","Personal Banking APIs - QA Test Suite","2026-09-25","failed","2026-09-25","List","Wallets, Transfers, Transactions & Fund Requests","",""
"","202","Dismiss Action - Empty Fields","Personal Banking APIs - QA Test Suite","2026-09-25","failed","2026-09-25","Dismiss Action","KYC, Tier Upgrades & Young Moni","",""
"","244","Verify Email OTP - Valid","Personal Banking APIs - QA Test Suite","2026-09-25","failed","2026-09-25","Verify Email OTP","Customer Onboarding","",""
"","158","Request Phone Verification - Empty Fields","Personal Banking APIs - QA Test Suite","2026-09-25","failed","2026-09-25","Request Phone Verification","Login, Credentials, Security & Devices","",""
"","161","Upload Bulk Fund Request - No Auth","Personal Banking APIs - QA Test Suite","2026-09-25","failed","2026-09-25","Upload Bulk Fund Request","Wallets, Transfers, Transactions & Fund Requests","",""
"","167","Partial - Invalid ID","Personal Banking APIs - QA Test Suite","2026-09-25","failed","2026-09-25","Partial","Customer Profile, Accounts & Beneficiaries","",""
"","160","Renew Insurance - Missing Required Field","Personal Banking APIs - QA Test Suite","2026-09-25","passed","2026-09-25","Renew Insurance","Insurance","",""
"","200","Continue With Email - Empty Fields","Personal Banking APIs - QA Test Suite","2026-09-25","passed","2026-09-25","Continue With Email","Customer Onboarding","",""
"","148","Youngmoni Transfer - Empty Fields","Personal Banking APIs - QA Test Suite","2026-09-25","passed","2026-09-25","Youngmoni Transfer","Scheduled Payments","",""
"","169","List - Invalid Query","Personal Banking APIs - QA Test Suite","2026-09-25","failed","2026-09-25","List","Customer Profile, Accounts & Beneficiaries","",""
"","306","Admin - Invalid ID","Personal Banking APIs - QA Test Suite","2026-09-25","failed","2026-09-25","Admin","KYC, Tier Upgrades & Young Moni","",""
"","290","Verify Token - Empty Fields","Personal Banking APIs - QA Test Suite","2026-09-25","passed","2026-09-25","Verify Token","Login, Credentials, Security & Devices","",""
"","154","Perform Action - Missing Required Field","Personal Banking APIs - QA Test Suite","2026-09-25","failed","2026-09-25","Perform Action","Rewards, Cash Tokens & Wishlists","",""
"","158","List - No Auth","Personal Banking APIs - QA Test Suite","2026-09-25","passed","2026-09-25","List","Wallets, Transfers, Transactions & Fund Requests","",""
"","151","Transactions - Invalid ID","Personal Banking APIs - QA Test Suite","2026-09-25","failed","2026-09-25","Transactions","SWAG Savings","",""
"","163","List - No Auth","Personal Banking APIs - QA Test Suite","2026-09-25","passed","2026-09-25","List","Airtime, Data, Bills & VAS Beneficiaries","",""
"","177","Requests Get Delivery Cost - Valid","Personal Banking APIs - QA Test Suite","2026-09-25","failed","2026-09-25","Requests Get Delivery Cost","Customer Cards","",""
"","227","Withdraw - Empty Fields","Personal Banking APIs - QA Test Suite","2026-09-25","failed","2026-09-25","Withdraw","Rewards, Cash Tokens & Wishlists","",""
"","190","Enabled Setting - Valid","Personal Banking APIs - QA Test Suite","2026-09-25","failed","2026-09-25","Enabled Setting","Wallets, Transfers, Transactions & Fund Requests","",""
"","520","Get Cable Providers - Valid","Personal Banking APIs - QA Test Suite","2026-09-25","passed","2026-09-25","Get Cable Providers","Airtime, Data, Bills & VAS Beneficiaries","",""
"","150","Transactions Break Wallet - Missing Required Field","Personal Banking APIs - QA Test Suite","2026-09-25","passed","2026-09-25","Transactions Break Wallet","Save & Spend","",""
"","171","Add Item - Invalid ID","Personal Banking APIs - QA Test Suite","2026-09-25","passed","2026-09-25","Add Item","Rewards, Cash Tokens & Wishlists","",""
"","215","Add Item - Missing Required Field","Personal Banking APIs - QA Test Suite","2026-09-25","failed","2026-09-25","Add Item","Rewards, Cash Tokens & Wishlists","",""
"","204","List - No Auth","Personal Banking APIs - QA Test Suite","2026-09-25","passed","2026-09-25","List","Airtime, Data, Bills & VAS Beneficiaries","",""
"","411","Retrieve - Invalid Query","Personal Banking APIs - QA Test Suite","2026-09-25","failed","2026-09-25","Retrieve","Customer Profile, Accounts & Beneficiaries","",""
"","237","Verify Reset Token - Missing Required Field","Personal Banking APIs - QA Test Suite","2026-09-25","passed","2026-09-25","Verify Reset Token","Login, Credentials, Security & Devices","",""
"","152","Games Card Match - Missing Required Field","Personal Banking APIs - QA Test Suite","2026-09-25","passed","2026-09-25","Games Card Match","Rewards, Cash Tokens & Wishlists","",""
"","175","Transfer - Missing Required Field","Personal Banking APIs - QA Test Suite","2026-09-25","passed","2026-09-25","Transfer","Scheduled Payments","",""
"","156","Reject Single Bulk Recipient - No Auth","Personal Banking APIs - QA Test Suite","2026-09-25","passed","2026-09-25","Reject Single Bulk Recipient","Wallets, Transfers, Transactions & Fund Requests","",""
"","148","Transactions Withdraw Interest - Valid","Personal Banking APIs - QA Test Suite","2026-09-25","failed","2026-09-25","Transactions Withdraw Interest","SWAG Savings","",""
"","160","Transactions Deposit - Empty Fields","Personal Banking APIs - QA Test Suite","2026-09-25","passed","2026-09-25","Transactions Deposit","Target Savings","",""
"","166","Fund Betting Wallet - Missing Required Field","Personal Banking APIs - QA Test Suite","2026-09-25","passed","2026-09-25","Fund Betting Wallet","Airtime, Data, Bills & VAS Beneficiaries","",""
"","165","Retrieve - Invalid Query","Personal Banking APIs - QA Test Suite","2026-09-25","failed","2026-09-25","Retrieve","Wallets, Transfers, Transactions & Fund Requests","",""
"","154","Retry Payment Schedule - Empty Fields","Personal Banking APIs - QA Test Suite","2026-09-25","passed","2026-09-25","Retry Payment Schedule","Scheduled Payments","",""
"","249","Validate Meter - Valid","Personal Banking APIs - QA Test Suite","2026-09-25","failed","2026-09-25","Validate Meter","Airtime, Data, Bills & VAS Beneficiaries","",""
"","212","Admin Coins Rules - Invalid Status Or Type","Personal Banking APIs - QA Test Suite","2026-09-25","failed","2026-09-25","Admin Coins Rules","Rewards, Cash Tokens & Wishlists","",""
"","175","Reset Pin - Valid","Personal Banking APIs - QA Test Suite","2026-09-25","failed","2026-09-25","Reset Pin","Customer Cards","",""
"","170","Reset Login Pin - Valid","Personal Banking APIs - QA Test Suite","2026-09-25","failed","2026-09-25","Reset Login Pin","Login, Credentials, Security & Devices","",""
"","244","Admin Games Rewards - Valid","Personal Banking APIs - QA Test Suite","2026-09-25","failed","2026-09-25","Admin Games Rewards","Rewards, Cash Tokens & Wishlists","",""
"","249","Update Tin - Empty Fields","Personal Banking APIs - QA Test Suite","2026-09-25","passed","2026-09-25","Update Tin","Customer Profile, Accounts & Beneficiaries","",""
"","175","Initiate Reset Transaction Pin - Invalid Query","Personal Banking APIs - QA Test Suite","2026-09-25","failed","2026-09-25","Initiate Reset Transaction Pin","Login, Credentials, Security & Devices","",""
"","145","Games Card Match - No Auth","Personal Banking APIs - QA Test Suite","2026-09-25","passed","2026-09-25","Games Card Match","Rewards, Cash Tokens & Wishlists","",""
"","199","Jamb Lookup - Valid","Personal Banking APIs - QA Test Suite","2026-09-25","failed","2026-09-25","Jamb Lookup","Airtime, Data, Bills & VAS Beneficiaries","",""
"","165","Update - Nonexistent ID","Personal Banking APIs - QA Test Suite","2026-09-25","failed","2026-09-25","Update","Scheduled Payments","",""
"","158","Initiate Liveness Setup - No Auth","Personal Banking APIs - QA Test Suite","2026-09-25","passed","2026-09-25","Initiate Liveness Setup","Login, Credentials, Security & Devices","",""
"","144","Wallet - No Auth","Personal Banking APIs - QA Test Suite","2026-09-25","passed","2026-09-25","Wallet","Target Savings","",""
"","157","Reset Transaction Pin - No Auth","Personal Banking APIs - QA Test Suite","2026-09-25","passed","2026-09-25","Reset Transaction Pin","Login, Credentials, Security & Devices","",""
"","146","Transactions Deposit - Missing Required Field","Personal Banking APIs - QA Test Suite","2026-09-25","passed","2026-09-25","Transactions Deposit","SWAG Savings","",""
"","156","Initiate Reset Card Pin - No Auth","Personal Banking APIs - QA Test Suite","2026-09-25","passed","2026-09-25","Initiate Reset Card Pin","Customer Cards","",""
"","163","Create - Missing Required Field","Personal Banking APIs - QA Test Suite","2026-09-25","failed","2026-09-25","Create","Airtime, Data, Bills & VAS Beneficiaries","",""
"","166","High Value Transactions - Valid","Personal Banking APIs - QA Test Suite","2026-09-25","passed","2026-09-25","High Value Transactions","Wallets, Transfers, Transactions & Fund Requests","",""
"","157","Transactions - Invalid ID","Personal Banking APIs - QA Test Suite","2026-09-25","passed","2026-09-25","Transactions","Target Savings","",""
"","162","Webhook Cashtoken Webhook - Valid","Personal Banking APIs - QA Test Suite","2026-09-25","failed","2026-09-25","Webhook Cashtoken Webhook","Rewards, Cash Tokens & Wishlists","",""
"","159","Reset Pin - Invalid ID","Personal Banking APIs - QA Test Suite","2026-09-25","passed","2026-09-25","Reset Pin","Customer Cards","",""
"","174","Activate - Nonexistent ID","Personal Banking APIs - QA Test Suite","2026-09-25","passed","2026-09-25","Activate","Customer Cards","",""
"","146","Winner - No Auth","Personal Banking APIs - QA Test Suite","2026-09-25","passed","2026-09-25","Winner","Rewards, Cash Tokens & Wishlists","",""
"","166","Initiate Email Update - Missing Required Field","Personal Banking APIs - QA Test Suite","2026-09-25","passed","2026-09-25","Initiate Email Update","KYC, Tier Upgrades & Young Moni","",""
"","234","Retrieve - Valid","Personal Banking APIs - QA Test Suite","2026-09-25","failed","2026-09-25","Retrieve","Airtime, Data, Bills & VAS Beneficiaries","",""
"","320","Admin Coins Redemption Rules - Valid","Personal Banking APIs - QA Test Suite","2026-09-25","failed","2026-09-25","Admin Coins Redemption Rules","Rewards, Cash Tokens & Wishlists","",""
"","178","Admin Coins Redemption Rules - No Auth","Personal Banking APIs - QA Test Suite","2026-09-25","passed","2026-09-25","Admin Coins Redemption Rules","Rewards, Cash Tokens & Wishlists","",""
"","160","Purchase Airtime - Invalid Amount","Personal Banking APIs - QA Test Suite","2026-09-25","passed","2026-09-25","Purchase Airtime","Airtime, Data, Bills & VAS Beneficiaries","",""
"","162","Purchase Epin - Valid","Personal Banking APIs - QA Test Suite","2026-09-25","failed","2026-09-25","Purchase Epin","Airtime, Data, Bills & VAS Beneficiaries","",""
"","197","List - No Auth","Personal Banking APIs - QA Test Suite","2026-09-25","passed","2026-09-25","List","Scheduled Payments","",""
"","156","Payment Merchant - No Auth","Personal Banking APIs - QA Test Suite","2026-09-25","passed","2026-09-25","Payment Merchant","Customer Cards","",""
"","156","Update - Invalid Status Or Type","Personal Banking APIs - QA Test Suite","2026-09-25","passed","2026-09-25","Update","Scheduled Payments","",""
"","163","Login - Invalid Token Or PIN","Personal Banking APIs - QA Test Suite","2026-09-25","passed","2026-09-25","Login","Login, Credentials, Security & Devices","",""
"","174","Partial - Nonexistent ID","Personal Banking APIs - QA Test Suite","2026-09-25","passed","2026-09-25","Partial","Airtime, Data, Bills & VAS Beneficiaries","",""
"","279","List - Valid","Personal Banking APIs - QA Test Suite","2026-09-25","failed","2026-09-25","List","Wallets, Transfers, Transactions & Fund Requests","",""
"","166","Airtime - No Auth","Personal Banking APIs - QA Test Suite","2026-09-25","passed","2026-09-25","Airtime","Scheduled Payments","",""
"","380","Retrieve - Nonexistent ID","Personal Banking APIs - QA Test Suite","2026-09-25","passed","2026-09-25","Retrieve","Customer Profile, Accounts & Beneficiaries","",""
"","251","Data Plans - Nonexistent ID","Personal Banking APIs - QA Test Suite","2026-09-25","failed","2026-09-25","Data Plans","Airtime, Data, Bills & VAS Beneficiaries","",""
"","175","Create - Valid","Personal Banking APIs - QA Test Suite","2026-09-25","failed","2026-09-25","Create","Customer Profile, Accounts & Beneficiaries","",""
"","185","Initiate Reset Login Pin - Valid","Personal Banking APIs - QA Test Suite","2026-09-25","failed","2026-09-25","Initiate Reset Login Pin","Login, Credentials, Security & Devices","",""
"","228","Reject Bulk Fund Request - Empty Fields","Personal Banking APIs - QA Test Suite","2026-09-25","failed","2026-09-25","Reject Bulk Fund Request","Wallets, Transfers, Transactions & Fund Requests","",""
"","166","Update Identity - Valid","Personal Banking APIs - QA Test Suite","2026-09-25","failed","2026-09-25","Update Identity","KYC, Tier Upgrades & Young Moni","",""
"","158","Retrieve - No Auth","Personal Banking APIs - QA Test Suite","2026-09-25","passed","2026-09-25","Retrieve","Airtime, Data, Bills & VAS Beneficiaries","",""
"","165","Admin Complete Upgrade Request - Nonexistent ID","Personal Banking APIs - QA Test Suite","2026-09-25","failed","2026-09-25","Admin Complete Upgrade Request","KYC, Tier Upgrades & Young Moni","",""
"","200","Get Suggestions - No Auth","Personal Banking APIs - QA Test Suite","2026-09-25","passed","2026-09-25","Get Suggestions","Customer Profile, Accounts & Beneficiaries","",""
"","149","Update - Empty Fields","Personal Banking APIs - QA Test Suite","2026-09-25","passed","2026-09-25","Update","Scheduled Payments","",""
"","177","Validate Smart Card - Invalid Status Or Type","Personal Banking APIs - QA Test Suite","2026-09-25","failed","2026-09-25","Validate Smart Card","Airtime, Data, Bills & VAS Beneficiaries","",""
"","447","List - Valid","Personal Banking APIs - QA Test Suite","2026-09-25","passed","2026-09-25","List","Airtime, Data, Bills & VAS Beneficiaries","",""
"","166","Transactions Create Wallet Product Specific - Empty Fields","Personal Banking APIs - QA Test Suite","2026-09-25","passed","2026-09-25","Transactions Create Wallet Product Specific","Target Savings","",""
"","317","Admin Coins Rules - Invalid Query","Personal Banking APIs - QA Test Suite","2026-09-25","failed","2026-09-25","Admin Coins Rules","Rewards, Cash Tokens & Wishlists","",""
"","166","Update Credit Stage - No Auth","Personal Banking APIs - QA Test Suite","2026-09-25","passed","2026-09-25","Update Credit Stage","Wallets, Transfers, Transactions & Fund Requests","",""
"","163","Partial - Missing Required Field","Personal Banking APIs - QA Test Suite","2026-09-25","failed","2026-09-25","Partial","Customer Profile, Accounts & Beneficiaries","",""
"","216","Intra Transfer - Invalid Token Or PIN","Personal Banking APIs - QA Test Suite","2026-09-25","passed","2026-09-25","Intra Transfer","Wallets, Transfers, Transactions & Fund Requests","",""
"","167","Admin Admin Upgrade To Merchant - Valid","Personal Banking APIs - QA Test Suite","2026-09-25","failed","2026-09-25","Admin Admin Upgrade To Merchant","KYC, Tier Upgrades & Young Moni","",""
"","161","Purchase Waec - Invalid Token Or PIN","Personal Banking APIs - QA Test Suite","2026-09-25","passed","2026-09-25","Purchase Waec","Airtime, Data, Bills & VAS Beneficiaries","",""
"","206","Fee Settings - Valid","Personal Banking APIs - QA Test Suite","2026-09-25","passed","2026-09-25","Fee Settings","Customer Cards","",""
"","167","Admin Reject Upgrade Request - Nonexistent ID","Personal Banking APIs - QA Test Suite","2026-09-25","failed","2026-09-25","Admin Reject Upgrade Request","KYC, Tier Upgrades & Young Moni","",""
"","168","Tier Two Upgrade - Empty Fields","Personal Banking APIs - QA Test Suite","2026-09-25","passed","2026-09-25","Tier Two Upgrade","KYC, Tier Upgrades & Young Moni","",""
"","162","List - Invalid Query","Personal Banking APIs - QA Test Suite","2026-09-25","failed","2026-09-25","List","Kolo Connect Advances","",""
"","154","Types - Invalid Amount","Personal Banking APIs - QA Test Suite","2026-09-25","failed","2026-09-25","Types","Supalock Savings","",""
"","151","Transactions Create Wallet - Missing Required Field","Personal Banking APIs - QA Test Suite","2026-09-25","passed","2026-09-25","Transactions Create Wallet","Target Savings","",""
"","173","Inter Name Enquiry - Missing Required Field","Personal Banking APIs - QA Test Suite","2026-09-25","passed","2026-09-25","Inter Name Enquiry","Wallets, Transfers, Transactions & Fund Requests","",""
"","321","Retrieve - No Auth","Personal Banking APIs - QA Test Suite","2026-09-25","passed","2026-09-25","Retrieve","Supalock Savings","",""
"","161","Retrieve - No Auth","Personal Banking APIs - QA Test Suite","2026-09-25","passed","2026-09-25","Retrieve","KYC, Tier Upgrades & Young Moni","",""
"","317","Admin Games - No Auth","Personal Banking APIs - QA Test Suite","2026-09-25","passed","2026-09-25","Admin Games","Rewards, Cash Tokens & Wishlists","",""
"","164","Deals Active - Invalid Query","Personal Banking APIs - QA Test Suite","2026-09-25","passed","2026-09-25","Deals Active","Rewards, Cash Tokens & Wishlists","",""
"","287","Admin Coins Rules - Valid","Personal Banking APIs - QA Test Suite","2026-09-25","failed","2026-09-25","Admin Coins Rules","Rewards, Cash Tokens & Wishlists","",""
"","162","Admin Coins Rules - Nonexistent ID","Personal Banking APIs - QA Test Suite","2026-09-25","failed","2026-09-25","Admin Coins Rules","Rewards, Cash Tokens & Wishlists","",""
"","154","Get Item - Nonexistent ID","Personal Banking APIs - QA Test Suite","2026-09-25","passed","2026-09-25","Get Item","Rewards, Cash Tokens & Wishlists","",""
"","168","Verify Device Changed - No Auth","Personal Banking APIs - QA Test Suite","2026-09-25","failed","2026-09-25","Verify Device Changed","Login, Credentials, Security & Devices","",""
"","212","Admin Coins Redemption Rules - Missing Required Field","Personal Banking APIs - QA Test Suite","2026-09-25","failed","2026-09-25","Admin Coins Redemption Rules","Rewards, Cash Tokens & Wishlists","",""
"","171","Requests Get Delivery Cost - Missing Required Field","Personal Banking APIs - QA Test Suite","2026-09-25","passed","2026-09-25","Requests Get Delivery Cost","Customer Cards","",""
"","168","Verify Token - Valid","Personal Banking APIs - QA Test Suite","2026-09-25","failed","2026-09-25","Verify Token","Login, Credentials, Security & Devices","",""
"","156","Requests - No Auth","Personal Banking APIs - QA Test Suite","2026-09-25","passed","2026-09-25","Requests","Customer Cards","",""
"","238","Young Moni Initiate Account Request - Valid","Personal Banking APIs - QA Test Suite","2026-09-25","failed","2026-09-25","Young Moni Initiate Account Request","Customer Profile, Accounts & Beneficiaries","",""
"","194","Fee Settings - No Auth","Personal Banking APIs - QA Test Suite","2026-09-25","passed","2026-09-25","Fee Settings","Customer Cards","",""
"","146","Transactions Update Swag Plan - No Auth","Personal Banking APIs - QA Test Suite","2026-09-25","failed","2026-09-25","Transactions Update Swag Plan","SWAG Savings","",""
"","187","Admin Admin Submit - Valid","Personal Banking APIs - QA Test Suite","2026-09-25","failed","2026-09-25","Admin Admin Submit","KYC, Tier Upgrades & Young Moni","",""
"","232","Repayment Plan - Invalid Query","Personal Banking APIs - QA Test Suite","2026-09-25","failed","2026-09-25","Repayment Plan","Kolo Connect Advances","",""
"","242","Export Fund Recipients - Missing Required Field","Personal Banking APIs - QA Test Suite","2026-09-25","failed","2026-09-25","Export Fund Recipients","Wallets, Transfers, Transactions & Fund Requests","",""
"","164","Account Officer Rate Officer - Empty Fields","Personal Banking APIs - QA Test Suite","2026-09-25","failed","2026-09-25","Account Officer Rate Officer","Customer Profile, Accounts & Beneficiaries","",""
"","153","Admin Games Rewards - Nonexistent ID","Personal Banking APIs - QA Test Suite","2026-09-25","failed","2026-09-25","Admin Games Rewards","Rewards, Cash Tokens & Wishlists","",""
"","167","Download Statement - Empty Fields","Personal Banking APIs - QA Test Suite","2026-09-25","failed","2026-09-25","Download Statement","Wallets, Transfers, Transactions & Fund Requests","",""
"","147","Retry Payment Schedule - No Auth","Personal Banking APIs - QA Test Suite","2026-09-25","passed","2026-09-25","Retry Payment Schedule","Scheduled Payments","",""
"","158","Retrieve - Invalid Query","Personal Banking APIs - QA Test Suite","2026-09-25","failed","2026-09-25","Retrieve","Insurance","",""
"","171","Document Delete - Missing Required Field","Personal Banking APIs - QA Test Suite","2026-09-25","failed","2026-09-25","Document Delete","KYC, Tier Upgrades & Young Moni","",""
"","376","Approve Single Bulk Recipient - Missing Required Field","Personal Banking APIs - QA Test Suite","2026-09-25","failed","2026-09-25","Approve Single Bulk Recipient","Wallets, Transfers, Transactions & Fund Requests","",""
"","287","Admin Games Sessions - Valid","Personal Banking APIs - QA Test Suite","2026-09-25","failed","2026-09-25","Admin Games Sessions","Rewards, Cash Tokens & Wishlists","",""
"","196","Reset Transaction Pin - Valid","Personal Banking APIs - QA Test Suite","2026-09-25","failed","2026-09-25","Reset Transaction Pin","Login, Credentials, Security & Devices","",""
"","146","Channel Settings - No Auth","Personal Banking APIs - QA Test Suite","2026-09-25","passed","2026-09-25","Channel Settings","Customer Cards","",""
"","148","Transactions Create Plan - Invalid Amount","Personal Banking APIs - QA Test Suite","2026-09-25","passed","2026-09-25","Transactions Create Plan","SWAG Savings","",""
"","166","Electricity - Valid","Personal Banking APIs - QA Test Suite","2026-09-25","failed","2026-09-25","Electricity","Scheduled Payments","",""
"","252","Channel Settings - Nonexistent ID","Personal Banking APIs - QA Test Suite","2026-09-25","passed","2026-09-25","Channel Settings","Customer Cards","",""
"","167","Account Officer Change Request - Invalid Query","Personal Banking APIs - QA Test Suite","2026-09-25","failed","2026-09-25","Account Officer Change Request","Customer Profile, Accounts & Beneficiaries","",""
"","171","Retrieve - Invalid ID","Personal Banking APIs - QA Test Suite","2026-09-25","failed","2026-09-25","Retrieve","Wallets, Transfers, Transactions & Fund Requests","",""
"","165","Verify Email Update - Valid","Personal Banking APIs - QA Test Suite","2026-09-25","failed","2026-09-25","Verify Email Update","KYC, Tier Upgrades & Young Moni","",""
"","147","Withdraw - No Auth","Personal Banking APIs - QA Test Suite","2026-09-25","passed","2026-09-25","Withdraw","Rewards, Cash Tokens & Wishlists","",""
"","157","Youngmoni Transfer - Missing Required Field","Personal Banking APIs - QA Test Suite","2026-09-25","passed","2026-09-25","Youngmoni Transfer","Scheduled Payments","",""
"","157","Admin Coins Rules - Invalid Amount","Personal Banking APIs - QA Test Suite","2026-09-25","failed","2026-09-25","Admin Coins Rules","Rewards, Cash Tokens & Wishlists","",""
"","205","Retrieve - Valid","Personal Banking APIs - QA Test Suite","2026-09-25","failed","2026-09-25","Retrieve","Rewards, Cash Tokens & Wishlists","",""
"","191","Deals Active - Valid","Personal Banking APIs - QA Test Suite","2026-09-25","failed","2026-09-25","Deals Active","Rewards, Cash Tokens & Wishlists","",""
"","165","Admin Admin Upgrade To Merchant - Invalid Token Or PIN","Personal Banking APIs - QA Test Suite","2026-09-25","failed","2026-09-25","Admin Admin Upgrade To Merchant","KYC, Tier Upgrades & Young Moni","",""
"","174","Details - Missing Required Field","Personal Banking APIs - QA Test Suite","2026-09-25","failed","2026-09-25","Details","Customer Profile, Accounts & Beneficiaries","",""
"","154","Transactions - Invalid ID","Personal Banking APIs - QA Test Suite","2026-09-25","passed","2026-09-25","Transactions","Supalock Savings","",""
"","155","Create Supalock - Missing Required Field","Personal Banking APIs - QA Test Suite","2026-09-25","failed","2026-09-25","Create Supalock","Supalock Savings","",""
"","158","Download Statement - No Auth","Personal Banking APIs - QA Test Suite","2026-09-25","passed","2026-09-25","Download Statement","Wallets, Transfers, Transactions & Fund Requests","",""
"","255","Requests - Invalid ID","Personal Banking APIs - QA Test Suite","2026-09-25","passed","2026-09-25","Requests","Customer Cards","",""
"","250","Games Eligibility Requirements - Invalid Query","Personal Banking APIs - QA Test Suite","2026-09-25","passed","2026-09-25","Games Eligibility Requirements","Rewards, Cash Tokens & Wishlists","",""
"","149","Transactions Withdraw Principal - Invalid Token Or PIN","Personal Banking APIs - QA Test Suite","2026-09-25","passed","2026-09-25","Transactions Withdraw Principal","SWAG Savings","",""
"","429","List - Valid","Personal Banking APIs - QA Test Suite","2026-09-25","passed","2026-09-25","List","Customer Profile, Accounts & Beneficiaries","",""
"","238","Enable - Missing Required Field","Personal Banking APIs - QA Test Suite","2026-09-25","failed","2026-09-25","Enable","Wallets, Transfers, Transactions & Fund Requests","",""
"","278","Reject Bulk Fund Request - Missing Required Field","Personal Banking APIs - QA Test Suite","2026-09-25","failed","2026-09-25","Reject Bulk Fund Request","Wallets, Transfers, Transactions & Fund Requests","",""
"","186","Validate Jamb Profile - Valid","Personal Banking APIs - QA Test Suite","2026-09-25","failed","2026-09-25","Validate Jamb Profile","Airtime, Data, Bills & VAS Beneficiaries","",""
"","153","Winner Dismiss Action - Invalid ID","Personal Banking APIs - QA Test Suite","2026-09-25","passed","2026-09-25","Winner Dismiss Action","Rewards, Cash Tokens & Wishlists","",""
"","148","Get Item Edit - Invalid Amount","Personal Banking APIs - QA Test Suite","2026-09-25","failed","2026-09-25","Get Item Edit","Rewards, Cash Tokens & Wishlists","",""
"","149","Transactions Break Target - Missing Required Field","Personal Banking APIs - QA Test Suite","2026-09-25","passed","2026-09-25","Transactions Break Target","Target Savings","",""
"","165","Overview - Empty Fields","Personal Banking APIs - QA Test Suite","2026-09-25","passed","2026-09-25","Overview","Customer Profile, Accounts & Beneficiaries","",""
"","196","Transactions Withdraw Interest - Invalid Token Or PIN","Personal Banking APIs - QA Test Suite","2026-09-25","passed","2026-09-25","Transactions Withdraw Interest","SWAG Savings","",""
"","158","Admin Devices Reactivate - Missing Required Field","Personal Banking APIs - QA Test Suite","2026-09-25","failed","2026-09-25","Admin Devices Reactivate","Login, Credentials, Security & Devices","",""
"","165","Wallet - Valid","Personal Banking APIs - QA Test Suite","2026-09-25","failed","2026-09-25","Wallet","Save & Spend","",""
"","212","Create Her Wealth - Empty Fields","Personal Banking APIs - QA Test Suite","2026-09-25","passed","2026-09-25","Create Her Wealth","Customer Profile, Accounts & Beneficiaries","",""
"","158","Purchase Electricity - Missing Required Field","Personal Banking APIs - QA Test Suite","2026-09-25","passed","2026-09-25","Purchase Electricity","Airtime, Data, Bills & VAS Beneficiaries","",""
"","221","Validate Smart Card - Valid","Personal Banking APIs - QA Test Suite","2026-09-25","failed","2026-09-25","Validate Smart Card","Airtime, Data, Bills & VAS Beneficiaries","",""
"","166","Fund Betting Wallet - No Auth","Personal Banking APIs - QA Test Suite","2026-09-25","failed","2026-09-25","Fund Betting Wallet","Airtime, Data, Bills & VAS Beneficiaries","",""
"","162","Create - Empty Fields","Personal Banking APIs - QA Test Suite","2026-09-25","failed","2026-09-25","Create","Airtime, Data, Bills & VAS Beneficiaries","",""
"","152","Item - Invalid Query","Personal Banking APIs - QA Test Suite","2026-09-25","failed","2026-09-25","Item","Rewards, Cash Tokens & Wishlists","",""
"","145","Admin Games Rewards - No Auth","Personal Banking APIs - QA Test Suite","2026-09-25","passed","2026-09-25","Admin Games Rewards","Rewards, Cash Tokens & Wishlists","",""
"","147","Requests Request Card - No Auth","Personal Banking APIs - QA Test Suite","2026-09-25","passed","2026-09-25","Requests Request Card","Customer Cards","",""
"","162","Reward With Cashback - Valid","Personal Banking APIs - QA Test Suite","2026-09-25","failed","2026-09-25","Reward With Cashback","Rewards, Cash Tokens & Wishlists","",""
"","164","Update Credit Stage - Missing Required Field","Personal Banking APIs - QA Test Suite","2026-09-25","failed","2026-09-25","Update Credit Stage","Wallets, Transfers, Transactions & Fund Requests","",""
"","164","Transactions Update Swag Monthly Rollover - Valid","Personal Banking APIs - QA Test Suite","2026-09-25","failed","2026-09-25","Transactions Update Swag Monthly Rollover","SWAG Savings","",""
"","158","Retrieve - No Auth","Personal Banking APIs - QA Test Suite","2026-09-25","passed","2026-09-25","Retrieve","Wallets, Transfers, Transactions & Fund Requests","",""
"","160","Reset Password - Empty Fields","Personal Banking APIs - QA Test Suite","2026-09-25","passed","2026-09-25","Reset Password","Login, Credentials, Security & Devices","",""
"","158","Create Transaction Pin - Missing Required Field","Personal Banking APIs - QA Test Suite","2026-09-25","failed","2026-09-25","Create Transaction Pin","Login, Credentials, Security & Devices","",""
"","168","Recipients - Nonexistent ID","Personal Banking APIs - QA Test Suite","2026-09-25","failed","2026-09-25","Recipients","Wallets, Transfers, Transactions & Fund Requests","",""
"","181","Reward With Cashback - Invalid Amount","Personal Banking APIs - QA Test Suite","2026-09-25","failed","2026-09-25","Reward With Cashback","Rewards, Cash Tokens & Wishlists","",""
"","153","Redeem Insurance - Missing Required Field","Personal Banking APIs - QA Test Suite","2026-09-25","passed","2026-09-25","Redeem Insurance","Insurance","",""
"","146","Block - No Auth","Personal Banking APIs - QA Test Suite","2026-09-25","passed","2026-09-25","Block","Customer Cards","",""
"","425","Airtime - Invalid Status Or Type","Personal Banking APIs - QA Test Suite","2026-09-25","passed","2026-09-25","Airtime","Scheduled Payments","",""
"","166","Admin Reject Upgrade Request - Missing Required Field","Personal Banking APIs - QA Test Suite","2026-09-25","failed","2026-09-25","Admin Reject Upgrade Request","KYC, Tier Upgrades & Young Moni","",""
"","232","Create Insurance - Empty Fields","Personal Banking APIs - QA Test Suite","2026-09-25","passed","2026-09-25","Create Insurance","Insurance","",""
"","252","Notify Of Missed Inward - Valid","Personal Banking APIs - QA Test Suite","2026-09-25","failed","2026-09-25","Notify Of Missed Inward","Wallets, Transfers, Transactions & Fund Requests","",""
"","165","Young Moni Upload Child Documents - Nonexistent ID","Personal Banking APIs - QA Test Suite","2026-09-25","passed","2026-09-25","Young Moni Upload Child Documents","Customer Profile, Accounts & Beneficiaries","",""
"","145","Item - No Auth","Personal Banking APIs - QA Test Suite","2026-09-25","passed","2026-09-25","Item","Rewards, Cash Tokens & Wishlists","",""
"","157","Account Officer Change Request - No Auth","Personal Banking APIs - QA Test Suite","2026-09-25","passed","2026-09-25","Account Officer Change Request","Customer Profile, Accounts & Beneficiaries","",""
"","168","Reject Single Bulk Recipient - Missing Required Field","Personal Banking APIs - QA Test Suite","2026-09-25","failed","2026-09-25","Reject Single Bulk Recipient","Wallets, Transfers, Transactions & Fund Requests","",""
"","154","Channel Settings - Invalid Amount","Personal Banking APIs - QA Test Suite","2026-09-25","failed","2026-09-25","Channel Settings","Customer Cards","",""
"","167","Approve Single Fund Request - Missing Required Field","Personal Banking APIs - QA Test Suite","2026-09-25","failed","2026-09-25","Approve Single Fund Request","Wallets, Transfers, Transactions & Fund Requests","",""
"","165","Verify Alias Phone Number - Missing Required Field","Personal Banking APIs - QA Test Suite","2026-09-25","passed","2026-09-25","Verify Alias Phone Number","Customer Profile, Accounts & Beneficiaries","",""
"","159","Admin Devices Deactivate - Nonexistent ID","Personal Banking APIs - QA Test Suite","2026-09-25","failed","2026-09-25","Admin Devices Deactivate","Login, Credentials, Security & Devices","",""
"","152","Perform Action - Invalid ID","Personal Banking APIs - QA Test Suite","2026-09-25","failed","2026-09-25","Perform Action","Rewards, Cash Tokens & Wishlists","",""
"","151","Reward With Airtime - No Auth","Personal Banking APIs - QA Test Suite","2026-09-25","passed","2026-09-25","Reward With Airtime","Rewards, Cash Tokens & Wishlists","",""
"","157","Request Phone Verification - No Auth","Personal Banking APIs - QA Test Suite","2026-09-25","passed","2026-09-25","Request Phone Verification","Login, Credentials, Security & Devices","",""
"","156","Wallet Interest Balance - Invalid Query","Personal Banking APIs - QA Test Suite","2026-09-25","failed","2026-09-25","Wallet Interest Balance","Save & Spend","",""
"","196","Repay - Nonexistent ID","Personal Banking APIs - QA Test Suite","2026-09-25","failed","2026-09-25","Repay","Kolo Connect Advances","",""
"","165","Validate Jamb Profile - Missing Required Field","Personal Banking APIs - QA Test Suite","2026-09-25","failed","2026-09-25","Validate Jamb Profile","Airtime, Data, Bills & VAS Beneficiaries","",""
"","155","Cancel Schedule Payment - Missing Required Field","Personal Banking APIs - QA Test Suite","2026-09-25","passed","2026-09-25","Cancel Schedule Payment","Scheduled Payments","",""
"","402","Her Wealth Details - Nonexistent ID","Personal Banking APIs - QA Test Suite","2026-09-25","passed","2026-09-25","Her Wealth Details","Customer Profile, Accounts & Beneficiaries","",""
"","163","Admin Devices Reactivate - Nonexistent ID","Personal Banking APIs - QA Test Suite","2026-09-25","failed","2026-09-25","Admin Devices Reactivate","Login, Credentials, Security & Devices","",""
"","249","Transactions Create Wallet - Invalid Token Or PIN","Personal Banking APIs - QA Test Suite","2026-09-25","passed","2026-09-25","Transactions Create Wallet","Save & Spend","",""
"","158","Young Moni Validate Details Without Identity - Missing Required Field","Personal Banking APIs - QA Test Suite","2026-09-25","failed","2026-09-25","Young Moni Validate Details Without Identity","Customer Profile, Accounts & Beneficiaries","",""
"","502","Create Wishlist - Valid","Personal Banking APIs - QA Test Suite","2026-09-25","failed","2026-09-25","Create Wishlist","Rewards, Cash Tokens & Wishlists","",""
"","195","Young Moni Documents - Invalid ID","Personal Banking APIs - QA Test Suite","2026-09-25","failed","2026-09-25","Young Moni Documents","KYC, Tier Upgrades & Young Moni","",""
"","155","Requests Fetch Agents - Missing Required Field","Personal Banking APIs - QA Test Suite","2026-09-25","passed","2026-09-25","Requests Fetch Agents","Customer Cards","",""
"","168","Update Single Transfer Limit - Missing Required Field","Personal Banking APIs - QA Test Suite","2026-09-25","passed","2026-09-25","Update Single Transfer Limit","Customer Profile, Accounts & Beneficiaries","",""
"","269","Withdraw - Nonexistent ID","Personal Banking APIs - QA Test Suite","2026-09-25","passed","2026-09-25","Withdraw","Rewards, Cash Tokens & Wishlists","",""
"","165","Young Moni Upload Child Documents - Invalid ID","Personal Banking APIs - QA Test Suite","2026-09-25","passed","2026-09-25","Young Moni Upload Child Documents","Customer Profile, Accounts & Beneficiaries","",""
"","159","Purchase Airtime - Empty Fields","Personal Banking APIs - QA Test Suite","2026-09-25","passed","2026-09-25","Purchase Airtime","Airtime, Data, Bills & VAS Beneficiaries","",""
"","158","Payment Merchant - No Auth","Personal Banking APIs - QA Test Suite","2026-09-25","passed","2026-09-25","Payment Merchant","Customer Cards","",""
"","154","Admin Coins Rules - Valid","Personal Banking APIs - QA Test Suite","2026-09-25","failed","2026-09-25","Admin Coins Rules","Rewards, Cash Tokens & Wishlists","",""
"","166","Admin Admin Tier Zero Upgrade - Empty Fields","Personal Banking APIs - QA Test Suite","2026-09-25","failed","2026-09-25","Admin Admin Tier Zero Upgrade","KYC, Tier Upgrades & Young Moni","",""
"","188","Initiate Reset Card Pin - Valid","Personal Banking APIs - QA Test Suite","2026-09-25","passed","2026-09-25","Initiate Reset Card Pin","Customer Cards","",""
"","253","Enable - Invalid Amount","Personal Banking APIs - QA Test Suite","2026-09-25","failed","2026-09-25","Enable","Wallets, Transfers, Transactions & Fund Requests","",""
"","174","Partial - Valid","Personal Banking APIs - QA Test Suite","2026-09-25","failed","2026-09-25","Partial","Wallets, Transfers, Transactions & Fund Requests","",""
"","183","Reset Transaction Pin - Invalid Token Or PIN","Personal Banking APIs - QA Test Suite","2026-09-25","passed","2026-09-25","Reset Transaction Pin","Login, Credentials, Security & Devices","",""
"","169","List Documents - Nonexistent ID","Personal Banking APIs - QA Test Suite","2026-09-25","passed","2026-09-25","List Documents","KYC, Tier Upgrades & Young Moni","",""
"","297","Renew Insurance - No Auth","Personal Banking APIs - QA Test Suite","2026-09-25","passed","2026-09-25","Renew Insurance","Insurance","",""
"","155","Transactions - Invalid Query","Personal Banking APIs - QA Test Suite","2026-09-25","failed","2026-09-25","Transactions","Save & Spend","",""
"","148","Get Item Edit - Nonexistent ID","Personal Banking APIs - QA Test Suite","2026-09-25","failed","2026-09-25","Get Item Edit","Rewards, Cash Tokens & Wishlists","",""
"","158","Topup Supalock - Missing Required Field","Personal Banking APIs - QA Test Suite","2026-09-25","failed","2026-09-25","Topup Supalock","Supalock Savings","",""
"","150","Reward With Cashback - No Auth","Personal Banking APIs - QA Test Suite","2026-09-25","passed","2026-09-25","Reward With Cashback","Rewards, Cash Tokens & Wishlists","",""
"","169","Create Wishlist With Items - Missing Required Field","Personal Banking APIs - QA Test Suite","2026-09-25","passed","2026-09-25","Create Wishlist With Items","Rewards, Cash Tokens & Wishlists","",""
"","193","Approve Bulk Fund Request - No Auth","Personal Banking APIs - QA Test Suite","2026-09-25","passed","2026-09-25","Approve Bulk Fund Request","Wallets, Transfers, Transactions & Fund Requests","",""
"","158","Update Communication Preference - No Auth","Personal Banking APIs - QA Test Suite","2026-09-25","passed","2026-09-25","Update Communication Preference","Customer Profile, Accounts & Beneficiaries","",""
"","270","Young Moni Documents - Invalid Query","Personal Banking APIs - QA Test Suite","2026-09-25","failed","2026-09-25","Young Moni Documents","KYC, Tier Upgrades & Young Moni","",""
"","162","Admin Coins Redemption Rules - Nonexistent ID","Personal Banking APIs - QA Test Suite","2026-09-25","failed","2026-09-25","Admin Coins Redemption Rules","Rewards, Cash Tokens & Wishlists","",""
"","167","Upload Documents - Missing Required Field","Personal Banking APIs - QA Test Suite","2026-09-25","passed","2026-09-25","Upload Documents","KYC, Tier Upgrades & Young Moni","",""
"","166","Young Moni Upload Child Documents - Missing Required Field","Personal Banking APIs - QA Test Suite","2026-09-25","failed","2026-09-25","Young Moni Upload Child Documents","Customer Profile, Accounts & Beneficiaries","",""
"","181","Requests Get Delivery Cost - No Auth","Personal Banking APIs - QA Test Suite","2026-09-25","passed","2026-09-25","Requests Get Delivery Cost","Customer Cards","",""
"","299","Admin - No Auth","Personal Banking APIs - QA Test Suite","2026-09-25","passed","2026-09-25","Admin","KYC, Tier Upgrades & Young Moni","",""
"","145","Wallet - No Auth","Personal Banking APIs - QA Test Suite","2026-09-25","passed","2026-09-25","Wallet","SWAG Savings","",""
"","190","Games Check Eligibility - Invalid Query","Personal Banking APIs - QA Test Suite","2026-09-25","passed","2026-09-25","Games Check Eligibility","Rewards, Cash Tokens & Wishlists","",""
"","161","Single Fund Request - Valid","Personal Banking APIs - QA Test Suite","2026-09-25","failed","2026-09-25","Single Fund Request","Wallets, Transfers, Transactions & Fund Requests","",""
"","153","Transactions Update Swag Monthly Rollover - Empty Fields","Personal Banking APIs - QA Test Suite","2026-09-25","failed","2026-09-25","Transactions Update Swag Monthly Rollover","SWAG Savings","",""
"","168","Partial - Nonexistent ID","Personal Banking APIs - QA Test Suite","2026-09-25","failed","2026-09-25","Partial","Wallets, Transfers, Transactions & Fund Requests","",""
"","282","Get Suggestions - Invalid Query","Personal Banking APIs - QA Test Suite","2026-09-25","failed","2026-09-25","Get Suggestions","Customer Profile, Accounts & Beneficiaries","",""
"","168","Validate Betting Id - Missing Required Field","Personal Banking APIs - QA Test Suite","2026-09-25","passed","2026-09-25","Validate Betting Id","Airtime, Data, Bills & VAS Beneficiaries","",""
"","210","Wishlist Config Edit - Invalid ID","Personal Banking APIs - QA Test Suite","2026-09-25","failed","2026-09-25","Wishlist Config Edit","Rewards, Cash Tokens & Wishlists","",""
"","147","Games Scratch Card - No Auth","Personal Banking APIs - QA Test Suite","2026-09-25","passed","2026-09-25","Games Scratch Card","Rewards, Cash Tokens & Wishlists","",""
"","154","Topup Supalock - Nonexistent ID","Personal Banking APIs - QA Test Suite","2026-09-25","failed","2026-09-25","Topup Supalock","Supalock Savings","",""
"","150","Transactions Create Wallet Product Specific - No Auth","Personal Banking APIs - QA Test Suite","2026-09-25","failed","2026-09-25","Transactions Create Wallet Product Specific","Target Savings","",""
"","179","Young Moni Initiate Account Without Identity - Missing Required Field","Personal Banking APIs - QA Test Suite","2026-09-25","passed","2026-09-25","Young Moni Initiate Account Without Identity","Customer Profile, Accounts & Beneficiaries","",""
"","155","Data - Missing Required Field","Personal Banking APIs - QA Test Suite","2026-09-25","passed","2026-09-25","Data","Scheduled Payments","",""
"","205","Verify Email OTP - Invalid Email","Personal Banking APIs - QA Test Suite","2026-09-25","passed","2026-09-25","Verify Email OTP","Customer Onboarding","",""
"","239","Intra Account Transfer - Empty Fields","Personal Banking APIs - QA Test Suite","2026-09-25","passed","2026-09-25","Intra Account Transfer","Wallets, Transfers, Transactions & Fund Requests","",""
"","156","Admin Coins Redemption Rules - Valid","Personal Banking APIs - QA Test Suite","2026-09-25","failed","2026-09-25","Admin Coins Redemption Rules","Rewards, Cash Tokens & Wishlists","",""
"","197","Encrypt Login - Empty Fields","Personal Banking APIs - QA Test Suite","2026-09-25","failed","2026-09-25","Encrypt Login","Login, Credentials, Security & Devices","",""
"","342","Daily Income Summary - Invalid Query","Personal Banking APIs - QA Test Suite","2026-09-25","failed","2026-09-25","Daily Income Summary","Wallets, Transfers, Transactions & Fund Requests","",""
"","147","Wishlist Config - No Auth","Personal Banking APIs - QA Test Suite","2026-09-25","passed","2026-09-25","Wishlist Config","Rewards, Cash Tokens & Wishlists","",""
"","159","Admin Coins Rules - Valid","Personal Banking APIs - QA Test Suite","2026-09-25","failed","2026-09-25","Admin Coins Rules","Rewards, Cash Tokens & Wishlists","",""
"","161","Electricity - Invalid Token Or PIN","Personal Banking APIs - QA Test Suite","2026-09-25","passed","2026-09-25","Electricity","Scheduled Payments","",""
"","371","Fetch Balance - Invalid ID","Personal Banking APIs - QA Test Suite","2026-09-25","passed","2026-09-25","Fetch Balance","Customer Profile, Accounts & Beneficiaries","",""
"","153","Transactions Create Wallet - No Auth","Personal Banking APIs - QA Test Suite","2026-09-25","failed","2026-09-25","Transactions Create Wallet","Save & Spend","",""
"","160","Webhook Cashtoken Webhook - Invalid Amount","Personal Banking APIs - QA Test Suite","2026-09-25","failed","2026-09-25","Webhook Cashtoken Webhook","Rewards, Cash Tokens & Wishlists","",""
"","164","Verify Device Changed - Empty Fields","Personal Banking APIs - QA Test Suite","2026-09-25","passed","2026-09-25","Verify Device Changed","Login, Credentials, Security & Devices","",""
"","261","Transactions Break Wallet - Empty Fields","Personal Banking APIs - QA Test Suite","2026-09-25","passed","2026-09-25","Transactions Break Wallet","Save & Spend","",""
"","177","List - Invalid Query","Personal Banking APIs - QA Test Suite","2026-09-25","failed","2026-09-25","List","Rewards, Cash Tokens & Wishlists","",""
"","165","Request Account Reactivation - Invalid Status Or Type","Personal Banking APIs - QA Test Suite","2026-09-25","passed","2026-09-25","Request Account Reactivation","KYC, Tier Upgrades & Young Moni","",""
"","454","Admin Games - Invalid Query","Personal Banking APIs - QA Test Suite","2026-09-25","failed","2026-09-25","Admin Games","Rewards, Cash Tokens & Wishlists","",""
"","178","Tenors - Valid","Personal Banking APIs - QA Test Suite","2026-09-25","failed","2026-09-25","Tenors","Kolo Connect Advances","",""
"","153","Wallet - Invalid Query","Personal Banking APIs - QA Test Suite","2026-09-25","failed","2026-09-25","Wallet","Target Savings","",""
"","178","Destroy - Valid","Personal Banking APIs - QA Test Suite","2026-09-25","failed","2026-09-25","Destroy","Customer Profile, Accounts & Beneficiaries","",""
"","166","Retrieve - Nonexistent ID","Personal Banking APIs - QA Test Suite","2026-09-25","passed","2026-09-25","Retrieve","Airtime, Data, Bills & VAS Beneficiaries","",""
"","160","Purchase Jamb - No Auth","Personal Banking APIs - QA Test Suite","2026-09-25","failed","2026-09-25","Purchase Jamb","Airtime, Data, Bills & VAS Beneficiaries","",""
"","151","Coin Redemption Rules - No Auth","Personal Banking APIs - QA Test Suite","2026-09-25","passed","2026-09-25","Coin Redemption Rules","Rewards, Cash Tokens & Wishlists","",""
"","224","Create Transaction Pin - Valid","Personal Banking APIs - QA Test Suite","2026-09-25","failed","2026-09-25","Create Transaction Pin","Login, Credentials, Security & Devices","",""
"","167","Update Communication Preference - Invalid ID","Personal Banking APIs - QA Test Suite","2026-09-25","passed","2026-09-25","Update Communication Preference","Customer Profile, Accounts & Beneficiaries","",""
"","165","Initiate Reset Card Pin - Invalid Query","Personal Banking APIs - QA Test Suite","2026-09-25","failed","2026-09-25","Initiate Reset Card Pin","Customer Cards","",""
"","164","Verify BVN (Choose BVN or NIN) - Missing Required Field","Personal Banking APIs - QA Test Suite","2026-09-25","passed","2026-09-25","Verify BVN (Choose BVN or NIN)","Customer Onboarding","",""
"","166","Admin Update Documents - No Auth","Personal Banking APIs - QA Test Suite","2026-09-25","passed","2026-09-25","Admin Update Documents","KYC, Tier Upgrades & Young Moni","",""
"","156","Activate - Invalid Token Or PIN","Personal Banking APIs - QA Test Suite","2026-09-25","failed","2026-09-25","Activate","Customer Cards","",""
"","303","Admin Request Stats - No Auth","Personal Banking APIs - QA Test Suite","2026-09-25","passed","2026-09-25","Admin Request Stats","KYC, Tier Upgrades & Young Moni","",""
"","155","Admin Coins Redemption Rules - No Auth","Personal Banking APIs - QA Test Suite","2026-09-25","passed","2026-09-25","Admin Coins Redemption Rules","Rewards, Cash Tokens & Wishlists","",""
"","310","Admin Coins Rules - Invalid Query","Personal Banking APIs - QA Test Suite","2026-09-25","failed","2026-09-25","Admin Coins Rules","Rewards, Cash Tokens & Wishlists","",""
"","159","Electricity - Invalid Amount","Personal Banking APIs - QA Test Suite","2026-09-25","passed","2026-09-25","Electricity","Scheduled Payments","",""
"","151","Types - No Auth","Personal Banking APIs - QA Test Suite","2026-09-25","passed","2026-09-25","Types","Supalock Savings","",""
"","149","Transactions Update Spend Wallet - Missing Required Field","Personal Banking APIs - QA Test Suite","2026-09-25","passed","2026-09-25","Transactions Update Spend Wallet","Save & Spend","",""
"","163","Update Credit Stage - Invalid Status Or Type","Personal Banking APIs - QA Test Suite","2026-09-25","failed","2026-09-25","Update Credit Stage","Wallets, Transfers, Transactions & Fund Requests","",""
"","158","Initiate Reset Login Pin - Invalid Query","Personal Banking APIs - QA Test Suite","2026-09-25","failed","2026-09-25","Initiate Reset Login Pin","Login, Credentials, Security & Devices","",""
"","160","Retrieve - Nonexistent ID","Personal Banking APIs - QA Test Suite","2026-09-25","passed","2026-09-25","Retrieve","Rewards, Cash Tokens & Wishlists","",""
"","163","Create - Invalid Amount","Personal Banking APIs - QA Test Suite","2026-09-25","passed","2026-09-25","Create","Wallets, Transfers, Transactions & Fund Requests","",""
"","157","Block - Empty Fields","Personal Banking APIs - QA Test Suite","2026-09-25","failed","2026-09-25","Block","Customer Cards","",""
"","145","Admin Games Rewards - No Auth","Personal Banking APIs - QA Test Suite","2026-09-25","passed","2026-09-25","Admin Games Rewards","Rewards, Cash Tokens & Wishlists","",""
"","165","Games Get Rewards - Valid","Personal Banking APIs - QA Test Suite","2026-09-25","failed","2026-09-25","Games Get Rewards","Rewards, Cash Tokens & Wishlists","",""
"","161","Single Fund Request - Empty Fields","Personal Banking APIs - QA Test Suite","2026-09-25","passed","2026-09-25","Single Fund Request","Wallets, Transfers, Transactions & Fund Requests","",""
"","226","Partial - Empty Fields","Personal Banking APIs - QA Test Suite","2026-09-25","failed","2026-09-25","Partial","Airtime, Data, Bills & VAS Beneficiaries","",""
"","164","Retrieve - Nonexistent ID","Personal Banking APIs - QA Test Suite","2026-09-25","passed","2026-09-25","Retrieve","Insurance","",""
"","154","Wallet Download Swag Statement - Missing Required Field","Personal Banking APIs - QA Test Suite","2026-09-25","failed","2026-09-25","Wallet Download Swag Statement","SWAG Savings","",""
"","197","List Documents - No Auth","Personal Banking APIs - QA Test Suite","2026-09-25","passed","2026-09-25","List Documents","KYC, Tier Upgrades & Young Moni","",""
"","220","Transactions Evaluate Target - Invalid Amount","Personal Banking APIs - QA Test Suite","2026-09-25","passed","2026-09-25","Transactions Evaluate Target","Target Savings","",""
"","176","Create Login Pin - No Auth","Personal Banking APIs - QA Test Suite","2026-09-25","passed","2026-09-25","Create Login Pin","Login, Credentials, Security & Devices","",""
"","158","Admin Devices Reactivate - No Auth","Personal Banking APIs - QA Test Suite","2026-09-25","failed","2026-09-25","Admin Devices Reactivate","Login, Credentials, Security & Devices","",""
"","157","Request Account Reactivation - No Auth","Personal Banking APIs - QA Test Suite","2026-09-25","passed","2026-09-25","Request Account Reactivation","KYC, Tier Upgrades & Young Moni","",""
"","420","Repay - Invalid ID","Personal Banking APIs - QA Test Suite","2026-09-25","failed","2026-09-25","Repay","Kolo Connect Advances","",""
"","209","Retrieve - No Auth","Personal Banking APIs - QA Test Suite","2026-09-25","passed","2026-09-25","Retrieve","Wallets, Transfers, Transactions & Fund Requests","",""
"","167","Account Officer - Invalid ID","Personal Banking APIs - QA Test Suite","2026-09-25","passed","2026-09-25","Account Officer","Customer Profile, Accounts & Beneficiaries","",""
"","181","Games - Valid","Personal Banking APIs - QA Test Suite","2026-09-25","failed","2026-09-25","Games","Rewards, Cash Tokens & Wishlists","",""
"","165","Validate Jamb Profile - Empty Fields","Personal Banking APIs - QA Test Suite","2026-09-25","failed","2026-09-25","Validate Jamb Profile","Airtime, Data, Bills & VAS Beneficiaries","",""
"","272","Admin Coins Rules - Invalid Status Or Type","Personal Banking APIs - QA Test Suite","2026-09-25","failed","2026-09-25","Admin Coins Rules","Rewards, Cash Tokens & Wishlists","",""
"","171","Approve Single Fund Request - Valid","Personal Banking APIs - QA Test Suite","2026-09-25","failed","2026-09-25","Approve Single Fund Request","Wallets, Transfers, Transactions & Fund Requests","",""
"","155","Transactions Evaluate Target - Empty Fields","Personal Banking APIs - QA Test Suite","2026-09-25","passed","2026-09-25","Transactions Evaluate Target","Target Savings","",""
"","157","Recipients - No Auth","Personal Banking APIs - QA Test Suite","2026-09-25","passed","2026-09-25","Recipients","Wallets, Transfers, Transactions & Fund Requests","",""
"","168","Verify Email OTP - Invalid Token Or PIN","Personal Banking APIs - QA Test Suite","2026-09-25","passed","2026-09-25","Verify Email OTP","Customer Onboarding","",""
"","155","Airtime - Invalid Token Or PIN","Personal Banking APIs - QA Test Suite","2026-09-25","passed","2026-09-25","Airtime","Scheduled Payments","",""
"","157","Retrieve - Nonexistent ID","Personal Banking APIs - QA Test Suite","2026-09-25","passed","2026-09-25","Retrieve","Customer Cards","",""
"","153","Reset Pin - No Auth","Personal Banking APIs - QA Test Suite","2026-09-25","passed","2026-09-25","Reset Pin","Customer Cards","",""
"","284","Create Login Pin - Missing Required Field","Personal Banking APIs - QA Test Suite","2026-09-25","failed","2026-09-25","Create Login Pin","Login, Credentials, Security & Devices","",""
"","215","Reject Bulk Fund Request - Valid","Personal Banking APIs - QA Test Suite","2026-09-25","failed","2026-09-25","Reject Bulk Fund Request","Wallets, Transfers, Transactions & Fund Requests","",""
"","234","Leaderboard - Valid","Personal Banking APIs - QA Test Suite","2026-09-25","passed","2026-09-25","Leaderboard","Customer Profile, Accounts & Beneficiaries","",""
"","158","Item - Nonexistent ID","Personal Banking APIs - QA Test Suite","2026-09-25","passed","2026-09-25","Item","Rewards, Cash Tokens & Wishlists","",""
"","186","Partial - Valid","Personal Banking APIs - QA Test Suite","2026-09-25","passed","2026-09-25","Partial","Airtime, Data, Bills & VAS Beneficiaries","",""
"","225","Reset Password - Valid","Personal Banking APIs - QA Test Suite","2026-09-25","passed","2026-09-25","Reset Password","Login, Credentials, Security & Devices","",""
"","157","Retrieve - No Auth","Personal Banking APIs - QA Test Suite","2026-09-25","passed","2026-09-25","Retrieve","Wallets, Transfers, Transactions & Fund Requests","",""
"","149","Wallet - Invalid ID","Personal Banking APIs - QA Test Suite","2026-09-25","failed","2026-09-25","Wallet","Target Savings","",""
"","164","Retrieve - Invalid Query","Personal Banking APIs - QA Test Suite","2026-09-25","failed","2026-09-25","Retrieve","Wallets, Transfers, Transactions & Fund Requests","",""
"","165","Reset Login Pin - Empty Fields","Personal Banking APIs - QA Test Suite","2026-09-25","passed","2026-09-25","Reset Login Pin","Login, Credentials, Security & Devices","",""
"","177","Create Wishlist With Items - Empty Fields","Personal Banking APIs - QA Test Suite","2026-09-25","passed","2026-09-25","Create Wishlist With Items","Rewards, Cash Tokens & Wishlists","",""
"","168","Wallet Download Swag Statement - No Auth","Personal Banking APIs - QA Test Suite","2026-09-25","passed","2026-09-25","Wallet Download Swag Statement","SWAG Savings","",""
"","166","Disable - Invalid ID","Personal Banking APIs - QA Test Suite","2026-09-25","failed","2026-09-25","Disable","Wallets, Transfers, Transactions & Fund Requests","",""
"","157","Add Item - Nonexistent ID","Personal Banking APIs - QA Test Suite","2026-09-25","passed","2026-09-25","Add Item","Rewards, Cash Tokens & Wishlists","",""
"","171","Update Request Recipients - Valid","Personal Banking APIs - QA Test Suite","2026-09-25","failed","2026-09-25","Update Request Recipients","Wallets, Transfers, Transactions & Fund Requests","",""
"","157","Data Plans - No Auth","Personal Banking APIs - QA Test Suite","2026-09-25","passed","2026-09-25","Data Plans","Airtime, Data, Bills & VAS Beneficiaries","",""
"","153","Topup Supalock - Empty Fields","Personal Banking APIs - QA Test Suite","2026-09-25","failed","2026-09-25","Topup Supalock","Supalock Savings","",""
"","175","Admin Update Documents - Empty Fields","Personal Banking APIs - QA Test Suite","2026-09-25","passed","2026-09-25","Admin Update Documents","KYC, Tier Upgrades & Young Moni","",""
"","146","Unblock - No Auth","Personal Banking APIs - QA Test Suite","2026-09-25","passed","2026-09-25","Unblock","Customer Cards","",""
"","161","Reset Pin - Empty Fields","Personal Banking APIs - QA Test Suite","2026-09-25","failed","2026-09-25","Reset Pin","Customer Cards","",""
"","145","Borrow - No Auth","Personal Banking APIs - QA Test Suite","2026-09-25","passed","2026-09-25","Borrow","Kolo Connect Advances","",""
"","156","Redeem Insurance - Empty Fields","Personal Banking APIs - QA Test Suite","2026-09-25","passed","2026-09-25","Redeem Insurance","Insurance","",""
"","161","Admin Coins Rules - Empty Fields","Personal Banking APIs - QA Test Suite","2026-09-25","failed","2026-09-25","Admin Coins Rules","Rewards, Cash Tokens & Wishlists","",""
"","156","Admin Coins Rules - Missing Required Field","Personal Banking APIs - QA Test Suite","2026-09-25","failed","2026-09-25","Admin Coins Rules","Rewards, Cash Tokens & Wishlists","",""
"","190","Admin Games Rewards - Invalid ID","Personal Banking APIs - QA Test Suite","2026-09-25","failed","2026-09-25","Admin Games Rewards","Rewards, Cash Tokens & Wishlists","",""
"","167","Find Account Banks - Empty Fields","Personal Banking APIs - QA Test Suite","2026-09-25","passed","2026-09-25","Find Account Banks","Customer Profile, Accounts & Beneficiaries","",""
"","148","Transactions Update Swag Plan - Empty Fields","Personal Banking APIs - QA Test Suite","2026-09-25","passed","2026-09-25","Transactions Update Swag Plan","SWAG Savings","",""
"","156","Disable - No Auth","Personal Banking APIs - QA Test Suite","2026-09-25","passed","2026-09-25","Disable","Wallets, Transfers, Transactions & Fund Requests","",""
"","356","Total Young Moni Balance - Invalid Query","Personal Banking APIs - QA Test Suite","2026-09-25","failed","2026-09-25","Total Young Moni Balance","Customer Profile, Accounts & Beneficiaries","",""
"","166","Admin Complete Upgrade Request - Valid","Personal Banking APIs - QA Test Suite","2026-09-25","failed","2026-09-25","Admin Complete Upgrade Request","KYC, Tier Upgrades & Young Moni","",""
"","168","Validate Betting Id - Invalid Status Or Type","Personal Banking APIs - QA Test Suite","2026-09-25","passed","2026-09-25","Validate Betting Id","Airtime, Data, Bills & VAS Beneficiaries","",""
"","162","List - Invalid Query","Personal Banking APIs - QA Test Suite","2026-09-25","failed","2026-09-25","List","Scheduled Payments","",""
"","164","Reset Transaction Pin - Empty Fields","Personal Banking APIs - QA Test Suite","2026-09-25","passed","2026-09-25","Reset Transaction Pin","Login, Credentials, Security & Devices","",""
"","230","Reject Bulk Fund Request - No Auth","Personal Banking APIs - QA Test Suite","2026-09-25","passed","2026-09-25","Reject Bulk Fund Request","Wallets, Transfers, Transactions & Fund Requests","",""
"","166","Wallet Total Balance - Invalid Query","Personal Banking APIs - QA Test Suite","2026-09-25","failed","2026-09-25","Wallet Total Balance","Target Savings","",""
"","170","Retrieve - Nonexistent ID","Personal Banking APIs - QA Test Suite","2026-09-25","failed","2026-09-25","Retrieve","Airtime, Data, Bills & VAS Beneficiaries","",""
"","243","Tier One Upgrade - Invalid Status Or Type","Personal Banking APIs - QA Test Suite","2026-09-25","passed","2026-09-25","Tier One Upgrade","KYC, Tier Upgrades & Young Moni","",""
"","160","Data - Invalid Status Or Type","Personal Banking APIs - QA Test Suite","2026-09-25","passed","2026-09-25","Data","Scheduled Payments","",""
"","281","Coin Wallet Transactions - Valid","Personal Banking APIs - QA Test Suite","2026-09-25","failed","2026-09-25","Coin Wallet Transactions","Rewards, Cash Tokens & Wishlists","",""
"","168","Complete Registration - Empty Fields","Personal Banking APIs - QA Test Suite","2026-09-25","passed","2026-09-25","Complete Registration","Customer Onboarding","",""
"","163","Update Credit Stage - Empty Fields","Personal Banking APIs - QA Test Suite","2026-09-25","failed","2026-09-25","Update Credit Stage","Wallets, Transfers, Transactions & Fund Requests","",""
"","161","Transactions - Valid","Personal Banking APIs - QA Test Suite","2026-09-25","failed","2026-09-25","Transactions","SWAG Savings","",""
"","223","Young Moni Requests - No Auth","Personal Banking APIs - QA Test Suite","2026-09-25","passed","2026-09-25","Young Moni Requests","KYC, Tier Upgrades & Young Moni","",""
"","172","Partial - Valid","Personal Banking APIs - QA Test Suite","2026-09-25","failed","2026-09-25","Partial","Customer Profile, Accounts & Beneficiaries","",""
"","167","Reject Single Bulk Recipient - Empty Fields","Personal Banking APIs - QA Test Suite","2026-09-25","failed","2026-09-25","Reject Single Bulk Recipient","Wallets, Transfers, Transactions & Fund Requests","",""
"","155","Get Item - Invalid ID","Personal Banking APIs - QA Test Suite","2026-09-25","passed","2026-09-25","Get Item","Rewards, Cash Tokens & Wishlists","",""
"","170","Add Account Alias - Valid","Personal Banking APIs - QA Test Suite","2026-09-25","failed","2026-09-25","Add Account Alias","Customer Profile, Accounts & Beneficiaries","",""
"","219","Admin Games Rewards - Nonexistent ID","Personal Banking APIs - QA Test Suite","2026-09-25","failed","2026-09-25","Admin Games Rewards","Rewards, Cash Tokens & Wishlists","",""
"","164","Update Gender - Empty Fields","Personal Banking APIs - QA Test Suite","2026-09-25","passed","2026-09-25","Update Gender","Login, Credentials, Security & Devices","",""
"","165","Retrieve - Invalid Query","Personal Banking APIs - QA Test Suite","2026-09-25","failed","2026-09-25","Retrieve","Wallets, Transfers, Transactions & Fund Requests","",""
"","157","Reset Pin - Nonexistent ID","Personal Banking APIs - QA Test Suite","2026-09-25","passed","2026-09-25","Reset Pin","Customer Cards","",""
"","179","Initiate Reset Login Pin - No Auth","Personal Banking APIs - QA Test Suite","2026-09-25","passed","2026-09-25","Initiate Reset Login Pin","Login, Credentials, Security & Devices","",""
"","162","Fund Betting Wallet - Invalid Token Or PIN","Personal Banking APIs - QA Test Suite","2026-09-25","passed","2026-09-25","Fund Betting Wallet","Airtime, Data, Bills & VAS Beneficiaries","",""
"","157","Types - Nonexistent ID","Personal Banking APIs - QA Test Suite","2026-09-25","passed","2026-09-25","Types","Supalock Savings","",""
"","192","Account Officer Change Request - No Auth","Personal Banking APIs - QA Test Suite","2026-09-25","passed","2026-09-25","Account Officer Change Request","Customer Profile, Accounts & Beneficiaries","",""
"","173","Restrict Accounts By BVN - No Auth","Personal Banking APIs - QA Test Suite","2026-09-25","passed","2026-09-25","Restrict Accounts By BVN","Customer Profile, Accounts & Beneficiaries","",""
"","154","Borrow - Empty Fields","Personal Banking APIs - QA Test Suite","2026-09-25","failed","2026-09-25","Borrow","Kolo Connect Advances","",""
"","173","Requests - Invalid Query","Personal Banking APIs - QA Test Suite","2026-09-25","failed","2026-09-25","Requests","Customer Cards","",""
"","158","Retrieve - No Auth","Personal Banking APIs - QA Test Suite","2026-09-25","passed","2026-09-25","Retrieve","Customer Profile, Accounts & Beneficiaries","",""
"","148","Wishlist Config Edit - Invalid Amount","Personal Banking APIs - QA Test Suite","2026-09-25","failed","2026-09-25","Wishlist Config Edit","Rewards, Cash Tokens & Wishlists","",""
"","349","Account Officer Change Request - Valid","Personal Banking APIs - QA Test Suite","2026-09-25","passed","2026-09-25","Account Officer Change Request","Customer Profile, Accounts & Beneficiaries","",""
"","143","Retrieve - No Auth","Personal Banking APIs - QA Test Suite","2026-09-25","passed","2026-09-25","Retrieve","Customer Cards","",""
"","317","Update - Invalid ID","Personal Banking APIs - QA Test Suite","2026-09-25","passed","2026-09-25","Update","Scheduled Payments","",""
"","202","Find Account Banks - No Auth","Personal Banking APIs - QA Test Suite","2026-09-25","passed","2026-09-25","Find Account Banks","Customer Profile, Accounts & Beneficiaries","",""
"","163","Tier One Upgrade With BVN - Empty Fields","Personal Banking APIs - QA Test Suite","2026-09-25","passed","2026-09-25","Tier One Upgrade With BVN","KYC, Tier Upgrades & Young Moni","",""
"","163","Partial - Empty Fields","Personal Banking APIs - QA Test Suite","2026-09-25","failed","2026-09-25","Partial","Customer Profile, Accounts & Beneficiaries","",""
"","154","Winner - Invalid Query","Personal Banking APIs - QA Test Suite","2026-09-25","failed","2026-09-25","Winner","Rewards, Cash Tokens & Wishlists","",""
"","180","Withdraw - Valid","Personal Banking APIs - QA Test Suite","2026-09-25","failed","2026-09-25","Withdraw","Rewards, Cash Tokens & Wishlists","",""
"","286","Admin Games Rewards - Invalid Query","Personal Banking APIs - QA Test Suite","2026-09-25","failed","2026-09-25","Admin Games Rewards","Rewards, Cash Tokens & Wishlists","",""
"","871","Reject Single Fund Request - Empty Fields","Personal Banking APIs - QA Test Suite","2026-09-25","failed","2026-09-25","Reject Single Fund Request","Wallets, Transfers, Transactions & Fund Requests","",""
"","163","Account Officer Rate Officer - Missing Required Field","Personal Banking APIs - QA Test Suite","2026-09-25","failed","2026-09-25","Account Officer Rate Officer","Customer Profile, Accounts & Beneficiaries","",""
"","155","Transactions - Invalid Query","Personal Banking APIs - QA Test Suite","2026-09-25","failed","2026-09-25","Transactions","Supalock Savings","",""
"","240","Validate Meter - Invalid Status Or Type","Personal Banking APIs - QA Test Suite","2026-09-25","failed","2026-09-25","Validate Meter","Airtime, Data, Bills & VAS Beneficiaries","",""
"","162","Young Moni Upload Guardian Documents - Valid","Personal Banking APIs - QA Test Suite","2026-09-25","failed","2026-09-25","Young Moni Upload Guardian Documents","Customer Profile, Accounts & Beneficiaries","",""
"","158","Request Phone Verification - Missing Required Field","Personal Banking APIs - QA Test Suite","2026-09-25","failed","2026-09-25","Request Phone Verification","Login, Credentials, Security & Devices","",""
"","159","Inter Transfer - Missing Required Field","Personal Banking APIs - QA Test Suite","2026-09-25","passed","2026-09-25","Inter Transfer","Wallets, Transfers, Transactions & Fund Requests","",""
"","256","Games Eligibility Requirements - Valid","Personal Banking APIs - QA Test Suite","2026-09-25","failed","2026-09-25","Games Eligibility Requirements","Rewards, Cash Tokens & Wishlists","",""
"","166","Partial - Invalid ID","Personal Banking APIs - QA Test Suite","2026-09-25","failed","2026-09-25","Partial","Wallets, Transfers, Transactions & Fund Requests","",""
"","167","Young Moni Requests - Nonexistent ID","Personal Banking APIs - QA Test Suite","2026-09-25","failed","2026-09-25","Young Moni Requests","KYC, Tier Upgrades & Young Moni","",""
"","161","Purchase Electricity - Valid","Personal Banking APIs - QA Test Suite","2026-09-25","failed","2026-09-25","Purchase Electricity","Airtime, Data, Bills & VAS Beneficiaries","",""
"","203","Create Wishlist With Items - Valid","Personal Banking APIs - QA Test Suite","2026-09-25","failed","2026-09-25","Create Wishlist With Items","Rewards, Cash Tokens & Wishlists","",""
"","170","Update Single Transfer Limit - Valid","Personal Banking APIs - QA Test Suite","2026-09-25","failed","2026-09-25","Update Single Transfer Limit","Customer Profile, Accounts & Beneficiaries","",""
"","198","Requests Request Card - Valid","Personal Banking APIs - QA Test Suite","2026-09-25","failed","2026-09-25","Requests Request Card","Customer Cards","",""
"","153","Reward With Airtime - Invalid Amount","Personal Banking APIs - QA Test Suite","2026-09-25","failed","2026-09-25","Reward With Airtime","Rewards, Cash Tokens & Wishlists","",""
"","168","Retrieve - Invalid ID","Personal Banking APIs - QA Test Suite","2026-09-25","failed","2026-09-25","Retrieve","Wallets, Transfers, Transactions & Fund Requests","",""
"","166","Setup Liveness Image - Missing Required Field","Personal Banking APIs - QA Test Suite","2026-09-25","passed","2026-09-25","Setup Liveness Image","Login, Credentials, Security & Devices","",""
"","164","Retrieve - Nonexistent ID","Personal Banking APIs - QA Test Suite","2026-09-25","passed","2026-09-25","Retrieve","Customer Profile, Accounts & Beneficiaries","",""
"","155","Channel Settings - Empty Fields","Personal Banking APIs - QA Test Suite","2026-09-25","passed","2026-09-25","Channel Settings","Customer Cards","",""
"","173","Item - Valid","Personal Banking APIs - QA Test Suite","2026-09-25","failed","2026-09-25","Item","Rewards, Cash Tokens & Wishlists","",""
"","227","Add Item - Invalid Amount","Personal Banking APIs - QA Test Suite","2026-09-25","failed","2026-09-25","Add Item","Rewards, Cash Tokens & Wishlists","",""
"","248","Encrypt Login - Invalid Email","Personal Banking APIs - QA Test Suite","2026-09-25","failed","2026-09-25","Encrypt Login","Login, Credentials, Security & Devices","",""
"","169","Transactions Update Spend Wallet - Empty Fields","Personal Banking APIs - QA Test Suite","2026-09-25","passed","2026-09-25","Transactions Update Spend Wallet","Save & Spend","",""
"","170","Channel Settings - Invalid Token Or PIN","Personal Banking APIs - QA Test Suite","2026-09-25","failed","2026-09-25","Channel Settings","Customer Cards","",""
"","151","Transactions Create Plan - Valid","Personal Banking APIs - QA Test Suite","2026-09-25","failed","2026-09-25","Transactions Create Plan","SWAG Savings","",""
"","163","Purchase Waec - Empty Fields","Personal Banking APIs - QA Test Suite","2026-09-25","passed","2026-09-25","Purchase Waec","Airtime, Data, Bills & VAS Beneficiaries","",""
"","455","Transactions - No Auth","Personal Banking APIs - QA Test Suite","2026-09-25","passed","2026-09-25","Transactions","Save & Spend","",""
"","282","Intra Name Enquiry - No Auth","Personal Banking APIs - QA Test Suite","2026-09-25","passed","2026-09-25","Intra Name Enquiry","Wallets, Transfers, Transactions & Fund Requests","",""
"","164","Create - Valid","Personal Banking APIs - QA Test Suite","2026-09-25","failed","2026-09-25","Create","Wallets, Transfers, Transactions & Fund Requests","",""
"","170","Update Daily Transfer Limit - Valid","Personal Banking APIs - QA Test Suite","2026-09-25","failed","2026-09-25","Update Daily Transfer Limit","Customer Profile, Accounts & Beneficiaries","",""
"","242","Renew Insurance - Invalid Token Or PIN","Personal Banking APIs - QA Test Suite","2026-09-25","passed","2026-09-25","Renew Insurance","Insurance","",""
"","232","Create Insurance - Valid","Personal Banking APIs - QA Test Suite","2026-09-25","failed","2026-09-25","Create Insurance","Insurance","",""
"","295","Admin Games - Invalid ID","Personal Banking APIs - QA Test Suite","2026-09-25","failed","2026-09-25","Admin Games","Rewards, Cash Tokens & Wishlists","",""
"","260","Find Customers By Phone - Empty Fields","Personal Banking APIs - QA Test Suite","2026-09-25","passed","2026-09-25","Find Customers By Phone","Customer Profile, Accounts & Beneficiaries","",""
"","167","Upload Documents - Valid","Personal Banking APIs - QA Test Suite","2026-09-25","failed","2026-09-25","Upload Documents","KYC, Tier Upgrades & Young Moni","",""
"","157","Verify Phone Number - Valid","Personal Banking APIs - QA Test Suite","2026-09-25","failed","2026-09-25","Verify Phone Number","Login, Credentials, Security & Devices","",""
"","199","Young Moni - Valid","Personal Banking APIs - QA Test Suite","2026-09-25","passed","2026-09-25","Young Moni","Customer Profile, Accounts & Beneficiaries","",""
"","395","Get Cable Plans - Valid","Personal Banking APIs - QA Test Suite","2026-09-25","passed","2026-09-25","Get Cable Plans","Airtime, Data, Bills & VAS Beneficiaries","",""
"","169","Eligibility - Invalid Query","Personal Banking APIs - QA Test Suite","2026-09-25","failed","2026-09-25","Eligibility","Kolo Connect Advances","",""
"","145","Transactions Create Plan - Invalid Token Or PIN","Personal Banking APIs - QA Test Suite","2026-09-25","passed","2026-09-25","Transactions Create Plan","SWAG Savings","",""
"","186","Verify NIN (Choose BVN or NIN) - Valid","Personal Banking APIs - QA Test Suite","2026-09-25","failed","2026-09-25","Verify NIN (Choose BVN or NIN)","Customer Onboarding","",""
"","148","Transactions Deposit - No Auth","Personal Banking APIs - QA Test Suite","2026-09-25","failed","2026-09-25","Transactions Deposit","SWAG Savings","",""
"","285","Admin Coins Rules - Valid","Personal Banking APIs - QA Test Suite","2026-09-25","failed","2026-09-25","Admin Coins Rules","Rewards, Cash Tokens & Wishlists","",""
"","211","Transactions Break Target - Empty Fields","Personal Banking APIs - QA Test Suite","2026-09-25","passed","2026-09-25","Transactions Break Target","Target Savings","",""
"","157","Document Delete - No Auth","Personal Banking APIs - QA Test Suite","2026-09-25","passed","2026-09-25","Document Delete","KYC, Tier Upgrades & Young Moni","",""
"","297","Retrieve - Invalid ID","Personal Banking APIs - QA Test Suite","2026-09-25","failed","2026-09-25","Retrieve","Wallets, Transfers, Transactions & Fund Requests","",""
"","269","Admin Coins Redemption Rules - No Auth","Personal Banking APIs - QA Test Suite","2026-09-25","passed","2026-09-25","Admin Coins Redemption Rules","Rewards, Cash Tokens & Wishlists","",""
"","168","Set Password & Create Pending User - Valid","Personal Banking APIs - QA Test Suite","2026-09-25","failed","2026-09-25","Set Password & Create Pending User","Customer Onboarding","",""
"","233","Validate Betting Id - No Auth","Personal Banking APIs - QA Test Suite","2026-09-25","passed","2026-09-25","Validate Betting Id","Airtime, Data, Bills & VAS Beneficiaries","",""
"","225","Transactions Create Wallet - Missing Required Field","Personal Banking APIs - QA Test Suite","2026-09-25","passed","2026-09-25","Transactions Create Wallet","Save & Spend","",""
"","219","List - Valid","Personal Banking APIs - QA Test Suite","2026-09-25","passed","2026-09-25","List","Airtime, Data, Bills & VAS Beneficiaries","",""
"","163","Initiate Reset Transaction Pin - Valid","Personal Banking APIs - QA Test Suite","2026-09-25","failed","2026-09-25","Initiate Reset Transaction Pin","Login, Credentials, Security & Devices","",""
"","165","Verify Email Update - Invalid Email","Personal Banking APIs - QA Test Suite","2026-09-25","passed","2026-09-25","Verify Email Update","KYC, Tier Upgrades & Young Moni","",""
"","213","Verify Email OTP - Missing Required Field","Personal Banking APIs - QA Test Suite","2026-09-25","passed","2026-09-25","Verify Email OTP","Customer Onboarding","",""
"","184","Reset Password - Missing Required Field","Personal Banking APIs - QA Test Suite","2026-09-25","passed","2026-09-25","Reset Password","Login, Credentials, Security & Devices","",""
"","311","Admin Request Stats - Valid","Personal Banking APIs - QA Test Suite","2026-09-25","failed","2026-09-25","Admin Request Stats","KYC, Tier Upgrades & Young Moni","",""
"","171","Verify Reset Token - Invalid Email","Personal Banking APIs - QA Test Suite","2026-09-25","passed","2026-09-25","Verify Reset Token","Login, Credentials, Security & Devices","",""
"","336","Admin Games Sessions - Invalid Query","Personal Banking APIs - QA Test Suite","2026-09-25","failed","2026-09-25","Admin Games Sessions","Rewards, Cash Tokens & Wishlists","",""
"","184","List - Valid","Personal Banking APIs - QA Test Suite","2026-09-25","failed","2026-09-25","List","Airtime, Data, Bills & VAS Beneficiaries","",""
"","165","Toolkit Accounts - Invalid Query","Personal Banking APIs - QA Test Suite","2026-09-25","failed","2026-09-25","Toolkit Accounts","Customer Profile, Accounts & Beneficiaries","",""
"","186","Activate - Valid","Personal Banking APIs - QA Test Suite","2026-09-25","failed","2026-09-25","Activate","Customer Cards","",""
"","177","Verify Reset Token - No Auth","Personal Banking APIs - QA Test Suite","2026-09-25","failed","2026-09-25","Verify Reset Token","Login, Credentials, Security & Devices","",""
"","150","Transactions Update Spend Wallet - Invalid Token Or PIN","Personal Banking APIs - QA Test Suite","2026-09-25","passed","2026-09-25","Transactions Update Spend Wallet","Save & Spend","",""
"","185","Admin Coins Rules - Missing Required Field","Personal Banking APIs - QA Test Suite","2026-09-25","failed","2026-09-25","Admin Coins Rules","Rewards, Cash Tokens & Wishlists","",""
"","360","Validate Face Match - No Auth","Personal Banking APIs - QA Test Suite","2026-09-25","failed","2026-09-25","Validate Face Match","Login, Credentials, Security & Devices","",""
"","423","Data Plans - Valid","Personal Banking APIs - QA Test Suite","2026-09-25","failed","2026-09-25","Data Plans","Airtime, Data, Bills & VAS Beneficiaries","",""
"","221","Get Betting Billers - No Auth","Personal Banking APIs - QA Test Suite","2026-09-25","passed","2026-09-25","Get Betting Billers","Airtime, Data, Bills & VAS Beneficiaries","",""
"","232","Providers - Nonexistent ID","Personal Banking APIs - QA Test Suite","2026-09-25","passed","2026-09-25","Providers","Insurance","",""
"","158","Admin Admin Tier One Upgrade - No Auth","Personal Banking APIs - QA Test Suite","2026-09-25","passed","2026-09-25","Admin Admin Tier One Upgrade","KYC, Tier Upgrades & Young Moni","",""
"","298","Admin List Documents - No Auth","Personal Banking APIs - QA Test Suite","2026-09-25","passed","2026-09-25","Admin List Documents","KYC, Tier Upgrades & Young Moni","",""
"","169","Document Update Status - Valid","Personal Banking APIs - QA Test Suite","2026-09-25","failed","2026-09-25","Document Update Status","KYC, Tier Upgrades & Young Moni","",""
"","153","Winner Dismiss Action - Nonexistent ID","Personal Banking APIs - QA Test Suite","2026-09-25","passed","2026-09-25","Winner Dismiss Action","Rewards, Cash Tokens & Wishlists","",""
"","164","Retrieve - Nonexistent ID","Personal Banking APIs - QA Test Suite","2026-09-25","failed","2026-09-25","Retrieve","Wallets, Transfers, Transactions & Fund Requests","",""
"","319","Verify Phone OTP - Valid","Personal Banking APIs - QA Test Suite","2026-09-25","failed","2026-09-25","Verify Phone OTP","Customer Onboarding","",""
"","151","Wallet Download Swag Statement - Invalid Status Or Type","Personal Banking APIs - QA Test Suite","2026-09-25","failed","2026-09-25","Wallet Download Swag Statement","SWAG Savings","",""
"","169","Request Alias Phone Verification - Missing Required Field","Personal Banking APIs - QA Test Suite","2026-09-25","passed","2026-09-25","Request Alias Phone Verification","Customer Profile, Accounts & Beneficiaries","",""
"","177","Overview - No Auth","Personal Banking APIs - QA Test Suite","2026-09-25","passed","2026-09-25","Overview","Customer Profile, Accounts & Beneficiaries","",""
"","160","Young Moni Initiate Account Request - No Auth","Personal Banking APIs - QA Test Suite","2026-09-25","passed","2026-09-25","Young Moni Initiate Account Request","Customer Profile, Accounts & Beneficiaries","",""
"","161","Purchase Waec - No Auth","Personal Banking APIs - QA Test Suite","2026-09-25","failed","2026-09-25","Purchase Waec","Airtime, Data, Bills & VAS Beneficiaries","",""
"","160","Purchase Epin - Invalid Token Or PIN","Personal Banking APIs - QA Test Suite","2026-09-25","passed","2026-09-25","Purchase Epin","Airtime, Data, Bills & VAS Beneficiaries","",""
"","281","Providers - Valid","Personal Banking APIs - QA Test Suite","2026-09-25","failed","2026-09-25","Providers","Insurance","",""
"","154","Repay - Invalid Amount","Personal Banking APIs - QA Test Suite","2026-09-25","failed","2026-09-25","Repay","Kolo Connect Advances","",""
"","273","Withdraw - Missing Required Field","Personal Banking APIs - QA Test Suite","2026-09-25","failed","2026-09-25","Withdraw","Rewards, Cash Tokens & Wishlists","",""
"","159","Fund Betting Wallet - Invalid Status Or Type","Personal Banking APIs - QA Test Suite","2026-09-25","passed","2026-09-25","Fund Betting Wallet","Airtime, Data, Bills & VAS Beneficiaries","",""
"","165","Retrieve - Invalid ID","Personal Banking APIs - QA Test Suite","2026-09-25","failed","2026-09-25","Retrieve","Airtime, Data, Bills & VAS Beneficiaries","",""
"","153","Terms - Nonexistent ID","Personal Banking APIs - QA Test Suite","2026-09-25","passed","2026-09-25","Terms","Rewards, Cash Tokens & Wishlists","",""
"","166","Borrow - Valid","Personal Banking APIs - QA Test Suite","2026-09-25","failed","2026-09-25","Borrow","Kolo Connect Advances","",""
"","168","Create - Missing Required Field","Personal Banking APIs - QA Test Suite","2026-09-25","failed","2026-09-25","Create","Airtime, Data, Bills & VAS Beneficiaries","",""
"","234","Waec Lookup - Invalid Query","Personal Banking APIs - QA Test Suite","2026-09-25","failed","2026-09-25","Waec Lookup","Airtime, Data, Bills & VAS Beneficiaries","",""
"","181","Create - Valid","Personal Banking APIs - QA Test Suite","2026-09-25","failed","2026-09-25","Create","Airtime, Data, Bills & VAS Beneficiaries","",""
"","159","Admin Admin Tier Two Upgrade - No Auth","Personal Banking APIs - QA Test Suite","2026-09-25","passed","2026-09-25","Admin Admin Tier Two Upgrade","KYC, Tier Upgrades & Young Moni","",""
"","162","Purchase Jamb - Missing Required Field","Personal Banking APIs - QA Test Suite","2026-09-25","passed","2026-09-25","Purchase Jamb","Airtime, Data, Bills & VAS Beneficiaries","",""
"","146","Pay Schedule Early - No Auth","Personal Banking APIs - QA Test Suite","2026-09-25","passed","2026-09-25","Pay Schedule Early","Scheduled Payments","",""
"","220","Verify Email OTP - Empty Fields","Personal Banking APIs - QA Test Suite","2026-09-25","passed","2026-09-25","Verify Email OTP","Customer Onboarding","",""
"","207","Request Alias Phone Verification - Valid","Personal Banking APIs - QA Test Suite","2026-09-25","failed","2026-09-25","Request Alias Phone Verification","Customer Profile, Accounts & Beneficiaries","",""
"","216","Create - Valid","Personal Banking APIs - QA Test Suite","2026-09-25","passed","2026-09-25","Create","Airtime, Data, Bills & VAS Beneficiaries","",""
"","396","Reject Single Fund Request - Invalid Token Or PIN","Personal Banking APIs - QA Test Suite","2026-09-25","failed","2026-09-25","Reject Single Fund Request","Wallets, Transfers, Transactions & Fund Requests","",""
"","279","Update Location - Invalid ID","Personal Banking APIs - QA Test Suite","2026-09-25","failed","2026-09-25","Update Location","Login, Credentials, Security & Devices","",""
"","158","Purchase Epin - Missing Required Field","Personal Banking APIs - QA Test Suite","2026-09-25","passed","2026-09-25","Purchase Epin","Airtime, Data, Bills & VAS Beneficiaries","",""
"","170","Verify Alias Phone Number - Valid","Personal Banking APIs - QA Test Suite","2026-09-25","failed","2026-09-25","Verify Alias Phone Number","Customer Profile, Accounts & Beneficiaries","",""
"","152","Create Supalock - Invalid Amount","Personal Banking APIs - QA Test Suite","2026-09-25","failed","2026-09-25","Create Supalock","Supalock Savings","",""
"","165","Verify Email Update - Invalid Token Or PIN","Personal Banking APIs - QA Test Suite","2026-09-25","passed","2026-09-25","Verify Email Update","KYC, Tier Upgrades & Young Moni","",""
"","216","Games Eligibility Requirements - No Auth","Personal Banking APIs - QA Test Suite","2026-09-25","passed","2026-09-25","Games Eligibility Requirements","Rewards, Cash Tokens & Wishlists","",""
"","158","Create Password - Invalid Token Or PIN","Personal Banking APIs - QA Test Suite","2026-09-25","passed","2026-09-25","Create Password","Login, Credentials, Security & Devices","",""
"","157","Account Officer - No Auth","Personal Banking APIs - QA Test Suite","2026-09-25","passed","2026-09-25","Account Officer","Customer Profile, Accounts & Beneficiaries","",""
"","165","Admin Upload Documents - Invalid Status Or Type","Personal Banking APIs - QA Test Suite","2026-09-25","passed","2026-09-25","Admin Upload Documents","KYC, Tier Upgrades & Young Moni","",""
"","149","Proposed Contributor - Empty Fields","Personal Banking APIs - QA Test Suite","2026-09-25","passed","2026-09-25","Proposed Contributor","Rewards, Cash Tokens & Wishlists","",""
"","154","Data - Invalid Amount","Personal Banking APIs - QA Test Suite","2026-09-25","passed","2026-09-25","Data","Scheduled Payments","",""
"","153","Admin Coins Redemption Rules - Nonexistent ID","Personal Banking APIs - QA Test Suite","2026-09-25","failed","2026-09-25","Admin Coins Redemption Rules","Rewards, Cash Tokens & Wishlists","",""
"","222","Payment Merchant - Valid","Personal Banking APIs - QA Test Suite","2026-09-25","passed","2026-09-25","Payment Merchant","Customer Cards","",""
"","158","Create Transaction Pin - Invalid Token Or PIN","Personal Banking APIs - QA Test Suite","2026-09-25","failed","2026-09-25","Create Transaction Pin","Login, Credentials, Security & Devices","",""
"","228","Intra Transfer - No Auth","Personal Banking APIs - QA Test Suite","2026-09-25","failed","2026-09-25","Intra Transfer","Wallets, Transfers, Transactions & Fund Requests","",""
"","430","Young Moni Initiate Account Without Identity - No Auth","Personal Banking APIs - QA Test Suite","2026-09-25","passed","2026-09-25","Young Moni Initiate Account Without Identity","Customer Profile, Accounts & Beneficiaries","",""
"","154","Types - Invalid ID","Personal Banking APIs - QA Test Suite","2026-09-25","passed","2026-09-25","Types","Supalock Savings","",""
"","210","Document Delete - Empty Fields","Personal Banking APIs - QA Test Suite","2026-09-25","failed","2026-09-25","Document Delete","KYC, Tier Upgrades & Young Moni","",""
"","146","Withdraw Supalock - No Auth","Personal Banking APIs - QA Test Suite","2026-09-25","passed","2026-09-25","Withdraw Supalock","Supalock Savings","",""
"","164","Purchase Cable - Missing Required Field","Personal Banking APIs - QA Test Suite","2026-09-25","passed","2026-09-25","Purchase Cable","Airtime, Data, Bills & VAS Beneficiaries","",""
"","192","Create Insurance - Missing Required Field","Personal Banking APIs - QA Test Suite","2026-09-25","passed","2026-09-25","Create Insurance","Insurance","",""
"","228","Channel Settings - No Auth","Personal Banking APIs - QA Test Suite","2026-09-25","passed","2026-09-25","Channel Settings","Customer Cards","",""
"","155","Transfer - Invalid Status Or Type","Personal Banking APIs - QA Test Suite","2026-09-25","passed","2026-09-25","Transfer","Scheduled Payments","",""
"","169","Retrieve - Valid","Personal Banking APIs - QA Test Suite","2026-09-25","failed","2026-09-25","Retrieve","Airtime, Data, Bills & VAS Beneficiaries","",""
"","162","Retrieve - Valid","Personal Banking APIs - QA Test Suite","2026-09-25","failed","2026-09-25","Retrieve","Kolo Connect Advances","",""
"","167","Types - Missing Required Field","Personal Banking APIs - QA Test Suite","2026-09-25","failed","2026-09-25","Types","Supalock Savings","",""
"","158","Inter Transfer - Invalid Amount","Personal Banking APIs - QA Test Suite","2026-09-25","passed","2026-09-25","Inter Transfer","Wallets, Transfers, Transactions & Fund Requests","",""
"","180","Transaction - Valid","Personal Banking APIs - QA Test Suite","2026-09-25","failed","2026-09-25","Transaction","Airtime, Data, Bills & VAS Beneficiaries","",""
"","151","Item - Nonexistent ID","Personal Banking APIs - QA Test Suite","2026-09-25","passed","2026-09-25","Item","Rewards, Cash Tokens & Wishlists","",""
"","146","Coin Wallet - No Auth","Personal Banking APIs - QA Test Suite","2026-09-25","passed","2026-09-25","Coin Wallet","Rewards, Cash Tokens & Wishlists","",""
"","173","Transactions - Valid","Personal Banking APIs - QA Test Suite","2026-09-25","failed","2026-09-25","Transactions","SWAG Savings","",""
"","219","Repayment Plan - No Auth","Personal Banking APIs - QA Test Suite","2026-09-25","passed","2026-09-25","Repayment Plan","Kolo Connect Advances","",""
"","155","Repay - Missing Required Field","Personal Banking APIs - QA Test Suite","2026-09-25","failed","2026-09-25","Repay","Kolo Connect Advances","",""
"","165","Dismiss Action - Invalid ID","Personal Banking APIs - QA Test Suite","2026-09-25","passed","2026-09-25","Dismiss Action","KYC, Tier Upgrades & Young Moni","",""
"","154","Perform Action - Nonexistent ID","Personal Banking APIs - QA Test Suite","2026-09-25","failed","2026-09-25","Perform Action","Rewards, Cash Tokens & Wishlists","",""
"","274","Account Officer Change Request - Invalid Query","Personal Banking APIs - QA Test Suite","2026-09-25","failed","2026-09-25","Account Officer Change Request","Customer Profile, Accounts & Beneficiaries","",""
"","233","Profile - No Auth","Personal Banking APIs - QA Test Suite","2026-09-25","passed","2026-09-25","Profile","Customer Profile, Accounts & Beneficiaries","",""
"","165","Tier Zero Upgrade - Missing Required Field","Personal Banking APIs - QA Test Suite","2026-09-25","passed","2026-09-25","Tier Zero Upgrade","KYC, Tier Upgrades & Young Moni","",""
"","182","Daily Spending Summary - Valid","Personal Banking APIs - QA Test Suite","2026-09-25","passed","2026-09-25","Daily Spending Summary","Wallets, Transfers, Transactions & Fund Requests","",""
"","164","Inter Name Enquiry - Empty Fields","Personal Banking APIs - QA Test Suite","2026-09-25","passed","2026-09-25","Inter Name Enquiry","Wallets, Transfers, Transactions & Fund Requests","",""
"","165","Admin Reject Upgrade Request - Empty Fields","Personal Banking APIs - QA Test Suite","2026-09-25","failed","2026-09-25","Admin Reject Upgrade Request","KYC, Tier Upgrades & Young Moni","",""
"","167","Retrieve - Valid","Personal Banking APIs - QA Test Suite","2026-09-25","failed","2026-09-25","Retrieve","Wallets, Transfers, Transactions & Fund Requests","",""
"","197","Coin Wallet Transactions - No Auth","Personal Banking APIs - QA Test Suite","2026-09-25","passed","2026-09-25","Coin Wallet Transactions","Rewards, Cash Tokens & Wishlists","",""
"","163","Add Item - Empty Fields","Personal Banking APIs - QA Test Suite","2026-09-25","failed","2026-09-25","Add Item","Rewards, Cash Tokens & Wishlists","",""
"","162","Login With Pin - Missing Required Field","Personal Banking APIs - QA Test Suite","2026-09-25","passed","2026-09-25","Login With Pin","Login, Credentials, Security & Devices","",""
"","176","List - Valid","Personal Banking APIs - QA Test Suite","2026-09-25","failed","2026-09-25","List","Wallets, Transfers, Transactions & Fund Requests","",""
"","153","Transactions Update Swag Monthly Rollover - Invalid Token Or PIN","Personal Banking APIs - QA Test Suite","2026-09-25","failed","2026-09-25","Transactions Update Swag Monthly Rollover","SWAG Savings","",""
"","157","Validate Meter - No Auth","Personal Banking APIs - QA Test Suite","2026-09-25","passed","2026-09-25","Validate Meter","Airtime, Data, Bills & VAS Beneficiaries","",""
"","146","Retrieve - No Auth","Personal Banking APIs - QA Test Suite","2026-09-25","passed","2026-09-25","Retrieve","Insurance","",""
"","234","Young Moni Documents - Nonexistent ID","Personal Banking APIs - QA Test Suite","2026-09-25","failed","2026-09-25","Young Moni Documents","KYC, Tier Upgrades & Young Moni","",""
"","148","Transactions Create Wallet - Invalid Token Or PIN","Personal Banking APIs - QA Test Suite","2026-09-25","passed","2026-09-25","Transactions Create Wallet","Target Savings","",""
"","210","Admin Coins Rules - Invalid Status Or Type","Personal Banking APIs - QA Test Suite","2026-09-25","failed","2026-09-25","Admin Coins Rules","Rewards, Cash Tokens & Wishlists","",""
"","213","Set Password & Create Pending User - Empty Fields","Personal Banking APIs - QA Test Suite","2026-09-25","passed","2026-09-25","Set Password & Create Pending User","Customer Onboarding","",""
"","316","Admin Coins Rules - Missing Required Field","Personal Banking APIs - QA Test Suite","2026-09-25","failed","2026-09-25","Admin Coins Rules","Rewards, Cash Tokens & Wishlists","",""
"","201","Verify Token - Invalid Token Or PIN","Personal Banking APIs - QA Test Suite","2026-09-25","passed","2026-09-25","Verify Token","Login, Credentials, Security & Devices","",""
"","165","Admin Games Rewards - Invalid ID","Personal Banking APIs - QA Test Suite","2026-09-25","failed","2026-09-25","Admin Games Rewards","Rewards, Cash Tokens & Wishlists","",""
"","165","Admin Admin Tier One Upgrade - Empty Fields","Personal Banking APIs - QA Test Suite","2026-09-25","failed","2026-09-25","Admin Admin Tier One Upgrade","KYC, Tier Upgrades & Young Moni","",""
"","166","Create Sub Account - Missing Required Field","Personal Banking APIs - QA Test Suite","2026-09-25","passed","2026-09-25","Create Sub Account","Customer Profile, Accounts & Beneficiaries","",""
"","166","Admin Admin Tier One Upgrade - Missing Required Field","Personal Banking APIs - QA Test Suite","2026-09-25","failed","2026-09-25","Admin Admin Tier One Upgrade","KYC, Tier Upgrades & Young Moni","",""
"","226","List - Valid","Personal Banking APIs - QA Test Suite","2026-09-25","failed","2026-09-25","List","Airtime, Data, Bills & VAS Beneficiaries","",""
"","154","Update - Missing Required Field","Personal Banking APIs - QA Test Suite","2026-09-25","passed","2026-09-25","Update","Scheduled Payments","",""
"","234","Reject Single Fund Request - Missing Required Field","Personal Banking APIs - QA Test Suite","2026-09-25","failed","2026-09-25","Reject Single Fund Request","Wallets, Transfers, Transactions & Fund Requests","",""
"","156","Webhook Cashtoken Webhook - Empty Fields","Personal Banking APIs - QA Test Suite","2026-09-25","failed","2026-09-25","Webhook Cashtoken Webhook","Rewards, Cash Tokens & Wishlists","",""
"","279","Admin Coins Redemption Rules - No Auth","Personal Banking APIs - QA Test Suite","2026-09-25","passed","2026-09-25","Admin Coins Redemption Rules","Rewards, Cash Tokens & Wishlists","",""
"","156","Young Moni Upload Guardian Documents - Missing Required Field","Personal Banking APIs - QA Test Suite","2026-09-25","failed","2026-09-25","Young Moni Upload Guardian Documents","Customer Profile, Accounts & Beneficiaries","",""
"","148","Get Item Edit - Missing Required Field","Personal Banking APIs - QA Test Suite","2026-09-25","failed","2026-09-25","Get Item Edit","Rewards, Cash Tokens & Wishlists","",""
"","151","List Schedule Payments - Invalid Query","Personal Banking APIs - QA Test Suite","2026-09-25","failed","2026-09-25","List Schedule Payments","Scheduled Payments","",""
"","173","Verify Alias Phone Number - Empty Fields","Personal Banking APIs - QA Test Suite","2026-09-25","passed","2026-09-25","Verify Alias Phone Number","Customer Profile, Accounts & Beneficiaries","",""
"","161","Purchase Airtime - No Auth","Personal Banking APIs - QA Test Suite","2026-09-25","failed","2026-09-25","Purchase Airtime","Airtime, Data, Bills & VAS Beneficiaries","",""
"","166","Reward With Airtime - Missing Required Field","Personal Banking APIs - QA Test Suite","2026-09-25","failed","2026-09-25","Reward With Airtime","Rewards, Cash Tokens & Wishlists","",""
"","153","Perform Action - Empty Fields","Personal Banking APIs - QA Test Suite","2026-09-25","failed","2026-09-25","Perform Action","Rewards, Cash Tokens & Wishlists","",""
"","221","Update Communication Preference - Valid","Personal Banking APIs - QA Test Suite","2026-09-25","failed","2026-09-25","Update Communication Preference","Customer Profile, Accounts & Beneficiaries","",""
"","149","Transactions Withdraw Interest - Missing Required Field","Personal Banking APIs - QA Test Suite","2026-09-25","passed","2026-09-25","Transactions Withdraw Interest","SWAG Savings","",""
"","221","Create Login Pin - Valid","Personal Banking APIs - QA Test Suite","2026-09-25","failed","2026-09-25","Create Login Pin","Login, Credentials, Security & Devices","",""
"","171","Account Officer Request Change - Missing Required Field","Personal Banking APIs - QA Test Suite","2026-09-25","passed","2026-09-25","Account Officer Request Change","Customer Profile, Accounts & Beneficiaries","",""
"","164","Young Moni Requests Complete Review - Nonexistent ID","Personal Banking APIs - QA Test Suite","2026-09-25","failed","2026-09-25","Young Moni Requests Complete Review","KYC, Tier Upgrades & Young Moni","",""
"","289","Admin Coins Rules Stats - Valid","Personal Banking APIs - QA Test Suite","2026-09-25","failed","2026-09-25","Admin Coins Rules Stats","Rewards, Cash Tokens & Wishlists","",""
"","206","Intra Account Transfer - Invalid Token Or PIN","Personal Banking APIs - QA Test Suite","2026-09-25","passed","2026-09-25","Intra Account Transfer","Wallets, Transfers, Transactions & Fund Requests","",""
"","165","Admin Admin Tier Zero Upgrade - Valid","Personal Banking APIs - QA Test Suite","2026-09-25","failed","2026-09-25","Admin Admin Tier Zero Upgrade","KYC, Tier Upgrades & Young Moni","",""
"","189","Fetch Balance - No Auth","Personal Banking APIs - QA Test Suite","2026-09-25","passed","2026-09-25","Fetch Balance","Customer Profile, Accounts & Beneficiaries","",""
"","171","Young Moni Requests - Invalid Query","Personal Banking APIs - QA Test Suite","2026-09-25","failed","2026-09-25","Young Moni Requests","KYC, Tier Upgrades & Young Moni","",""
"","146","List - No Auth","Personal Banking APIs - QA Test Suite","2026-09-25","passed","2026-09-25","List","Kolo Connect Advances","",""
"","161","Purchase Waec - Valid","Personal Banking APIs - QA Test Suite","2026-09-25","failed","2026-09-25","Purchase Waec","Airtime, Data, Bills & VAS Beneficiaries","",""
"","163","Games Scratch Card - Invalid Query","Personal Banking APIs - QA Test Suite","2026-09-25","passed","2026-09-25","Games Scratch Card","Rewards, Cash Tokens & Wishlists","",""
"","160","Purchase Airtime - Missing Required Field","Personal Banking APIs - QA Test Suite","2026-09-25","passed","2026-09-25","Purchase Airtime","Airtime, Data, Bills & VAS Beneficiaries","",""
"","159","Purchase Cable - Empty Fields","Personal Banking APIs - QA Test Suite","2026-09-25","passed","2026-09-25","Purchase Cable","Airtime, Data, Bills & VAS Beneficiaries","",""
"","213","Redeem Coins - Missing Required Field","Personal Banking APIs - QA Test Suite","2026-09-25","passed","2026-09-25","Redeem Coins","Rewards, Cash Tokens & Wishlists","",""
"","149","Transactions Withdraw Principal - Missing Required Field","Personal Banking APIs - QA Test Suite","2026-09-25","passed","2026-09-25","Transactions Withdraw Principal","SWAG Savings","",""
"","287","Admin Coins Redemption Rules - Valid","Personal Banking APIs - QA Test Suite","2026-09-25","failed","2026-09-25","Admin Coins Redemption Rules","Rewards, Cash Tokens & Wishlists","",""
"","173","Wishlist Config - Valid","Personal Banking APIs - QA Test Suite","2026-09-25","failed","2026-09-25","Wishlist Config","Rewards, Cash Tokens & Wishlists","",""
"","171","Withdraw Cashback - Empty Fields","Personal Banking APIs - QA Test Suite","2026-09-25","passed","2026-09-25","Withdraw Cashback","Wallets, Transfers, Transactions & Fund Requests","",""
"","788","Check Email / Phone Availability - Valid","Personal Banking APIs - QA Test Suite","2026-09-25","failed","2026-09-25","Check Email / Phone Availability","Customer Onboarding","",""
"","157","Get Item - Invalid Query","Personal Banking APIs - QA Test Suite","2026-09-25","failed","2026-09-25","Get Item","Rewards, Cash Tokens & Wishlists","",""
"","165","Perform Action - Valid","Personal Banking APIs - QA Test Suite","2026-09-25","failed","2026-09-25","Perform Action","Rewards, Cash Tokens & Wishlists","",""
"","184","Proposed Contributor - Valid","Personal Banking APIs - QA Test Suite","2026-09-25","failed","2026-09-25","Proposed Contributor","Rewards, Cash Tokens & Wishlists","",""
"","306","Admin - Nonexistent ID","Personal Banking APIs - QA Test Suite","2026-09-25","failed","2026-09-25","Admin","KYC, Tier Upgrades & Young Moni","",""
"","170","Admin Admin Tier One Upgrade - Valid","Personal Banking APIs - QA Test Suite","2026-09-25","failed","2026-09-25","Admin Admin Tier One Upgrade","KYC, Tier Upgrades & Young Moni","",""
"","160","Activate - Empty Fields","Personal Banking APIs - QA Test Suite","2026-09-25","failed","2026-09-25","Activate","Customer Cards","",""
"","197","Young Moni Documents Action Document - Missing Required Field","Personal Banking APIs - QA Test Suite","2026-09-25","failed","2026-09-25","Young Moni Documents Action Document","KYC, Tier Upgrades & Young Moni","",""
"","176","List - Invalid Query","Personal Banking APIs - QA Test Suite","2026-09-25","failed","2026-09-25","List","Airtime, Data, Bills & VAS Beneficiaries","",""
"","153","Admin Coins Redemption Rules - Invalid Status Or Type","Personal Banking APIs - QA Test Suite","2026-09-25","failed","2026-09-25","Admin Coins Redemption Rules","Rewards, Cash Tokens & Wishlists","",""
"","178","Terms - Valid","Personal Banking APIs - QA Test Suite","2026-09-25","failed","2026-09-25","Terms","Rewards, Cash Tokens & Wishlists","",""
"","221","Validate Smart Card - Empty Fields","Personal Banking APIs - QA Test Suite","2026-09-25","failed","2026-09-25","Validate Smart Card","Airtime, Data, Bills & VAS Beneficiaries","",""
"","167","Approve Single Fund Request - Invalid Token Or PIN","Personal Banking APIs - QA Test Suite","2026-09-25","failed","2026-09-25","Approve Single Fund Request","Wallets, Transfers, Transactions & Fund Requests","",""
"","170","List - Invalid Query","Personal Banking APIs - QA Test Suite","2026-09-25","failed","2026-09-25","List","Wallets, Transfers, Transactions & Fund Requests","",""
"","216","Remaining Limit Today - Invalid Query","Personal Banking APIs - QA Test Suite","2026-09-25","failed","2026-09-25","Remaining Limit Today","Wallets, Transfers, Transactions & Fund Requests","",""
"","221","Verify Reset Token - Invalid Token Or PIN","Personal Banking APIs - QA Test Suite","2026-09-25","failed","2026-09-25","Verify Reset Token","Login, Credentials, Security & Devices","",""
