"DESCRIPTION","DURATION IN MS","NAME","PARENT SUITE","START TIME","STATUS","STOP TIME","SUB SUITE","SUITE","TEST CLASS","TEST METHOD"
"","142","Overview - Missing Required Field","Personal Banking APIs - QA Test Suite","2026-10-09","failed","2026-10-09","Overview","Customer Profile, Accounts & Beneficiaries","",""
"","131","Disable - Valid","Personal Banking APIs - QA Test Suite","2026-10-09","failed","2026-10-09","Disable","Wallets, Transfers, Transactions & Fund Requests","",""
"","165","Request Phone Verification - Valid","Personal Banking APIs - QA Test Suite","2026-10-09","failed","2026-10-09","Request Phone Verification","Login, Credentials, Security & Devices","",""
"","165","Transactions Create Wallet - Invalid Status Or Type","Personal Banking APIs - QA Test Suite","2026-10-09","passed","2026-10-09","Transactions Create Wallet","Save & Spend","",""
"","758","Destroy - Valid","Personal Banking APIs - QA Test Suite","2026-10-09","failed","2026-10-09","Destroy","Customer Profile, Accounts & Beneficiaries","",""
"","139","Document Delete - Invalid Token Or PIN","Personal Banking APIs - QA Test Suite","2026-10-09","failed","2026-10-09","Document Delete","KYC, Tier Upgrades & Young Moni","",""
"","178","Transactions - No Auth","Personal Banking APIs - QA Test Suite","2026-10-09","passed","2026-10-09","Transactions","SWAG Savings","",""
"","164","Request Phone Verification - Missing Required Field","Personal Banking APIs - QA Test Suite","2026-10-09","failed","2026-10-09","Request Phone Verification","Login, Credentials, Security & Devices","",""
"","123","Redeem Insurance - Invalid Email","Personal Banking APIs - QA Test Suite","2026-10-09","passed","2026-10-09","Redeem Insurance","Insurance","",""
"","126","Wallet Total Balance - Invalid Query","Personal Banking APIs - QA Test Suite","2026-10-09","failed","2026-10-09","Wallet Total Balance","Target Savings","",""
"","163","Withdraw Cashback - Nonexistent ID","Personal Banking APIs - QA Test Suite","2026-10-09","failed","2026-10-09","Withdraw Cashback","Wallets, Transfers, Transactions & Fund Requests","",""
"","152","Approve Single Fund Request - Invalid Token Or PIN","Personal Banking APIs - QA Test Suite","2026-10-09","failed","2026-10-09","Approve Single Fund Request","Wallets, Transfers, Transactions & Fund Requests","",""
"","115","Partial - No Auth","Personal Banking APIs - QA Test Suite","2026-10-09","passed","2026-10-09","Partial","Airtime, Data, Bills & VAS Beneficiaries","",""
"","159","Wishlist Config Edit - Invalid ID","Personal Banking APIs - QA Test Suite","2026-10-09","failed","2026-10-09","Wishlist Config Edit","Rewards, Cash Tokens & Wishlists","",""
"","219","Add Account Alias - Empty Fields","Personal Banking APIs - QA Test Suite","2026-10-09","passed","2026-10-09","Add Account Alias","Customer Profile, Accounts & Beneficiaries","",""
"","153","Approve Bulk Fund Request - Empty Fields","Personal Banking APIs - QA Test Suite","2026-10-09","failed","2026-10-09","Approve Bulk Fund Request","Wallets, Transfers, Transactions & Fund Requests","",""
"","142","Create Supalock - No Auth","Personal Banking APIs - QA Test Suite","2026-10-09","passed","2026-10-09","Create Supalock","Supalock Savings","",""
"","133","Coin Wallet - Invalid Query","Personal Banking APIs - QA Test Suite","2026-10-09","passed","2026-10-09","Coin Wallet","Rewards, Cash Tokens & Wishlists","",""
"","118","Young Moni Validate Details Without Identity - Empty Fields","Personal Banking APIs - QA Test Suite","2026-10-09","failed","2026-10-09","Young Moni Validate Details Without Identity","Customer Profile, Accounts & Beneficiaries","",""
"","132","Withdraw Cashback - Invalid ID","Personal Banking APIs - QA Test Suite","2026-10-09","failed","2026-10-09","Withdraw Cashback","Wallets, Transfers, Transactions & Fund Requests","",""
"","132","Airtime - Invalid Status Or Type","Personal Banking APIs - QA Test Suite","2026-10-09","passed","2026-10-09","Airtime","Scheduled Payments","",""
"","132","Young Moni Documents - No Auth","Personal Banking APIs - QA Test Suite","2026-10-09","passed","2026-10-09","Young Moni Documents","KYC, Tier Upgrades & Young Moni","",""
"","122","Login - Invalid Token Or PIN","Personal Banking APIs - QA Test Suite","2026-10-09","passed","2026-10-09","Login","Login, Credentials, Security & Devices","",""
"","155","Requests Request Card - Empty Fields","Personal Banking APIs - QA Test Suite","2026-10-09","passed","2026-10-09","Requests Request Card","Customer Cards","",""
"","169","Admin Admin Tier One Upgrade - Empty Fields","Personal Banking APIs - QA Test Suite","2026-10-09","failed","2026-10-09","Admin Admin Tier One Upgrade","KYC, Tier Upgrades & Young Moni","",""
"","131","Providers - Invalid ID","Personal Banking APIs - QA Test Suite","2026-10-09","passed","2026-10-09","Providers","Insurance","",""
"","131","Winner Dismiss Action - Invalid Amount","Personal Banking APIs - QA Test Suite","2026-10-09","failed","2026-10-09","Winner Dismiss Action","Rewards, Cash Tokens & Wishlists","",""
"","331","Get Cable Plans - Nonexistent ID","Personal Banking APIs - QA Test Suite","2026-10-09","failed","2026-10-09","Get Cable Plans","Airtime, Data, Bills & VAS Beneficiaries","",""
"","125","Create Sub Account - Empty Fields","Personal Banking APIs - QA Test Suite","2026-10-09","passed","2026-10-09","Create Sub Account","Customer Profile, Accounts & Beneficiaries","",""
"","119","Redeem Coins - Empty Fields","Personal Banking APIs - QA Test Suite","2026-10-09","passed","2026-10-09","Redeem Coins","Rewards, Cash Tokens & Wishlists","",""
"","130","Admin Coins Rules - Valid","Personal Banking APIs - QA Test Suite","2026-10-09","failed","2026-10-09","Admin Coins Rules","Rewards, Cash Tokens & Wishlists","",""
"","116","Admin Complete Upgrade Request - No Auth","Personal Banking APIs - QA Test Suite","2026-10-09","passed","2026-10-09","Admin Complete Upgrade Request","KYC, Tier Upgrades & Young Moni","",""
"","133","Young Moni Requests Complete Review - Valid","Personal Banking APIs - QA Test Suite","2026-10-09","failed","2026-10-09","Young Moni Requests Complete Review","KYC, Tier Upgrades & Young Moni","",""
"","206","Data Plans - Invalid Query","Personal Banking APIs - QA Test Suite","2026-10-09","passed","2026-10-09","Data Plans","Airtime, Data, Bills & VAS Beneficiaries","",""
"","161","Verify Phone Number - Empty Fields","Personal Banking APIs - QA Test Suite","2026-10-09","failed","2026-10-09","Verify Phone Number","Login, Credentials, Security & Devices","",""
"","158","Withdraw - Nonexistent ID","Personal Banking APIs - QA Test Suite","2026-10-09","passed","2026-10-09","Withdraw","Rewards, Cash Tokens & Wishlists","",""
"","136","Partial - Missing Required Field","Personal Banking APIs - QA Test Suite","2026-10-09","failed","2026-10-09","Partial","Customer Profile, Accounts & Beneficiaries","",""
"","158","Borrow - Empty Fields","Personal Banking APIs - QA Test Suite","2026-10-09","failed","2026-10-09","Borrow","Kolo Connect Advances","",""
"","137","Block - Missing Required Field","Personal Banking APIs - QA Test Suite","2026-10-09","failed","2026-10-09","Block","Customer Cards","",""
"","127","List - Invalid Query","Personal Banking APIs - QA Test Suite","2026-10-09","failed","2026-10-09","List","Wallets, Transfers, Transactions & Fund Requests","",""
"","622","List - Valid","Personal Banking APIs - QA Test Suite","2026-10-09","passed","2026-10-09","List","Rewards, Cash Tokens & Wishlists","",""
"","134","Repay - Invalid ID","Personal Banking APIs - QA Test Suite","2026-10-09","failed","2026-10-09","Repay","Kolo Connect Advances","",""
"","237","Admin - Invalid Query","Personal Banking APIs - QA Test Suite","2026-10-09","failed","2026-10-09","Admin","KYC, Tier Upgrades & Young Moni","",""
"","124","Admin Devices Deactivate - Nonexistent ID","Personal Banking APIs - QA Test Suite","2026-10-09","failed","2026-10-09","Admin Devices Deactivate","Login, Credentials, Security & Devices","",""
"","131","Tier Zero Upgrade - Missing Required Field","Personal Banking APIs - QA Test Suite","2026-10-09","passed","2026-10-09","Tier Zero Upgrade","KYC, Tier Upgrades & Young Moni","",""
"","121","Upload Bulk Fund Request - Invalid Status Or Type","Personal Banking APIs - QA Test Suite","2026-10-09","passed","2026-10-09","Upload Bulk Fund Request","Wallets, Transfers, Transactions & Fund Requests","",""
"","124","Intra Account Transfer - Invalid Amount","Personal Banking APIs - QA Test Suite","2026-10-09","passed","2026-10-09","Intra Account Transfer","Wallets, Transfers, Transactions & Fund Requests","",""
"","225","Admin - Invalid ID","Personal Banking APIs - QA Test Suite","2026-10-09","failed","2026-10-09","Admin","KYC, Tier Upgrades & Young Moni","",""
"","115","Transactions Evaluate Break - No Auth","Personal Banking APIs - QA Test Suite","2026-10-09","passed","2026-10-09","Transactions Evaluate Break","Target Savings","",""
"","122","Young Moni Requests Complete Review - No Auth","Personal Banking APIs - QA Test Suite","2026-10-09","passed","2026-10-09","Young Moni Requests Complete Review","KYC, Tier Upgrades & Young Moni","",""
"","150","Retrieve - Nonexistent ID","Personal Banking APIs - QA Test Suite","2026-10-09","failed","2026-10-09","Retrieve","Wallets, Transfers, Transactions & Fund Requests","",""
"","127","Update Daily Transfer Limit - Invalid Amount","Personal Banking APIs - QA Test Suite","2026-10-09","passed","2026-10-09","Update Daily Transfer Limit","Customer Profile, Accounts & Beneficiaries","",""
"","116","Transactions Create Wallet Product Specific - Invalid Amount","Personal Banking APIs - QA Test Suite","2026-10-09","passed","2026-10-09","Transactions Create Wallet Product Specific","Target Savings","",""
"","116","Fund Betting Wallet - Invalid Amount","Personal Banking APIs - QA Test Suite","2026-10-09","passed","2026-10-09","Fund Betting Wallet","Airtime, Data, Bills & VAS Beneficiaries","",""
"","118","Airtime - No Auth","Personal Banking APIs - QA Test Suite","2026-10-09","passed","2026-10-09","Airtime","Scheduled Payments","",""
"","151","Young Moni Upload Guardian Documents - Valid","Personal Banking APIs - QA Test Suite","2026-10-09","failed","2026-10-09","Young Moni Upload Guardian Documents","Customer Profile, Accounts & Beneficiaries","",""
"","122","List Schedule Payments - Nonexistent ID","Personal Banking APIs - QA Test Suite","2026-10-09","failed","2026-10-09","List Schedule Payments","Scheduled Payments","",""
"","133","Payment Merchant - No Auth","Personal Banking APIs - QA Test Suite","2026-10-09","passed","2026-10-09","Payment Merchant","Customer Cards","",""
"","121","Reward With Cashback - No Auth","Personal Banking APIs - QA Test Suite","2026-10-09","passed","2026-10-09","Reward With Cashback","Rewards, Cash Tokens & Wishlists","",""
"","119","Transactions Withdraw Principal - Invalid Token Or PIN","Personal Banking APIs - QA Test Suite","2026-10-09","passed","2026-10-09","Transactions Withdraw Principal","SWAG Savings","",""
"","225","Admin Games Sessions - Invalid Query","Personal Banking APIs - QA Test Suite","2026-10-09","failed","2026-10-09","Admin Games Sessions","Rewards, Cash Tokens & Wishlists","",""
"","478","Get Cable Providers - Valid","Personal Banking APIs - QA Test Suite","2026-10-09","passed","2026-10-09","Get Cable Providers","Airtime, Data, Bills & VAS Beneficiaries","",""
"","115","Export Fund Recipients - No Auth","Personal Banking APIs - QA Test Suite","2026-10-09","passed","2026-10-09","Export Fund Recipients","Wallets, Transfers, Transactions & Fund Requests","",""
"","136","Account Officer Change Request - Invalid Query","Personal Banking APIs - QA Test Suite","2026-10-09","failed","2026-10-09","Account Officer Change Request","Customer Profile, Accounts & Beneficiaries","",""
"","163","Cancel Schedule Payment - Valid","Personal Banking APIs - QA Test Suite","2026-10-09","failed","2026-10-09","Cancel Schedule Payment","Scheduled Payments","",""
"","146","Requests Request Card - Missing Required Field","Personal Banking APIs - QA Test Suite","2026-10-09","passed","2026-10-09","Requests Request Card","Customer Cards","",""
"","141","Reset Pin - Empty Fields","Personal Banking APIs - QA Test Suite","2026-10-09","failed","2026-10-09","Reset Pin","Customer Cards","",""
"","118","Intra Account Transfer - Missing Required Field","Personal Banking APIs - QA Test Suite","2026-10-09","passed","2026-10-09","Intra Account Transfer","Wallets, Transfers, Transactions & Fund Requests","",""
"","118","Intra Account Transfer - Invalid Token Or PIN","Personal Banking APIs - QA Test Suite","2026-10-09","passed","2026-10-09","Intra Account Transfer","Wallets, Transfers, Transactions & Fund Requests","",""
"","166","Total Supalock Amount - Valid","Personal Banking APIs - QA Test Suite","2026-10-09","passed","2026-10-09","Total Supalock Amount","Supalock Savings","",""
"","123","Initiate Email Update - Empty Fields","Personal Banking APIs - QA Test Suite","2026-10-09","passed","2026-10-09","Initiate Email Update","KYC, Tier Upgrades & Young Moni","",""
"","121","Repayment Plan - Invalid Query","Personal Banking APIs - QA Test Suite","2026-10-09","failed","2026-10-09","Repayment Plan","Kolo Connect Advances","",""
"","150","Admin Coins Redemption Rules - No Auth","Personal Banking APIs - QA Test Suite","2026-10-09","passed","2026-10-09","Admin Coins Redemption Rules","Rewards, Cash Tokens & Wishlists","",""
"","128","Young Moni Documents - Invalid Query","Personal Banking APIs - QA Test Suite","2026-10-09","failed","2026-10-09","Young Moni Documents","KYC, Tier Upgrades & Young Moni","",""
"","157","Admin Reject Upgrade Request - Valid","Personal Banking APIs - QA Test Suite","2026-10-09","failed","2026-10-09","Admin Reject Upgrade Request","KYC, Tier Upgrades & Young Moni","",""
"","146","Renew Insurance - Empty Fields","Personal Banking APIs - QA Test Suite","2026-10-09","passed","2026-10-09","Renew Insurance","Insurance","",""
"","118","Types Get Supa Lock Special Interest - Invalid ID","Personal Banking APIs - QA Test Suite","2026-10-09","failed","2026-10-09","Types Get Supa Lock Special Interest","Supalock Savings","",""
"","180","Young Moni Documents Action Document - Nonexistent ID","Personal Banking APIs - QA Test Suite","2026-10-09","failed","2026-10-09","Young Moni Documents Action Document","KYC, Tier Upgrades & Young Moni","",""
"","198","Transactions Deposit - No Auth","Personal Banking APIs - QA Test Suite","2026-10-09","failed","2026-10-09","Transactions Deposit","SWAG Savings","",""
"","132","Create - Empty Fields","Personal Banking APIs - QA Test Suite","2026-10-09","passed","2026-10-09","Create","Customer Profile, Accounts & Beneficiaries","",""
"","136","Approve Single Bulk Recipient - Invalid Token Or PIN","Personal Banking APIs - QA Test Suite","2026-10-09","failed","2026-10-09","Approve Single Bulk Recipient","Wallets, Transfers, Transactions & Fund Requests","",""
"","113","Transactions - No Auth","Personal Banking APIs - QA Test Suite","2026-10-09","passed","2026-10-09","Transactions","Save & Spend","",""
"","132","Wallet - Invalid ID","Personal Banking APIs - QA Test Suite","2026-10-09","failed","2026-10-09","Wallet","Target Savings","",""
"","153","List - Invalid Query","Personal Banking APIs - QA Test Suite","2026-10-09","failed","2026-10-09","List","Wallets, Transfers, Transactions & Fund Requests","",""
"","276","Admin Games Sessions - Valid","Personal Banking APIs - QA Test Suite","2026-10-09","failed","2026-10-09","Admin Games Sessions","Rewards, Cash Tokens & Wishlists","",""
"","145","Transactions Create Wallet Product Specific - Valid","Personal Banking APIs - QA Test Suite","2026-10-09","failed","2026-10-09","Transactions Create Wallet Product Specific","Target Savings","",""
"","137","Withdraw Cashback - No Auth","Personal Banking APIs - QA Test Suite","2026-10-09","passed","2026-10-09","Withdraw Cashback","Wallets, Transfers, Transactions & Fund Requests","",""
"","115","Electricity - Empty Fields","Personal Banking APIs - QA Test Suite","2026-10-09","passed","2026-10-09","Electricity","Scheduled Payments","",""
"","125","Retrieve - Invalid Query","Personal Banking APIs - QA Test Suite","2026-10-09","failed","2026-10-09","Retrieve","Wallets, Transfers, Transactions & Fund Requests","",""
"","135","Verify Token - Missing Required Field","Personal Banking APIs - QA Test Suite","2026-10-09","passed","2026-10-09","Verify Token","Login, Credentials, Security & Devices","",""
"","134","Toolkit Accounts - No Auth","Personal Banking APIs - QA Test Suite","2026-10-09","passed","2026-10-09","Toolkit Accounts","Customer Profile, Accounts & Beneficiaries","",""
"","164","Transactions - Valid","Personal Banking APIs - QA Test Suite","2026-10-09","failed","2026-10-09","Transactions","SWAG Savings","",""
"","137","Verify Token - Valid","Personal Banking APIs - QA Test Suite","2026-10-09","failed","2026-10-09","Verify Token","Login, Credentials, Security & Devices","",""
"","123","Item - Nonexistent ID","Personal Banking APIs - QA Test Suite","2026-10-09","passed","2026-10-09","Item","Rewards, Cash Tokens & Wishlists","",""
"","177","Transactions Update Swag Plan - No Auth","Personal Banking APIs - QA Test Suite","2026-10-09","failed","2026-10-09","Transactions Update Swag Plan","SWAG Savings","",""
"","115","Fee Settings - No Auth","Personal Banking APIs - QA Test Suite","2026-10-09","passed","2026-10-09","Fee Settings","Customer Cards","",""
"","115","Validate Meter - No Auth","Personal Banking APIs - QA Test Suite","2026-10-09","passed","2026-10-09","Validate Meter","Airtime, Data, Bills & VAS Beneficiaries","",""
"","127","Purchase Cable - Empty Fields","Personal Banking APIs - QA Test Suite","2026-10-09","passed","2026-10-09","Purchase Cable","Airtime, Data, Bills & VAS Beneficiaries","",""
"","220","Withdraw Supalock - Nonexistent ID","Personal Banking APIs - QA Test Suite","2026-10-09","failed","2026-10-09","Withdraw Supalock","Supalock Savings","",""
"","125","Redeem Insurance - Invalid Status Or Type","Personal Banking APIs - QA Test Suite","2026-10-09","passed","2026-10-09","Redeem Insurance","Insurance","",""
"","171","Download Statement - Invalid Status Or Type","Personal Banking APIs - QA Test Suite","2026-10-09","failed","2026-10-09","Download Statement","Wallets, Transfers, Transactions & Fund Requests","",""
"","397","Fetch Balance - Invalid ID","Personal Banking APIs - QA Test Suite","2026-10-09","passed","2026-10-09","Fetch Balance","Customer Profile, Accounts & Beneficiaries","",""
"","121","Retrieve - Invalid Query","Personal Banking APIs - QA Test Suite","2026-10-09","failed","2026-10-09","Retrieve","Scheduled Payments","",""
"","187","Topup Supalock - Valid","Personal Banking APIs - QA Test Suite","2026-10-09","failed","2026-10-09","Topup Supalock","Supalock Savings","",""
"","211","Admin Games Stats - No Auth","Personal Banking APIs - QA Test Suite","2026-10-09","passed","2026-10-09","Admin Games Stats","Rewards, Cash Tokens & Wishlists","",""
"","126","Renew Insurance - No Auth","Personal Banking APIs - QA Test Suite","2026-10-09","passed","2026-10-09","Renew Insurance","Insurance","",""
"","124","Retrieve - Invalid Query","Personal Banking APIs - QA Test Suite","2026-10-09","failed","2026-10-09","Retrieve","Customer Cards","",""
"","156","Admin Coins Redemption Rules - Valid","Personal Banking APIs - QA Test Suite","2026-10-09","failed","2026-10-09","Admin Coins Redemption Rules","Rewards, Cash Tokens & Wishlists","",""
"","247","Admin Update Documents - Valid","Personal Banking APIs - QA Test Suite","2026-10-09","failed","2026-10-09","Admin Update Documents","KYC, Tier Upgrades & Young Moni","",""
"","128","List - No Auth","Personal Banking APIs - QA Test Suite","2026-10-09","passed","2026-10-09","List","Airtime, Data, Bills & VAS Beneficiaries","",""
"","141","Reset Login Pin - Missing Required Field","Personal Banking APIs - QA Test Suite","2026-10-09","passed","2026-10-09","Reset Login Pin","Login, Credentials, Security & Devices","",""
"","121","Intra Name Enquiry By Phone - Missing Required Field","Personal Banking APIs - QA Test Suite","2026-10-09","failed","2026-10-09","Intra Name Enquiry By Phone","Wallets, Transfers, Transactions & Fund Requests","",""
"","211","Admin - No Auth","Personal Banking APIs - QA Test Suite","2026-10-09","passed","2026-10-09","Admin","KYC, Tier Upgrades & Young Moni","",""
"","145","Repayment Plan - Nonexistent ID","Personal Banking APIs - QA Test Suite","2026-10-09","failed","2026-10-09","Repayment Plan","Kolo Connect Advances","",""
"","121","Initiate Reset Login Pin - Valid","Personal Banking APIs - QA Test Suite","2026-10-09","failed","2026-10-09","Initiate Reset Login Pin","Login, Credentials, Security & Devices","",""
"","141","Repay - Invalid Token Or PIN","Personal Banking APIs - QA Test Suite","2026-10-09","failed","2026-10-09","Repay","Kolo Connect Advances","",""
"","139","Transactions Evaluate Target - Invalid Amount","Personal Banking APIs - QA Test Suite","2026-10-09","passed","2026-10-09","Transactions Evaluate Target","Target Savings","",""
"","140","Toolkit Accounts - Nonexistent ID","Personal Banking APIs - QA Test Suite","2026-10-09","failed","2026-10-09","Toolkit Accounts","Customer Profile, Accounts & Beneficiaries","",""
"","254","Transactions Evaluate Target - Valid","Personal Banking APIs - QA Test Suite","2026-10-09","failed","2026-10-09","Transactions Evaluate Target","Target Savings","",""
"","399","Info - Invalid Query","Personal Banking APIs - QA Test Suite","2026-10-09","failed","2026-10-09","Info","Customer Profile, Accounts & Beneficiaries","",""
"","216","Admin Games Rewards - Invalid Query","Personal Banking APIs - QA Test Suite","2026-10-09","failed","2026-10-09","Admin Games Rewards","Rewards, Cash Tokens & Wishlists","",""
"","186","Games Card Match - No Auth","Personal Banking APIs - QA Test Suite","2026-10-09","passed","2026-10-09","Games Card Match","Rewards, Cash Tokens & Wishlists","",""
"","141","Young Moni Upload Child Documents - Invalid ID","Personal Banking APIs - QA Test Suite","2026-10-09","passed","2026-10-09","Young Moni Upload Child Documents","Customer Profile, Accounts & Beneficiaries","",""
"","117","Transactions Break Wallet - Valid","Personal Banking APIs - QA Test Suite","2026-10-09","failed","2026-10-09","Transactions Break Wallet","Save & Spend","",""
"","143","Create Supalock - Empty Fields","Personal Banking APIs - QA Test Suite","2026-10-09","failed","2026-10-09","Create Supalock","Supalock Savings","",""
"","114","Get Cable Plans - No Auth","Personal Banking APIs - QA Test Suite","2026-10-09","passed","2026-10-09","Get Cable Plans","Airtime, Data, Bills & VAS Beneficiaries","",""
"","136","Initiate Reset Card Pin - No Auth","Personal Banking APIs - QA Test Suite","2026-10-09","passed","2026-10-09","Initiate Reset Card Pin","Customer Cards","",""
"","121","Initiate Reset Transaction Pin - Valid","Personal Banking APIs - QA Test Suite","2026-10-09","failed","2026-10-09","Initiate Reset Transaction Pin","Login, Credentials, Security & Devices","",""
"","185","Initiate Reset Card Pin - Valid","Personal Banking APIs - QA Test Suite","2026-10-09","passed","2026-10-09","Initiate Reset Card Pin","Customer Cards","",""
"","128","Purchase Waec - Empty Fields","Personal Banking APIs - QA Test Suite","2026-10-09","passed","2026-10-09","Purchase Waec","Airtime, Data, Bills & VAS Beneficiaries","",""
"","138","Admin Coins Redemption Rules - Nonexistent ID","Personal Banking APIs - QA Test Suite","2026-10-09","failed","2026-10-09","Admin Coins Redemption Rules","Rewards, Cash Tokens & Wishlists","",""
"","119","Request Phone Verification - No Auth","Personal Banking APIs - QA Test Suite","2026-10-09","passed","2026-10-09","Request Phone Verification","Login, Credentials, Security & Devices","",""
"","144","Get Item Edit - Valid","Personal Banking APIs - QA Test Suite","2026-10-09","failed","2026-10-09","Get Item Edit","Rewards, Cash Tokens & Wishlists","",""
"","269","Admin List Documents - Invalid Query","Personal Banking APIs - QA Test Suite","2026-10-09","failed","2026-10-09","Admin List Documents","KYC, Tier Upgrades & Young Moni","",""
"","115","Create - No Auth","Personal Banking APIs - QA Test Suite","2026-10-09","passed","2026-10-09","Create","Wallets, Transfers, Transactions & Fund Requests","",""
"","130","Account Officer Rate Officer - No Auth","Personal Banking APIs - QA Test Suite","2026-10-09","passed","2026-10-09","Account Officer Rate Officer","Customer Profile, Accounts & Beneficiaries","",""
"","132","Create - Invalid Status Or Type","Personal Banking APIs - QA Test Suite","2026-10-09","passed","2026-10-09","Create","Airtime, Data, Bills & VAS Beneficiaries","",""
"","146","Admin Games Rewards - Nonexistent ID","Personal Banking APIs - QA Test Suite","2026-10-09","failed","2026-10-09","Admin Games Rewards","Rewards, Cash Tokens & Wishlists","",""
"","142","Download Statement - Missing Required Field","Personal Banking APIs - QA Test Suite","2026-10-09","failed","2026-10-09","Download Statement","Wallets, Transfers, Transactions & Fund Requests","",""
"","177","Games Card Match - Valid","Personal Banking APIs - QA Test Suite","2026-10-09","failed","2026-10-09","Games Card Match","Rewards, Cash Tokens & Wishlists","",""
"","137","Intra Transfer - Empty Fields","Personal Banking APIs - QA Test Suite","2026-10-09","passed","2026-10-09","Intra Transfer","Wallets, Transfers, Transactions & Fund Requests","",""
"","120","Create Transaction Pin - Empty Fields","Personal Banking APIs - QA Test Suite","2026-10-09","failed","2026-10-09","Create Transaction Pin","Login, Credentials, Security & Devices","",""
"","163","Admin Coins Redemption Rules - No Auth","Personal Banking APIs - QA Test Suite","2026-10-09","passed","2026-10-09","Admin Coins Redemption Rules","Rewards, Cash Tokens & Wishlists","",""
"","129","Winner Dismiss Action - Invalid ID","Personal Banking APIs - QA Test Suite","2026-10-09","passed","2026-10-09","Winner Dismiss Action","Rewards, Cash Tokens & Wishlists","",""
"","114","Transactions - No Auth","Personal Banking APIs - QA Test Suite","2026-10-09","passed","2026-10-09","Transactions","Wallets, Transfers, Transactions & Fund Requests","",""
"","156","Payment Merchant - Missing Required Field","Personal Banking APIs - QA Test Suite","2026-10-09","failed","2026-10-09","Payment Merchant","Customer Cards","",""
"","126","Purchase Waec - No Auth","Personal Banking APIs - QA Test Suite","2026-10-09","failed","2026-10-09","Purchase Waec","Airtime, Data, Bills & VAS Beneficiaries","",""
"","115","Transactions Create Wallet - Invalid Status Or Type","Personal Banking APIs - QA Test Suite","2026-10-09","passed","2026-10-09","Transactions Create Wallet","Target Savings","",""
"","121","Verify Reset Token - Missing Required Field","Personal Banking APIs - QA Test Suite","2026-10-09","passed","2026-10-09","Verify Reset Token","Login, Credentials, Security & Devices","",""
"","151","Transactions Deposit - Missing Required Field","Personal Banking APIs - QA Test Suite","2026-10-09","passed","2026-10-09","Transactions Deposit","SWAG Savings","",""
"","155","Update Single Transfer Limit - Missing Required Field","Personal Banking APIs - QA Test Suite","2026-10-09","passed","2026-10-09","Update Single Transfer Limit","Customer Profile, Accounts & Beneficiaries","",""
"","123","List - Valid","Personal Banking APIs - QA Test Suite","2026-10-09","failed","2026-10-09","List","Supalock Savings","",""
"","130","Update Single Transfer Limit - Invalid Token Or PIN","Personal Banking APIs - QA Test Suite","2026-10-09","passed","2026-10-09","Update Single Transfer Limit","Customer Profile, Accounts & Beneficiaries","",""
"","115","Total Supalock Amount - No Auth","Personal Banking APIs - QA Test Suite","2026-10-09","passed","2026-10-09","Total Supalock Amount","Supalock Savings","",""
"","144","Transactions Update Swag Monthly Rollover - Missing Required Field","Personal Banking APIs - QA Test Suite","2026-10-09","failed","2026-10-09","Transactions Update Swag Monthly Rollover","SWAG Savings","",""
"","126","Young Moni Requests Request Stats - Invalid Query","Personal Banking APIs - QA Test Suite","2026-10-09","failed","2026-10-09","Young Moni Requests Request Stats","KYC, Tier Upgrades & Young Moni","",""
"","142","Update Documents - Invalid Status Or Type","Personal Banking APIs - QA Test Suite","2026-10-09","passed","2026-10-09","Update Documents","KYC, Tier Upgrades & Young Moni","",""
"","126","Requests Fetch Agents - Missing Required Field","Personal Banking APIs - QA Test Suite","2026-10-09","passed","2026-10-09","Requests Fetch Agents","Customer Cards","",""
"","135","Unblock - Empty Fields","Personal Banking APIs - QA Test Suite","2026-10-09","failed","2026-10-09","Unblock","Customer Cards","",""
"","123","Transactions Create Wallet - Invalid Amount","Personal Banking APIs - QA Test Suite","2026-10-09","passed","2026-10-09","Transactions Create Wallet","Target Savings","",""
"","230","Admin Games - Nonexistent ID","Personal Banking APIs - QA Test Suite","2026-10-09","failed","2026-10-09","Admin Games","Rewards, Cash Tokens & Wishlists","",""
"","125","Set Password & Create Pending User - Invalid Token Or PIN","Personal Banking APIs - QA Test Suite","2026-10-09","passed","2026-10-09","Set Password & Create Pending User","Customer Onboarding","",""
"","128","Payment Merchant - Invalid Query","Personal Banking APIs - QA Test Suite","2026-10-09","failed","2026-10-09","Payment Merchant","Customer Cards","",""
"","219","Admin Coins Redemption Rules - Invalid Query","Personal Banking APIs - QA Test Suite","2026-10-09","failed","2026-10-09","Admin Coins Redemption Rules","Rewards, Cash Tokens & Wishlists","",""
"","227","Admin Games Rewards - Valid","Personal Banking APIs - QA Test Suite","2026-10-09","failed","2026-10-09","Admin Games Rewards","Rewards, Cash Tokens & Wishlists","",""
"","254","Admin Games - Valid","Personal Banking APIs - QA Test Suite","2026-10-09","failed","2026-10-09","Admin Games","Rewards, Cash Tokens & Wishlists","",""
"","139","Transactions - Nonexistent ID","Personal Banking APIs - QA Test Suite","2026-10-09","passed","2026-10-09","Transactions","Supalock Savings","",""
"","119","Channel Settings - No Auth","Personal Banking APIs - QA Test Suite","2026-10-09","passed","2026-10-09","Channel Settings","Customer Cards","",""
"","154","Inter Transfer - Missing Required Field","Personal Banking APIs - QA Test Suite","2026-10-09","passed","2026-10-09","Inter Transfer","Wallets, Transfers, Transactions & Fund Requests","",""
"","145","Reward With Cashback - Invalid Amount","Personal Banking APIs - QA Test Suite","2026-10-09","failed","2026-10-09","Reward With Cashback","Rewards, Cash Tokens & Wishlists","",""
"","117","Transactions Withdraw Principal - Missing Required Field","Personal Banking APIs - QA Test Suite","2026-10-09","passed","2026-10-09","Transactions Withdraw Principal","SWAG Savings","",""
"","115","Data - No Auth","Personal Banking APIs - QA Test Suite","2026-10-09","passed","2026-10-09","Data","Scheduled Payments","",""
"","138","Account Officer Rate Officer - Missing Required Field","Personal Banking APIs - QA Test Suite","2026-10-09","failed","2026-10-09","Account Officer Rate Officer","Customer Profile, Accounts & Beneficiaries","",""
"","118","Transactions Create Wallet - No Auth","Personal Banking APIs - QA Test Suite","2026-10-09","failed","2026-10-09","Transactions Create Wallet","Target Savings","",""
"","128","Reject Bulk Fund Request - Missing Required Field","Personal Banking APIs - QA Test Suite","2026-10-09","failed","2026-10-09","Reject Bulk Fund Request","Wallets, Transfers, Transactions & Fund Requests","",""
"","126","Find Account Banks - Empty Fields","Personal Banking APIs - QA Test Suite","2026-10-09","passed","2026-10-09","Find Account Banks","Customer Profile, Accounts & Beneficiaries","",""
"","114","Transactions - No Auth","Personal Banking APIs - QA Test Suite","2026-10-09","passed","2026-10-09","Transactions","Target Savings","",""
"","119","Admin Devices Deactivate - No Auth","Personal Banking APIs - QA Test Suite","2026-10-09","failed","2026-10-09","Admin Devices Deactivate","Login, Credentials, Security & Devices","",""
"","175","Add Account Alias - Valid","Personal Banking APIs - QA Test Suite","2026-10-09","failed","2026-10-09","Add Account Alias","Customer Profile, Accounts & Beneficiaries","",""
"","118","Get Betting Billers - No Auth","Personal Banking APIs - QA Test Suite","2026-10-09","passed","2026-10-09","Get Betting Billers","Airtime, Data, Bills & VAS Beneficiaries","",""
"","148","Admin Games Rewards - No Auth","Personal Banking APIs - QA Test Suite","2026-10-09","passed","2026-10-09","Admin Games Rewards","Rewards, Cash Tokens & Wishlists","",""
"","116","Get Item Edit - Invalid Status Or Type","Personal Banking APIs - QA Test Suite","2026-10-09","failed","2026-10-09","Get Item Edit","Rewards, Cash Tokens & Wishlists","",""
"","143","Admin Admin Tier Zero Upgrade - No Auth","Personal Banking APIs - QA Test Suite","2026-10-09","passed","2026-10-09","Admin Admin Tier Zero Upgrade","KYC, Tier Upgrades & Young Moni","",""
"","228","Admin Games - Valid","Personal Banking APIs - QA Test Suite","2026-10-09","failed","2026-10-09","Admin Games","Rewards, Cash Tokens & Wishlists","",""
"","161","Types Get Supa Lock Special Interest - Invalid Query","Personal Banking APIs - QA Test Suite","2026-10-09","failed","2026-10-09","Types Get Supa Lock Special Interest","Supalock Savings","",""
"","129","Retrieve - Invalid ID","Personal Banking APIs - QA Test Suite","2026-10-09","failed","2026-10-09","Retrieve","Wallets, Transfers, Transactions & Fund Requests","",""
"","144","Document Update Status - Empty Fields","Personal Banking APIs - QA Test Suite","2026-10-09","failed","2026-10-09","Document Update Status","KYC, Tier Upgrades & Young Moni","",""
"","231","Admin Coins Rules - No Auth","Personal Banking APIs - QA Test Suite","2026-10-09","passed","2026-10-09","Admin Coins Rules","Rewards, Cash Tokens & Wishlists","",""
"","115","Channel Settings - No Auth","Personal Banking APIs - QA Test Suite","2026-10-09","passed","2026-10-09","Channel Settings","Customer Cards","",""
"","122","Profile - No Auth","Personal Banking APIs - QA Test Suite","2026-10-09","passed","2026-10-09","Profile","Customer Profile, Accounts & Beneficiaries","",""
"","117","Admin Devices Deactivate - Invalid Token Or PIN","Personal Banking APIs - QA Test Suite","2026-10-09","failed","2026-10-09","Admin Devices Deactivate","Login, Credentials, Security & Devices","",""
"","150","Perform Action - Valid","Personal Banking APIs - QA Test Suite","2026-10-09","failed","2026-10-09","Perform Action","Rewards, Cash Tokens & Wishlists","",""
"","116","Intra Transfer - Invalid Token Or PIN","Personal Banking APIs - QA Test Suite","2026-10-09","passed","2026-10-09","Intra Transfer","Wallets, Transfers, Transactions & Fund Requests","",""
"","122","Wallet - Invalid ID","Personal Banking APIs - QA Test Suite","2026-10-09","failed","2026-10-09","Wallet","SWAG Savings","",""
"","122","Airtime - Invalid Token Or PIN","Personal Banking APIs - QA Test Suite","2026-10-09","passed","2026-10-09","Airtime","Scheduled Payments","",""
"","114","Wishlist Config Edit - Missing Required Field","Personal Banking APIs - QA Test Suite","2026-10-09","failed","2026-10-09","Wishlist Config Edit","Rewards, Cash Tokens & Wishlists","",""
"","131","Providers - No Auth","Personal Banking APIs - QA Test Suite","2026-10-09","passed","2026-10-09","Providers","Insurance","",""
"","128","Kyc Level Distribution - Invalid Query","Personal Banking APIs - QA Test Suite","2026-10-09","failed","2026-10-09","Kyc Level Distribution","Customer Profile, Accounts & Beneficiaries","",""
"","144","Jamb Lookup - Valid","Personal Banking APIs - QA Test Suite","2026-10-09","failed","2026-10-09","Jamb Lookup","Airtime, Data, Bills & VAS Beneficiaries","",""
"","134","Enable - Empty Fields","Personal Banking APIs - QA Test Suite","2026-10-09","failed","2026-10-09","Enable","Wallets, Transfers, Transactions & Fund Requests","",""
"","506","List - Valid","Personal Banking APIs - QA Test Suite","2026-10-09","passed","2026-10-09","List","Customer Cards","",""
"","129","Retrieve - Invalid ID","Personal Banking APIs - QA Test Suite","2026-10-09","passed","2026-10-09","Retrieve","Rewards, Cash Tokens & Wishlists","",""
"","173","Retrieve - Invalid ID","Personal Banking APIs - QA Test Suite","2026-10-09","failed","2026-10-09","Retrieve","Kolo Connect Advances","",""
"","122","Cancel Schedule Payment - Empty Fields","Personal Banking APIs - QA Test Suite","2026-10-09","passed","2026-10-09","Cancel Schedule Payment","Scheduled Payments","",""
"","152","Types - Invalid Amount","Personal Banking APIs - QA Test Suite","2026-10-09","failed","2026-10-09","Types","Supalock Savings","",""
"","133","Young Moni Upload Child Documents - Missing Required Field","Personal Banking APIs - QA Test Suite","2026-10-09","failed","2026-10-09","Young Moni Upload Child Documents","Customer Profile, Accounts & Beneficiaries","",""
"","123","Retrieve - Invalid ID","Personal Banking APIs - QA Test Suite","2026-10-09","passed","2026-10-09","Retrieve","Scheduled Payments","",""
"","122","Admin Games Rewards - Valid","Personal Banking APIs - QA Test Suite","2026-10-09","failed","2026-10-09","Admin Games Rewards","Rewards, Cash Tokens & Wishlists","",""
"","117","Transactions Create Wallet Product Specific - Invalid Token Or PIN","Personal Banking APIs - QA Test Suite","2026-10-09","passed","2026-10-09","Transactions Create Wallet Product Specific","Target Savings","",""
"","165","Update Location - Invalid ID","Personal Banking APIs - QA Test Suite","2026-10-09","failed","2026-10-09","Update Location","Login, Credentials, Security & Devices","",""
"","130","Games Get Rewards - No Auth","Personal Banking APIs - QA Test Suite","2026-10-09","passed","2026-10-09","Games Get Rewards","Rewards, Cash Tokens & Wishlists","",""
"","118","Admin Devices Reactivate - Missing Required Field","Personal Banking APIs - QA Test Suite","2026-10-09","failed","2026-10-09","Admin Devices Reactivate","Login, Credentials, Security & Devices","",""
"","118","Transactions Update Spend Wallet - Missing Required Field","Personal Banking APIs - QA Test Suite","2026-10-09","passed","2026-10-09","Transactions Update Spend Wallet","Save & Spend","",""
"","155","Add Account Alias - No Auth","Personal Banking APIs - QA Test Suite","2026-10-09","passed","2026-10-09","Add Account Alias","Customer Profile, Accounts & Beneficiaries","",""
"","147","Requests Request Card - No Auth","Personal Banking APIs - QA Test Suite","2026-10-09","passed","2026-10-09","Requests Request Card","Customer Cards","",""
"","151","Young Moni Validate Details - Missing Required Field","Personal Banking APIs - QA Test Suite","2026-10-09","failed","2026-10-09","Young Moni Validate Details","Customer Profile, Accounts & Beneficiaries","",""
"","147","Young Moni Documents - Nonexistent ID","Personal Banking APIs - QA Test Suite","2026-10-09","failed","2026-10-09","Young Moni Documents","KYC, Tier Upgrades & Young Moni","",""
"","116","Leaderboard - No Auth","Personal Banking APIs - QA Test Suite","2026-10-09","passed","2026-10-09","Leaderboard","Customer Profile, Accounts & Beneficiaries","",""
"","152","List Documents - Invalid Query","Personal Banking APIs - QA Test Suite","2026-10-09","failed","2026-10-09","List Documents","KYC, Tier Upgrades & Young Moni","",""
"","113","Wallet Total Balance - No Auth","Personal Banking APIs - QA Test Suite","2026-10-09","passed","2026-10-09","Wallet Total Balance","Target Savings","",""
"","131","Tier One Upgrade With BVN - Missing Required Field","Personal Banking APIs - QA Test Suite","2026-10-09","passed","2026-10-09","Tier One Upgrade With BVN","KYC, Tier Upgrades & Young Moni","",""
"","125","Types Get Supa Lock Special Interest - No Auth","Personal Banking APIs - QA Test Suite","2026-10-09","passed","2026-10-09","Types Get Supa Lock Special Interest","Supalock Savings","",""
"","185","Reward With Airtime - Valid","Personal Banking APIs - QA Test Suite","2026-10-09","failed","2026-10-09","Reward With Airtime","Rewards, Cash Tokens & Wishlists","",""
"","156","Approve Single Fund Request - No Auth","Personal Banking APIs - QA Test Suite","2026-10-09","passed","2026-10-09","Approve Single Fund Request","Wallets, Transfers, Transactions & Fund Requests","",""
"","280","Admin Games Sessions - Valid","Personal Banking APIs - QA Test Suite","2026-10-09","failed","2026-10-09","Admin Games Sessions","Rewards, Cash Tokens & Wishlists","",""
"","129","Create Her Wealth - No Auth","Personal Banking APIs - QA Test Suite","2026-10-09","passed","2026-10-09","Create Her Wealth","Customer Profile, Accounts & Beneficiaries","",""
"","147","Proposed Contributor - Valid","Personal Banking APIs - QA Test Suite","2026-10-09","failed","2026-10-09","Proposed Contributor","Rewards, Cash Tokens & Wishlists","",""
"","209","Admin Games Rewards - No Auth","Personal Banking APIs - QA Test Suite","2026-10-09","passed","2026-10-09","Admin Games Rewards","Rewards, Cash Tokens & Wishlists","",""
"","119","Initiate Liveness Setup - Valid","Personal Banking APIs - QA Test Suite","2026-10-09","failed","2026-10-09","Initiate Liveness Setup","Login, Credentials, Security & Devices","",""
"","180","Admin Devices Deactivate - Valid","Personal Banking APIs - QA Test Suite","2026-10-09","failed","2026-10-09","Admin Devices Deactivate","Login, Credentials, Security & Devices","",""
"","127","Intra Name Enquiry By Phone - Empty Fields","Personal Banking APIs - QA Test Suite","2026-10-09","failed","2026-10-09","Intra Name Enquiry By Phone","Wallets, Transfers, Transactions & Fund Requests","",""
"","145","Transactions - Nonexistent ID","Personal Banking APIs - QA Test Suite","2026-10-09","passed","2026-10-09","Transactions","Target Savings","",""
"","118","Transactions Withdraw Interest - No Auth","Personal Banking APIs - QA Test Suite","2026-10-09","failed","2026-10-09","Transactions Withdraw Interest","SWAG Savings","",""
"","158","Verify Email OTP - Empty Fields","Personal Banking APIs - QA Test Suite","2026-10-09","passed","2026-10-09","Verify Email OTP","Customer Onboarding","",""
"","121","Verify Token - Invalid Token Or PIN","Personal Banking APIs - QA Test Suite","2026-10-09","passed","2026-10-09","Verify Token","Login, Credentials, Security & Devices","",""
"","121","Fund Betting Wallet - Valid","Personal Banking APIs - QA Test Suite","2026-10-09","failed","2026-10-09","Fund Betting Wallet","Airtime, Data, Bills & VAS Beneficiaries","",""
"","123","Transactions - Invalid ID","Personal Banking APIs - QA Test Suite","2026-10-09","passed","2026-10-09","Transactions","Save & Spend","",""
"","114","Wishlist Config Edit - Valid","Personal Banking APIs - QA Test Suite","2026-10-09","failed","2026-10-09","Wishlist Config Edit","Rewards, Cash Tokens & Wishlists","",""
"","152","Partial - Invalid ID","Personal Banking APIs - QA Test Suite","2026-10-09","passed","2026-10-09","Partial","Airtime, Data, Bills & VAS Beneficiaries","",""
"","121","Purchase Data - Valid","Personal Banking APIs - QA Test Suite","2026-10-09","failed","2026-10-09","Purchase Data","Airtime, Data, Bills & VAS Beneficiaries","",""
"","122","Retrieve - Nonexistent ID","Personal Banking APIs - QA Test Suite","2026-10-09","passed","2026-10-09","Retrieve","KYC, Tier Upgrades & Young Moni","",""
"","153","Remaining Limit Today - Valid","Personal Banking APIs - QA Test Suite","2026-10-09","passed","2026-10-09","Remaining Limit Today","Wallets, Transfers, Transactions & Fund Requests","",""
"","126","Transactions Evaluate Target - Empty Fields","Personal Banking APIs - QA Test Suite","2026-10-09","passed","2026-10-09","Transactions Evaluate Target","Target Savings","",""
"","136","Retrieve - Valid","Personal Banking APIs - QA Test Suite","2026-10-09","failed","2026-10-09","Retrieve","Wallets, Transfers, Transactions & Fund Requests","",""
"","121","Transactions - Nonexistent ID","Personal Banking APIs - QA Test Suite","2026-10-09","failed","2026-10-09","Transactions","SWAG Savings","",""
"","180","Account Officer Change Request - Valid","Personal Banking APIs - QA Test Suite","2026-10-09","failed","2026-10-09","Account Officer Change Request","Customer Profile, Accounts & Beneficiaries","",""
"","133","Reset Pin - Invalid ID","Personal Banking APIs - QA Test Suite","2026-10-09","passed","2026-10-09","Reset Pin","Customer Cards","",""
"","123","Enable - Invalid Amount","Personal Banking APIs - QA Test Suite","2026-10-09","failed","2026-10-09","Enable","Wallets, Transfers, Transactions & Fund Requests","",""
"","167","Get Suggestions - Valid","Personal Banking APIs - QA Test Suite","2026-10-09","passed","2026-10-09","Get Suggestions","Customer Profile, Accounts & Beneficiaries","",""
"","116","Fund Betting Wallet - Empty Fields","Personal Banking APIs - QA Test Suite","2026-10-09","passed","2026-10-09","Fund Betting Wallet","Airtime, Data, Bills & VAS Beneficiaries","",""
"","126","Enable - Nonexistent ID","Personal Banking APIs - QA Test Suite","2026-10-09","failed","2026-10-09","Enable","Wallets, Transfers, Transactions & Fund Requests","",""
"","126","List - No Auth","Personal Banking APIs - QA Test Suite","2026-10-09","passed","2026-10-09","List","Customer Profile, Accounts & Beneficiaries","",""
"","156","Update Gender - Valid","Personal Banking APIs - QA Test Suite","2026-10-09","failed","2026-10-09","Update Gender","Login, Credentials, Security & Devices","",""
"","135","Payment Merchant - Invalid Status Or Type","Personal Banking APIs - QA Test Suite","2026-10-09","failed","2026-10-09","Payment Merchant","Customer Cards","",""
"","183","Profile - Valid","Personal Banking APIs - QA Test Suite","2026-10-09","passed","2026-10-09","Profile","Customer Profile, Accounts & Beneficiaries","",""
"","116","Reward With Cashback - Empty Fields","Personal Banking APIs - QA Test Suite","2026-10-09","passed","2026-10-09","Reward With Cashback","Rewards, Cash Tokens & Wishlists","",""
"","121","Wallet Download Target Statement - Empty Fields","Personal Banking APIs - QA Test Suite","2026-10-09","failed","2026-10-09","Wallet Download Target Statement","Target Savings","",""
"","132","Add Item - Missing Required Field","Personal Banking APIs - QA Test Suite","2026-10-09","failed","2026-10-09","Add Item","Rewards, Cash Tokens & Wishlists","",""
"","150","Retrieve - Invalid Query","Personal Banking APIs - QA Test Suite","2026-10-09","failed","2026-10-09","Retrieve","Wallets, Transfers, Transactions & Fund Requests","",""
"","145","Account Officer View Rating - Invalid Query","Personal Banking APIs - QA Test Suite","2026-10-09","failed","2026-10-09","Account Officer View Rating","Customer Profile, Accounts & Beneficiaries","",""
"","116","Transactions Break Target - Invalid Token Or PIN","Personal Banking APIs - QA Test Suite","2026-10-09","passed","2026-10-09","Transactions Break Target","Target Savings","",""
"","120","List Schedule Payments - Invalid ID","Personal Banking APIs - QA Test Suite","2026-10-09","failed","2026-10-09","List Schedule Payments","Scheduled Payments","",""
"","125","Validate Meter - Invalid Status Or Type","Personal Banking APIs - QA Test Suite","2026-10-09","failed","2026-10-09","Validate Meter","Airtime, Data, Bills & VAS Beneficiaries","",""
"","113","Requests - No Auth","Personal Banking APIs - QA Test Suite","2026-10-09","passed","2026-10-09","Requests","Customer Cards","",""
"","123","Activate - Invalid ID","Personal Banking APIs - QA Test Suite","2026-10-09","passed","2026-10-09","Activate","Customer Cards","",""
"","126","Create Wishlist With Items - Missing Required Field","Personal Banking APIs - QA Test Suite","2026-10-09","passed","2026-10-09","Create Wishlist With Items","Rewards, Cash Tokens & Wishlists","",""
"","132","Partial - Nonexistent ID","Personal Banking APIs - QA Test Suite","2026-10-09","failed","2026-10-09","Partial","Wallets, Transfers, Transactions & Fund Requests","",""
"","141","List - Invalid Query","Personal Banking APIs - QA Test Suite","2026-10-09","failed","2026-10-09","List","Airtime, Data, Bills & VAS Beneficiaries","",""
"","136","Wallet - Invalid Query","Personal Banking APIs - QA Test Suite","2026-10-09","failed","2026-10-09","Wallet","Target Savings","",""
"","162","Approve Single Bulk Recipient - Valid","Personal Banking APIs - QA Test Suite","2026-10-09","failed","2026-10-09","Approve Single Bulk Recipient","Wallets, Transfers, Transactions & Fund Requests","",""
"","117","Toolkit Accounts - No Auth","Personal Banking APIs - QA Test Suite","2026-10-09","passed","2026-10-09","Toolkit Accounts","Customer Profile, Accounts & Beneficiaries","",""
"","113","Create Wishlist - No Auth","Personal Banking APIs - QA Test Suite","2026-10-09","passed","2026-10-09","Create Wishlist","Rewards, Cash Tokens & Wishlists","",""
"","119","Games Spin Wheel - No Auth","Personal Banking APIs - QA Test Suite","2026-10-09","passed","2026-10-09","Games Spin Wheel","Rewards, Cash Tokens & Wishlists","",""
"","154","Games - Valid","Personal Banking APIs - QA Test Suite","2026-10-09","failed","2026-10-09","Games","Rewards, Cash Tokens & Wishlists","",""
"","224","Verify Phone OTP - Invalid Token Or PIN","Personal Banking APIs - QA Test Suite","2026-10-09","passed","2026-10-09","Verify Phone OTP","Customer Onboarding","",""
"","127","Youngmoni Transfer - Invalid Token Or PIN","Personal Banking APIs - QA Test Suite","2026-10-09","passed","2026-10-09","Youngmoni Transfer","Scheduled Payments","",""
"","128","Wallet Interest Balance - Invalid Query","Personal Banking APIs - QA Test Suite","2026-10-09","failed","2026-10-09","Wallet Interest Balance","Save & Spend","",""
"","141","Update - Missing Required Field","Personal Banking APIs - QA Test Suite","2026-10-09","passed","2026-10-09","Update","Scheduled Payments","",""
"","116","List - No Auth","Personal Banking APIs - QA Test Suite","2026-10-09","passed","2026-10-09","List","Customer Profile, Accounts & Beneficiaries","",""
"","397","Retrieve - Invalid Query","Personal Banking APIs - QA Test Suite","2026-10-09","failed","2026-10-09","Retrieve","Customer Profile, Accounts & Beneficiaries","",""
"","134","Admin Coins Redemption Rules - Valid","Personal Banking APIs - QA Test Suite","2026-10-09","failed","2026-10-09","Admin Coins Redemption Rules","Rewards, Cash Tokens & Wishlists","",""
"","121","Transfer - Invalid Status Or Type","Personal Banking APIs - QA Test Suite","2026-10-09","passed","2026-10-09","Transfer","Scheduled Payments","",""
"","144","Terms - Invalid ID","Personal Banking APIs - QA Test Suite","2026-10-09","passed","2026-10-09","Terms","Rewards, Cash Tokens & Wishlists","",""
"","115","Approve Single Bulk Recipient - No Auth","Personal Banking APIs - QA Test Suite","2026-10-09","passed","2026-10-09","Approve Single Bulk Recipient","Wallets, Transfers, Transactions & Fund Requests","",""
"","225","Admin Games Stats - Valid","Personal Banking APIs - QA Test Suite","2026-10-09","failed","2026-10-09","Admin Games Stats","Rewards, Cash Tokens & Wishlists","",""
"","133","Dismiss Action - Invalid Email","Personal Banking APIs - QA Test Suite","2026-10-09","failed","2026-10-09","Dismiss Action","KYC, Tier Upgrades & Young Moni","",""
"","118","Purchase Data - Invalid Token Or PIN","Personal Banking APIs - QA Test Suite","2026-10-09","passed","2026-10-09","Purchase Data","Airtime, Data, Bills & VAS Beneficiaries","",""
"","388","Her Wealth Details - Nonexistent ID","Personal Banking APIs - QA Test Suite","2026-10-09","passed","2026-10-09","Her Wealth Details","Customer Profile, Accounts & Beneficiaries","",""
"","124","Borrow - Invalid Amount","Personal Banking APIs - QA Test Suite","2026-10-09","failed","2026-10-09","Borrow","Kolo Connect Advances","",""
"","150","Account Officer - Invalid Query","Personal Banking APIs - QA Test Suite","2026-10-09","failed","2026-10-09","Account Officer","Customer Profile, Accounts & Beneficiaries","",""
"","119","Upload Bulk Fund Request - No Auth","Personal Banking APIs - QA Test Suite","2026-10-09","failed","2026-10-09","Upload Bulk Fund Request","Wallets, Transfers, Transactions & Fund Requests","",""
"","152","Register With Phone - Empty Fields","Personal Banking APIs - QA Test Suite","2026-10-09","passed","2026-10-09","Register With Phone","Customer Onboarding","",""
"","194","Payment Merchant - Valid","Personal Banking APIs - QA Test Suite","2026-10-09","passed","2026-10-09","Payment Merchant","Customer Cards","",""
"","171","Retrieve - Invalid ID","Personal Banking APIs - QA Test Suite","2026-10-09","failed","2026-10-09","Retrieve","Wallets, Transfers, Transactions & Fund Requests","",""
"","137","Redeem Insurance - Missing Required Field","Personal Banking APIs - QA Test Suite","2026-10-09","passed","2026-10-09","Redeem Insurance","Insurance","",""
"","118","Kyc Level Count - No Auth","Personal Banking APIs - QA Test Suite","2026-10-09","passed","2026-10-09","Kyc Level Count","Customer Profile, Accounts & Beneficiaries","",""
"","123","Daily Spending Summary - Invalid Query","Personal Banking APIs - QA Test Suite","2026-10-09","failed","2026-10-09","Daily Spending Summary","Wallets, Transfers, Transactions & Fund Requests","",""
"","145","Admin Games Rewards - Nonexistent ID","Personal Banking APIs - QA Test Suite","2026-10-09","failed","2026-10-09","Admin Games Rewards","Rewards, Cash Tokens & Wishlists","",""
"","140","Reset Pin - Nonexistent ID","Personal Banking APIs - QA Test Suite","2026-10-09","passed","2026-10-09","Reset Pin","Customer Cards","",""
"","118","Upload Bulk Fund Request - Invalid Token Or PIN","Personal Banking APIs - QA Test Suite","2026-10-09","passed","2026-10-09","Upload Bulk Fund Request","Wallets, Transfers, Transactions & Fund Requests","",""
"","135","Channel Settings - Missing Required Field","Personal Banking APIs - QA Test Suite","2026-10-09","failed","2026-10-09","Channel Settings","Customer Cards","",""
"","128","Disable - No Auth","Personal Banking APIs - QA Test Suite","2026-10-09","passed","2026-10-09","Disable","Wallets, Transfers, Transactions & Fund Requests","",""
"","135","Unblock - No Auth","Personal Banking APIs - QA Test Suite","2026-10-09","passed","2026-10-09","Unblock","Customer Cards","",""
"","113","List - No Auth","Personal Banking APIs - QA Test Suite","2026-10-09","passed","2026-10-09","List","Kolo Connect Advances","",""
"","158","Transactions Evaluate Break - Valid","Personal Banking APIs - QA Test Suite","2026-10-09","failed","2026-10-09","Transactions Evaluate Break","Target Savings","",""
"","157","Transactions Update Swag Plan - Missing Required Field","Personal Banking APIs - QA Test Suite","2026-10-09","passed","2026-10-09","Transactions Update Swag Plan","SWAG Savings","",""
"","291","Admin Coins Rules - Nonexistent ID","Personal Banking APIs - QA Test Suite","2026-10-09","failed","2026-10-09","Admin Coins Rules","Rewards, Cash Tokens & Wishlists","",""
"","132","Admin Coins Rules - Missing Required Field","Personal Banking APIs - QA Test Suite","2026-10-09","failed","2026-10-09","Admin Coins Rules","Rewards, Cash Tokens & Wishlists","",""
"","114","Transactions Update Spend Wallet - No Auth","Personal Banking APIs - QA Test Suite","2026-10-09","passed","2026-10-09","Transactions Update Spend Wallet","Save & Spend","",""
"","134","Admin Admin Upgrade To Merchant - Missing Required Field","Personal Banking APIs - QA Test Suite","2026-10-09","failed","2026-10-09","Admin Admin Upgrade To Merchant","KYC, Tier Upgrades & Young Moni","",""
"","164","Channel Settings - Invalid ID","Personal Banking APIs - QA Test Suite","2026-10-09","passed","2026-10-09","Channel Settings","Customer Cards","",""
"","199","Types - Valid","Personal Banking APIs - QA Test Suite","2026-10-09","passed","2026-10-09","Types","Supalock Savings","",""
"","131","Set Password & Create Pending User - Empty Fields","Personal Banking APIs - QA Test Suite","2026-10-09","passed","2026-10-09","Set Password & Create Pending User","Customer Onboarding","",""
"","270","Admin Coins Rules - Valid","Personal Banking APIs - QA Test Suite","2026-10-09","failed","2026-10-09","Admin Coins Rules","Rewards, Cash Tokens & Wishlists","",""
"","115","Transactions - No Auth","Personal Banking APIs - QA Test Suite","2026-10-09","passed","2026-10-09","Transactions","Supalock Savings","",""
"","134","Get Item Edit - Empty Fields","Personal Banking APIs - QA Test Suite","2026-10-09","failed","2026-10-09","Get Item Edit","Rewards, Cash Tokens & Wishlists","",""
"","199","Download Statement - Empty Fields","Personal Banking APIs - QA Test Suite","2026-10-09","failed","2026-10-09","Download Statement","Wallets, Transfers, Transactions & Fund Requests","",""
"","183","Transactions Deposit - Invalid Token Or PIN","Personal Banking APIs - QA Test Suite","2026-10-09","passed","2026-10-09","Transactions Deposit","SWAG Savings","",""
"","116","Transactions Create Wallet - Empty Fields","Personal Banking APIs - QA Test Suite","2026-10-09","passed","2026-10-09","Transactions Create Wallet","Target Savings","",""
"","119","Partial - Empty Fields","Personal Banking APIs - QA Test Suite","2026-10-09","passed","2026-10-09","Partial","Wallets, Transfers, Transactions & Fund Requests","",""
"","114","Jamb Lookup - No Auth","Personal Banking APIs - QA Test Suite","2026-10-09","passed","2026-10-09","Jamb Lookup","Airtime, Data, Bills & VAS Beneficiaries","",""
"","129","Account Officer Change Request - No Auth","Personal Banking APIs - QA Test Suite","2026-10-09","passed","2026-10-09","Account Officer Change Request","Customer Profile, Accounts & Beneficiaries","",""
"","142","Update Request Recipients - Missing Required Field","Personal Banking APIs - QA Test Suite","2026-10-09","failed","2026-10-09","Update Request Recipients","Wallets, Transfers, Transactions & Fund Requests","",""
"","119","Single Fund Request - Valid","Personal Banking APIs - QA Test Suite","2026-10-09","failed","2026-10-09","Single Fund Request","Wallets, Transfers, Transactions & Fund Requests","",""
"","166","Update Daily Transfer Limit - Valid","Personal Banking APIs - QA Test Suite","2026-10-09","failed","2026-10-09","Update Daily Transfer Limit","Customer Profile, Accounts & Beneficiaries","",""
"","131","Get Transaction Overview - Invalid Query","Personal Banking APIs - QA Test Suite","2026-10-09","failed","2026-10-09","Get Transaction Overview","Wallets, Transfers, Transactions & Fund Requests","",""
"","141","Item - Valid","Personal Banking APIs - QA Test Suite","2026-10-09","failed","2026-10-09","Item","Rewards, Cash Tokens & Wishlists","",""
"","147","Transactions Update Spend Wallet - Nonexistent ID","Personal Banking APIs - QA Test Suite","2026-10-09","failed","2026-10-09","Transactions Update Spend Wallet","Save & Spend","",""
"","127","Transactions - Invalid Query","Personal Banking APIs - QA Test Suite","2026-10-09","failed","2026-10-09","Transactions","Supalock Savings","",""
"","114","Wallet Interest Balance - No Auth","Personal Banking APIs - QA Test Suite","2026-10-09","passed","2026-10-09","Wallet Interest Balance","Save & Spend","",""
"","120","Reset Login Pin - No Auth","Personal Banking APIs - QA Test Suite","2026-10-09","passed","2026-10-09","Reset Login Pin","Login, Credentials, Security & Devices","",""
"","126","Retrieve - Invalid Query","Personal Banking APIs - QA Test Suite","2026-10-09","failed","2026-10-09","Retrieve","Customer Profile, Accounts & Beneficiaries","",""
"","208","Admin Games Sessions - No Auth","Personal Banking APIs - QA Test Suite","2026-10-09","passed","2026-10-09","Admin Games Sessions","Rewards, Cash Tokens & Wishlists","",""
"","130","Young Moni Requests - Invalid Query","Personal Banking APIs - QA Test Suite","2026-10-09","failed","2026-10-09","Young Moni Requests","KYC, Tier Upgrades & Young Moni","",""
"","123","Request Phone Verification - Empty Fields","Personal Banking APIs - QA Test Suite","2026-10-09","failed","2026-10-09","Request Phone Verification","Login, Credentials, Security & Devices","",""
"","121","Retrieve - Nonexistent ID","Personal Banking APIs - QA Test Suite","2026-10-09","failed","2026-10-09","Retrieve","Kolo Connect Advances","",""
"","141","Download Statement - No Auth","Personal Banking APIs - QA Test Suite","2026-10-09","passed","2026-10-09","Download Statement","Wallets, Transfers, Transactions & Fund Requests","",""
"","147","Young Moni Upload Child Documents - Empty Fields","Personal Banking APIs - QA Test Suite","2026-10-09","failed","2026-10-09","Young Moni Upload Child Documents","Customer Profile, Accounts & Beneficiaries","",""
"","292","Reset Transaction Pin - Valid","Personal Banking APIs - QA Test Suite","2026-10-09","failed","2026-10-09","Reset Transaction Pin","Login, Credentials, Security & Devices","",""
"","128","Overview - No Auth","Personal Banking APIs - QA Test Suite","2026-10-09","passed","2026-10-09","Overview","Rewards, Cash Tokens & Wishlists","",""
"","306","Find Customers By Phone - Valid","Personal Banking APIs - QA Test Suite","2026-10-09","passed","2026-10-09","Find Customers By Phone","Customer Profile, Accounts & Beneficiaries","",""
"","133","Reset Login Pin - Invalid Token Or PIN","Personal Banking APIs - QA Test Suite","2026-10-09","passed","2026-10-09","Reset Login Pin","Login, Credentials, Security & Devices","",""
"","115","Transactions Create Wallet - Invalid Token Or PIN","Personal Banking APIs - QA Test Suite","2026-10-09","passed","2026-10-09","Transactions Create Wallet","Save & Spend","",""
"","146","Types - No Auth","Personal Banking APIs - QA Test Suite","2026-10-09","passed","2026-10-09","Types","Supalock Savings","",""
"","126","Retrieve - Invalid Query","Personal Banking APIs - QA Test Suite","2026-10-09","failed","2026-10-09","Retrieve","Wallets, Transfers, Transactions & Fund Requests","",""
"","132","Toolkit Accounts - Invalid ID","Personal Banking APIs - QA Test Suite","2026-10-09","failed","2026-10-09","Toolkit Accounts","Customer Profile, Accounts & Beneficiaries","",""
"","132","Young Moni Documents - No Auth","Personal Banking APIs - QA Test Suite","2026-10-09","passed","2026-10-09","Young Moni Documents","KYC, Tier Upgrades & Young Moni","",""
"","144","Complete Registration - Valid","Personal Banking APIs - QA Test Suite","2026-10-09","failed","2026-10-09","Complete Registration","Customer Onboarding","",""
"","142","Create Sub Account - Missing Required Field","Personal Banking APIs - QA Test Suite","2026-10-09","passed","2026-10-09","Create Sub Account","Customer Profile, Accounts & Beneficiaries","",""
"","141","Account Officer Change Request - Invalid Query","Personal Banking APIs - QA Test Suite","2026-10-09","failed","2026-10-09","Account Officer Change Request","Customer Profile, Accounts & Beneficiaries","",""
"","114","List - No Auth","Personal Banking APIs - QA Test Suite","2026-10-09","passed","2026-10-09","List","Insurance","",""
"","130","Activate - Invalid Token Or PIN","Personal Banking APIs - QA Test Suite","2026-10-09","failed","2026-10-09","Activate","Customer Cards","",""
"","128","Young Moni Documents - Invalid Query","Personal Banking APIs - QA Test Suite","2026-10-09","failed","2026-10-09","Young Moni Documents","KYC, Tier Upgrades & Young Moni","",""
"","120","Request Alias Phone Verification - No Auth","Personal Banking APIs - QA Test Suite","2026-10-09","passed","2026-10-09","Request Alias Phone Verification","Customer Profile, Accounts & Beneficiaries","",""
"","172","Data - Valid","Personal Banking APIs - QA Test Suite","2026-10-09","failed","2026-10-09","Data","Scheduled Payments","",""
"","166","Request Alias Phone Verification - Empty Fields","Personal Banking APIs - QA Test Suite","2026-10-09","passed","2026-10-09","Request Alias Phone Verification","Customer Profile, Accounts & Beneficiaries","",""
"","129","Purchase Cable - Missing Required Field","Personal Banking APIs - QA Test Suite","2026-10-09","passed","2026-10-09","Purchase Cable","Airtime, Data, Bills & VAS Beneficiaries","",""
"","117","Update Communication Preference - No Auth","Personal Banking APIs - QA Test Suite","2026-10-09","passed","2026-10-09","Update Communication Preference","Customer Profile, Accounts & Beneficiaries","",""
"","127","Wallet Download Target Statement - Invalid Status Or Type","Personal Banking APIs - QA Test Suite","2026-10-09","failed","2026-10-09","Wallet Download Target Statement","Target Savings","",""
"","165","Withdraw Supalock - Invalid Token Or PIN","Personal Banking APIs - QA Test Suite","2026-10-09","failed","2026-10-09","Withdraw Supalock","Supalock Savings","",""
"","143","Wallet - Invalid ID","Personal Banking APIs - QA Test Suite","2026-10-09","failed","2026-10-09","Wallet","Save & Spend","",""
"","258","Admin Coins Rules - Invalid Query","Personal Banking APIs - QA Test Suite","2026-10-09","failed","2026-10-09","Admin Coins Rules","Rewards, Cash Tokens & Wishlists","",""
"","114","Transfers Left - No Auth","Personal Banking APIs - QA Test Suite","2026-10-09","passed","2026-10-09","Transfers Left","Wallets, Transfers, Transactions & Fund Requests","",""
"","128","Retrieve - Nonexistent ID","Personal Banking APIs - QA Test Suite","2026-10-09","failed","2026-10-09","Retrieve","Wallets, Transfers, Transactions & Fund Requests","",""
"","115","Fetch Balance - No Auth","Personal Banking APIs - QA Test Suite","2026-10-09","passed","2026-10-09","Fetch Balance","Customer Profile, Accounts & Beneficiaries","",""
"","134","Repay - Missing Required Field","Personal Banking APIs - QA Test Suite","2026-10-09","failed","2026-10-09","Repay","Kolo Connect Advances","",""
"","144","Create Insurance - Empty Fields","Personal Banking APIs - QA Test Suite","2026-10-09","passed","2026-10-09","Create Insurance","Insurance","",""
"","219","Channel Settings - Valid","Personal Banking APIs - QA Test Suite","2026-10-09","passed","2026-10-09","Channel Settings","Customer Cards","",""
"","145","Transactions - Invalid ID","Personal Banking APIs - QA Test Suite","2026-10-09","failed","2026-10-09","Transactions","SWAG Savings","",""
"","127","Repayment Plan - Invalid ID","Personal Banking APIs - QA Test Suite","2026-10-09","failed","2026-10-09","Repayment Plan","Kolo Connect Advances","",""
"","161","Account Officer Request Change - Valid","Personal Banking APIs - QA Test Suite","2026-10-09","failed","2026-10-09","Account Officer Request Change","Customer Profile, Accounts & Beneficiaries","",""
"","150","Admin Coins Rules - Invalid ID","Personal Banking APIs - QA Test Suite","2026-10-09","failed","2026-10-09","Admin Coins Rules","Rewards, Cash Tokens & Wishlists","",""
"","223","Admin Coins Rules - Invalid ID","Personal Banking APIs - QA Test Suite","2026-10-09","failed","2026-10-09","Admin Coins Rules","Rewards, Cash Tokens & Wishlists","",""
"","150","Verify Reset Token - Empty Fields","Personal Banking APIs - QA Test Suite","2026-10-09","passed","2026-10-09","Verify Reset Token","Login, Credentials, Security & Devices","",""
"","146","Validate Betting Id - No Auth","Personal Banking APIs - QA Test Suite","2026-10-09","passed","2026-10-09","Validate Betting Id","Airtime, Data, Bills & VAS Beneficiaries","",""
"","138","Transactions Break Target - No Auth","Personal Banking APIs - QA Test Suite","2026-10-09","failed","2026-10-09","Transactions Break Target","Target Savings","",""
"","121","Partial - Missing Required Field","Personal Banking APIs - QA Test Suite","2026-10-09","failed","2026-10-09","Partial","Airtime, Data, Bills & VAS Beneficiaries","",""
"","127","Admin Complete Upgrade Request - Nonexistent ID","Personal Banking APIs - QA Test Suite","2026-10-09","failed","2026-10-09","Admin Complete Upgrade Request","KYC, Tier Upgrades & Young Moni","",""
"","160","Transactions Update Swag Plan - Empty Fields","Personal Banking APIs - QA Test Suite","2026-10-09","passed","2026-10-09","Transactions Update Swag Plan","SWAG Savings","",""
"","1919","Login - Valid","Personal Banking APIs - QA Test Suite","2026-10-09","passed","2026-10-09","Login","Login, Credentials, Security & Devices","",""
"","139","Wallet - Invalid Query","Personal Banking APIs - QA Test Suite","2026-10-09","failed","2026-10-09","Wallet","Target Savings","",""
"","153","Tier One Upgrade - Empty Fields","Personal Banking APIs - QA Test Suite","2026-10-09","passed","2026-10-09","Tier One Upgrade","KYC, Tier Upgrades & Young Moni","",""
"","122","Data - Invalid Amount","Personal Banking APIs - QA Test Suite","2026-10-09","passed","2026-10-09","Data","Scheduled Payments","",""
"","158","Update Single Transfer Limit - Valid","Personal Banking APIs - QA Test Suite","2026-10-09","failed","2026-10-09","Update Single Transfer Limit","Customer Profile, Accounts & Beneficiaries","",""
"","129","Toolkit Accounts - Invalid Query","Personal Banking APIs - QA Test Suite","2026-10-09","failed","2026-10-09","Toolkit Accounts","Customer Profile, Accounts & Beneficiaries","",""
"","145","Verify Reset Token - Invalid Status Or Type","Personal Banking APIs - QA Test Suite","2026-10-09","passed","2026-10-09","Verify Reset Token","Login, Credentials, Security & Devices","",""
"","157","List - No Auth","Personal Banking APIs - QA Test Suite","2026-10-09","passed","2026-10-09","List","Wallets, Transfers, Transactions & Fund Requests","",""
"","133","Admin Update Documents - Invalid Status Or Type","Personal Banking APIs - QA Test Suite","2026-10-09","passed","2026-10-09","Admin Update Documents","KYC, Tier Upgrades & Young Moni","",""
"","370","Get Cable Plans - Invalid ID","Personal Banking APIs - QA Test Suite","2026-10-09","failed","2026-10-09","Get Cable Plans","Airtime, Data, Bills & VAS Beneficiaries","",""
"","154","Recipients - Valid","Personal Banking APIs - QA Test Suite","2026-10-09","failed","2026-10-09","Recipients","Wallets, Transfers, Transactions & Fund Requests","",""
"","178","Inter Name Enquiry - No Auth","Personal Banking APIs - QA Test Suite","2026-10-09","passed","2026-10-09","Inter Name Enquiry","Wallets, Transfers, Transactions & Fund Requests","",""
"","168","Retrieve - Invalid ID","Personal Banking APIs - QA Test Suite","2026-10-09","passed","2026-10-09","Retrieve","Airtime, Data, Bills & VAS Beneficiaries","",""
"","168","Retrieve - Valid","Personal Banking APIs - QA Test Suite","2026-10-09","failed","2026-10-09","Retrieve","Insurance","",""
"","207","Admin Coins Redemption Rules - No Auth","Personal Banking APIs - QA Test Suite","2026-10-09","passed","2026-10-09","Admin Coins Redemption Rules","Rewards, Cash Tokens & Wishlists","",""
"","135","Create Her Wealth - Missing Required Field","Personal Banking APIs - QA Test Suite","2026-10-09","passed","2026-10-09","Create Her Wealth","Customer Profile, Accounts & Beneficiaries","",""
"","147","Create Her Wealth - Empty Fields","Personal Banking APIs - QA Test Suite","2026-10-09","passed","2026-10-09","Create Her Wealth","Customer Profile, Accounts & Beneficiaries","",""
"","169","Update Identity - Valid","Personal Banking APIs - QA Test Suite","2026-10-09","failed","2026-10-09","Update Identity","KYC, Tier Upgrades & Young Moni","",""
"","136","Reject Single Bulk Recipient - Valid","Personal Banking APIs - QA Test Suite","2026-10-09","failed","2026-10-09","Reject Single Bulk Recipient","Wallets, Transfers, Transactions & Fund Requests","",""
"","146","Enable - Missing Required Field","Personal Banking APIs - QA Test Suite","2026-10-09","failed","2026-10-09","Enable","Wallets, Transfers, Transactions & Fund Requests","",""
"","135","Young Moni Upload Child Documents - Invalid Status Or Type","Personal Banking APIs - QA Test Suite","2026-10-09","failed","2026-10-09","Young Moni Upload Child Documents","Customer Profile, Accounts & Beneficiaries","",""
"","128","Topup Supalock - Nonexistent ID","Personal Banking APIs - QA Test Suite","2026-10-09","failed","2026-10-09","Topup Supalock","Supalock Savings","",""
"","143","Retrieve - Invalid ID","Personal Banking APIs - QA Test Suite","2026-10-09","passed","2026-10-09","Retrieve","Customer Cards","",""
"","129","Update Gender - Empty Fields","Personal Banking APIs - QA Test Suite","2026-10-09","passed","2026-10-09","Update Gender","Login, Credentials, Security & Devices","",""
"","137","Validate Face Match - No Auth","Personal Banking APIs - QA Test Suite","2026-10-09","failed","2026-10-09","Validate Face Match","Login, Credentials, Security & Devices","",""
"","210","Admin Request Stats - No Auth","Personal Banking APIs - QA Test Suite","2026-10-09","passed","2026-10-09","Admin Request Stats","KYC, Tier Upgrades & Young Moni","",""
"","210","Encrypt Login - Empty Fields","Personal Banking APIs - QA Test Suite","2026-10-09","failed","2026-10-09","Encrypt Login","Login, Credentials, Security & Devices","",""
"","196","Encrypt Login - Invalid Token Or PIN","Personal Banking APIs - QA Test Suite","2026-10-09","failed","2026-10-09","Encrypt Login","Login, Credentials, Security & Devices","",""
"","132","Young Moni Initiate Account Request - No Auth","Personal Banking APIs - QA Test Suite","2026-10-09","passed","2026-10-09","Young Moni Initiate Account Request","Customer Profile, Accounts & Beneficiaries","",""
"","126","Update - Invalid ID","Personal Banking APIs - QA Test Suite","2026-10-09","passed","2026-10-09","Update","Scheduled Payments","",""
"","120","Login With Pin - Missing Required Field","Personal Banking APIs - QA Test Suite","2026-10-09","passed","2026-10-09","Login With Pin","Login, Credentials, Security & Devices","",""
"","142","Unblock - Valid","Personal Banking APIs - QA Test Suite","2026-10-09","failed","2026-10-09","Unblock","Customer Cards","",""
"","114","Terms - No Auth","Personal Banking APIs - QA Test Suite","2026-10-09","passed","2026-10-09","Terms","Rewards, Cash Tokens & Wishlists","",""
"","209","Admin Games Sessions - No Auth","Personal Banking APIs - QA Test Suite","2026-10-09","passed","2026-10-09","Admin Games Sessions","Rewards, Cash Tokens & Wishlists","",""
"","137","Transaction - Invalid Query","Personal Banking APIs - QA Test Suite","2026-10-09","failed","2026-10-09","Transaction","Airtime, Data, Bills & VAS Beneficiaries","",""
"","117","Intra Transfer - No Auth","Personal Banking APIs - QA Test Suite","2026-10-09","failed","2026-10-09","Intra Transfer","Wallets, Transfers, Transactions & Fund Requests","",""
"","220","Admin Games Sessions - Nonexistent ID","Personal Banking APIs - QA Test Suite","2026-10-09","failed","2026-10-09","Admin Games Sessions","Rewards, Cash Tokens & Wishlists","",""
"","140","Young Moni Upload Guardian Documents - Empty Fields","Personal Banking APIs - QA Test Suite","2026-10-09","failed","2026-10-09","Young Moni Upload Guardian Documents","Customer Profile, Accounts & Beneficiaries","",""
"","114","Enabled Setting - No Auth","Personal Banking APIs - QA Test Suite","2026-10-09","passed","2026-10-09","Enabled Setting","Wallets, Transfers, Transactions & Fund Requests","",""
"","496","Create Wishlist - Valid","Personal Banking APIs - QA Test Suite","2026-10-09","failed","2026-10-09","Create Wishlist","Rewards, Cash Tokens & Wishlists","",""
"","180","Approve Single Fund Request - Missing Required Field","Personal Banking APIs - QA Test Suite","2026-10-09","failed","2026-10-09","Approve Single Fund Request","Wallets, Transfers, Transactions & Fund Requests","",""
"","122","Find Customers By Phone - Empty Fields","Personal Banking APIs - QA Test Suite","2026-10-09","passed","2026-10-09","Find Customers By Phone","Customer Profile, Accounts & Beneficiaries","",""
"","118","Update Location - Missing Required Field","Personal Banking APIs - QA Test Suite","2026-10-09","failed","2026-10-09","Update Location","Login, Credentials, Security & Devices","",""
"","126","Create - Missing Required Field","Personal Banking APIs - QA Test Suite","2026-10-09","failed","2026-10-09","Create","Wallets, Transfers, Transactions & Fund Requests","",""
"","166","Initiate Reset Transaction Pin - No Auth","Personal Banking APIs - QA Test Suite","2026-10-09","passed","2026-10-09","Initiate Reset Transaction Pin","Login, Credentials, Security & Devices","",""
"","132","Document Update Status - No Auth","Personal Banking APIs - QA Test Suite","2026-10-09","passed","2026-10-09","Document Update Status","KYC, Tier Upgrades & Young Moni","",""
"","118","Young Moni Upload Guardian Documents - No Auth","Personal Banking APIs - QA Test Suite","2026-10-09","passed","2026-10-09","Young Moni Upload Guardian Documents","Customer Profile, Accounts & Beneficiaries","",""
"","144","Young Moni Upload Guardian Documents - Invalid ID","Personal Banking APIs - QA Test Suite","2026-10-09","passed","2026-10-09","Young Moni Upload Guardian Documents","Customer Profile, Accounts & Beneficiaries","",""
"","117","Verify Alias Phone Number - No Auth","Personal Banking APIs - QA Test Suite","2026-10-09","passed","2026-10-09","Verify Alias Phone Number","Customer Profile, Accounts & Beneficiaries","",""
"","130","Verify Email OTP - Invalid Email","Personal Banking APIs - QA Test Suite","2026-10-09","passed","2026-10-09","Verify Email OTP","Customer Onboarding","",""
"","177","Requests Fetch Agents - Empty Fields","Personal Banking APIs - QA Test Suite","2026-10-09","passed","2026-10-09","Requests Fetch Agents","Customer Cards","",""
"","114","Retrieve - No Auth","Personal Banking APIs - QA Test Suite","2026-10-09","passed","2026-10-09","Retrieve","Wallets, Transfers, Transactions & Fund Requests","",""
"","141","Daily Spending Summary - Valid","Personal Banking APIs - QA Test Suite","2026-10-09","passed","2026-10-09","Daily Spending Summary","Wallets, Transfers, Transactions & Fund Requests","",""
"","116","Activate - No Auth","Personal Banking APIs - QA Test Suite","2026-10-09","passed","2026-10-09","Activate","Customer Cards","",""
"","118","Item - Invalid Query","Personal Banking APIs - QA Test Suite","2026-10-09","failed","2026-10-09","Item","Rewards, Cash Tokens & Wishlists","",""
"","126","Wishlist Config Edit - No Auth","Personal Banking APIs - QA Test Suite","2026-10-09","failed","2026-10-09","Wishlist Config Edit","Rewards, Cash Tokens & Wishlists","",""
"","114","Update Identity - No Auth","Personal Banking APIs - QA Test Suite","2026-10-09","passed","2026-10-09","Update Identity","KYC, Tier Upgrades & Young Moni","",""
"","130","Partial - Invalid Status Or Type","Personal Banking APIs - QA Test Suite","2026-10-09","passed","2026-10-09","Partial","Airtime, Data, Bills & VAS Beneficiaries","",""
"","125","Wallet Interest Balance - Nonexistent ID","Personal Banking APIs - QA Test Suite","2026-10-09","failed","2026-10-09","Wallet Interest Balance","Save & Spend","",""
"","124","Young Moni Requests - No Auth","Personal Banking APIs - QA Test Suite","2026-10-09","passed","2026-10-09","Young Moni Requests","KYC, Tier Upgrades & Young Moni","",""
"","147","Purchase Data - Empty Fields","Personal Banking APIs - QA Test Suite","2026-10-09","passed","2026-10-09","Purchase Data","Airtime, Data, Bills & VAS Beneficiaries","",""
"","140","Create - Empty Fields","Personal Banking APIs - QA Test Suite","2026-10-09","passed","2026-10-09","Create","Wallets, Transfers, Transactions & Fund Requests","",""
"","205","Transactions Update Swag Plan - Invalid Amount","Personal Banking APIs - QA Test Suite","2026-10-09","passed","2026-10-09","Transactions Update Swag Plan","SWAG Savings","",""
"","143","Wallet Download Swag Statement - Missing Required Field","Personal Banking APIs - QA Test Suite","2026-10-09","failed","2026-10-09","Wallet Download Swag Statement","SWAG Savings","",""
"","141","Retrieve - No Auth","Personal Banking APIs - QA Test Suite","2026-10-09","passed","2026-10-09","Retrieve","Customer Profile, Accounts & Beneficiaries","",""
"","144","Retrieve - Valid","Personal Banking APIs - QA Test Suite","2026-10-09","failed","2026-10-09","Retrieve","Airtime, Data, Bills & VAS Beneficiaries","",""
"","127","List Documents - No Auth","Personal Banking APIs - QA Test Suite","2026-10-09","passed","2026-10-09","List Documents","KYC, Tier Upgrades & Young Moni","",""
"","152","Verify Email OTP - Invalid Token Or PIN","Personal Banking APIs - QA Test Suite","2026-10-09","passed","2026-10-09","Verify Email OTP","Customer Onboarding","",""
"","129","Wallet - Invalid Query","Personal Banking APIs - QA Test Suite","2026-10-09","failed","2026-10-09","Wallet","SWAG Savings","",""
"","127","Requests Get Delivery Cost - Missing Required Field","Personal Banking APIs - QA Test Suite","2026-10-09","passed","2026-10-09","Requests Get Delivery Cost","Customer Cards","",""
"","113","Games Eligibility Requirements - No Auth","Personal Banking APIs - QA Test Suite","2026-10-09","passed","2026-10-09","Games Eligibility Requirements","Rewards, Cash Tokens & Wishlists","",""
"","173","Admin Games Rewards - Valid","Personal Banking APIs - QA Test Suite","2026-10-09","failed","2026-10-09","Admin Games Rewards","Rewards, Cash Tokens & Wishlists","",""
"","130","Intra Account Transfer - Empty Fields","Personal Banking APIs - QA Test Suite","2026-10-09","passed","2026-10-09","Intra Account Transfer","Wallets, Transfers, Transactions & Fund Requests","",""
"","140","Transactions Break Wallet - Missing Required Field","Personal Banking APIs - QA Test Suite","2026-10-09","passed","2026-10-09","Transactions Break Wallet","Save & Spend","",""
"","121","List - Invalid Query","Personal Banking APIs - QA Test Suite","2026-10-09","failed","2026-10-09","List","Wallets, Transfers, Transactions & Fund Requests","",""
"","185","Young Moni - Valid","Personal Banking APIs - QA Test Suite","2026-10-09","passed","2026-10-09","Young Moni","Customer Profile, Accounts & Beneficiaries","",""
"","197","Types - Empty Fields","Personal Banking APIs - QA Test Suite","2026-10-09","failed","2026-10-09","Types","Supalock Savings","",""
"","143","Find Customers By Phone - Missing Required Field","Personal Banking APIs - QA Test Suite","2026-10-09","passed","2026-10-09","Find Customers By Phone","Customer Profile, Accounts & Beneficiaries","",""
"","140","Requests Get Delivery Cost - Valid","Personal Banking APIs - QA Test Suite","2026-10-09","failed","2026-10-09","Requests Get Delivery Cost","Customer Cards","",""
"","156","Transactions Create Plan - Empty Fields","Personal Banking APIs - QA Test Suite","2026-10-09","passed","2026-10-09","Transactions Create Plan","SWAG Savings","",""
"","177","Providers - Invalid Query","Personal Banking APIs - QA Test Suite","2026-10-09","failed","2026-10-09","Providers","Insurance","",""
"","146","Young Moni Upload Guardian Documents - Nonexistent ID","Personal Banking APIs - QA Test Suite","2026-10-09","passed","2026-10-09","Young Moni Upload Guardian Documents","Customer Profile, Accounts & Beneficiaries","",""
"","145","Update Communication Preference - Invalid Email","Personal Banking APIs - QA Test Suite","2026-10-09","passed","2026-10-09","Update Communication Preference","Customer Profile, Accounts & Beneficiaries","",""
"","130","Validate Jamb Profile - Missing Required Field","Personal Banking APIs - QA Test Suite","2026-10-09","failed","2026-10-09","Validate Jamb Profile","Airtime, Data, Bills & VAS Beneficiaries","",""
"","152","Terms Draw Details - Invalid Query","Personal Banking APIs - QA Test Suite","2026-10-09","failed","2026-10-09","Terms Draw Details","Rewards, Cash Tokens & Wishlists","",""
"","123","List - No Auth","Personal Banking APIs - QA Test Suite","2026-10-09","passed","2026-10-09","List","KYC, Tier Upgrades & Young Moni","",""
"","132","Admin Admin Tier One Upgrade - Invalid Status Or Type","Personal Banking APIs - QA Test Suite","2026-10-09","failed","2026-10-09","Admin Admin Tier One Upgrade","KYC, Tier Upgrades & Young Moni","",""
"","186","Verify Device Changed - Valid","Personal Banking APIs - QA Test Suite","2026-10-09","failed","2026-10-09","Verify Device Changed","Login, Credentials, Security & Devices","",""
"","117","Purchase Cable - Invalid Token Or PIN","Personal Banking APIs - QA Test Suite","2026-10-09","passed","2026-10-09","Purchase Cable","Airtime, Data, Bills & VAS Beneficiaries","",""
"","120","Fund Betting Wallet - Invalid Token Or PIN","Personal Banking APIs - QA Test Suite","2026-10-09","passed","2026-10-09","Fund Betting Wallet","Airtime, Data, Bills & VAS Beneficiaries","",""
"","286","Admin Coins Redemption Rules - No Auth","Personal Banking APIs - QA Test Suite","2026-10-09","passed","2026-10-09","Admin Coins Redemption Rules","Rewards, Cash Tokens & Wishlists","",""
"","129","Games Scratch Card - Invalid Query","Personal Banking APIs - QA Test Suite","2026-10-09","passed","2026-10-09","Games Scratch Card","Rewards, Cash Tokens & Wishlists","",""
"","144","Verify Alias Phone Number - Invalid Token Or PIN","Personal Banking APIs - QA Test Suite","2026-10-09","passed","2026-10-09","Verify Alias Phone Number","Customer Profile, Accounts & Beneficiaries","",""
"","118","Create Transaction Pin - Missing Required Field","Personal Banking APIs - QA Test Suite","2026-10-09","failed","2026-10-09","Create Transaction Pin","Login, Credentials, Security & Devices","",""
"","154","Young Moni Requests - Valid","Personal Banking APIs - QA Test Suite","2026-10-09","failed","2026-10-09","Young Moni Requests","KYC, Tier Upgrades & Young Moni","",""
"","128","Retrieve - Nonexistent ID","Personal Banking APIs - QA Test Suite","2026-10-09","passed","2026-10-09","Retrieve","Customer Cards","",""
"","152","Inflow Outflow Analytics - Valid","Personal Banking APIs - QA Test Suite","2026-10-09","passed","2026-10-09","Inflow Outflow Analytics","Wallets, Transfers, Transactions & Fund Requests","",""
"","144","Create Transaction Pin - Valid","Personal Banking APIs - QA Test Suite","2026-10-09","failed","2026-10-09","Create Transaction Pin","Login, Credentials, Security & Devices","",""
"","128","Retrieve - Valid","Personal Banking APIs - QA Test Suite","2026-10-09","failed","2026-10-09","Retrieve","Airtime, Data, Bills & VAS Beneficiaries","",""
"","131","Wallet - Invalid Query","Personal Banking APIs - QA Test Suite","2026-10-09","failed","2026-10-09","Wallet","Save & Spend","",""
"","129","Validate Betting Id - Invalid Status Or Type","Personal Banking APIs - QA Test Suite","2026-10-09","passed","2026-10-09","Validate Betting Id","Airtime, Data, Bills & VAS Beneficiaries","",""
"","126","Initiate Email Update - Invalid Token Or PIN","Personal Banking APIs - QA Test Suite","2026-10-09","passed","2026-10-09","Initiate Email Update","KYC, Tier Upgrades & Young Moni","",""
"","118","Admin Games Rewards - Invalid ID","Personal Banking APIs - QA Test Suite","2026-10-09","failed","2026-10-09","Admin Games Rewards","Rewards, Cash Tokens & Wishlists","",""
"","131","Tenors - Valid","Personal Banking APIs - QA Test Suite","2026-10-09","failed","2026-10-09","Tenors","Kolo Connect Advances","",""
"","150","Tier Zero Upgrade - No Auth","Personal Banking APIs - QA Test Suite","2026-10-09","passed","2026-10-09","Tier Zero Upgrade","KYC, Tier Upgrades & Young Moni","",""
"","131","Admin Coins Redemption Rules - Missing Required Field","Personal Banking APIs - QA Test Suite","2026-10-09","failed","2026-10-09","Admin Coins Redemption Rules","Rewards, Cash Tokens & Wishlists","",""
"","116","List - No Auth","Personal Banking APIs - QA Test Suite","2026-10-09","passed","2026-10-09","List","Customer Profile, Accounts & Beneficiaries","",""
"","146","Validate Liveness (When Required) - Valid","Personal Banking APIs - QA Test Suite","2026-10-09","failed","2026-10-09","Validate Liveness (When Required)","Customer Onboarding","",""
"","153","Airtime - Invalid Amount","Personal Banking APIs - QA Test Suite","2026-10-09","passed","2026-10-09","Airtime","Scheduled Payments","",""
"","129","Transfer - Invalid Amount","Personal Banking APIs - QA Test Suite","2026-10-09","passed","2026-10-09","Transfer","Scheduled Payments","",""
"","138","Redeem Insurance - Valid","Personal Banking APIs - QA Test Suite","2026-10-09","failed","2026-10-09","Redeem Insurance","Insurance","",""
"","120","Purchase Airtime - No Auth","Personal Banking APIs - QA Test Suite","2026-10-09","failed","2026-10-09","Purchase Airtime","Airtime, Data, Bills & VAS Beneficiaries","",""
"","113","Validate Jamb Profile - No Auth","Personal Banking APIs - QA Test Suite","2026-10-09","passed","2026-10-09","Validate Jamb Profile","Airtime, Data, Bills & VAS Beneficiaries","",""
"","112","Admin Games Rewards - No Auth","Personal Banking APIs - QA Test Suite","2026-10-09","passed","2026-10-09","Admin Games Rewards","Rewards, Cash Tokens & Wishlists","",""
"","121","Retrieve - Nonexistent ID","Personal Banking APIs - QA Test Suite","2026-10-09","failed","2026-10-09","Retrieve","Airtime, Data, Bills & VAS Beneficiaries","",""
"","135","Validate Jamb Profile - Valid","Personal Banking APIs - QA Test Suite","2026-10-09","failed","2026-10-09","Validate Jamb Profile","Airtime, Data, Bills & VAS Beneficiaries","",""
"","173","Kyc Level Count - Valid","Personal Banking APIs - QA Test Suite","2026-10-09","failed","2026-10-09","Kyc Level Count","Customer Profile, Accounts & Beneficiaries","",""
"","743","Reject Single Bulk Recipient - Invalid Token Or PIN","Personal Banking APIs - QA Test Suite","2026-10-09","failed","2026-10-09","Reject Single Bulk Recipient","Wallets, Transfers, Transactions & Fund Requests","",""
"","194","Retrieve - Invalid ID","Personal Banking APIs - QA Test Suite","2026-10-09","failed","2026-10-09","Retrieve","Airtime, Data, Bills & VAS Beneficiaries","",""
"","117","Update Location - No Auth","Personal Banking APIs - QA Test Suite","2026-10-09","failed","2026-10-09","Update Location","Login, Credentials, Security & Devices","",""
"","148","Update Location - Nonexistent ID","Personal Banking APIs - QA Test Suite","2026-10-09","failed","2026-10-09","Update Location","Login, Credentials, Security & Devices","",""
"","111","Admin Coins Redemption Rules - No Auth","Personal Banking APIs - QA Test Suite","2026-10-09","passed","2026-10-09","Admin Coins Redemption Rules","Rewards, Cash Tokens & Wishlists","",""
"","135","Add Item - Empty Fields","Personal Banking APIs - QA Test Suite","2026-10-09","failed","2026-10-09","Add Item","Rewards, Cash Tokens & Wishlists","",""
"","169","Update Request Recipients - Invalid Amount","Personal Banking APIs - QA Test Suite","2026-10-09","failed","2026-10-09","Update Request Recipients","Wallets, Transfers, Transactions & Fund Requests","",""
"","175","Retrieve - Invalid Query","Personal Banking APIs - QA Test Suite","2026-10-09","failed","2026-10-09","Retrieve","Rewards, Cash Tokens & Wishlists","",""
"","131","Borrow - Invalid Token Or PIN","Personal Banking APIs - QA Test Suite","2026-10-09","failed","2026-10-09","Borrow","Kolo Connect Advances","",""
"","429","Retrieve - Valid","Personal Banking APIs - QA Test Suite","2026-10-09","passed","2026-10-09","Retrieve","Customer Profile, Accounts & Beneficiaries","",""
"","162","Tier One Upgrade - No Auth","Personal Banking APIs - QA Test Suite","2026-10-09","passed","2026-10-09","Tier One Upgrade","KYC, Tier Upgrades & Young Moni","",""
"","139","Purchase Electricity - Missing Required Field","Personal Banking APIs - QA Test Suite","2026-10-09","passed","2026-10-09","Purchase Electricity","Airtime, Data, Bills & VAS Beneficiaries","",""
"","158","Notify Of Missed Inward - Valid","Personal Banking APIs - QA Test Suite","2026-10-09","failed","2026-10-09","Notify Of Missed Inward","Wallets, Transfers, Transactions & Fund Requests","",""
"","161","Reward With Airtime - Missing Required Field","Personal Banking APIs - QA Test Suite","2026-10-09","failed","2026-10-09","Reward With Airtime","Rewards, Cash Tokens & Wishlists","",""
"","127","Purchase Waec - Invalid Amount","Personal Banking APIs - QA Test Suite","2026-10-09","passed","2026-10-09","Purchase Waec","Airtime, Data, Bills & VAS Beneficiaries","",""
"","117","Purchase Electricity - Invalid Token Or PIN","Personal Banking APIs - QA Test Suite","2026-10-09","passed","2026-10-09","Purchase Electricity","Airtime, Data, Bills & VAS Beneficiaries","",""
"","141","Unblock - Nonexistent ID","Personal Banking APIs - QA Test Suite","2026-10-09","passed","2026-10-09","Unblock","Customer Cards","",""
"","120","Webhook Cashtoken Webhook - Empty Fields","Personal Banking APIs - QA Test Suite","2026-10-09","failed","2026-10-09","Webhook Cashtoken Webhook","Rewards, Cash Tokens & Wishlists","",""
"","118","Borrow - No Auth","Personal Banking APIs - QA Test Suite","2026-10-09","passed","2026-10-09","Borrow","Kolo Connect Advances","",""
"","132","Overview - Empty Fields","Personal Banking APIs - QA Test Suite","2026-10-09","passed","2026-10-09","Overview","Customer Profile, Accounts & Beneficiaries","",""
"","137","List - Invalid Query","Personal Banking APIs - QA Test Suite","2026-10-09","failed","2026-10-09","List","Customer Profile, Accounts & Beneficiaries","",""
"","114","Document Delete - No Auth","Personal Banking APIs - QA Test Suite","2026-10-09","passed","2026-10-09","Document Delete","KYC, Tier Upgrades & Young Moni","",""
"","146","List - Invalid Query","Personal Banking APIs - QA Test Suite","2026-10-09","failed","2026-10-09","List","Rewards, Cash Tokens & Wishlists","",""
"","179","Tier Two Upgrade - Missing Required Field","Personal Banking APIs - QA Test Suite","2026-10-09","passed","2026-10-09","Tier Two Upgrade","KYC, Tier Upgrades & Young Moni","",""
"","138","Disable - Nonexistent ID","Personal Banking APIs - QA Test Suite","2026-10-09","failed","2026-10-09","Disable","Wallets, Transfers, Transactions & Fund Requests","",""
"","129","Create Password - Invalid Email","Personal Banking APIs - QA Test Suite","2026-10-09","passed","2026-10-09","Create Password","Login, Credentials, Security & Devices","",""
"","869","Purchase Epin - No Auth","Personal Banking APIs - QA Test Suite","2026-10-09","failed","2026-10-09","Purchase Epin","Airtime, Data, Bills & VAS Beneficiaries","",""
"","230","Admin - Invalid Query","Personal Banking APIs - QA Test Suite","2026-10-09","failed","2026-10-09","Admin","KYC, Tier Upgrades & Young Moni","",""
"","306","Upload Documents - Invalid Status Or Type","Personal Banking APIs - QA Test Suite","2026-10-09","passed","2026-10-09","Upload Documents","KYC, Tier Upgrades & Young Moni","",""
"","127","Update - Nonexistent ID","Personal Banking APIs - QA Test Suite","2026-10-09","failed","2026-10-09","Update","Scheduled Payments","",""
"","178","Create Insurance - Invalid Token Or PIN","Personal Banking APIs - QA Test Suite","2026-10-09","passed","2026-10-09","Create Insurance","Insurance","",""
"","167","Toolkit Accounts - Valid","Personal Banking APIs - QA Test Suite","2026-10-09","failed","2026-10-09","Toolkit Accounts","Customer Profile, Accounts & Beneficiaries","",""
"","382","Total Young Moni Balance - Valid","Personal Banking APIs - QA Test Suite","2026-10-09","passed","2026-10-09","Total Young Moni Balance","Customer Profile, Accounts & Beneficiaries","",""
"","133","Verify Email OTP - Missing Required Field","Personal Banking APIs - QA Test Suite","2026-10-09","passed","2026-10-09","Verify Email OTP","Customer Onboarding","",""
"","140","Waec Lookup - Valid","Personal Banking APIs - QA Test Suite","2026-10-09","failed","2026-10-09","Waec Lookup","Airtime, Data, Bills & VAS Beneficiaries","",""
"","395","List - Valid","Personal Banking APIs - QA Test Suite","2026-10-09","passed","2026-10-09","List","Customer Profile, Accounts & Beneficiaries","",""
"","125","Intra Transfer - Valid","Personal Banking APIs - QA Test Suite","2026-10-09","failed","2026-10-09","Intra Transfer","Wallets, Transfers, Transactions & Fund Requests","",""
"","119","Create - Invalid Amount","Personal Banking APIs - QA Test Suite","2026-10-09","passed","2026-10-09","Create","Wallets, Transfers, Transactions & Fund Requests","",""
"","145","Wallet - No Auth","Personal Banking APIs - QA Test Suite","2026-10-09","passed","2026-10-09","Wallet","Target Savings","",""
"","120","Tier One Upgrade With BVN - No Auth","Personal Banking APIs - QA Test Suite","2026-10-09","passed","2026-10-09","Tier One Upgrade With BVN","KYC, Tier Upgrades & Young Moni","",""
"","166","Validate Meter - Valid","Personal Banking APIs - QA Test Suite","2026-10-09","failed","2026-10-09","Validate Meter","Airtime, Data, Bills & VAS Beneficiaries","",""
"","114","Transactions - No Auth","Personal Banking APIs - QA Test Suite","2026-10-09","passed","2026-10-09","Transactions","Supalock Savings","",""
"","112","Transactions Deposit - Invalid Token Or PIN","Personal Banking APIs - QA Test Suite","2026-10-09","passed","2026-10-09","Transactions Deposit","Target Savings","",""
"","120","Login With Pin - Invalid Email","Personal Banking APIs - QA Test Suite","2026-10-09","passed","2026-10-09","Login With Pin","Login, Credentials, Security & Devices","",""
"","143","Cancel Schedule Payment - Missing Required Field","Personal Banking APIs - QA Test Suite","2026-10-09","passed","2026-10-09","Cancel Schedule Payment","Scheduled Payments","",""
"","137","Block - No Auth","Personal Banking APIs - QA Test Suite","2026-10-09","passed","2026-10-09","Block","Customer Cards","",""
"","118","Transactions Deposit - Empty Fields","Personal Banking APIs - QA Test Suite","2026-10-09","passed","2026-10-09","Transactions Deposit","SWAG Savings","",""
"","160","Redeem Coins - Valid","Personal Banking APIs - QA Test Suite","2026-10-09","failed","2026-10-09","Redeem Coins","Rewards, Cash Tokens & Wishlists","",""
"","132","Daily Income Summary - No Auth","Personal Banking APIs - QA Test Suite","2026-10-09","passed","2026-10-09","Daily Income Summary","Wallets, Transfers, Transactions & Fund Requests","",""
"","151","List - Invalid Query","Personal Banking APIs - QA Test Suite","2026-10-09","failed","2026-10-09","List","Kolo Connect Advances","",""
"","134","Wishlist Config - Invalid Query","Personal Banking APIs - QA Test Suite","2026-10-09","failed","2026-10-09","Wishlist Config","Rewards, Cash Tokens & Wishlists","",""
"","123","Reset Password - Empty Fields","Personal Banking APIs - QA Test Suite","2026-10-09","passed","2026-10-09","Reset Password","Login, Credentials, Security & Devices","",""
"","143","Reject Single Fund Request - No Auth","Personal Banking APIs - QA Test Suite","2026-10-09","passed","2026-10-09","Reject Single Fund Request","Wallets, Transfers, Transactions & Fund Requests","",""
"","138","Daily Income Summary - Invalid Query","Personal Banking APIs - QA Test Suite","2026-10-09","failed","2026-10-09","Daily Income Summary","Wallets, Transfers, Transactions & Fund Requests","",""
"","136","Update Single Transfer Limit - Empty Fields","Personal Banking APIs - QA Test Suite","2026-10-09","failed","2026-10-09","Update Single Transfer Limit","Customer Profile, Accounts & Beneficiaries","",""
"","178","Total Supalock Amount - Invalid Query","Personal Banking APIs - QA Test Suite","2026-10-09","failed","2026-10-09","Total Supalock Amount","Supalock Savings","",""
"","116","Get Item Edit - Missing Required Field","Personal Banking APIs - QA Test Suite","2026-10-09","failed","2026-10-09","Get Item Edit","Rewards, Cash Tokens & Wishlists","",""
"","137","Young Moni Documents Action Document - Empty Fields","Personal Banking APIs - QA Test Suite","2026-10-09","failed","2026-10-09","Young Moni Documents Action Document","KYC, Tier Upgrades & Young Moni","",""
"","129","Retrieve - No Auth","Personal Banking APIs - QA Test Suite","2026-10-09","passed","2026-10-09","Retrieve","Insurance","",""
"","127","Youngmoni Transfer - Invalid Status Or Type","Personal Banking APIs - QA Test Suite","2026-10-09","passed","2026-10-09","Youngmoni Transfer","Scheduled Payments","",""
"","125","Types - Nonexistent ID","Personal Banking APIs - QA Test Suite","2026-10-09","passed","2026-10-09","Types","Supalock Savings","",""
"","131","Reset Pin - Invalid Token Or PIN","Personal Banking APIs - QA Test Suite","2026-10-09","failed","2026-10-09","Reset Pin","Customer Cards","",""
"","129","Admin Coins Redemption Rules - Empty Fields","Personal Banking APIs - QA Test Suite","2026-10-09","failed","2026-10-09","Admin Coins Redemption Rules","Rewards, Cash Tokens & Wishlists","",""
"","138","Transactions Withdraw Principal - Empty Fields","Personal Banking APIs - QA Test Suite","2026-10-09","passed","2026-10-09","Transactions Withdraw Principal","SWAG Savings","",""
"","167","Terms - Valid","Personal Banking APIs - QA Test Suite","2026-10-09","failed","2026-10-09","Terms","Rewards, Cash Tokens & Wishlists","",""
"","146","Retrieve - Nonexistent ID","Personal Banking APIs - QA Test Suite","2026-10-09","passed","2026-10-09","Retrieve","Scheduled Payments","",""
"","125","Restrict Accounts By BVN - No Auth","Personal Banking APIs - QA Test Suite","2026-10-09","passed","2026-10-09","Restrict Accounts By BVN","Customer Profile, Accounts & Beneficiaries","",""
"","153","Transactions Create Wallet - Invalid Token Or PIN","Personal Banking APIs - QA Test Suite","2026-10-09","passed","2026-10-09","Transactions Create Wallet","Target Savings","",""
"","140","Request Account Reactivation - Invalid Status Or Type","Personal Banking APIs - QA Test Suite","2026-10-09","passed","2026-10-09","Request Account Reactivation","KYC, Tier Upgrades & Young Moni","",""
"","157","Transactions - Valid","Personal Banking APIs - QA Test Suite","2026-10-09","failed","2026-10-09","Transactions","Save & Spend","",""
"","151","Webhook Cashtoken Webhook - Valid","Personal Banking APIs - QA Test Suite","2026-10-09","failed","2026-10-09","Webhook Cashtoken Webhook","Rewards, Cash Tokens & Wishlists","",""
"","129","Admin Coins Rules - Invalid Status Or Type","Personal Banking APIs - QA Test Suite","2026-10-09","failed","2026-10-09","Admin Coins Rules","Rewards, Cash Tokens & Wishlists","",""
"","125","Approve Single Fund Request - Empty Fields","Personal Banking APIs - QA Test Suite","2026-10-09","failed","2026-10-09","Approve Single Fund Request","Wallets, Transfers, Transactions & Fund Requests","",""
"","155","Find Account Banks - Missing Required Field","Personal Banking APIs - QA Test Suite","2026-10-09","passed","2026-10-09","Find Account Banks","Customer Profile, Accounts & Beneficiaries","",""
"","134","Data - Invalid Status Or Type","Personal Banking APIs - QA Test Suite","2026-10-09","passed","2026-10-09","Data","Scheduled Payments","",""
"","120","Wallet - Nonexistent ID","Personal Banking APIs - QA Test Suite","2026-10-09","failed","2026-10-09","Wallet","Save & Spend","",""
"","122","Admin Games Rewards - Invalid ID","Personal Banking APIs - QA Test Suite","2026-10-09","failed","2026-10-09","Admin Games Rewards","Rewards, Cash Tokens & Wishlists","",""
"","209","Admin Coins Rules - No Auth","Personal Banking APIs - QA Test Suite","2026-10-09","passed","2026-10-09","Admin Coins Rules","Rewards, Cash Tokens & Wishlists","",""
"","140","Electricity - No Auth","Personal Banking APIs - QA Test Suite","2026-10-09","passed","2026-10-09","Electricity","Scheduled Payments","",""
"","138","Get Item - Valid","Personal Banking APIs - QA Test Suite","2026-10-09","failed","2026-10-09","Get Item","Rewards, Cash Tokens & Wishlists","",""
"","139","Create Insurance - Missing Required Field","Personal Banking APIs - QA Test Suite","2026-10-09","passed","2026-10-09","Create Insurance","Insurance","",""
"","113","Retrieve - No Auth","Personal Banking APIs - QA Test Suite","2026-10-09","passed","2026-10-09","Retrieve","Customer Cards","",""
"","166","Tier One Upgrade - Valid","Personal Banking APIs - QA Test Suite","2026-10-09","failed","2026-10-09","Tier One Upgrade","KYC, Tier Upgrades & Young Moni","",""
"","192","Requests - Invalid Query","Personal Banking APIs - QA Test Suite","2026-10-09","failed","2026-10-09","Requests","Customer Cards","",""
"","254","Admin Coins Transactions - No Auth","Personal Banking APIs - QA Test Suite","2026-10-09","passed","2026-10-09","Admin Coins Transactions","Rewards, Cash Tokens & Wishlists","",""
"","117","Retrieve - No Auth","Personal Banking APIs - QA Test Suite","2026-10-09","passed","2026-10-09","Retrieve","Wallets, Transfers, Transactions & Fund Requests","",""
"","180","Transactions - Valid","Personal Banking APIs - QA Test Suite","2026-10-09","passed","2026-10-09","Transactions","Target Savings","",""
"","151","Admin Admin Tier Two Upgrade - Empty Fields","Personal Banking APIs - QA Test Suite","2026-10-09","failed","2026-10-09","Admin Admin Tier Two Upgrade","KYC, Tier Upgrades & Young Moni","",""
"","158","Partial - Valid","Personal Banking APIs - QA Test Suite","2026-10-09","failed","2026-10-09","Partial","Airtime, Data, Bills & VAS Beneficiaries","",""
"","125","Approve Bulk Fund Request - Invalid Token Or PIN","Personal Banking APIs - QA Test Suite","2026-10-09","failed","2026-10-09","Approve Bulk Fund Request","Wallets, Transfers, Transactions & Fund Requests","",""
"","128","Wallet - No Auth","Personal Banking APIs - QA Test Suite","2026-10-09","passed","2026-10-09","Wallet","Save & Spend","",""
"","117","Account Officer - No Auth","Personal Banking APIs - QA Test Suite","2026-10-09","passed","2026-10-09","Account Officer","Customer Profile, Accounts & Beneficiaries","",""
"","142","List - No Auth","Personal Banking APIs - QA Test Suite","2026-10-09","passed","2026-10-09","List","Customer Cards","",""
"","121","Transactions Evaluate Target - Missing Required Field","Personal Banking APIs - QA Test Suite","2026-10-09","passed","2026-10-09","Transactions Evaluate Target","Target Savings","",""
"","126","Data - Missing Required Field","Personal Banking APIs - QA Test Suite","2026-10-09","passed","2026-10-09","Data","Scheduled Payments","",""
"","139","Pay Schedule Early - Missing Required Field","Personal Banking APIs - QA Test Suite","2026-10-09","passed","2026-10-09","Pay Schedule Early","Scheduled Payments","",""
"","114","Create Wishlist With Items - No Auth","Personal Banking APIs - QA Test Suite","2026-10-09","passed","2026-10-09","Create Wishlist With Items","Rewards, Cash Tokens & Wishlists","",""
"","178","Wallet Download Swag Statement - No Auth","Personal Banking APIs - QA Test Suite","2026-10-09","passed","2026-10-09","Wallet Download Swag Statement","SWAG Savings","",""
"","165","Retry Payment Schedule - No Auth","Personal Banking APIs - QA Test Suite","2026-10-09","passed","2026-10-09","Retry Payment Schedule","Scheduled Payments","",""
"","128","Verify Email Update - Missing Required Field","Personal Banking APIs - QA Test Suite","2026-10-09","passed","2026-10-09","Verify Email Update","KYC, Tier Upgrades & Young Moni","",""
"","168","Wishlist Config Edit - Nonexistent ID","Personal Banking APIs - QA Test Suite","2026-10-09","failed","2026-10-09","Wishlist Config Edit","Rewards, Cash Tokens & Wishlists","",""
"","125","Reject Single Fund Request - Missing Required Field","Personal Banking APIs - QA Test Suite","2026-10-09","failed","2026-10-09","Reject Single Fund Request","Wallets, Transfers, Transactions & Fund Requests","",""
"","129","Enable - Valid","Personal Banking APIs - QA Test Suite","2026-10-09","failed","2026-10-09","Enable","Wallets, Transfers, Transactions & Fund Requests","",""
"","375","Data Plans - Valid","Personal Banking APIs - QA Test Suite","2026-10-09","failed","2026-10-09","Data Plans","Airtime, Data, Bills & VAS Beneficiaries","",""
"","116","Transactions Update Spend Wallet - Empty Fields","Personal Banking APIs - QA Test Suite","2026-10-09","passed","2026-10-09","Transactions Update Spend Wallet","Save & Spend","",""
"","143","Admin Coins Rules - Valid","Personal Banking APIs - QA Test Suite","2026-10-09","failed","2026-10-09","Admin Coins Rules","Rewards, Cash Tokens & Wishlists","",""
"","118","Purchase Jamb - Empty Fields","Personal Banking APIs - QA Test Suite","2026-10-09","passed","2026-10-09","Purchase Jamb","Airtime, Data, Bills & VAS Beneficiaries","",""
"","133","Update Request Recipients - Valid","Personal Banking APIs - QA Test Suite","2026-10-09","failed","2026-10-09","Update Request Recipients","Wallets, Transfers, Transactions & Fund Requests","",""
"","125","Get Transaction Overview - Valid","Personal Banking APIs - QA Test Suite","2026-10-09","failed","2026-10-09","Get Transaction Overview","Wallets, Transfers, Transactions & Fund Requests","",""
"","142","Purchase Epin - Invalid Amount","Personal Banking APIs - QA Test Suite","2026-10-09","passed","2026-10-09","Purchase Epin","Airtime, Data, Bills & VAS Beneficiaries","",""
"","190","Update - Valid","Personal Banking APIs - QA Test Suite","2026-10-09","failed","2026-10-09","Update","Scheduled Payments","",""
"","127","Reject Bulk Fund Request - Empty Fields","Personal Banking APIs - QA Test Suite","2026-10-09","failed","2026-10-09","Reject Bulk Fund Request","Wallets, Transfers, Transactions & Fund Requests","",""
"","125","Get Betting Billers - Invalid Query","Personal Banking APIs - QA Test Suite","2026-10-09","failed","2026-10-09","Get Betting Billers","Airtime, Data, Bills & VAS Beneficiaries","",""
"","124","Winner - Invalid Query","Personal Banking APIs - QA Test Suite","2026-10-09","failed","2026-10-09","Winner","Rewards, Cash Tokens & Wishlists","",""
"","126","Retrieve - Invalid Query","Personal Banking APIs - QA Test Suite","2026-10-09","failed","2026-10-09","Retrieve","Wallets, Transfers, Transactions & Fund Requests","",""
"","129","List - Valid","Personal Banking APIs - QA Test Suite","2026-10-09","failed","2026-10-09","List","Wallets, Transfers, Transactions & Fund Requests","",""
"","159","Withdraw Supalock - Valid","Personal Banking APIs - QA Test Suite","2026-10-09","failed","2026-10-09","Withdraw Supalock","Supalock Savings","",""
"","127","Types - Invalid Status Or Type","Personal Banking APIs - QA Test Suite","2026-10-09","failed","2026-10-09","Types","Supalock Savings","",""
"","150","Inter Name Enquiry - Empty Fields","Personal Banking APIs - QA Test Suite","2026-10-09","passed","2026-10-09","Inter Name Enquiry","Wallets, Transfers, Transactions & Fund Requests","",""
"","170","Admin Devices Reactivate - Nonexistent ID","Personal Banking APIs - QA Test Suite","2026-10-09","failed","2026-10-09","Admin Devices Reactivate","Login, Credentials, Security & Devices","",""
"","138","Retrieve - Valid","Personal Banking APIs - QA Test Suite","2026-10-09","failed","2026-10-09","Retrieve","Wallets, Transfers, Transactions & Fund Requests","",""
"","120","Upload Bulk Fund Request - Valid","Personal Banking APIs - QA Test Suite","2026-10-09","failed","2026-10-09","Upload Bulk Fund Request","Wallets, Transfers, Transactions & Fund Requests","",""
"","207","Admin Games - No Auth","Personal Banking APIs - QA Test Suite","2026-10-09","passed","2026-10-09","Admin Games","Rewards, Cash Tokens & Wishlists","",""
"","276","Add Account Alias - Missing Required Field","Personal Banking APIs - QA Test Suite","2026-10-09","passed","2026-10-09","Add Account Alias","Customer Profile, Accounts & Beneficiaries","",""
"","124","Her Wealth Details - No Auth","Personal Banking APIs - QA Test Suite","2026-10-09","passed","2026-10-09","Her Wealth Details","Customer Profile, Accounts & Beneficiaries","",""
"","123","Purchase Data - Invalid Amount","Personal Banking APIs - QA Test Suite","2026-10-09","passed","2026-10-09","Purchase Data","Airtime, Data, Bills & VAS Beneficiaries","",""
"","179","Document Delete - Invalid ID","Personal Banking APIs - QA Test Suite","2026-10-09","failed","2026-10-09","Document Delete","KYC, Tier Upgrades & Young Moni","",""
"","115","Admin Update Documents - No Auth","Personal Banking APIs - QA Test Suite","2026-10-09","passed","2026-10-09","Admin Update Documents","KYC, Tier Upgrades & Young Moni","",""
"","168","Retrieve - Valid","Personal Banking APIs - QA Test Suite","2026-10-09","failed","2026-10-09","Retrieve","KYC, Tier Upgrades & Young Moni","",""
"","150","Update Tin - Valid","Personal Banking APIs - QA Test Suite","2026-10-09","passed","2026-10-09","Update Tin","Customer Profile, Accounts & Beneficiaries","",""
"","120","Transactions Break Target - Missing Required Field","Personal Banking APIs - QA Test Suite","2026-10-09","passed","2026-10-09","Transactions Break Target","Target Savings","",""
"","137","Get Electricity Billers - Valid","Personal Banking APIs - QA Test Suite","2026-10-09","failed","2026-10-09","Get Electricity Billers","Airtime, Data, Bills & VAS Beneficiaries","",""
"","130","Account Officer Change Request - Invalid ID","Personal Banking APIs - QA Test Suite","2026-10-09","passed","2026-10-09","Account Officer Change Request","Customer Profile, Accounts & Beneficiaries","",""
"","122","Wallet Download Target Statement - Missing Required Field","Personal Banking APIs - QA Test Suite","2026-10-09","failed","2026-10-09","Wallet Download Target Statement","Target Savings","",""
"","125","Young Moni Documents - Invalid ID","Personal Banking APIs - QA Test Suite","2026-10-09","failed","2026-10-09","Young Moni Documents","KYC, Tier Upgrades & Young Moni","",""
"","175","Admin Coins Redemption Rules - Valid","Personal Banking APIs - QA Test Suite","2026-10-09","failed","2026-10-09","Admin Coins Redemption Rules","Rewards, Cash Tokens & Wishlists","",""
"","187","Encrypt Login - Missing Required Field","Personal Banking APIs - QA Test Suite","2026-10-09","failed","2026-10-09","Encrypt Login","Login, Credentials, Security & Devices","",""
"","129","Wallet - Valid","Personal Banking APIs - QA Test Suite","2026-10-09","failed","2026-10-09","Wallet","Save & Spend","",""
"","126","Renew Insurance - Missing Required Field","Personal Banking APIs - QA Test Suite","2026-10-09","passed","2026-10-09","Renew Insurance","Insurance","",""
"","222","Register With Phone - Valid","Personal Banking APIs - QA Test Suite","2026-10-09","failed","2026-10-09","Register With Phone","Customer Onboarding","",""
"","128","Purchase Airtime - Missing Required Field","Personal Banking APIs - QA Test Suite","2026-10-09","passed","2026-10-09","Purchase Airtime","Airtime, Data, Bills & VAS Beneficiaries","",""
"","125","Transactions Update Swag Plan - Invalid Status Or Type","Personal Banking APIs - QA Test Suite","2026-10-09","passed","2026-10-09","Transactions Update Swag Plan","SWAG Savings","",""
"","135","Purchase Airtime - Empty Fields","Personal Banking APIs - QA Test Suite","2026-10-09","passed","2026-10-09","Purchase Airtime","Airtime, Data, Bills & VAS Beneficiaries","",""
"","130","Admin Coins Rules - Invalid Amount","Personal Banking APIs - QA Test Suite","2026-10-09","failed","2026-10-09","Admin Coins Rules","Rewards, Cash Tokens & Wishlists","",""
"","164","Admin Coins Redemption Rules - Nonexistent ID","Personal Banking APIs - QA Test Suite","2026-10-09","failed","2026-10-09","Admin Coins Redemption Rules","Rewards, Cash Tokens & Wishlists","",""
"","112","Transactions - No Auth","Personal Banking APIs - QA Test Suite","2026-10-09","passed","2026-10-09","Transactions","Target Savings","",""
"","138","Retrieve - Valid","Personal Banking APIs - QA Test Suite","2026-10-09","failed","2026-10-09","Retrieve","Customer Cards","",""
"","117","Total Young Moni Balance - No Auth","Personal Banking APIs - QA Test Suite","2026-10-09","passed","2026-10-09","Total Young Moni Balance","Customer Profile, Accounts & Beneficiaries","",""
"","127","Withdraw - Invalid ID","Personal Banking APIs - QA Test Suite","2026-10-09","passed","2026-10-09","Withdraw","Rewards, Cash Tokens & Wishlists","",""
"","123","Admin Coins Rules - Empty Fields","Personal Banking APIs - QA Test Suite","2026-10-09","failed","2026-10-09","Admin Coins Rules","Rewards, Cash Tokens & Wishlists","",""
"","142","Approve Single Fund Request - Valid","Personal Banking APIs - QA Test Suite","2026-10-09","failed","2026-10-09","Approve Single Fund Request","Wallets, Transfers, Transactions & Fund Requests","",""
"","265","Verify Device Changed - Missing Required Field","Personal Banking APIs - QA Test Suite","2026-10-09","passed","2026-10-09","Verify Device Changed","Login, Credentials, Security & Devices","",""
"","117","Inter Transfer - Invalid Amount","Personal Banking APIs - QA Test Suite","2026-10-09","passed","2026-10-09","Inter Transfer","Wallets, Transfers, Transactions & Fund Requests","",""
"","112","Retrieve - No Auth","Personal Banking APIs - QA Test Suite","2026-10-09","passed","2026-10-09","Retrieve","Wallets, Transfers, Transactions & Fund Requests","",""
"","127","Admin Games Rewards - Invalid ID","Personal Banking APIs - QA Test Suite","2026-10-09","failed","2026-10-09","Admin Games Rewards","Rewards, Cash Tokens & Wishlists","",""
"","157","Customer Submit - Valid","Personal Banking APIs - QA Test Suite","2026-10-09","failed","2026-10-09","Customer Submit","KYC, Tier Upgrades & Young Moni","",""
"","153","Young Moni Initiate Account Request - Empty Fields","Personal Banking APIs - QA Test Suite","2026-10-09","passed","2026-10-09","Young Moni Initiate Account Request","Customer Profile, Accounts & Beneficiaries","",""
"","124","Request Alias Phone Verification - Missing Required Field","Personal Banking APIs - QA Test Suite","2026-10-09","passed","2026-10-09","Request Alias Phone Verification","Customer Profile, Accounts & Beneficiaries","",""
"","133","Add Item - Invalid Amount","Personal Banking APIs - QA Test Suite","2026-10-09","failed","2026-10-09","Add Item","Rewards, Cash Tokens & Wishlists","",""
"","154","Block - Invalid Token Or PIN","Personal Banking APIs - QA Test Suite","2026-10-09","failed","2026-10-09","Block","Customer Cards","",""
"","115","Reset Pin - No Auth","Personal Banking APIs - QA Test Suite","2026-10-09","passed","2026-10-09","Reset Pin","Customer Cards","",""
"","122","Create Password - Valid","Personal Banking APIs - QA Test Suite","2026-10-09","failed","2026-10-09","Create Password","Login, Credentials, Security & Devices","",""
"","121","List - Invalid Query","Personal Banking APIs - QA Test Suite","2026-10-09","failed","2026-10-09","List","Scheduled Payments","",""
"","166","Upload Documents - Valid","Personal Banking APIs - QA Test Suite","2026-10-09","failed","2026-10-09","Upload Documents","KYC, Tier Upgrades & Young Moni","",""
"","142","Types Get Supa Lock Special Interest - Valid","Personal Banking APIs - QA Test Suite","2026-10-09","failed","2026-10-09","Types Get Supa Lock Special Interest","Supalock Savings","",""
"","137","Retrieve - Invalid Query","Personal Banking APIs - QA Test Suite","2026-10-09","failed","2026-10-09","Retrieve","Kolo Connect Advances","",""
"","163","Games Eligibility Requirements - Valid","Personal Banking APIs - QA Test Suite","2026-10-09","failed","2026-10-09","Games Eligibility Requirements","Rewards, Cash Tokens & Wishlists","",""
"","166","Activate - Nonexistent ID","Personal Banking APIs - QA Test Suite","2026-10-09","passed","2026-10-09","Activate","Customer Cards","",""
"","138","Validate Face Match - Empty Fields","Personal Banking APIs - QA Test Suite","2026-10-09","passed","2026-10-09","Validate Face Match","Login, Credentials, Security & Devices","",""
"","121","Wallet Total Balance - Valid","Personal Banking APIs - QA Test Suite","2026-10-09","failed","2026-10-09","Wallet Total Balance","Save & Spend","",""
"","143","Retrieve - Valid","Personal Banking APIs - QA Test Suite","2026-10-09","failed","2026-10-09","Retrieve","Airtime, Data, Bills & VAS Beneficiaries","",""
"","153","Admin Coins Rules - Nonexistent ID","Personal Banking APIs - QA Test Suite","2026-10-09","failed","2026-10-09","Admin Coins Rules","Rewards, Cash Tokens & Wishlists","",""
"","133","Update Credit Stage - No Auth","Personal Banking APIs - QA Test Suite","2026-10-09","passed","2026-10-09","Update Credit Stage","Wallets, Transfers, Transactions & Fund Requests","",""
"","131","Document Delete - Nonexistent ID","Personal Banking APIs - QA Test Suite","2026-10-09","failed","2026-10-09","Document Delete","KYC, Tier Upgrades & Young Moni","",""
"","147","List - Invalid Query","Personal Banking APIs - QA Test Suite","2026-10-09","failed","2026-10-09","List","Customer Cards","",""
"","125","Partial - Invalid ID","Personal Banking APIs - QA Test Suite","2026-10-09","failed","2026-10-09","Partial","Wallets, Transfers, Transactions & Fund Requests","",""
"","262","Admin Coins Transactions - Invalid Query","Personal Banking APIs - QA Test Suite","2026-10-09","failed","2026-10-09","Admin Coins Transactions","Rewards, Cash Tokens & Wishlists","",""
"","123","Admin Coins Rules - Empty Fields","Personal Banking APIs - QA Test Suite","2026-10-09","failed","2026-10-09","Admin Coins Rules","Rewards, Cash Tokens & Wishlists","",""
"","151","Providers - No Auth","Personal Banking APIs - QA Test Suite","2026-10-09","passed","2026-10-09","Providers","Insurance","",""
"","129","Block - Invalid ID","Personal Banking APIs - QA Test Suite","2026-10-09","passed","2026-10-09","Block","Customer Cards","",""
"","151","Transaction - Valid","Personal Banking APIs - QA Test Suite","2026-10-09","failed","2026-10-09","Transaction","Airtime, Data, Bills & VAS Beneficiaries","",""
"","202","Fee Settings - Valid","Personal Banking APIs - QA Test Suite","2026-10-09","passed","2026-10-09","Fee Settings","Customer Cards","",""
"","129","Withdraw - Missing Required Field","Personal Banking APIs - QA Test Suite","2026-10-09","failed","2026-10-09","Withdraw","Rewards, Cash Tokens & Wishlists","",""
"","164","Kyc Level Distribution - Valid","Personal Banking APIs - QA Test Suite","2026-10-09","failed","2026-10-09","Kyc Level Distribution","Customer Profile, Accounts & Beneficiaries","",""
"","133","Admin Games Rewards - Valid","Personal Banking APIs - QA Test Suite","2026-10-09","failed","2026-10-09","Admin Games Rewards","Rewards, Cash Tokens & Wishlists","",""
"","118","Initiate Reset Login Pin - Invalid Query","Personal Banking APIs - QA Test Suite","2026-10-09","failed","2026-10-09","Initiate Reset Login Pin","Login, Credentials, Security & Devices","",""
"","123","Verify Email Update - No Auth","Personal Banking APIs - QA Test Suite","2026-10-09","passed","2026-10-09","Verify Email Update","KYC, Tier Upgrades & Young Moni","",""
"","290","Admin Games - Invalid ID","Personal Banking APIs - QA Test Suite","2026-10-09","failed","2026-10-09","Admin Games","Rewards, Cash Tokens & Wishlists","",""
"","120","Verify Phone Number - Invalid Token Or PIN","Personal Banking APIs - QA Test Suite","2026-10-09","failed","2026-10-09","Verify Phone Number","Login, Credentials, Security & Devices","",""
"","222","Verify Reset Token - Invalid Token Or PIN","Personal Banking APIs - QA Test Suite","2026-10-09","failed","2026-10-09","Verify Reset Token","Login, Credentials, Security & Devices","",""
"","178","Transactions - Invalid Query","Personal Banking APIs - QA Test Suite","2026-10-09","failed","2026-10-09","Transactions","SWAG Savings","",""
"","128","Games - No Auth","Personal Banking APIs - QA Test Suite","2026-10-09","passed","2026-10-09","Games","Rewards, Cash Tokens & Wishlists","",""
"","121","Get Item - Invalid ID","Personal Banking APIs - QA Test Suite","2026-10-09","passed","2026-10-09","Get Item","Rewards, Cash Tokens & Wishlists","",""
"","264","Admin Games Sessions - Invalid ID","Personal Banking APIs - QA Test Suite","2026-10-09","failed","2026-10-09","Admin Games Sessions","Rewards, Cash Tokens & Wishlists","",""
"","114","Youngmoni Transfer - No Auth","Personal Banking APIs - QA Test Suite","2026-10-09","passed","2026-10-09","Youngmoni Transfer","Scheduled Payments","",""
"","143","Jamb Lookup - Invalid Query","Personal Banking APIs - QA Test Suite","2026-10-09","failed","2026-10-09","Jamb Lookup","Airtime, Data, Bills & VAS Beneficiaries","",""
"","131","Channel Settings - Invalid Token Or PIN","Personal Banking APIs - QA Test Suite","2026-10-09","failed","2026-10-09","Channel Settings","Customer Cards","",""
"","124","Airtime - Missing Required Field","Personal Banking APIs - QA Test Suite","2026-10-09","passed","2026-10-09","Airtime","Scheduled Payments","",""
"","163","Retrieve - Invalid Query","Personal Banking APIs - QA Test Suite","2026-10-09","failed","2026-10-09","Retrieve","KYC, Tier Upgrades & Young Moni","",""
"","113","Terms - No Auth","Personal Banking APIs - QA Test Suite","2026-10-09","passed","2026-10-09","Terms","Rewards, Cash Tokens & Wishlists","",""
"","151","Payment Merchant - Valid","Personal Banking APIs - QA Test Suite","2026-10-09","failed","2026-10-09","Payment Merchant","Customer Cards","",""
"","126","Retrieve - Invalid ID","Personal Banking APIs - QA Test Suite","2026-10-09","failed","2026-10-09","Retrieve","Wallets, Transfers, Transactions & Fund Requests","",""
"","120","Fund Betting Wallet - No Auth","Personal Banking APIs - QA Test Suite","2026-10-09","failed","2026-10-09","Fund Betting Wallet","Airtime, Data, Bills & VAS Beneficiaries","",""
"","129","Enabled Setting - Invalid Query","Personal Banking APIs - QA Test Suite","2026-10-09","failed","2026-10-09","Enabled Setting","Wallets, Transfers, Transactions & Fund Requests","",""
"","144","Retrieve - Invalid Query","Personal Banking APIs - QA Test Suite","2026-10-09","failed","2026-10-09","Retrieve","Airtime, Data, Bills & VAS Beneficiaries","",""
"","128","Webhook Cashtoken Webhook - Missing Required Field","Personal Banking APIs - QA Test Suite","2026-10-09","failed","2026-10-09","Webhook Cashtoken Webhook","Rewards, Cash Tokens & Wishlists","",""
"","191","List - Invalid Query","Personal Banking APIs - QA Test Suite","2026-10-09","failed","2026-10-09","List","Customer Profile, Accounts & Beneficiaries","",""
"","157","Account Officer Change Request - Nonexistent ID","Personal Banking APIs - QA Test Suite","2026-10-09","passed","2026-10-09","Account Officer Change Request","Customer Profile, Accounts & Beneficiaries","",""
"","130","Export Fund Recipients - Missing Required Field","Personal Banking APIs - QA Test Suite","2026-10-09","failed","2026-10-09","Export Fund Recipients","Wallets, Transfers, Transactions & Fund Requests","",""
"","208","Admin - No Auth","Personal Banking APIs - QA Test Suite","2026-10-09","passed","2026-10-09","Admin","KYC, Tier Upgrades & Young Moni","",""
"","116","Transactions Create Wallet - Empty Fields","Personal Banking APIs - QA Test Suite","2026-10-09","passed","2026-10-09","Transactions Create Wallet","Save & Spend","",""
"","143","Admin Admin Tier Zero Upgrade - Invalid Status Or Type","Personal Banking APIs - QA Test Suite","2026-10-09","failed","2026-10-09","Admin Admin Tier Zero Upgrade","KYC, Tier Upgrades & Young Moni","",""
"","114","Games Check Eligibility - No Auth","Personal Banking APIs - QA Test Suite","2026-10-09","passed","2026-10-09","Games Check Eligibility","Rewards, Cash Tokens & Wishlists","",""
"","144","Reject Bulk Fund Request - No Auth","Personal Banking APIs - QA Test Suite","2026-10-09","passed","2026-10-09","Reject Bulk Fund Request","Wallets, Transfers, Transactions & Fund Requests","",""
"","265","Admin List Documents - No Auth","Personal Banking APIs - QA Test Suite","2026-10-09","passed","2026-10-09","Admin List Documents","KYC, Tier Upgrades & Young Moni","",""
"","126","Admin Admin Submit - Missing Required Field","Personal Banking APIs - QA Test Suite","2026-10-09","failed","2026-10-09","Admin Admin Submit","KYC, Tier Upgrades & Young Moni","",""
"","116","Upload Documents - No Auth","Personal Banking APIs - QA Test Suite","2026-10-09","passed","2026-10-09","Upload Documents","KYC, Tier Upgrades & Young Moni","",""
"","146","Document Delete - Missing Required Field","Personal Banking APIs - QA Test Suite","2026-10-09","failed","2026-10-09","Document Delete","KYC, Tier Upgrades & Young Moni","",""
"","128","Reset Password - Invalid Email","Personal Banking APIs - QA Test Suite","2026-10-09","passed","2026-10-09","Reset Password","Login, Credentials, Security & Devices","",""
"","181","Young Moni Upload Child Documents - Valid","Personal Banking APIs - QA Test Suite","2026-10-09","failed","2026-10-09","Young Moni Upload Child Documents","Customer Profile, Accounts & Beneficiaries","",""
"","124","Retrieve - Invalid Query","Personal Banking APIs - QA Test Suite","2026-10-09","failed","2026-10-09","Retrieve","Supalock Savings","",""
"","145","Approve Single Bulk Recipient - Empty Fields","Personal Banking APIs - QA Test Suite","2026-10-09","failed","2026-10-09","Approve Single Bulk Recipient","Wallets, Transfers, Transactions & Fund Requests","",""
"","119","Young Moni Validate Details - Valid","Personal Banking APIs - QA Test Suite","2026-10-09","failed","2026-10-09","Young Moni Validate Details","Customer Profile, Accounts & Beneficiaries","",""
"","146","Repay - Invalid Amount","Personal Banking APIs - QA Test Suite","2026-10-09","failed","2026-10-09","Repay","Kolo Connect Advances","",""
"","127","Intra Name Enquiry - Missing Required Field","Personal Banking APIs - QA Test Suite","2026-10-09","passed","2026-10-09","Intra Name Enquiry","Wallets, Transfers, Transactions & Fund Requests","",""
"","141","Fund Betting Wallet - Invalid Status Or Type","Personal Banking APIs - QA Test Suite","2026-10-09","passed","2026-10-09","Fund Betting Wallet","Airtime, Data, Bills & VAS Beneficiaries","",""
"","118","Transactions Withdraw Principal - No Auth","Personal Banking APIs - QA Test Suite","2026-10-09","failed","2026-10-09","Transactions Withdraw Principal","SWAG Savings","",""
"","140","Verify Device Changed - No Auth","Personal Banking APIs - QA Test Suite","2026-10-09","failed","2026-10-09","Verify Device Changed","Login, Credentials, Security & Devices","",""
"","182","Get Betting Billers - Valid","Personal Banking APIs - QA Test Suite","2026-10-09","passed","2026-10-09","Get Betting Billers","Airtime, Data, Bills & VAS Beneficiaries","",""
"","149","Create - Valid","Personal Banking APIs - QA Test Suite","2026-10-09","passed","2026-10-09","Create","Airtime, Data, Bills & VAS Beneficiaries","",""
"","122","Retrieve - Nonexistent ID","Personal Banking APIs - QA Test Suite","2026-10-09","passed","2026-10-09","Retrieve","Airtime, Data, Bills & VAS Beneficiaries","",""
"","266","Admin - Valid","Personal Banking APIs - QA Test Suite","2026-10-09","failed","2026-10-09","Admin","KYC, Tier Upgrades & Young Moni","",""
"","117","Verify Phone Number - Missing Required Field","Personal Banking APIs - QA Test Suite","2026-10-09","failed","2026-10-09","Verify Phone Number","Login, Credentials, Security & Devices","",""
"","226","Transactions Update Swag Plan - Invalid Token Or PIN","Personal Banking APIs - QA Test Suite","2026-10-09","passed","2026-10-09","Transactions Update Swag Plan","SWAG Savings","",""
"","132","Topup Supalock - Invalid Amount","Personal Banking APIs - QA Test Suite","2026-10-09","failed","2026-10-09","Topup Supalock","Supalock Savings","",""
"","136","Withdraw Cashback - Missing Required Field","Personal Banking APIs - QA Test Suite","2026-10-09","failed","2026-10-09","Withdraw Cashback","Wallets, Transfers, Transactions & Fund Requests","",""
"","117","Transactions Deposit - Valid","Personal Banking APIs - QA Test Suite","2026-10-09","failed","2026-10-09","Transactions Deposit","Target Savings","",""
"","119","Overview - No Auth","Personal Banking APIs - QA Test Suite","2026-10-09","passed","2026-10-09","Overview","Customer Profile, Accounts & Beneficiaries","",""
"","166","Create Her Wealth - Valid","Personal Banking APIs - QA Test Suite","2026-10-09","failed","2026-10-09","Create Her Wealth","Customer Profile, Accounts & Beneficiaries","",""
"","130","Inflow Outflow Analytics - No Auth","Personal Banking APIs - QA Test Suite","2026-10-09","passed","2026-10-09","Inflow Outflow Analytics","Wallets, Transfers, Transactions & Fund Requests","",""
"","131","Profile - Invalid Query","Personal Banking APIs - QA Test Suite","2026-10-09","failed","2026-10-09","Profile","Customer Profile, Accounts & Beneficiaries","",""
"","118","Reward With Airtime - Invalid Amount","Personal Banking APIs - QA Test Suite","2026-10-09","failed","2026-10-09","Reward With Airtime","Rewards, Cash Tokens & Wishlists","",""
"","147","Wallet Download Swag Statement - Empty Fields","Personal Banking APIs - QA Test Suite","2026-10-09","failed","2026-10-09","Wallet Download Swag Statement","SWAG Savings","",""
"","131","Admin Games Rewards - Valid","Personal Banking APIs - QA Test Suite","2026-10-09","failed","2026-10-09","Admin Games Rewards","Rewards, Cash Tokens & Wishlists","",""
"","120","Admin Coins Redemption Rules - Empty Fields","Personal Banking APIs - QA Test Suite","2026-10-09","failed","2026-10-09","Admin Coins Redemption Rules","Rewards, Cash Tokens & Wishlists","",""
"","126","Redeem Insurance - Empty Fields","Personal Banking APIs - QA Test Suite","2026-10-09","passed","2026-10-09","Redeem Insurance","Insurance","",""
"","122","Admin Coins Rules - Invalid Status Or Type","Personal Banking APIs - QA Test Suite","2026-10-09","failed","2026-10-09","Admin Coins Rules","Rewards, Cash Tokens & Wishlists","",""
"","115","Transactions Break Wallet - Empty Fields","Personal Banking APIs - QA Test Suite","2026-10-09","passed","2026-10-09","Transactions Break Wallet","Save & Spend","",""
"","129","Transaction - Nonexistent ID","Personal Banking APIs - QA Test Suite","2026-10-09","failed","2026-10-09","Transaction","Airtime, Data, Bills & VAS Beneficiaries","",""
"","165","Withdraw Supalock - Invalid ID","Personal Banking APIs - QA Test Suite","2026-10-09","failed","2026-10-09","Withdraw Supalock","Supalock Savings","",""
"","130","Activate - Missing Required Field","Personal Banking APIs - QA Test Suite","2026-10-09","failed","2026-10-09","Activate","Customer Cards","",""
"","127","Create Wishlist With Items - Invalid Amount","Personal Banking APIs - QA Test Suite","2026-10-09","passed","2026-10-09","Create Wishlist With Items","Rewards, Cash Tokens & Wishlists","",""
"","117","Intra Transfer - Missing Required Field","Personal Banking APIs - QA Test Suite","2026-10-09","passed","2026-10-09","Intra Transfer","Wallets, Transfers, Transactions & Fund Requests","",""
"","124","Inter Name Enquiry - Missing Required Field","Personal Banking APIs - QA Test Suite","2026-10-09","passed","2026-10-09","Inter Name Enquiry","Wallets, Transfers, Transactions & Fund Requests","",""
"","258","Admin Coins Redemption Rules - Nonexistent ID","Personal Banking APIs - QA Test Suite","2026-10-09","failed","2026-10-09","Admin Coins Redemption Rules","Rewards, Cash Tokens & Wishlists","",""
"","123","Validate Smart Card - Empty Fields","Personal Banking APIs - QA Test Suite","2026-10-09","failed","2026-10-09","Validate Smart Card","Airtime, Data, Bills & VAS Beneficiaries","",""
"","188","Item - Valid","Personal Banking APIs - QA Test Suite","2026-10-09","failed","2026-10-09","Item","Rewards, Cash Tokens & Wishlists","",""
"","133","Get Item - Nonexistent ID","Personal Banking APIs - QA Test Suite","2026-10-09","passed","2026-10-09","Get Item","Rewards, Cash Tokens & Wishlists","",""
"","143","Borrow - Invalid Status Or Type","Personal Banking APIs - QA Test Suite","2026-10-09","failed","2026-10-09","Borrow","Kolo Connect Advances","",""
"","115","Create - No Auth","Personal Banking APIs - QA Test Suite","2026-10-09","passed","2026-10-09","Create","Airtime, Data, Bills & VAS Beneficiaries","",""
"","147","Wallet - Valid","Personal Banking APIs - QA Test Suite","2026-10-09","failed","2026-10-09","Wallet","SWAG Savings","",""
"","117","Purchase Jamb - Invalid Status Or Type","Personal Banking APIs - QA Test Suite","2026-10-09","passed","2026-10-09","Purchase Jamb","Airtime, Data, Bills & VAS Beneficiaries","",""
"","144","Verify Device Changed - Invalid Token Or PIN","Personal Banking APIs - QA Test Suite","2026-10-09","passed","2026-10-09","Verify Device Changed","Login, Credentials, Security & Devices","",""
"","180","Reward With Cashback - Valid","Personal Banking APIs - QA Test Suite","2026-10-09","failed","2026-10-09","Reward With Cashback","Rewards, Cash Tokens & Wishlists","",""
"","162","Transactions - Invalid Query","Personal Banking APIs - QA Test Suite","2026-10-09","failed","2026-10-09","Transactions","Save & Spend","",""
"","122","Wallet - Nonexistent ID","Personal Banking APIs - QA Test Suite","2026-10-09","failed","2026-10-09","Wallet","Target Savings","",""
"","117","Get Suggestions - No Auth","Personal Banking APIs - QA Test Suite","2026-10-09","passed","2026-10-09","Get Suggestions","Customer Profile, Accounts & Beneficiaries","",""
"","158","Electricity - Valid","Personal Banking APIs - QA Test Suite","2026-10-09","failed","2026-10-09","Electricity","Scheduled Payments","",""
"","125","Admin Coins Rules - No Auth","Personal Banking APIs - QA Test Suite","2026-10-09","passed","2026-10-09","Admin Coins Rules","Rewards, Cash Tokens & Wishlists","",""
"","239","Admin Coins Rules - Invalid Query","Personal Banking APIs - QA Test Suite","2026-10-09","failed","2026-10-09","Admin Coins Rules","Rewards, Cash Tokens & Wishlists","",""
"","173","Dismiss Action - Invalid ID","Personal Banking APIs - QA Test Suite","2026-10-09","passed","2026-10-09","Dismiss Action","KYC, Tier Upgrades & Young Moni","",""
"","116","Single Fund Request - No Auth","Personal Banking APIs - QA Test Suite","2026-10-09","failed","2026-10-09","Single Fund Request","Wallets, Transfers, Transactions & Fund Requests","",""
"","131","Admin Admin Submit - Empty Fields","Personal Banking APIs - QA Test Suite","2026-10-09","failed","2026-10-09","Admin Admin Submit","KYC, Tier Upgrades & Young Moni","",""
"","163","Create Login Pin - Missing Required Field","Personal Banking APIs - QA Test Suite","2026-10-09","failed","2026-10-09","Create Login Pin","Login, Credentials, Security & Devices","",""
"","1042","List - Valid","Personal Banking APIs - QA Test Suite","2026-10-09","failed","2026-10-09","List","Airtime, Data, Bills & VAS Beneficiaries","",""
"","135","Verify Alias Phone Number - Empty Fields","Personal Banking APIs - QA Test Suite","2026-10-09","passed","2026-10-09","Verify Alias Phone Number","Customer Profile, Accounts & Beneficiaries","",""
"","230","Retrieve - Valid","Personal Banking APIs - QA Test Suite","2026-10-09","failed","2026-10-09","Retrieve","Rewards, Cash Tokens & Wishlists","",""
"","147","Check Email / Phone Availability - Empty Fields","Personal Banking APIs - QA Test Suite","2026-10-09","failed","2026-10-09","Check Email / Phone Availability","Customer Onboarding","",""
"","208","Tier Two Upgrade - Valid","Personal Banking APIs - QA Test Suite","2026-10-09","failed","2026-10-09","Tier Two Upgrade","KYC, Tier Upgrades & Young Moni","",""
"","155","Transactions - Valid","Personal Banking APIs - QA Test Suite","2026-10-09","failed","2026-10-09","Transactions","Target Savings","",""
"","129","Validate Betting Id - Missing Required Field","Personal Banking APIs - QA Test Suite","2026-10-09","passed","2026-10-09","Validate Betting Id","Airtime, Data, Bills & VAS Beneficiaries","",""
"","127","List - Invalid Query","Personal Banking APIs - QA Test Suite","2026-10-09","failed","2026-10-09","List","Wallets, Transfers, Transactions & Fund Requests","",""
"","143","Tier Progress - Invalid Query","Personal Banking APIs - QA Test Suite","2026-10-09","passed","2026-10-09","Tier Progress","Rewards, Cash Tokens & Wishlists","",""
"","117","Transactions Update Spend Wallet - Invalid ID","Personal Banking APIs - QA Test Suite","2026-10-09","passed","2026-10-09","Transactions Update Spend Wallet","Save & Spend","",""
"","137","Disable - Invalid ID","Personal Banking APIs - QA Test Suite","2026-10-09","failed","2026-10-09","Disable","Wallets, Transfers, Transactions & Fund Requests","",""
"","188","Document Update Status - Missing Required Field","Personal Banking APIs - QA Test Suite","2026-10-09","failed","2026-10-09","Document Update Status","KYC, Tier Upgrades & Young Moni","",""
"","133","Verify Device Changed - Empty Fields","Personal Banking APIs - QA Test Suite","2026-10-09","passed","2026-10-09","Verify Device Changed","Login, Credentials, Security & Devices","",""
"","594","Fetch Balance - Valid","Personal Banking APIs - QA Test Suite","2026-10-09","passed","2026-10-09","Fetch Balance","Customer Profile, Accounts & Beneficiaries","",""
"","151","Partial - Valid","Personal Banking APIs - QA Test Suite","2026-10-09","passed","2026-10-09","Partial","Airtime, Data, Bills & VAS Beneficiaries","",""
"","113","Transactions Evaluate Target - No Auth","Personal Banking APIs - QA Test Suite","2026-10-09","passed","2026-10-09","Transactions Evaluate Target","Target Savings","",""
"","155","Redeem Insurance - Invalid Amount","Personal Banking APIs - QA Test Suite","2026-10-09","passed","2026-10-09","Redeem Insurance","Insurance","",""
"","152","Channel Settings - Valid","Personal Banking APIs - QA Test Suite","2026-10-09","failed","2026-10-09","Channel Settings","Customer Cards","",""
"","146","Update Tin - Empty Fields","Personal Banking APIs - QA Test Suite","2026-10-09","passed","2026-10-09","Update Tin","Customer Profile, Accounts & Beneficiaries","",""
"","141","Deals Active - No Auth","Personal Banking APIs - QA Test Suite","2026-10-09","passed","2026-10-09","Deals Active","Rewards, Cash Tokens & Wishlists","",""
"","156","Webhook Cashtoken Webhook - Invalid Amount","Personal Banking APIs - QA Test Suite","2026-10-09","failed","2026-10-09","Webhook Cashtoken Webhook","Rewards, Cash Tokens & Wishlists","",""
"","160","Wallet Total Balance - Invalid Query","Personal Banking APIs - QA Test Suite","2026-10-09","failed","2026-10-09","Wallet Total Balance","Save & Spend","",""
"","144","Providers - Invalid Query","Personal Banking APIs - QA Test Suite","2026-10-09","failed","2026-10-09","Providers","Insurance","",""
"","148","Unblock - Invalid Token Or PIN","Personal Banking APIs - QA Test Suite","2026-10-09","failed","2026-10-09","Unblock","Customer Cards","",""
"","122","Create Supalock - Missing Required Field","Personal Banking APIs - QA Test Suite","2026-10-09","failed","2026-10-09","Create Supalock","Supalock Savings","",""
"","132","Initiate Reset Card Pin - Invalid Query","Personal Banking APIs - QA Test Suite","2026-10-09","failed","2026-10-09","Initiate Reset Card Pin","Customer Cards","",""
"","240","Transfers Left - Valid","Personal Banking APIs - QA Test Suite","2026-10-09","passed","2026-10-09","Transfers Left","Wallets, Transfers, Transactions & Fund Requests","",""
"","228","Terms - Valid","Personal Banking APIs - QA Test Suite","2026-10-09","passed","2026-10-09","Terms","Rewards, Cash Tokens & Wishlists","",""
"","146","Channel Settings - Nonexistent ID","Personal Banking APIs - QA Test Suite","2026-10-09","passed","2026-10-09","Channel Settings","Customer Cards","",""
"","121","Purchase Jamb - Invalid Token Or PIN","Personal Banking APIs - QA Test Suite","2026-10-09","passed","2026-10-09","Purchase Jamb","Airtime, Data, Bills & VAS Beneficiaries","",""
"","142","Admin Coins Rules - Valid","Personal Banking APIs - QA Test Suite","2026-10-09","failed","2026-10-09","Admin Coins Rules","Rewards, Cash Tokens & Wishlists","",""
"","178","Reset Login Pin - Valid","Personal Banking APIs - QA Test Suite","2026-10-09","failed","2026-10-09","Reset Login Pin","Login, Credentials, Security & Devices","",""
"","164","Transactions Update Swag Monthly Rollover - Valid","Personal Banking APIs - QA Test Suite","2026-10-09","failed","2026-10-09","Transactions Update Swag Monthly Rollover","SWAG Savings","",""
"","115","Requests - No Auth","Personal Banking APIs - QA Test Suite","2026-10-09","passed","2026-10-09","Requests","Customer Cards","",""
"","136","Retrieve - Nonexistent ID","Personal Banking APIs - QA Test Suite","2026-10-09","failed","2026-10-09","Retrieve","Wallets, Transfers, Transactions & Fund Requests","",""
"","119","Initiate Reset Transaction Pin - Invalid Query","Personal Banking APIs - QA Test Suite","2026-10-09","failed","2026-10-09","Initiate Reset Transaction Pin","Login, Credentials, Security & Devices","",""
"","116","Initiate Liveness Setup - No Auth","Personal Banking APIs - QA Test Suite","2026-10-09","passed","2026-10-09","Initiate Liveness Setup","Login, Credentials, Security & Devices","",""
"","141","Admin Upload Documents - No Auth","Personal Banking APIs - QA Test Suite","2026-10-09","passed","2026-10-09","Admin Upload Documents","KYC, Tier Upgrades & Young Moni","",""
"","117","Update Documents - No Auth","Personal Banking APIs - QA Test Suite","2026-10-09","passed","2026-10-09","Update Documents","KYC, Tier Upgrades & Young Moni","",""
"","170","Retrieve - Valid","Personal Banking APIs - QA Test Suite","2026-10-09","failed","2026-10-09","Retrieve","Customer Profile, Accounts & Beneficiaries","",""
"","162","Admin Update Documents - Missing Required Field","Personal Banking APIs - QA Test Suite","2026-10-09","passed","2026-10-09","Admin Update Documents","KYC, Tier Upgrades & Young Moni","",""
"","139","Create Sub Account - Valid","Personal Banking APIs - QA Test Suite","2026-10-09","failed","2026-10-09","Create Sub Account","Customer Profile, Accounts & Beneficiaries","",""
"","124","Perform Action - Nonexistent ID","Personal Banking APIs - QA Test Suite","2026-10-09","failed","2026-10-09","Perform Action","Rewards, Cash Tokens & Wishlists","",""
"","149","Notify Of Missed Inward - Empty Fields","Personal Banking APIs - QA Test Suite","2026-10-09","failed","2026-10-09","Notify Of Missed Inward","Wallets, Transfers, Transactions & Fund Requests","",""
"","123","Create - No Auth","Personal Banking APIs - QA Test Suite","2026-10-09","passed","2026-10-09","Create","Airtime, Data, Bills & VAS Beneficiaries","",""
"","137","Validate Smart Card - Invalid Status Or Type","Personal Banking APIs - QA Test Suite","2026-10-09","failed","2026-10-09","Validate Smart Card","Airtime, Data, Bills & VAS Beneficiaries","",""
"","130","Validate Meter - Missing Required Field","Personal Banking APIs - QA Test Suite","2026-10-09","failed","2026-10-09","Validate Meter","Airtime, Data, Bills & VAS Beneficiaries","",""
"","116","List - No Auth","Personal Banking APIs - QA Test Suite","2026-10-09","passed","2026-10-09","List","Airtime, Data, Bills & VAS Beneficiaries","",""
"","275","Admin Coins Transactions - Valid","Personal Banking APIs - QA Test Suite","2026-10-09","failed","2026-10-09","Admin Coins Transactions","Rewards, Cash Tokens & Wishlists","",""
"","123","Games Spin Wheel - Invalid Query","Personal Banking APIs - QA Test Suite","2026-10-09","passed","2026-10-09","Games Spin Wheel","Rewards, Cash Tokens & Wishlists","",""
"","140","Dismiss Action - Valid","Personal Banking APIs - QA Test Suite","2026-10-09","failed","2026-10-09","Dismiss Action","KYC, Tier Upgrades & Young Moni","",""
"","126","Get Item Edit - Invalid Amount","Personal Banking APIs - QA Test Suite","2026-10-09","failed","2026-10-09","Get Item Edit","Rewards, Cash Tokens & Wishlists","",""
"","134","Admin Coins Redemption Rules - Invalid Status Or Type","Personal Banking APIs - QA Test Suite","2026-10-09","failed","2026-10-09","Admin Coins Redemption Rules","Rewards, Cash Tokens & Wishlists","",""
"","147","Data - Empty Fields","Personal Banking APIs - QA Test Suite","2026-10-09","passed","2026-10-09","Data","Scheduled Payments","",""
"","138","Transactions Deposit - Invalid Amount","Personal Banking APIs - QA Test Suite","2026-10-09","passed","2026-10-09","Transactions Deposit","SWAG Savings","",""
"","138","Create Password - Missing Required Field","Personal Banking APIs - QA Test Suite","2026-10-09","passed","2026-10-09","Create Password","Login, Credentials, Security & Devices","",""
"","216","Admin Coins Redemption Rules - Invalid Query","Personal Banking APIs - QA Test Suite","2026-10-09","failed","2026-10-09","Admin Coins Redemption Rules","Rewards, Cash Tokens & Wishlists","",""
"","113","Cancel Schedule Payment - No Auth","Personal Banking APIs - QA Test Suite","2026-10-09","passed","2026-10-09","Cancel Schedule Payment","Scheduled Payments","",""
"","392","Fetch Balance - Nonexistent ID","Personal Banking APIs - QA Test Suite","2026-10-09","passed","2026-10-09","Fetch Balance","Customer Profile, Accounts & Beneficiaries","",""
"","134","Reject Single Bulk Recipient - Missing Required Field","Personal Banking APIs - QA Test Suite","2026-10-09","failed","2026-10-09","Reject Single Bulk Recipient","Wallets, Transfers, Transactions & Fund Requests","",""
"","150","Initiate Email Update - Valid","Personal Banking APIs - QA Test Suite","2026-10-09","failed","2026-10-09","Initiate Email Update","KYC, Tier Upgrades & Young Moni","",""
"","125","Admin Games Rewards - Nonexistent ID","Personal Banking APIs - QA Test Suite","2026-10-09","failed","2026-10-09","Admin Games Rewards","Rewards, Cash Tokens & Wishlists","",""
"","270","Admin Coins Rules Stats - Valid","Personal Banking APIs - QA Test Suite","2026-10-09","failed","2026-10-09","Admin Coins Rules Stats","Rewards, Cash Tokens & Wishlists","",""
"","138","Proposed Contributor - Invalid Amount","Personal Banking APIs - QA Test Suite","2026-10-09","passed","2026-10-09","Proposed Contributor","Rewards, Cash Tokens & Wishlists","",""
"","122","Young Moni Requests - Nonexistent ID","Personal Banking APIs - QA Test Suite","2026-10-09","failed","2026-10-09","Young Moni Requests","KYC, Tier Upgrades & Young Moni","",""
"","133","Update Tin - Missing Required Field","Personal Banking APIs - QA Test Suite","2026-10-09","passed","2026-10-09","Update Tin","Customer Profile, Accounts & Beneficiaries","",""
"","123","Admin Coins Rules - Empty Fields","Personal Banking APIs - QA Test Suite","2026-10-09","failed","2026-10-09","Admin Coins Rules","Rewards, Cash Tokens & Wishlists","",""
"","139","Types Get Supa Lock Special Interest - Nonexistent ID","Personal Banking APIs - QA Test Suite","2026-10-09","failed","2026-10-09","Types Get Supa Lock Special Interest","Supalock Savings","",""
"","115","Update - No Auth","Personal Banking APIs - QA Test Suite","2026-10-09","passed","2026-10-09","Update","Scheduled Payments","",""
"","306","Create Wishlist - Missing Required Field","Personal Banking APIs - QA Test Suite","2026-10-09","passed","2026-10-09","Create Wishlist","Rewards, Cash Tokens & Wishlists","",""
"","114","Retrieve - No Auth","Personal Banking APIs - QA Test Suite","2026-10-09","passed","2026-10-09","Retrieve","Supalock Savings","",""
"","115","Transaction - No Auth","Personal Banking APIs - QA Test Suite","2026-10-09","passed","2026-10-09","Transaction","Airtime, Data, Bills & VAS Beneficiaries","",""
"","121","Create Login Pin - Valid","Personal Banking APIs - QA Test Suite","2026-10-09","failed","2026-10-09","Create Login Pin","Login, Credentials, Security & Devices","",""
"","160","Retrieve - Invalid ID","Personal Banking APIs - QA Test Suite","2026-10-09","failed","2026-10-09","Retrieve","Wallets, Transfers, Transactions & Fund Requests","",""
"","148","Games Spin Wheel - Valid","Personal Banking APIs - QA Test Suite","2026-10-09","failed","2026-10-09","Games Spin Wheel","Rewards, Cash Tokens & Wishlists","",""
"","162","Item - Invalid ID","Personal Banking APIs - QA Test Suite","2026-10-09","passed","2026-10-09","Item","Rewards, Cash Tokens & Wishlists","",""
"","140","Young Moni Upload Guardian Documents - Invalid Status Or Type","Personal Banking APIs - QA Test Suite","2026-10-09","failed","2026-10-09","Young Moni Upload Guardian Documents","Customer Profile, Accounts & Beneficiaries","",""
"","123","Create Sub Account - No Auth","Personal Banking APIs - QA Test Suite","2026-10-09","passed","2026-10-09","Create Sub Account","Customer Profile, Accounts & Beneficiaries","",""
"","113","Wallet - No Auth","Personal Banking APIs - QA Test Suite","2026-10-09","passed","2026-10-09","Wallet","Save & Spend","",""
"","131","Add Item - No Auth","Personal Banking APIs - QA Test Suite","2026-10-09","passed","2026-10-09","Add Item","Rewards, Cash Tokens & Wishlists","",""
"","144","Intra Name Enquiry - Valid","Personal Banking APIs - QA Test Suite","2026-10-09","failed","2026-10-09","Intra Name Enquiry","Wallets, Transfers, Transactions & Fund Requests","",""
"","112","List - No Auth","Personal Banking APIs - QA Test Suite","2026-10-09","passed","2026-10-09","List","Airtime, Data, Bills & VAS Beneficiaries","",""
"","138","Validate Jamb Profile - Empty Fields","Personal Banking APIs - QA Test Suite","2026-10-09","failed","2026-10-09","Validate Jamb Profile","Airtime, Data, Bills & VAS Beneficiaries","",""
"","130","Set Password & Create Pending User - Missing Required Field","Personal Banking APIs - QA Test Suite","2026-10-09","passed","2026-10-09","Set Password & Create Pending User","Customer Onboarding","",""
"","155","Admin Reject Upgrade Request - Empty Fields","Personal Banking APIs - QA Test Suite","2026-10-09","failed","2026-10-09","Admin Reject Upgrade Request","KYC, Tier Upgrades & Young Moni","",""
"","117","Transactions Withdraw Interest - Invalid Amount","Personal Banking APIs - QA Test Suite","2026-10-09","passed","2026-10-09","Transactions Withdraw Interest","SWAG Savings","",""
"","162","Wallet Download Swag Statement - Invalid Status Or Type","Personal Banking APIs - QA Test Suite","2026-10-09","failed","2026-10-09","Wallet Download Swag Statement","SWAG Savings","",""
"","188","Waec Lookup - Invalid Query","Personal Banking APIs - QA Test Suite","2026-10-09","failed","2026-10-09","Waec Lookup","Airtime, Data, Bills & VAS Beneficiaries","",""
"","118","Partial - No Auth","Personal Banking APIs - QA Test Suite","2026-10-09","passed","2026-10-09","Partial","Customer Profile, Accounts & Beneficiaries","",""
"","135","Young Moni Requests Request Stats - Valid","Personal Banking APIs - QA Test Suite","2026-10-09","failed","2026-10-09","Young Moni Requests Request Stats","KYC, Tier Upgrades & Young Moni","",""
"","129","Retrieve - Nonexistent ID","Personal Banking APIs - QA Test Suite","2026-10-09","passed","2026-10-09","Retrieve","Customer Profile, Accounts & Beneficiaries","",""
"","163","Requests - Invalid ID","Personal Banking APIs - QA Test Suite","2026-10-09","passed","2026-10-09","Requests","Customer Cards","",""
"","134","Admin Coins Rules - Invalid Status Or Type","Personal Banking APIs - QA Test Suite","2026-10-09","failed","2026-10-09","Admin Coins Rules","Rewards, Cash Tokens & Wishlists","",""
"","152","Verify Email OTP - Valid","Personal Banking APIs - QA Test Suite","2026-10-09","failed","2026-10-09","Verify Email OTP","Customer Onboarding","",""
"","148","Borrow - Valid","Personal Banking APIs - QA Test Suite","2026-10-09","failed","2026-10-09","Borrow","Kolo Connect Advances","",""
"","142","Wallet Download Target Statement - Valid","Personal Banking APIs - QA Test Suite","2026-10-09","failed","2026-10-09","Wallet Download Target Statement","Target Savings","",""
"","114","Coin Wallet Transactions - No Auth","Personal Banking APIs - QA Test Suite","2026-10-09","passed","2026-10-09","Coin Wallet Transactions","Rewards, Cash Tokens & Wishlists","",""
"","157","Admin Coins Redemption Rules - Invalid ID","Personal Banking APIs - QA Test Suite","2026-10-09","failed","2026-10-09","Admin Coins Redemption Rules","Rewards, Cash Tokens & Wishlists","",""
"","114","Get Item Edit - Nonexistent ID","Personal Banking APIs - QA Test Suite","2026-10-09","failed","2026-10-09","Get Item Edit","Rewards, Cash Tokens & Wishlists","",""
"","121","Young Moni Validate Details - Empty Fields","Personal Banking APIs - QA Test Suite","2026-10-09","failed","2026-10-09","Young Moni Validate Details","Customer Profile, Accounts & Beneficiaries","",""
"","137","Games Get Rewards - Invalid Query","Personal Banking APIs - QA Test Suite","2026-10-09","passed","2026-10-09","Games Get Rewards","Rewards, Cash Tokens & Wishlists","",""
"","137","List Documents - Valid","Personal Banking APIs - QA Test Suite","2026-10-09","failed","2026-10-09","List Documents","KYC, Tier Upgrades & Young Moni","",""
"","123","Young Moni Requests Complete Review - Nonexistent ID","Personal Banking APIs - QA Test Suite","2026-10-09","failed","2026-10-09","Young Moni Requests Complete Review","KYC, Tier Upgrades & Young Moni","",""
"","158","Partial - Nonexistent ID","Personal Banking APIs - QA Test Suite","2026-10-09","failed","2026-10-09","Partial","Customer Profile, Accounts & Beneficiaries","",""
"","152","Types - Valid","Personal Banking APIs - QA Test Suite","2026-10-09","failed","2026-10-09","Types","Supalock Savings","",""
"","129","Electricity - Invalid Status Or Type","Personal Banking APIs - QA Test Suite","2026-10-09","passed","2026-10-09","Electricity","Scheduled Payments","",""
"","128","Transactions - Invalid ID","Personal Banking APIs - QA Test Suite","2026-10-09","passed","2026-10-09","Transactions","Supalock Savings","",""
"","135","Reject Single Bulk Recipient - Empty Fields","Personal Banking APIs - QA Test Suite","2026-10-09","failed","2026-10-09","Reject Single Bulk Recipient","Wallets, Transfers, Transactions & Fund Requests","",""
"","125","Request Account Reactivation - Missing Required Field","Personal Banking APIs - QA Test Suite","2026-10-09","passed","2026-10-09","Request Account Reactivation","KYC, Tier Upgrades & Young Moni","",""
"","171","Validate Smart Card - Valid","Personal Banking APIs - QA Test Suite","2026-10-09","failed","2026-10-09","Validate Smart Card","Airtime, Data, Bills & VAS Beneficiaries","",""
"","118","Purchase Epin - Invalid Token Or PIN","Personal Banking APIs - QA Test Suite","2026-10-09","passed","2026-10-09","Purchase Epin","Airtime, Data, Bills & VAS Beneficiaries","",""
"","144","Get Item - No Auth","Personal Banking APIs - QA Test Suite","2026-10-09","failed","2026-10-09","Get Item","Rewards, Cash Tokens & Wishlists","",""
"","172","Purchase Electricity - Valid","Personal Banking APIs - QA Test Suite","2026-10-09","failed","2026-10-09","Purchase Electricity","Airtime, Data, Bills & VAS Beneficiaries","",""
"","156","Document Delete - Valid","Personal Banking APIs - QA Test Suite","2026-10-09","failed","2026-10-09","Document Delete","KYC, Tier Upgrades & Young Moni","",""
"","119","Transactions Break Target - Valid","Personal Banking APIs - QA Test Suite","2026-10-09","failed","2026-10-09","Transactions Break Target","Target Savings","",""
"","162","Create Wishlist With Items - Valid","Personal Banking APIs - QA Test Suite","2026-10-09","failed","2026-10-09","Create Wishlist With Items","Rewards, Cash Tokens & Wishlists","",""
"","135","Tier Two Upgrade - No Auth","Personal Banking APIs - QA Test Suite","2026-10-09","passed","2026-10-09","Tier Two Upgrade","KYC, Tier Upgrades & Young Moni","",""
"","120","Transactions Create Wallet Product Specific - No Auth","Personal Banking APIs - QA Test Suite","2026-10-09","failed","2026-10-09","Transactions Create Wallet Product Specific","Target Savings","",""
"","181","Add Item - Invalid Status Or Type","Personal Banking APIs - QA Test Suite","2026-10-09","failed","2026-10-09","Add Item","Rewards, Cash Tokens & Wishlists","",""
"","140","Update Daily Transfer Limit - Missing Required Field","Personal Banking APIs - QA Test Suite","2026-10-09","passed","2026-10-09","Update Daily Transfer Limit","Customer Profile, Accounts & Beneficiaries","",""
"","176","Dismiss Action - Missing Required Field","Personal Banking APIs - QA Test Suite","2026-10-09","failed","2026-10-09","Dismiss Action","KYC, Tier Upgrades & Young Moni","",""
"","131","Data Plans - No Auth","Personal Banking APIs - QA Test Suite","2026-10-09","passed","2026-10-09","Data Plans","Airtime, Data, Bills & VAS Beneficiaries","",""
"","133","Verify NIN (Choose BVN or NIN) - Empty Fields","Personal Banking APIs - QA Test Suite","2026-10-09","passed","2026-10-09","Verify NIN (Choose BVN or NIN)","Customer Onboarding","",""
"","225","Terms Terms And Rewards - No Auth","Personal Banking APIs - QA Test Suite","2026-10-09","passed","2026-10-09","Terms Terms And Rewards","Rewards, Cash Tokens & Wishlists","",""
"","140","Continue With Email - Invalid Email","Personal Banking APIs - QA Test Suite","2026-10-09","passed","2026-10-09","Continue With Email","Customer Onboarding","",""
"","115","Pay Schedule Early - No Auth","Personal Banking APIs - QA Test Suite","2026-10-09","passed","2026-10-09","Pay Schedule Early","Scheduled Payments","",""
"","141","Terms Terms And Rewards - Valid","Personal Banking APIs - QA Test Suite","2026-10-09","passed","2026-10-09","Terms Terms And Rewards","Rewards, Cash Tokens & Wishlists","",""
"","147","Details - Empty Fields","Personal Banking APIs - QA Test Suite","2026-10-09","passed","2026-10-09","Details","Customer Profile, Accounts & Beneficiaries","",""
"","133","Admin Devices Deactivate - Missing Required Field","Personal Banking APIs - QA Test Suite","2026-10-09","failed","2026-10-09","Admin Devices Deactivate","Login, Credentials, Security & Devices","",""
"","132","Purchase Electricity - Invalid Status Or Type","Personal Banking APIs - QA Test Suite","2026-10-09","passed","2026-10-09","Purchase Electricity","Airtime, Data, Bills & VAS Beneficiaries","",""
"","122","Create Password - Empty Fields","Personal Banking APIs - QA Test Suite","2026-10-09","passed","2026-10-09","Create Password","Login, Credentials, Security & Devices","",""
"","125","Destroy - Invalid ID","Personal Banking APIs - QA Test Suite","2026-10-09","passed","2026-10-09","Destroy","Customer Profile, Accounts & Beneficiaries","",""
"","140","Payment Merchant - Invalid ID","Personal Banking APIs - QA Test Suite","2026-10-09","passed","2026-10-09","Payment Merchant","Customer Cards","",""
"","396","Her Wealth Details - Invalid ID","Personal Banking APIs - QA Test Suite","2026-10-09","passed","2026-10-09","Her Wealth Details","Customer Profile, Accounts & Beneficiaries","",""
"","130","Redeem Coins - No Auth","Personal Banking APIs - QA Test Suite","2026-10-09","passed","2026-10-09","Redeem Coins","Rewards, Cash Tokens & Wishlists","",""
"","117","Transactions Deposit - Invalid Amount","Personal Banking APIs - QA Test Suite","2026-10-09","passed","2026-10-09","Transactions Deposit","Target Savings","",""
"","146","Withdraw Supalock - No Auth","Personal Banking APIs - QA Test Suite","2026-10-09","passed","2026-10-09","Withdraw Supalock","Supalock Savings","",""
"","170","Winner Dismiss Action - No Auth","Personal Banking APIs - QA Test Suite","2026-10-09","passed","2026-10-09","Winner Dismiss Action","Rewards, Cash Tokens & Wishlists","",""
"","173","Young Moni Initiate Account Without Identity - Valid","Personal Banking APIs - QA Test Suite","2026-10-09","failed","2026-10-09","Young Moni Initiate Account Without Identity","Customer Profile, Accounts & Beneficiaries","",""
"","135","Wallet - Invalid Query","Personal Banking APIs - QA Test Suite","2026-10-09","failed","2026-10-09","Wallet","SWAG Savings","",""
"","127","Document Delete - Empty Fields","Personal Banking APIs - QA Test Suite","2026-10-09","failed","2026-10-09","Document Delete","KYC, Tier Upgrades & Young Moni","",""
"","182","Games Get Rewards - Valid","Personal Banking APIs - QA Test Suite","2026-10-09","failed","2026-10-09","Games Get Rewards","Rewards, Cash Tokens & Wishlists","",""
"","115","Proposed Contributor - Empty Fields","Personal Banking APIs - QA Test Suite","2026-10-09","passed","2026-10-09","Proposed Contributor","Rewards, Cash Tokens & Wishlists","",""
"","165","Reset Pin - Valid","Personal Banking APIs - QA Test Suite","2026-10-09","failed","2026-10-09","Reset Pin","Customer Cards","",""
"","136","Retrieve - Valid","Personal Banking APIs - QA Test Suite","2026-10-09","failed","2026-10-09","Retrieve","Kolo Connect Advances","",""
"","134","Verify Email Update - Invalid Token Or PIN","Personal Banking APIs - QA Test Suite","2026-10-09","passed","2026-10-09","Verify Email Update","KYC, Tier Upgrades & Young Moni","",""
"","979","Check Email / Phone Availability - Valid","Personal Banking APIs - QA Test Suite","2026-10-09","failed","2026-10-09","Check Email / Phone Availability","Customer Onboarding","",""
"","136","Payment Merchant - No Auth","Personal Banking APIs - QA Test Suite","2026-10-09","passed","2026-10-09","Payment Merchant","Customer Cards","",""
"","133","Get Item - Invalid Query","Personal Banking APIs - QA Test Suite","2026-10-09","failed","2026-10-09","Get Item","Rewards, Cash Tokens & Wishlists","",""
"","137","Get Electricity Billers - Invalid Query","Personal Banking APIs - QA Test Suite","2026-10-09","failed","2026-10-09","Get Electricity Billers","Airtime, Data, Bills & VAS Beneficiaries","",""
"","129","Young Moni Validate Details Without Identity - Missing Required Field","Personal Banking APIs - QA Test Suite","2026-10-09","failed","2026-10-09","Young Moni Validate Details Without Identity","Customer Profile, Accounts & Beneficiaries","",""
"","117","Purchase Cable - Invalid Amount","Personal Banking APIs - QA Test Suite","2026-10-09","passed","2026-10-09","Purchase Cable","Airtime, Data, Bills & VAS Beneficiaries","",""
"","131","Young Moni Requests Complete Review - Invalid ID","Personal Banking APIs - QA Test Suite","2026-10-09","failed","2026-10-09","Young Moni Requests Complete Review","KYC, Tier Upgrades & Young Moni","",""
"","129","Partial - Invalid ID","Personal Banking APIs - QA Test Suite","2026-10-09","failed","2026-10-09","Partial","Airtime, Data, Bills & VAS Beneficiaries","",""
"","123","Intra Transfer - Invalid Amount","Personal Banking APIs - QA Test Suite","2026-10-09","passed","2026-10-09","Intra Transfer","Wallets, Transfers, Transactions & Fund Requests","",""
"","180","Activate - Empty Fields","Personal Banking APIs - QA Test Suite","2026-10-09","failed","2026-10-09","Activate","Customer Cards","",""
"","134","Approve Single Bulk Recipient - Missing Required Field","Personal Banking APIs - QA Test Suite","2026-10-09","failed","2026-10-09","Approve Single Bulk Recipient","Wallets, Transfers, Transactions & Fund Requests","",""
"","173","Types - Valid","Personal Banking APIs - QA Test Suite","2026-10-09","failed","2026-10-09","Types","Supalock Savings","",""
"","125","List Schedule Payments - No Auth","Personal Banking APIs - QA Test Suite","2026-10-09","passed","2026-10-09","List Schedule Payments","Scheduled Payments","",""
"","115","Transactions Break Wallet - Invalid Token Or PIN","Personal Banking APIs - QA Test Suite","2026-10-09","passed","2026-10-09","Transactions Break Wallet","Save & Spend","",""
"","128","High Value Transactions - Valid","Personal Banking APIs - QA Test Suite","2026-10-09","passed","2026-10-09","High Value Transactions","Wallets, Transfers, Transactions & Fund Requests","",""
"","123","Channel Settings - Invalid Amount","Personal Banking APIs - QA Test Suite","2026-10-09","failed","2026-10-09","Channel Settings","Customer Cards","",""
"","117","Purchase Cable - No Auth","Personal Banking APIs - QA Test Suite","2026-10-09","failed","2026-10-09","Purchase Cable","Airtime, Data, Bills & VAS Beneficiaries","",""
"","166","Transfer - No Auth","Personal Banking APIs - QA Test Suite","2026-10-09","passed","2026-10-09","Transfer","Scheduled Payments","",""
"","127","Request Account Reactivation - Empty Fields","Personal Banking APIs - QA Test Suite","2026-10-09","passed","2026-10-09","Request Account Reactivation","KYC, Tier Upgrades & Young Moni","",""
"","125","Topup Supalock - Empty Fields","Personal Banking APIs - QA Test Suite","2026-10-09","failed","2026-10-09","Topup Supalock","Supalock Savings","",""
"","122","Requests Request Card - Invalid Token Or PIN","Personal Banking APIs - QA Test Suite","2026-10-09","passed","2026-10-09","Requests Request Card","Customer Cards","",""
"","118","Intra Account Transfer - No Auth","Personal Banking APIs - QA Test Suite","2026-10-09","failed","2026-10-09","Intra Account Transfer","Wallets, Transfers, Transactions & Fund Requests","",""
"","130","Single Fund Request - Invalid Token Or PIN","Personal Banking APIs - QA Test Suite","2026-10-09","passed","2026-10-09","Single Fund Request","Wallets, Transfers, Transactions & Fund Requests","",""
"","129","Young Moni Requests - Valid","Personal Banking APIs - QA Test Suite","2026-10-09","failed","2026-10-09","Young Moni Requests","KYC, Tier Upgrades & Young Moni","",""
"","157","Reject Single Fund Request - Invalid Token Or PIN","Personal Banking APIs - QA Test Suite","2026-10-09","failed","2026-10-09","Reject Single Fund Request","Wallets, Transfers, Transactions & Fund Requests","",""
"","129","Reset Pin - Missing Required Field","Personal Banking APIs - QA Test Suite","2026-10-09","failed","2026-10-09","Reset Pin","Customer Cards","",""
"","149","Admin Devices Reactivate - Invalid Token Or PIN","Personal Banking APIs - QA Test Suite","2026-10-09","failed","2026-10-09","Admin Devices Reactivate","Login, Credentials, Security & Devices","",""
"","179","Update Communication Preference - Nonexistent ID","Personal Banking APIs - QA Test Suite","2026-10-09","passed","2026-10-09","Update Communication Preference","Customer Profile, Accounts & Beneficiaries","",""
"","120","Verify Phone Number - Valid","Personal Banking APIs - QA Test Suite","2026-10-09","failed","2026-10-09","Verify Phone Number","Login, Credentials, Security & Devices","",""
"","130","Admin Coins Rules - Valid","Personal Banking APIs - QA Test Suite","2026-10-09","failed","2026-10-09","Admin Coins Rules","Rewards, Cash Tokens & Wishlists","",""
"","123","Initiate Email Update - Invalid Email","Personal Banking APIs - QA Test Suite","2026-10-09","passed","2026-10-09","Initiate Email Update","KYC, Tier Upgrades & Young Moni","",""
"","115","Update Request Recipients - No Auth","Personal Banking APIs - QA Test Suite","2026-10-09","passed","2026-10-09","Update Request Recipients","Wallets, Transfers, Transactions & Fund Requests","",""
"","173","Account Officer - Valid","Personal Banking APIs - QA Test Suite","2026-10-09","failed","2026-10-09","Account Officer","Customer Profile, Accounts & Beneficiaries","",""
"","210","Coin Redemption Rules - Valid","Personal Banking APIs - QA Test Suite","2026-10-09","failed","2026-10-09","Coin Redemption Rules","Rewards, Cash Tokens & Wishlists","",""
"","208","Admin Coins Rules Stats - No Auth","Personal Banking APIs - QA Test Suite","2026-10-09","passed","2026-10-09","Admin Coins Rules Stats","Rewards, Cash Tokens & Wishlists","",""
"","129","Create Wishlist With Items - Empty Fields","Personal Banking APIs - QA Test Suite","2026-10-09","passed","2026-10-09","Create Wishlist With Items","Rewards, Cash Tokens & Wishlists","",""
"","151","Validate Meter - Empty Fields","Personal Banking APIs - QA Test Suite","2026-10-09","failed","2026-10-09","Validate Meter","Airtime, Data, Bills & VAS Beneficiaries","",""
"","132","Reset Login Pin - Empty Fields","Personal Banking APIs - QA Test Suite","2026-10-09","passed","2026-10-09","Reset Login Pin","Login, Credentials, Security & Devices","",""
"","131","Verify Phone OTP - Missing Required Field","Personal Banking APIs - QA Test Suite","2026-10-09","passed","2026-10-09","Verify Phone OTP","Customer Onboarding","",""
"","335","Get Cable Plans - Invalid Query","Personal Banking APIs - QA Test Suite","2026-10-09","failed","2026-10-09","Get Cable Plans","Airtime, Data, Bills & VAS Beneficiaries","",""
"","122","Overview - Invalid Query","Personal Banking APIs - QA Test Suite","2026-10-09","failed","2026-10-09","Overview","Rewards, Cash Tokens & Wishlists","",""
"","116","Partial - Invalid Amount","Personal Banking APIs - QA Test Suite","2026-10-09","passed","2026-10-09","Partial","Wallets, Transfers, Transactions & Fund Requests","",""
"","2562","Young Moni Initiate Account Request - Valid","Personal Banking APIs - QA Test Suite","2026-10-09","failed","2026-10-09","Young Moni Initiate Account Request","Customer Profile, Accounts & Beneficiaries","",""
"","116","Retrieve - No Auth","Personal Banking APIs - QA Test Suite","2026-10-09","passed","2026-10-09","Retrieve","Scheduled Payments","",""
"","131","Partial - Invalid Amount","Personal Banking APIs - QA Test Suite","2026-10-09","failed","2026-10-09","Partial","Customer Profile, Accounts & Beneficiaries","",""
"","134","Terms Terms And Rewards - Invalid Query","Personal Banking APIs - QA Test Suite","2026-10-09","failed","2026-10-09","Terms Terms And Rewards","Rewards, Cash Tokens & Wishlists","",""
"","133","Update Credit Stage - Missing Required Field","Personal Banking APIs - QA Test Suite","2026-10-09","failed","2026-10-09","Update Credit Stage","Wallets, Transfers, Transactions & Fund Requests","",""
"","129","Eligibility - Valid","Personal Banking APIs - QA Test Suite","2026-10-09","failed","2026-10-09","Eligibility","Kolo Connect Advances","",""
"","133","Young Moni Documents - Valid","Personal Banking APIs - QA Test Suite","2026-10-09","failed","2026-10-09","Young Moni Documents","KYC, Tier Upgrades & Young Moni","",""
"","123","Update - Invalid Amount","Personal Banking APIs - QA Test Suite","2026-10-09","passed","2026-10-09","Update","Scheduled Payments","",""
"","148","Games Scratch Card - Valid","Personal Banking APIs - QA Test Suite","2026-10-09","failed","2026-10-09","Games Scratch Card","Rewards, Cash Tokens & Wishlists","",""
"","144","Transactions - Nonexistent ID","Personal Banking APIs - QA Test Suite","2026-10-09","passed","2026-10-09","Transactions","Save & Spend","",""
"","129","Transfers Left - Invalid Query","Personal Banking APIs - QA Test Suite","2026-10-09","failed","2026-10-09","Transfers Left","Wallets, Transfers, Transactions & Fund Requests","",""
"","133","Topup Supalock - Missing Required Field","Personal Banking APIs - QA Test Suite","2026-10-09","failed","2026-10-09","Topup Supalock","Supalock Savings","",""
"","126","Validate Betting Id - Empty Fields","Personal Banking APIs - QA Test Suite","2026-10-09","passed","2026-10-09","Validate Betting Id","Airtime, Data, Bills & VAS Beneficiaries","",""
"","133","Wallet Download Target Statement - Invalid Amount","Personal Banking APIs - QA Test Suite","2026-10-09","failed","2026-10-09","Wallet Download Target Statement","Target Savings","",""
"","250","Admin Coins Rules Stats - Invalid Query","Personal Banking APIs - QA Test Suite","2026-10-09","failed","2026-10-09","Admin Coins Rules Stats","Rewards, Cash Tokens & Wishlists","",""
"","117","Details - No Auth","Personal Banking APIs - QA Test Suite","2026-10-09","passed","2026-10-09","Details","Customer Profile, Accounts & Beneficiaries","",""
"","134","Purchase Airtime - Invalid Token Or PIN","Personal Banking APIs - QA Test Suite","2026-10-09","passed","2026-10-09","Purchase Airtime","Airtime, Data, Bills & VAS Beneficiaries","",""
"","234","Admin Games Sessions - Invalid Query","Personal Banking APIs - QA Test Suite","2026-10-09","failed","2026-10-09","Admin Games Sessions","Rewards, Cash Tokens & Wishlists","",""
"","130","Pay Schedule Early - Empty Fields","Personal Banking APIs - QA Test Suite","2026-10-09","passed","2026-10-09","Pay Schedule Early","Scheduled Payments","",""
"","128","Eligibility - Invalid Query","Personal Banking APIs - QA Test Suite","2026-10-09","failed","2026-10-09","Eligibility","Kolo Connect Advances","",""
"","124","Young Moni - No Auth","Personal Banking APIs - QA Test Suite","2026-10-09","passed","2026-10-09","Young Moni","Customer Profile, Accounts & Beneficiaries","",""
"","136","Verify NIN (Choose BVN or NIN) - Invalid Status Or Type","Personal Banking APIs - QA Test Suite","2026-10-09","passed","2026-10-09","Verify NIN (Choose BVN or NIN)","Customer Onboarding","",""
"","132","Withdraw Supalock - Missing Required Field","Personal Banking APIs - QA Test Suite","2026-10-09","failed","2026-10-09","Withdraw Supalock","Supalock Savings","",""
"","156","Transactions - Invalid Query","Personal Banking APIs - QA Test Suite","2026-10-09","failed","2026-10-09","Transactions","Wallets, Transfers, Transactions & Fund Requests","",""
"","121","Inter Transfer - Empty Fields","Personal Banking APIs - QA Test Suite","2026-10-09","passed","2026-10-09","Inter Transfer","Wallets, Transfers, Transactions & Fund Requests","",""
"","117","Find Customers By Phone - No Auth","Personal Banking APIs - QA Test Suite","2026-10-09","passed","2026-10-09","Find Customers By Phone","Customer Profile, Accounts & Beneficiaries","",""
"","131","Reject Single Fund Request - Valid","Personal Banking APIs - QA Test Suite","2026-10-09","failed","2026-10-09","Reject Single Fund Request","Wallets, Transfers, Transactions & Fund Requests","",""
"","134","Repayment Plan - Valid","Personal Banking APIs - QA Test Suite","2026-10-09","failed","2026-10-09","Repayment Plan","Kolo Connect Advances","",""
"","122","Daily Spending Summary - No Auth","Personal Banking APIs - QA Test Suite","2026-10-09","passed","2026-10-09","Daily Spending Summary","Wallets, Transfers, Transactions & Fund Requests","",""
"","204","Validate Betting Id - Valid","Personal Banking APIs - QA Test Suite","2026-10-09","failed","2026-10-09","Validate Betting Id","Airtime, Data, Bills & VAS Beneficiaries","",""
"","118","Purchase Airtime - Invalid Amount","Personal Banking APIs - QA Test Suite","2026-10-09","passed","2026-10-09","Purchase Airtime","Airtime, Data, Bills & VAS Beneficiaries","",""
"","195","Account Officer - Invalid ID","Personal Banking APIs - QA Test Suite","2026-10-09","passed","2026-10-09","Account Officer","Customer Profile, Accounts & Beneficiaries","",""
"","142","Account Officer Rate Officer - Empty Fields","Personal Banking APIs - QA Test Suite","2026-10-09","failed","2026-10-09","Account Officer Rate Officer","Customer Profile, Accounts & Beneficiaries","",""
"","1002","Renew Insurance - Invalid Token Or PIN","Personal Banking APIs - QA Test Suite","2026-10-09","passed","2026-10-09","Renew Insurance","Insurance","",""
"","126","Partial - No Auth","Personal Banking APIs - QA Test Suite","2026-10-09","passed","2026-10-09","Partial","Wallets, Transfers, Transactions & Fund Requests","",""
"","168","Daily Income Summary - Valid","Personal Banking APIs - QA Test Suite","2026-10-09","passed","2026-10-09","Daily Income Summary","Wallets, Transfers, Transactions & Fund Requests","",""
"","140","Admin Games Rewards - No Auth","Personal Banking APIs - QA Test Suite","2026-10-09","passed","2026-10-09","Admin Games Rewards","Rewards, Cash Tokens & Wishlists","",""
"","122","Customer Submit - Empty Fields","Personal Banking APIs - QA Test Suite","2026-10-09","passed","2026-10-09","Customer Submit","KYC, Tier Upgrades & Young Moni","",""
"","159","Restrict Accounts By BVN - Valid","Personal Banking APIs - QA Test Suite","2026-10-09","failed","2026-10-09","Restrict Accounts By BVN","Customer Profile, Accounts & Beneficiaries","",""
"","118","Purchase Waec - Invalid Token Or PIN","Personal Banking APIs - QA Test Suite","2026-10-09","passed","2026-10-09","Purchase Waec","Airtime, Data, Bills & VAS Beneficiaries","",""
"","113","Repayment Plan - No Auth","Personal Banking APIs - QA Test Suite","2026-10-09","passed","2026-10-09","Repayment Plan","Kolo Connect Advances","",""
"","141","Transactions Create Wallet Product Specific - Invalid Status Or Type","Personal Banking APIs - QA Test Suite","2026-10-09","passed","2026-10-09","Transactions Create Wallet Product Specific","Target Savings","",""
"","122","Info - No Auth","Personal Banking APIs - QA Test Suite","2026-10-09","passed","2026-10-09","Info","Customer Profile, Accounts & Beneficiaries","",""
"","129","Retrieve - Invalid ID","Personal Banking APIs - QA Test Suite","2026-10-09","passed","2026-10-09","Retrieve","Customer Profile, Accounts & Beneficiaries","",""
"","148","Account Officer Request Change - Empty Fields","Personal Banking APIs - QA Test Suite","2026-10-09","passed","2026-10-09","Account Officer Request Change","Customer Profile, Accounts & Beneficiaries","",""
"","132","Partial - Missing Required Field","Personal Banking APIs - QA Test Suite","2026-10-09","failed","2026-10-09","Partial","Wallets, Transfers, Transactions & Fund Requests","",""
"","130","Youngmoni Transfer - Empty Fields","Personal Banking APIs - QA Test Suite","2026-10-09","passed","2026-10-09","Youngmoni Transfer","Scheduled Payments","",""
"","132","Approve Bulk Fund Request - Missing Required Field","Personal Banking APIs - QA Test Suite","2026-10-09","failed","2026-10-09","Approve Bulk Fund Request","Wallets, Transfers, Transactions & Fund Requests","",""
"","124","Single Fund Request - Empty Fields","Personal Banking APIs - QA Test Suite","2026-10-09","passed","2026-10-09","Single Fund Request","Wallets, Transfers, Transactions & Fund Requests","",""
"","145","Admin Reject Upgrade Request - Nonexistent ID","Personal Banking APIs - QA Test Suite","2026-10-09","failed","2026-10-09","Admin Reject Upgrade Request","KYC, Tier Upgrades & Young Moni","",""
"","118","Admin Coins Rules - No Auth","Personal Banking APIs - QA Test Suite","2026-10-09","passed","2026-10-09","Admin Coins Rules","Rewards, Cash Tokens & Wishlists","",""
"","135","Withdraw Supalock - Empty Fields","Personal Banking APIs - QA Test Suite","2026-10-09","failed","2026-10-09","Withdraw Supalock","Supalock Savings","",""
"","115","Redeem Insurance - No Auth","Personal Banking APIs - QA Test Suite","2026-10-09","passed","2026-10-09","Redeem Insurance","Insurance","",""
"","125","Topup Supalock - Invalid ID","Personal Banking APIs - QA Test Suite","2026-10-09","failed","2026-10-09","Topup Supalock","Supalock Savings","",""
"","131","Channel Settings - Invalid Query","Personal Banking APIs - QA Test Suite","2026-10-09","failed","2026-10-09","Channel Settings","Customer Cards","",""
"","183","Retrieve - Nonexistent ID","Personal Banking APIs - QA Test Suite","2026-10-09","failed","2026-10-09","Retrieve","Supalock Savings","",""
"","128","Add Item - Invalid ID","Personal Banking APIs - QA Test Suite","2026-10-09","passed","2026-10-09","Add Item","Rewards, Cash Tokens & Wishlists","",""
"","143","Purchase Epin - Missing Required Field","Personal Banking APIs - QA Test Suite","2026-10-09","passed","2026-10-09","Purchase Epin","Airtime, Data, Bills & VAS Beneficiaries","",""
"","136","Terms - Invalid Query","Personal Banking APIs - QA Test Suite","2026-10-09","failed","2026-10-09","Terms","Rewards, Cash Tokens & Wishlists","",""
"","123","Verify Reset Token - No Auth","Personal Banking APIs - QA Test Suite","2026-10-09","failed","2026-10-09","Verify Reset Token","Login, Credentials, Security & Devices","",""
"","126","Admin Reject Upgrade Request - Invalid ID","Personal Banking APIs - QA Test Suite","2026-10-09","failed","2026-10-09","Admin Reject Upgrade Request","KYC, Tier Upgrades & Young Moni","",""
"","529","Admin - Valid","Personal Banking APIs - QA Test Suite","2026-10-09","failed","2026-10-09","Admin","KYC, Tier Upgrades & Young Moni","",""
"","145","Complete Registration - Missing Required Field","Personal Banking APIs - QA Test Suite","2026-10-09","passed","2026-10-09","Complete Registration","Customer Onboarding","",""
"","161","Tier Zero Upgrade - Empty Fields","Personal Banking APIs - QA Test Suite","2026-10-09","passed","2026-10-09","Tier Zero Upgrade","KYC, Tier Upgrades & Young Moni","",""
"","116","Single Fund Request - Invalid Amount","Personal Banking APIs - QA Test Suite","2026-10-09","passed","2026-10-09","Single Fund Request","Wallets, Transfers, Transactions & Fund Requests","",""
"","170","Enabled Setting - Valid","Personal Banking APIs - QA Test Suite","2026-10-09","failed","2026-10-09","Enabled Setting","Wallets, Transfers, Transactions & Fund Requests","",""
"","118","Purchase Electricity - Empty Fields","Personal Banking APIs - QA Test Suite","2026-10-09","passed","2026-10-09","Purchase Electricity","Airtime, Data, Bills & VAS Beneficiaries","",""
"","132","Document Update Status - Invalid ID","Personal Banking APIs - QA Test Suite","2026-10-09","failed","2026-10-09","Document Update Status","KYC, Tier Upgrades & Young Moni","",""
"","170","Repay - Empty Fields","Personal Banking APIs - QA Test Suite","2026-10-09","failed","2026-10-09","Repay","Kolo Connect Advances","",""
"","457","Her Wealth Details - Valid","Personal Banking APIs - QA Test Suite","2026-10-09","failed","2026-10-09","Her Wealth Details","Customer Profile, Accounts & Beneficiaries","",""
"","160","Games Check Eligibility - Valid","Personal Banking APIs - QA Test Suite","2026-10-09","failed","2026-10-09","Games Check Eligibility","Rewards, Cash Tokens & Wishlists","",""
"","120","Purchase Jamb - Valid","Personal Banking APIs - QA Test Suite","2026-10-09","failed","2026-10-09","Purchase Jamb","Airtime, Data, Bills & VAS Beneficiaries","",""
"","125","Youngmoni Transfer - Invalid Amount","Personal Banking APIs - QA Test Suite","2026-10-09","passed","2026-10-09","Youngmoni Transfer","Scheduled Payments","",""
"","118","Transactions Withdraw Principal - Invalid Amount","Personal Banking APIs - QA Test Suite","2026-10-09","passed","2026-10-09","Transactions Withdraw Principal","SWAG Savings","",""
"","171","Withdraw Cashback - Empty Fields","Personal Banking APIs - QA Test Suite","2026-10-09","passed","2026-10-09","Withdraw Cashback","Wallets, Transfers, Transactions & Fund Requests","",""
"","173","Pay Schedule Early - Valid","Personal Banking APIs - QA Test Suite","2026-10-09","failed","2026-10-09","Pay Schedule Early","Scheduled Payments","",""
"","166","Add Item - Nonexistent ID","Personal Banking APIs - QA Test Suite","2026-10-09","passed","2026-10-09","Add Item","Rewards, Cash Tokens & Wishlists","",""
"","147","Verify BVN (Choose BVN or NIN) - Empty Fields","Personal Banking APIs - QA Test Suite","2026-10-09","passed","2026-10-09","Verify BVN (Choose BVN or NIN)","Customer Onboarding","",""
"","177","Types - Missing Required Field","Personal Banking APIs - QA Test Suite","2026-10-09","failed","2026-10-09","Types","Supalock Savings","",""
"","217","Admin Games Rewards - Nonexistent ID","Personal Banking APIs - QA Test Suite","2026-10-09","failed","2026-10-09","Admin Games Rewards","Rewards, Cash Tokens & Wishlists","",""
"","129","Young Moni Requests Request Stats - No Auth","Personal Banking APIs - QA Test Suite","2026-10-09","passed","2026-10-09","Young Moni Requests Request Stats","KYC, Tier Upgrades & Young Moni","",""
"","151","Types - Nonexistent ID","Personal Banking APIs - QA Test Suite","2026-10-09","passed","2026-10-09","Types","Supalock Savings","",""
"","122","Admin Coins Rules - Invalid ID","Personal Banking APIs - QA Test Suite","2026-10-09","failed","2026-10-09","Admin Coins Rules","Rewards, Cash Tokens & Wishlists","",""
"","140","Destroy - Nonexistent ID","Personal Banking APIs - QA Test Suite","2026-10-09","passed","2026-10-09","Destroy","Customer Profile, Accounts & Beneficiaries","",""
"","139","Young Moni Upload Guardian Documents - Missing Required Field","Personal Banking APIs - QA Test Suite","2026-10-09","failed","2026-10-09","Young Moni Upload Guardian Documents","Customer Profile, Accounts & Beneficiaries","",""
"","122","Admin Admin Tier Zero Upgrade - Missing Required Field","Personal Banking APIs - QA Test Suite","2026-10-09","failed","2026-10-09","Admin Admin Tier Zero Upgrade","KYC, Tier Upgrades & Young Moni","",""
"","265","Terms Draw Details - Valid","Personal Banking APIs - QA Test Suite","2026-10-09","passed","2026-10-09","Terms Draw Details","Rewards, Cash Tokens & Wishlists","",""
"","135","Reset Transaction Pin - Empty Fields","Personal Banking APIs - QA Test Suite","2026-10-09","passed","2026-10-09","Reset Transaction Pin","Login, Credentials, Security & Devices","",""
"","151","Login - Empty Fields","Personal Banking APIs - QA Test Suite","2026-10-09","passed","2026-10-09","Login","Login, Credentials, Security & Devices","",""
"","151","Purchase Waec - Valid","Personal Banking APIs - QA Test Suite","2026-10-09","failed","2026-10-09","Purchase Waec","Airtime, Data, Bills & VAS Beneficiaries","",""
"","120","Purchase Jamb - Missing Required Field","Personal Banking APIs - QA Test Suite","2026-10-09","passed","2026-10-09","Purchase Jamb","Airtime, Data, Bills & VAS Beneficiaries","",""
"","119","Games Check Eligibility - Invalid Query","Personal Banking APIs - QA Test Suite","2026-10-09","passed","2026-10-09","Games Check Eligibility","Rewards, Cash Tokens & Wishlists","",""
"","166","Account Officer View Rating - Valid","Personal Banking APIs - QA Test Suite","2026-10-09","passed","2026-10-09","Account Officer View Rating","Customer Profile, Accounts & Beneficiaries","",""
"","142","Young Moni Documents Action Document - Valid","Personal Banking APIs - QA Test Suite","2026-10-09","failed","2026-10-09","Young Moni Documents Action Document","KYC, Tier Upgrades & Young Moni","",""
"","147","Types - No Auth","Personal Banking APIs - QA Test Suite","2026-10-09","passed","2026-10-09","Types","Supalock Savings","",""
"","134","Young Moni Initiate Account Request - Invalid Status Or Type","Personal Banking APIs - QA Test Suite","2026-10-09","passed","2026-10-09","Young Moni Initiate Account Request","Customer Profile, Accounts & Beneficiaries","",""
"","136","Admin Admin Submit - No Auth","Personal Banking APIs - QA Test Suite","2026-10-09","passed","2026-10-09","Admin Admin Submit","KYC, Tier Upgrades & Young Moni","",""
"","137","Register With Phone - Missing Required Field","Personal Banking APIs - QA Test Suite","2026-10-09","passed","2026-10-09","Register With Phone","Customer Onboarding","",""
"","141","Tenors - Invalid Query","Personal Banking APIs - QA Test Suite","2026-10-09","failed","2026-10-09","Tenors","Kolo Connect Advances","",""
"","119","Purchase Airtime - Valid","Personal Banking APIs - QA Test Suite","2026-10-09","failed","2026-10-09","Purchase Airtime","Airtime, Data, Bills & VAS Beneficiaries","",""
"","154","Update Location - Empty Fields","Personal Banking APIs - QA Test Suite","2026-10-09","failed","2026-10-09","Update Location","Login, Credentials, Security & Devices","",""
"","122","Inter Transfer - Valid","Personal Banking APIs - QA Test Suite","2026-10-09","failed","2026-10-09","Inter Transfer","Wallets, Transfers, Transactions & Fund Requests","",""
"","114","Terms Draw Details - No Auth","Personal Banking APIs - QA Test Suite","2026-10-09","passed","2026-10-09","Terms Draw Details","Rewards, Cash Tokens & Wishlists","",""
"","132","Dismiss Action - Invalid Status Or Type","Personal Banking APIs - QA Test Suite","2026-10-09","failed","2026-10-09","Dismiss Action","KYC, Tier Upgrades & Young Moni","",""
"","133","Young Moni Initiate Account Request - Missing Required Field","Personal Banking APIs - QA Test Suite","2026-10-09","passed","2026-10-09","Young Moni Initiate Account Request","Customer Profile, Accounts & Beneficiaries","",""
"","128","Young Moni Initiate Account Without Identity - Missing Required Field","Personal Banking APIs - QA Test Suite","2026-10-09","passed","2026-10-09","Young Moni Initiate Account Without Identity","Customer Profile, Accounts & Beneficiaries","",""
"","152","Create Transaction Pin - Invalid Token Or PIN","Personal Banking APIs - QA Test Suite","2026-10-09","failed","2026-10-09","Create Transaction Pin","Login, Credentials, Security & Devices","",""
"","155","Transactions Create Plan - Missing Required Field","Personal Banking APIs - QA Test Suite","2026-10-09","passed","2026-10-09","Transactions Create Plan","SWAG Savings","",""
"","126","List - Invalid Query","Personal Banking APIs - QA Test Suite","2026-10-09","failed","2026-10-09","List","Supalock Savings","",""
"","345","Total Young Moni Balance - Invalid Query","Personal Banking APIs - QA Test Suite","2026-10-09","failed","2026-10-09","Total Young Moni Balance","Customer Profile, Accounts & Beneficiaries","",""
"","134","List - Invalid Query","Personal Banking APIs - QA Test Suite","2026-10-09","failed","2026-10-09","List","Airtime, Data, Bills & VAS Beneficiaries","",""
"","116","Admin Reject Upgrade Request - No Auth","Personal Banking APIs - QA Test Suite","2026-10-09","passed","2026-10-09","Admin Reject Upgrade Request","KYC, Tier Upgrades & Young Moni","",""
"","159","Login With Pin - Empty Fields","Personal Banking APIs - QA Test Suite","2026-10-09","passed","2026-10-09","Login With Pin","Login, Credentials, Security & Devices","",""
"","115","Wallet - No Auth","Personal Banking APIs - QA Test Suite","2026-10-09","passed","2026-10-09","Wallet","SWAG Savings","",""
"","123","Notify Of Missed Inward - Missing Required Field","Personal Banking APIs - QA Test Suite","2026-10-09","failed","2026-10-09","Notify Of Missed Inward","Wallets, Transfers, Transactions & Fund Requests","",""
"","118","Destroy - No Auth","Personal Banking APIs - QA Test Suite","2026-10-09","passed","2026-10-09","Destroy","Customer Profile, Accounts & Beneficiaries","",""
"","160","Perform Action - Empty Fields","Personal Banking APIs - QA Test Suite","2026-10-09","failed","2026-10-09","Perform Action","Rewards, Cash Tokens & Wishlists","",""
"","125","Games Eligibility Requirements - Invalid Query","Personal Banking APIs - QA Test Suite","2026-10-09","passed","2026-10-09","Games Eligibility Requirements","Rewards, Cash Tokens & Wishlists","",""
"","140","High Value Transactions - No Auth","Personal Banking APIs - QA Test Suite","2026-10-09","passed","2026-10-09","High Value Transactions","Wallets, Transfers, Transactions & Fund Requests","",""
"","162","Admin Admin Tier Two Upgrade - Valid","Personal Banking APIs - QA Test Suite","2026-10-09","failed","2026-10-09","Admin Admin Tier Two Upgrade","KYC, Tier Upgrades & Young Moni","",""
"","152","Terms - Invalid Query","Personal Banking APIs - QA Test Suite","2026-10-09","failed","2026-10-09","Terms","Rewards, Cash Tokens & Wishlists","",""
"","125","Partial - Nonexistent ID","Personal Banking APIs - QA Test Suite","2026-10-09","failed","2026-10-09","Partial","Airtime, Data, Bills & VAS Beneficiaries","",""
"","113","Young Moni Requests - No Auth","Personal Banking APIs - QA Test Suite","2026-10-09","passed","2026-10-09","Young Moni Requests","KYC, Tier Upgrades & Young Moni","",""
"","114","Enable - No Auth","Personal Banking APIs - QA Test Suite","2026-10-09","passed","2026-10-09","Enable","Wallets, Transfers, Transactions & Fund Requests","",""
"","123","Verify Token - Empty Fields","Personal Banking APIs - QA Test Suite","2026-10-09","passed","2026-10-09","Verify Token","Login, Credentials, Security & Devices","",""
"","302","Admin List Documents - Valid","Personal Banking APIs - QA Test Suite","2026-10-09","failed","2026-10-09","Admin List Documents","KYC, Tier Upgrades & Young Moni","",""
"","113","Create Insurance - No Auth","Personal Banking APIs - QA Test Suite","2026-10-09","passed","2026-10-09","Create Insurance","Insurance","",""
"","174","Youngmoni Transfer - Valid","Personal Banking APIs - QA Test Suite","2026-10-09","failed","2026-10-09","Youngmoni Transfer","Scheduled Payments","",""
"","123","Update Credit Stage - Empty Fields","Personal Banking APIs - QA Test Suite","2026-10-09","failed","2026-10-09","Update Credit Stage","Wallets, Transfers, Transactions & Fund Requests","",""
"","316","Requests Fetch Agents - Valid","Personal Banking APIs - QA Test Suite","2026-10-09","failed","2026-10-09","Requests Fetch Agents","Customer Cards","",""
"","116","Admin Devices Reactivate - Empty Fields","Personal Banking APIs - QA Test Suite","2026-10-09","failed","2026-10-09","Admin Devices Reactivate","Login, Credentials, Security & Devices","",""
"","279","Admin Request Stats - Valid","Personal Banking APIs - QA Test Suite","2026-10-09","failed","2026-10-09","Admin Request Stats","KYC, Tier Upgrades & Young Moni","",""
"","128","Block - Empty Fields","Personal Banking APIs - QA Test Suite","2026-10-09","failed","2026-10-09","Block","Customer Cards","",""
"","161","Continue With Email - Valid","Personal Banking APIs - QA Test Suite","2026-10-09","failed","2026-10-09","Continue With Email","Customer Onboarding","",""
"","141","Reset Password - Missing Required Field","Personal Banking APIs - QA Test Suite","2026-10-09","passed","2026-10-09","Reset Password","Login, Credentials, Security & Devices","",""
"","127","Admin Admin Upgrade To Merchant - Invalid Token Or PIN","Personal Banking APIs - QA Test Suite","2026-10-09","failed","2026-10-09","Admin Admin Upgrade To Merchant","KYC, Tier Upgrades & Young Moni","",""
"","199","Wallet - Valid","Personal Banking APIs - QA Test Suite","2026-10-09","failed","2026-10-09","Wallet","SWAG Savings","",""
"","184","Admin Upload Documents - Invalid Status Or Type","Personal Banking APIs - QA Test Suite","2026-10-09","passed","2026-10-09","Admin Upload Documents","KYC, Tier Upgrades & Young Moni","",""
"","129","Admin Upload Documents - Empty Fields","Personal Banking APIs - QA Test Suite","2026-10-09","passed","2026-10-09","Admin Upload Documents","KYC, Tier Upgrades & Young Moni","",""
"","225","Data Plans - Invalid ID","Personal Banking APIs - QA Test Suite","2026-10-09","passed","2026-10-09","Data Plans","Airtime, Data, Bills & VAS Beneficiaries","",""
"","124","Partial - Valid","Personal Banking APIs - QA Test Suite","2026-10-09","failed","2026-10-09","Partial","Wallets, Transfers, Transactions & Fund Requests","",""
"","176","Create - Valid","Personal Banking APIs - QA Test Suite","2026-10-09","failed","2026-10-09","Create","Airtime, Data, Bills & VAS Beneficiaries","",""
"","115","Retrieve - No Auth","Personal Banking APIs - QA Test Suite","2026-10-09","passed","2026-10-09","Retrieve","Airtime, Data, Bills & VAS Beneficiaries","",""
"","140","Reject Bulk Fund Request - Valid","Personal Banking APIs - QA Test Suite","2026-10-09","failed","2026-10-09","Reject Bulk Fund Request","Wallets, Transfers, Transactions & Fund Requests","",""
"","223","Admin Coins Redemption Rules - Invalid ID","Personal Banking APIs - QA Test Suite","2026-10-09","failed","2026-10-09","Admin Coins Redemption Rules","Rewards, Cash Tokens & Wishlists","",""
"","118","Transactions Withdraw Interest - Missing Required Field","Personal Banking APIs - QA Test Suite","2026-10-09","passed","2026-10-09","Transactions Withdraw Interest","SWAG Savings","",""
"","185","Transactions - Valid","Personal Banking APIs - QA Test Suite","2026-10-09","passed","2026-10-09","Transactions","Wallets, Transfers, Transactions & Fund Requests","",""
"","158","List Schedule Payments - Invalid Query","Personal Banking APIs - QA Test Suite","2026-10-09","failed","2026-10-09","List Schedule Payments","Scheduled Payments","",""
"","251","Admin - Nonexistent ID","Personal Banking APIs - QA Test Suite","2026-10-09","failed","2026-10-09","Admin","KYC, Tier Upgrades & Young Moni","",""
"","134","Setup Liveness Image - Missing Required Field","Personal Banking APIs - QA Test Suite","2026-10-09","passed","2026-10-09","Setup Liveness Image","Login, Credentials, Security & Devices","",""
"","136","Proposed Contributor - No Auth","Personal Banking APIs - QA Test Suite","2026-10-09","failed","2026-10-09","Proposed Contributor","Rewards, Cash Tokens & Wishlists","",""
"","198","Transactions Update Swag Plan - Valid","Personal Banking APIs - QA Test Suite","2026-10-09","failed","2026-10-09","Transactions Update Swag Plan","SWAG Savings","",""
"","129","Customer Submit - No Auth","Personal Banking APIs - QA Test Suite","2026-10-09","passed","2026-10-09","Customer Submit","KYC, Tier Upgrades & Young Moni","",""
"","122","Create - Empty Fields","Personal Banking APIs - QA Test Suite","2026-10-09","failed","2026-10-09","Create","Airtime, Data, Bills & VAS Beneficiaries","",""
"","156","Withdraw - Invalid Token Or PIN","Personal Banking APIs - QA Test Suite","2026-10-09","failed","2026-10-09","Withdraw","Rewards, Cash Tokens & Wishlists","",""
"","187","Providers - Valid","Personal Banking APIs - QA Test Suite","2026-10-09","passed","2026-10-09","Providers","Insurance","",""
"","136","Young Moni Documents Action Document - Invalid ID","Personal Banking APIs - QA Test Suite","2026-10-09","failed","2026-10-09","Young Moni Documents Action Document","KYC, Tier Upgrades & Young Moni","",""
"","116","Transactions Withdraw Interest - Invalid Token Or PIN","Personal Banking APIs - QA Test Suite","2026-10-09","passed","2026-10-09","Transactions Withdraw Interest","SWAG Savings","",""
"","128","Validate Liveness (When Required) - Missing Required Field","Personal Banking APIs - QA Test Suite","2026-10-09","passed","2026-10-09","Validate Liveness (When Required)","Customer Onboarding","",""
"","141","Transfer - Valid","Personal Banking APIs - QA Test Suite","2026-10-09","failed","2026-10-09","Transfer","Scheduled Payments","",""
"","114","Waec Lookup - No Auth","Personal Banking APIs - QA Test Suite","2026-10-09","passed","2026-10-09","Waec Lookup","Airtime, Data, Bills & VAS Beneficiaries","",""
"","135","Update Documents - Missing Required Field","Personal Banking APIs - QA Test Suite","2026-10-09","passed","2026-10-09","Update Documents","KYC, Tier Upgrades & Young Moni","",""
"","139","Disable - Missing Required Field","Personal Banking APIs - QA Test Suite","2026-10-09","failed","2026-10-09","Disable","Wallets, Transfers, Transactions & Fund Requests","",""
"","128","Redeem Coins - Missing Required Field","Personal Banking APIs - QA Test Suite","2026-10-09","passed","2026-10-09","Redeem Coins","Rewards, Cash Tokens & Wishlists","",""
"","157","Kyc Level Count - Invalid Query","Personal Banking APIs - QA Test Suite","2026-10-09","failed","2026-10-09","Kyc Level Count","Customer Profile, Accounts & Beneficiaries","",""
"","122","Transactions Break Wallet - No Auth","Personal Banking APIs - QA Test Suite","2026-10-09","failed","2026-10-09","Transactions Break Wallet","Save & Spend","",""
"","214","List - Valid","Personal Banking APIs - QA Test Suite","2026-10-09","passed","2026-10-09","List","Insurance","",""
"","271","Admin Games - Invalid Query","Personal Banking APIs - QA Test Suite","2026-10-09","failed","2026-10-09","Admin Games","Rewards, Cash Tokens & Wishlists","",""
"","176","Account Officer Request Change - Missing Required Field","Personal Banking APIs - QA Test Suite","2026-10-09","passed","2026-10-09","Account Officer Request Change","Customer Profile, Accounts & Beneficiaries","",""
"","151","Account Officer - Nonexistent ID","Personal Banking APIs - QA Test Suite","2026-10-09","passed","2026-10-09","Account Officer","Customer Profile, Accounts & Beneficiaries","",""
"","165","Retrieve - Valid","Personal Banking APIs - QA Test Suite","2026-10-09","failed","2026-10-09","Retrieve","Supalock Savings","",""
"","121","Admin Coins Redemption Rules - Missing Required Field","Personal Banking APIs - QA Test Suite","2026-10-09","failed","2026-10-09","Admin Coins Redemption Rules","Rewards, Cash Tokens & Wishlists","",""
"","120","Admin Admin Tier One Upgrade - No Auth","Personal Banking APIs - QA Test Suite","2026-10-09","passed","2026-10-09","Admin Admin Tier One Upgrade","KYC, Tier Upgrades & Young Moni","",""
"","119","Young Moni Upload Child Documents - No Auth","Personal Banking APIs - QA Test Suite","2026-10-09","passed","2026-10-09","Young Moni Upload Child Documents","Customer Profile, Accounts & Beneficiaries","",""
"","135","Deals Active - Invalid Query","Personal Banking APIs - QA Test Suite","2026-10-09","passed","2026-10-09","Deals Active","Rewards, Cash Tokens & Wishlists","",""
"","133","Channel Settings - Invalid ID","Personal Banking APIs - QA Test Suite","2026-10-09","passed","2026-10-09","Channel Settings","Customer Cards","",""
"","143","Renew Insurance - Valid","Personal Banking APIs - QA Test Suite","2026-10-09","failed","2026-10-09","Renew Insurance","Insurance","",""
"","124","Channel Settings - Invalid Amount","Personal Banking APIs - QA Test Suite","2026-10-09","failed","2026-10-09","Channel Settings","Customer Cards","",""
"","141","Transactions Create Wallet - Missing Required Field","Personal Banking APIs - QA Test Suite","2026-10-09","passed","2026-10-09","Transactions Create Wallet","Save & Spend","",""
"","142","Winner Dismiss Action - Nonexistent ID","Personal Banking APIs - QA Test Suite","2026-10-09","passed","2026-10-09","Winner Dismiss Action","Rewards, Cash Tokens & Wishlists","",""
"","124","Admin Reject Upgrade Request - Missing Required Field","Personal Banking APIs - QA Test Suite","2026-10-09","failed","2026-10-09","Admin Reject Upgrade Request","KYC, Tier Upgrades & Young Moni","",""
"","173","Winner - Valid","Personal Banking APIs - QA Test Suite","2026-10-09","passed","2026-10-09","Winner","Rewards, Cash Tokens & Wishlists","",""
"","139","Restrict Accounts By BVN - Empty Fields","Personal Banking APIs - QA Test Suite","2026-10-09","failed","2026-10-09","Restrict Accounts By BVN","Customer Profile, Accounts & Beneficiaries","",""
"","134","Webhook Cashtoken Webhook - No Auth","Personal Banking APIs - QA Test Suite","2026-10-09","passed","2026-10-09","Webhook Cashtoken Webhook","Rewards, Cash Tokens & Wishlists","",""
"","133","Validate Face Match - Missing Required Field","Personal Banking APIs - QA Test Suite","2026-10-09","passed","2026-10-09","Validate Face Match","Login, Credentials, Security & Devices","",""
"","120","Wallet - Valid","Personal Banking APIs - QA Test Suite","2026-10-09","failed","2026-10-09","Wallet","Save & Spend","",""
"","132","List - Invalid Query","Personal Banking APIs - QA Test Suite","2026-10-09","failed","2026-10-09","List","Insurance","",""
"","134","Verify BVN (Choose BVN or NIN) - Invalid Status Or Type","Personal Banking APIs - QA Test Suite","2026-10-09","passed","2026-10-09","Verify BVN (Choose BVN or NIN)","Customer Onboarding","",""
"","157","Transactions Create Plan - Invalid Amount","Personal Banking APIs - QA Test Suite","2026-10-09","passed","2026-10-09","Transactions Create Plan","SWAG Savings","",""
"","120","Providers - Nonexistent ID","Personal Banking APIs - QA Test Suite","2026-10-09","passed","2026-10-09","Providers","Insurance","",""
"","115","Wishlist Config Edit - Empty Fields","Personal Banking APIs - QA Test Suite","2026-10-09","failed","2026-10-09","Wishlist Config Edit","Rewards, Cash Tokens & Wishlists","",""
"","117","Verify Phone Number - No Auth","Personal Banking APIs - QA Test Suite","2026-10-09","passed","2026-10-09","Verify Phone Number","Login, Credentials, Security & Devices","",""
"","154","Set Password & Create Pending User - Valid","Personal Banking APIs - QA Test Suite","2026-10-09","failed","2026-10-09","Set Password & Create Pending User","Customer Onboarding","",""
"","135","Admin Upload Documents - Missing Required Field","Personal Banking APIs - QA Test Suite","2026-10-09","passed","2026-10-09","Admin Upload Documents","KYC, Tier Upgrades & Young Moni","",""
"","124","Retrieve - Invalid ID","Personal Banking APIs - QA Test Suite","2026-10-09","failed","2026-10-09","Retrieve","Supalock Savings","",""
"","117","Young Moni Validate Details - Invalid Email","Personal Banking APIs - QA Test Suite","2026-10-09","failed","2026-10-09","Young Moni Validate Details","Customer Profile, Accounts & Beneficiaries","",""
"","254","Admin Request Stats - Invalid Query","Personal Banking APIs - QA Test Suite","2026-10-09","failed","2026-10-09","Admin Request Stats","KYC, Tier Upgrades & Young Moni","",""
"","122","Update Identity - Invalid Status Or Type","Personal Banking APIs - QA Test Suite","2026-10-09","passed","2026-10-09","Update Identity","KYC, Tier Upgrades & Young Moni","",""
"","216","List - Valid","Personal Banking APIs - QA Test Suite","2026-10-09","failed","2026-10-09","List","Wallets, Transfers, Transactions & Fund Requests","",""
"","124","Admin Admin Upgrade To Merchant - Empty Fields","Personal Banking APIs - QA Test Suite","2026-10-09","failed","2026-10-09","Admin Admin Upgrade To Merchant","KYC, Tier Upgrades & Young Moni","",""
"","207","List - Valid","Personal Banking APIs - QA Test Suite","2026-10-09","passed","2026-10-09","List","KYC, Tier Upgrades & Young Moni","",""
"","152","Wallet - Invalid Query","Personal Banking APIs - QA Test Suite","2026-10-09","failed","2026-10-09","Wallet","Save & Spend","",""
"","144","Electricity - Invalid Amount","Personal Banking APIs - QA Test Suite","2026-10-09","passed","2026-10-09","Electricity","Scheduled Payments","",""
"","133","Upload Bulk Fund Request - Missing Required Field","Personal Banking APIs - QA Test Suite","2026-10-09","passed","2026-10-09","Upload Bulk Fund Request","Wallets, Transfers, Transactions & Fund Requests","",""
"","122","Reward With Airtime - No Auth","Personal Banking APIs - QA Test Suite","2026-10-09","passed","2026-10-09","Reward With Airtime","Rewards, Cash Tokens & Wishlists","",""
"","137","Reset Transaction Pin - Missing Required Field","Personal Banking APIs - QA Test Suite","2026-10-09","passed","2026-10-09","Reset Transaction Pin","Login, Credentials, Security & Devices","",""
"","122","Transactions Create Wallet - No Auth","Personal Banking APIs - QA Test Suite","2026-10-09","failed","2026-10-09","Transactions Create Wallet","Save & Spend","",""
"","227","Wallet Download Swag Statement - Valid","Personal Banking APIs - QA Test Suite","2026-10-09","failed","2026-10-09","Wallet Download Swag Statement","SWAG Savings","",""
"","179","Transactions Deposit - Valid","Personal Banking APIs - QA Test Suite","2026-10-09","failed","2026-10-09","Transactions Deposit","SWAG Savings","",""
"","150","Validate Face Match - Valid","Personal Banking APIs - QA Test Suite","2026-10-09","failed","2026-10-09","Validate Face Match","Login, Credentials, Security & Devices","",""
"","165","Verify Reset Token - Valid","Personal Banking APIs - QA Test Suite","2026-10-09","failed","2026-10-09","Verify Reset Token","Login, Credentials, Security & Devices","",""
"","130","Inter Transfer - Invalid Token Or PIN","Personal Banking APIs - QA Test Suite","2026-10-09","passed","2026-10-09","Inter Transfer","Wallets, Transfers, Transactions & Fund Requests","",""
"","113","Wallet Total Balance - No Auth","Personal Banking APIs - QA Test Suite","2026-10-09","passed","2026-10-09","Wallet Total Balance","Save & Spend","",""
"","115","List - No Auth","Personal Banking APIs - QA Test Suite","2026-10-09","passed","2026-10-09","List","Wallets, Transfers, Transactions & Fund Requests","",""
"","142","Transactions Create Wallet Product Specific - Missing Required Field","Personal Banking APIs - QA Test Suite","2026-10-09","passed","2026-10-09","Transactions Create Wallet Product Specific","Target Savings","",""
"","132","Update Communication Preference - Missing Required Field","Personal Banking APIs - QA Test Suite","2026-10-09","passed","2026-10-09","Update Communication Preference","Customer Profile, Accounts & Beneficiaries","",""
"","144","Winner Dismiss Action - Valid","Personal Banking APIs - QA Test Suite","2026-10-09","failed","2026-10-09","Winner Dismiss Action","Rewards, Cash Tokens & Wishlists","",""
"","125","Transfer - Invalid Token Or PIN","Personal Banking APIs - QA Test Suite","2026-10-09","passed","2026-10-09","Transfer","Scheduled Payments","",""
"","123","Retrieve - Nonexistent ID","Personal Banking APIs - QA Test Suite","2026-10-09","passed","2026-10-09","Retrieve","Rewards, Cash Tokens & Wishlists","",""
"","135","Admin Admin Tier Zero Upgrade - Valid","Personal Banking APIs - QA Test Suite","2026-10-09","failed","2026-10-09","Admin Admin Tier Zero Upgrade","KYC, Tier Upgrades & Young Moni","",""
"","382","Get Cable Plans - Valid","Personal Banking APIs - QA Test Suite","2026-10-09","passed","2026-10-09","Get Cable Plans","Airtime, Data, Bills & VAS Beneficiaries","",""
"","120","Item - Nonexistent ID","Personal Banking APIs - QA Test Suite","2026-10-09","passed","2026-10-09","Item","Rewards, Cash Tokens & Wishlists","",""
"","118","Purchase Epin - Empty Fields","Personal Banking APIs - QA Test Suite","2026-10-09","passed","2026-10-09","Purchase Epin","Airtime, Data, Bills & VAS Beneficiaries","",""
"","126","Transactions Create Wallet Product Specific - Empty Fields","Personal Banking APIs - QA Test Suite","2026-10-09","passed","2026-10-09","Transactions Create Wallet Product Specific","Target Savings","",""
"","145","Admin Games Rewards - No Auth","Personal Banking APIs - QA Test Suite","2026-10-09","passed","2026-10-09","Admin Games Rewards","Rewards, Cash Tokens & Wishlists","",""
"","116","Purchase Waec - Missing Required Field","Personal Banking APIs - QA Test Suite","2026-10-09","passed","2026-10-09","Purchase Waec","Airtime, Data, Bills & VAS Beneficiaries","",""
"","118","Wishlist Config - No Auth","Personal Banking APIs - QA Test Suite","2026-10-09","passed","2026-10-09","Wishlist Config","Rewards, Cash Tokens & Wishlists","",""
"","140","Reset Transaction Pin - Invalid Token Or PIN","Personal Banking APIs - QA Test Suite","2026-10-09","passed","2026-10-09","Reset Transaction Pin","Login, Credentials, Security & Devices","",""
"","127","Transactions - Invalid Query","Personal Banking APIs - QA Test Suite","2026-10-09","failed","2026-10-09","Transactions","Supalock Savings","",""
"","119","Purchase Electricity - No Auth","Personal Banking APIs - QA Test Suite","2026-10-09","failed","2026-10-09","Purchase Electricity","Airtime, Data, Bills & VAS Beneficiaries","",""
"","128","Partial - Invalid ID","Personal Banking APIs - QA Test Suite","2026-10-09","failed","2026-10-09","Partial","Customer Profile, Accounts & Beneficiaries","",""
"","233","Admin Coins Redemption Rules - Valid","Personal Banking APIs - QA Test Suite","2026-10-09","failed","2026-10-09","Admin Coins Redemption Rules","Rewards, Cash Tokens & Wishlists","",""
"","129","Update Gender - No Auth","Personal Banking APIs - QA Test Suite","2026-10-09","passed","2026-10-09","Update Gender","Login, Credentials, Security & Devices","",""
"","125","Notify Of Missed Inward - No Auth","Personal Banking APIs - QA Test Suite","2026-10-09","passed","2026-10-09","Notify Of Missed Inward","Wallets, Transfers, Transactions & Fund Requests","",""
"","168","List - Valid","Personal Banking APIs - QA Test Suite","2026-10-09","passed","2026-10-09","List","Scheduled Payments","",""
"","367","Her Wealth Details - Invalid Query","Personal Banking APIs - QA Test Suite","2026-10-09","passed","2026-10-09","Her Wealth Details","Customer Profile, Accounts & Beneficiaries","",""
"","129","Get Item Edit - No Auth","Personal Banking APIs - QA Test Suite","2026-10-09","passed","2026-10-09","Get Item Edit","Rewards, Cash Tokens & Wishlists","",""
"","162","Admin Coins Redemption Rules - Invalid Status Or Type","Personal Banking APIs - QA Test Suite","2026-10-09","failed","2026-10-09","Admin Coins Redemption Rules","Rewards, Cash Tokens & Wishlists","",""
"","124","Young Moni Documents Action Document - Missing Required Field","Personal Banking APIs - QA Test Suite","2026-10-09","failed","2026-10-09","Young Moni Documents Action Document","KYC, Tier Upgrades & Young Moni","",""
"","140","Requests - Invalid Query","Personal Banking APIs - QA Test Suite","2026-10-09","failed","2026-10-09","Requests","Customer Cards","",""
"","141","Validate Smart Card - Missing Required Field","Personal Banking APIs - QA Test Suite","2026-10-09","failed","2026-10-09","Validate Smart Card","Airtime, Data, Bills & VAS Beneficiaries","",""
"","120","Purchase Epin - Valid","Personal Banking APIs - QA Test Suite","2026-10-09","failed","2026-10-09","Purchase Epin","Airtime, Data, Bills & VAS Beneficiaries","",""
"","143","Purchase Cable - Valid","Personal Banking APIs - QA Test Suite","2026-10-09","failed","2026-10-09","Purchase Cable","Airtime, Data, Bills & VAS Beneficiaries","",""
"","190","Deals Active - Valid","Personal Banking APIs - QA Test Suite","2026-10-09","failed","2026-10-09","Deals Active","Rewards, Cash Tokens & Wishlists","",""
"","131","Requests Get Delivery Cost - No Auth","Personal Banking APIs - QA Test Suite","2026-10-09","passed","2026-10-09","Requests Get Delivery Cost","Customer Cards","",""
"","126","Types - Invalid Query","Personal Banking APIs - QA Test Suite","2026-10-09","failed","2026-10-09","Types","Supalock Savings","",""
"","323","Create Insurance - Valid","Personal Banking APIs - QA Test Suite","2026-10-09","failed","2026-10-09","Create Insurance","Insurance","",""
"","115","Retrieve - No Auth","Personal Banking APIs - QA Test Suite","2026-10-09","passed","2026-10-09","Retrieve","Customer Profile, Accounts & Beneficiaries","",""
"","123","Partial - Nonexistent ID","Personal Banking APIs - QA Test Suite","2026-10-09","passed","2026-10-09","Partial","Airtime, Data, Bills & VAS Beneficiaries","",""
"","131","Admin Coins Rules - No Auth","Personal Banking APIs - QA Test Suite","2026-10-09","passed","2026-10-09","Admin Coins Rules","Rewards, Cash Tokens & Wishlists","",""
"","242","List - Valid","Personal Banking APIs - QA Test Suite","2026-10-09","failed","2026-10-09","List","Wallets, Transfers, Transactions & Fund Requests","",""
"","154","Withdraw - Valid","Personal Banking APIs - QA Test Suite","2026-10-09","failed","2026-10-09","Withdraw","Rewards, Cash Tokens & Wishlists","",""
"","129","Update Documents - Empty Fields","Personal Banking APIs - QA Test Suite","2026-10-09","passed","2026-10-09","Update Documents","KYC, Tier Upgrades & Young Moni","",""
"","162","Transactions Withdraw Interest - Empty Fields","Personal Banking APIs - QA Test Suite","2026-10-09","passed","2026-10-09","Transactions Withdraw Interest","SWAG Savings","",""
"","140","Partial - Empty Fields","Personal Banking APIs - QA Test Suite","2026-10-09","failed","2026-10-09","Partial","Airtime, Data, Bills & VAS Beneficiaries","",""
"","137","Winner Dismiss Action - Empty Fields","Personal Banking APIs - QA Test Suite","2026-10-09","failed","2026-10-09","Winner Dismiss Action","Rewards, Cash Tokens & Wishlists","",""
"","136","Update Single Transfer Limit - Invalid Amount","Personal Banking APIs - QA Test Suite","2026-10-09","passed","2026-10-09","Update Single Transfer Limit","Customer Profile, Accounts & Beneficiaries","",""
"","176","Transactions Evaluate Break - Empty Fields","Personal Banking APIs - QA Test Suite","2026-10-09","passed","2026-10-09","Transactions Evaluate Break","Target Savings","",""
"","136","Channel Settings - Invalid Token Or PIN","Personal Banking APIs - QA Test Suite","2026-10-09","failed","2026-10-09","Channel Settings","Customer Cards","",""
"","137","Reject Single Bulk Recipient - No Auth","Personal Banking APIs - QA Test Suite","2026-10-09","passed","2026-10-09","Reject Single Bulk Recipient","Wallets, Transfers, Transactions & Fund Requests","",""
"","112","Get Electricity Billers - No Auth","Personal Banking APIs - QA Test Suite","2026-10-09","passed","2026-10-09","Get Electricity Billers","Airtime, Data, Bills & VAS Beneficiaries","",""
"","125","Retry Payment Schedule - Missing Required Field","Personal Banking APIs - QA Test Suite","2026-10-09","passed","2026-10-09","Retry Payment Schedule","Scheduled Payments","",""
"","129","Complete Registration - Empty Fields","Personal Banking APIs - QA Test Suite","2026-10-09","passed","2026-10-09","Complete Registration","Customer Onboarding","",""
"","142","Tier One Upgrade With BVN - Valid","Personal Banking APIs - QA Test Suite","2026-10-09","failed","2026-10-09","Tier One Upgrade With BVN","KYC, Tier Upgrades & Young Moni","",""
"","239","Retry Payment Schedule - Valid","Personal Banking APIs - QA Test Suite","2026-10-09","failed","2026-10-09","Retry Payment Schedule","Scheduled Payments","",""
"","131","Games Card Match - Empty Fields","Personal Banking APIs - QA Test Suite","2026-10-09","passed","2026-10-09","Games Card Match","Rewards, Cash Tokens & Wishlists","",""
"","117","List - No Auth","Personal Banking APIs - QA Test Suite","2026-10-09","passed","2026-10-09","List","Airtime, Data, Bills & VAS Beneficiaries","",""
"","137","Retrieve - Invalid Query","Personal Banking APIs - QA Test Suite","2026-10-09","failed","2026-10-09","Retrieve","Airtime, Data, Bills & VAS Beneficiaries","",""
"","128","Update Daily Transfer Limit - Invalid Token Or PIN","Personal Banking APIs - QA Test Suite","2026-10-09","passed","2026-10-09","Update Daily Transfer Limit","Customer Profile, Accounts & Beneficiaries","",""
"","144","Admin Devices Reactivate - Valid","Personal Banking APIs - QA Test Suite","2026-10-09","failed","2026-10-09","Admin Devices Reactivate","Login, Credentials, Security & Devices","",""
"","150","Create - Valid","Personal Banking APIs - QA Test Suite","2026-10-09","failed","2026-10-09","Create","Customer Profile, Accounts & Beneficiaries","",""
"","130","Retrieve - No Auth","Personal Banking APIs - QA Test Suite","2026-10-09","passed","2026-10-09","Retrieve","Airtime, Data, Bills & VAS Beneficiaries","",""
"","142","Tier Zero Upgrade - Valid","Personal Banking APIs - QA Test Suite","2026-10-09","failed","2026-10-09","Tier Zero Upgrade","KYC, Tier Upgrades & Young Moni","",""
"","137","Tier One Upgrade - Invalid Status Or Type","Personal Banking APIs - QA Test Suite","2026-10-09","passed","2026-10-09","Tier One Upgrade","KYC, Tier Upgrades & Young Moni","",""
"","136","Transactions - Invalid Query","Personal Banking APIs - QA Test Suite","2026-10-09","failed","2026-10-09","Transactions","SWAG Savings","",""
"","124","Partial - Empty Fields","Personal Banking APIs - QA Test Suite","2026-10-09","failed","2026-10-09","Partial","Customer Profile, Accounts & Beneficiaries","",""
"","134","Update Gender - Missing Required Field","Personal Banking APIs - QA Test Suite","2026-10-09","passed","2026-10-09","Update Gender","Login, Credentials, Security & Devices","",""
"","144","Request Account Reactivation - No Auth","Personal Banking APIs - QA Test Suite","2026-10-09","passed","2026-10-09","Request Account Reactivation","KYC, Tier Upgrades & Young Moni","",""
"","114","Recipients - No Auth","Personal Banking APIs - QA Test Suite","2026-10-09","passed","2026-10-09","Recipients","Wallets, Transfers, Transactions & Fund Requests","",""
"","156","Coin Wallet Transactions - Invalid Query","Personal Banking APIs - QA Test Suite","2026-10-09","passed","2026-10-09","Coin Wallet Transactions","Rewards, Cash Tokens & Wishlists","",""
"","158","Transactions Create Wallet - Missing Required Field","Personal Banking APIs - QA Test Suite","2026-10-09","passed","2026-10-09","Transactions Create Wallet","Target Savings","",""
"","127","Games - Invalid Query","Personal Banking APIs - QA Test Suite","2026-10-09","passed","2026-10-09","Games","Rewards, Cash Tokens & Wishlists","",""
"","118","Create Login Pin - Empty Fields","Personal Banking APIs - QA Test Suite","2026-10-09","failed","2026-10-09","Create Login Pin","Login, Credentials, Security & Devices","",""
"","153","Update Daily Transfer Limit - No Auth","Personal Banking APIs - QA Test Suite","2026-10-09","passed","2026-10-09","Update Daily Transfer Limit","Customer Profile, Accounts & Beneficiaries","",""
"","136","Admin Admin Upgrade To Merchant - No Auth","Personal Banking APIs - QA Test Suite","2026-10-09","passed","2026-10-09","Admin Admin Upgrade To Merchant","KYC, Tier Upgrades & Young Moni","",""
"","163","Wallet Interest Balance - Invalid ID","Personal Banking APIs - QA Test Suite","2026-10-09","failed","2026-10-09","Wallet Interest Balance","Save & Spend","",""
"","117","Withdraw - No Auth","Personal Banking APIs - QA Test Suite","2026-10-09","passed","2026-10-09","Withdraw","Rewards, Cash Tokens & Wishlists","",""
"","122","Retrieve - Invalid ID","Personal Banking APIs - QA Test Suite","2026-10-09","failed","2026-10-09","Retrieve","Airtime, Data, Bills & VAS Beneficiaries","",""
"","144","Reset Transaction Pin - No Auth","Personal Banking APIs - QA Test Suite","2026-10-09","passed","2026-10-09","Reset Transaction Pin","Login, Credentials, Security & Devices","",""
"","142","Wallet - No Auth","Personal Banking APIs - QA Test Suite","2026-10-09","passed","2026-10-09","Wallet","SWAG Savings","",""
"","172","Transactions - Valid","Personal Banking APIs - QA Test Suite","2026-10-09","failed","2026-10-09","Transactions","Supalock Savings","",""
"","130","Wallet - Valid","Personal Banking APIs - QA Test Suite","2026-10-09","failed","2026-10-09","Wallet","Target Savings","",""
"","128","Payment Merchant - Empty Fields","Personal Banking APIs - QA Test Suite","2026-10-09","failed","2026-10-09","Payment Merchant","Customer Cards","",""
"","123","Admin Update Documents - Empty Fields","Personal Banking APIs - QA Test Suite","2026-10-09","passed","2026-10-09","Admin Update Documents","KYC, Tier Upgrades & Young Moni","",""
"","140","Toolkit Accounts - Valid","Personal Banking APIs - QA Test Suite","2026-10-09","failed","2026-10-09","Toolkit Accounts","Customer Profile, Accounts & Beneficiaries","",""
"","124","Admin Coins Rules - Missing Required Field","Personal Banking APIs - QA Test Suite","2026-10-09","failed","2026-10-09","Admin Coins Rules","Rewards, Cash Tokens & Wishlists","",""
"","122","Young Moni Validate Details Without Identity - Valid","Personal Banking APIs - QA Test Suite","2026-10-09","failed","2026-10-09","Young Moni Validate Details Without Identity","Customer Profile, Accounts & Beneficiaries","",""
"","135","Account Officer View Rating - No Auth","Personal Banking APIs - QA Test Suite","2026-10-09","passed","2026-10-09","Account Officer View Rating","Customer Profile, Accounts & Beneficiaries","",""
"","171","Check Email / Phone Availability - Missing Required Field","Personal Banking APIs - QA Test Suite","2026-10-09","failed","2026-10-09","Check Email / Phone Availability","Customer Onboarding","",""
"","188","Leaderboard - Valid","Personal Banking APIs - QA Test Suite","2026-10-09","passed","2026-10-09","Leaderboard","Customer Profile, Accounts & Beneficiaries","",""
"","123","Types - Invalid Query","Personal Banking APIs - QA Test Suite","2026-10-09","failed","2026-10-09","Types","Supalock Savings","",""
"","132","Channel Settings - Empty Fields","Personal Banking APIs - QA Test Suite","2026-10-09","passed","2026-10-09","Channel Settings","Customer Cards","",""
"","113","Perform Action - No Auth","Personal Banking APIs - QA Test Suite","2026-10-09","passed","2026-10-09","Perform Action","Rewards, Cash Tokens & Wishlists","",""
"","126","Create Password - Invalid Token Or PIN","Personal Banking APIs - QA Test Suite","2026-10-09","passed","2026-10-09","Create Password","Login, Credentials, Security & Devices","",""
"","137","Download Statement - Valid","Personal Banking APIs - QA Test Suite","2026-10-09","failed","2026-10-09","Download Statement","Wallets, Transfers, Transactions & Fund Requests","",""
"","137","Update Documents - Valid","Personal Banking APIs - QA Test Suite","2026-10-09","failed","2026-10-09","Update Documents","KYC, Tier Upgrades & Young Moni","",""
"","250","Encrypt Login - Valid","Personal Banking APIs - QA Test Suite","2026-10-09","passed","2026-10-09","Encrypt Login","Login, Credentials, Security & Devices","",""
"","124","Transactions - Invalid ID","Personal Banking APIs - QA Test Suite","2026-10-09","passed","2026-10-09","Transactions","Target Savings","",""
"","135","Requests Fetch Agents - No Auth","Personal Banking APIs - QA Test Suite","2026-10-09","passed","2026-10-09","Requests Fetch Agents","Customer Cards","",""
"","138","Purchase Cable - Invalid Status Or Type","Personal Banking APIs - QA Test Suite","2026-10-09","passed","2026-10-09","Purchase Cable","Airtime, Data, Bills & VAS Beneficiaries","",""
"","156","Item - Invalid ID","Personal Banking APIs - QA Test Suite","2026-10-09","passed","2026-10-09","Item","Rewards, Cash Tokens & Wishlists","",""
"","149","Reject Bulk Fund Request - Invalid Token Or PIN","Personal Banking APIs - QA Test Suite","2026-10-09","failed","2026-10-09","Reject Bulk Fund Request","Wallets, Transfers, Transactions & Fund Requests","",""
"","164","List - No Auth","Personal Banking APIs - QA Test Suite","2026-10-09","passed","2026-10-09","List","Supalock Savings","",""
"","148","Admin Admin Submit - Valid","Personal Banking APIs - QA Test Suite","2026-10-09","failed","2026-10-09","Admin Admin Submit","KYC, Tier Upgrades & Young Moni","",""
"","139","Repay - Valid","Personal Banking APIs - QA Test Suite","2026-10-09","failed","2026-10-09","Repay","Kolo Connect Advances","",""
"","123","Admin Coins Rules - Invalid ID","Personal Banking APIs - QA Test Suite","2026-10-09","failed","2026-10-09","Admin Coins Rules","Rewards, Cash Tokens & Wishlists","",""
"","203","Document Update Status - Valid","Personal Banking APIs - QA Test Suite","2026-10-09","failed","2026-10-09","Document Update Status","KYC, Tier Upgrades & Young Moni","",""
"","170","Admin Admin Tier One Upgrade - Valid","Personal Banking APIs - QA Test Suite","2026-10-09","failed","2026-10-09","Admin Admin Tier One Upgrade","KYC, Tier Upgrades & Young Moni","",""
"","175","List - Valid","Personal Banking APIs - QA Test Suite","2026-10-09","passed","2026-10-09","List","Customer Profile, Accounts & Beneficiaries","",""
"","139","Perform Action - Missing Required Field","Personal Banking APIs - QA Test Suite","2026-10-09","failed","2026-10-09","Perform Action","Rewards, Cash Tokens & Wishlists","",""
"","311","Reset Password - Valid","Personal Banking APIs - QA Test Suite","2026-10-09","passed","2026-10-09","Reset Password","Login, Credentials, Security & Devices","",""
"","144","Create Login Pin - Invalid Token Or PIN","Personal Banking APIs - QA Test Suite","2026-10-09","failed","2026-10-09","Create Login Pin","Login, Credentials, Security & Devices","",""
"","125","Transactions Create Plan - Valid","Personal Banking APIs - QA Test Suite","2026-10-09","failed","2026-10-09","Transactions Create Plan","SWAG Savings","",""
"","116","Find Account Banks - No Auth","Personal Banking APIs - QA Test Suite","2026-10-09","passed","2026-10-09","Find Account Banks","Customer Profile, Accounts & Beneficiaries","",""
"","124","Create Transaction Pin - No Auth","Personal Banking APIs - QA Test Suite","2026-10-09","passed","2026-10-09","Create Transaction Pin","Login, Credentials, Security & Devices","",""
"","125","Young Moni Requests - Invalid Query","Personal Banking APIs - QA Test Suite","2026-10-09","failed","2026-10-09","Young Moni Requests","KYC, Tier Upgrades & Young Moni","",""
"","142","Verify Token - Invalid Status Or Type","Personal Banking APIs - QA Test Suite","2026-10-09","passed","2026-10-09","Verify Token","Login, Credentials, Security & Devices","",""
"","117","Account Officer Change Request - No Auth","Personal Banking APIs - QA Test Suite","2026-10-09","passed","2026-10-09","Account Officer Change Request","Customer Profile, Accounts & Beneficiaries","",""
"","122","Transactions Deposit - Missing Required Field","Personal Banking APIs - QA Test Suite","2026-10-09","passed","2026-10-09","Transactions Deposit","Target Savings","",""
"","153","Young Moni Requests - Invalid ID","Personal Banking APIs - QA Test Suite","2026-10-09","failed","2026-10-09","Young Moni Requests","KYC, Tier Upgrades & Young Moni","",""
"","134","Young Moni Documents - Valid","Personal Banking APIs - QA Test Suite","2026-10-09","failed","2026-10-09","Young Moni Documents","KYC, Tier Upgrades & Young Moni","",""
"","130","Channel Settings - No Auth","Personal Banking APIs - QA Test Suite","2026-10-09","passed","2026-10-09","Channel Settings","Customer Cards","",""
"","114","Get Cable Providers - No Auth","Personal Banking APIs - QA Test Suite","2026-10-09","passed","2026-10-09","Get Cable Providers","Airtime, Data, Bills & VAS Beneficiaries","",""
"","239","Admin Games Rewards - Valid","Personal Banking APIs - QA Test Suite","2026-10-09","failed","2026-10-09","Admin Games Rewards","Rewards, Cash Tokens & Wishlists","",""
"","125","Proposed Contributor - Missing Required Field","Personal Banking APIs - QA Test Suite","2026-10-09","passed","2026-10-09","Proposed Contributor","Rewards, Cash Tokens & Wishlists","",""
"","125","Customer Submit - Missing Required Field","Personal Banking APIs - QA Test Suite","2026-10-09","passed","2026-10-09","Customer Submit","KYC, Tier Upgrades & Young Moni","",""
"","156","Admin Complete Upgrade Request - Valid","Personal Banking APIs - QA Test Suite","2026-10-09","failed","2026-10-09","Admin Complete Upgrade Request","KYC, Tier Upgrades & Young Moni","",""
"","141","Wallet Total Balance - Valid","Personal Banking APIs - QA Test Suite","2026-10-09","failed","2026-10-09","Wallet Total Balance","Target Savings","",""
"","143","Retry Payment Schedule - Empty Fields","Personal Banking APIs - QA Test Suite","2026-10-09","passed","2026-10-09","Retry Payment Schedule","Scheduled Payments","",""
"","180","Transactions Create Plan - Invalid Status Or Type","Personal Banking APIs - QA Test Suite","2026-10-09","passed","2026-10-09","Transactions Create Plan","SWAG Savings","",""
"","133","Setup Liveness Image - No Auth","Personal Banking APIs - QA Test Suite","2026-10-09","failed","2026-10-09","Setup Liveness Image","Login, Credentials, Security & Devices","",""
"","131","Toolkit Accounts - Invalid Query","Personal Banking APIs - QA Test Suite","2026-10-09","failed","2026-10-09","Toolkit Accounts","Customer Profile, Accounts & Beneficiaries","",""
"","158","Terms - Nonexistent ID","Personal Banking APIs - QA Test Suite","2026-10-09","passed","2026-10-09","Terms","Rewards, Cash Tokens & Wishlists","",""
"","137","Tier One Upgrade With BVN - Empty Fields","Personal Banking APIs - QA Test Suite","2026-10-09","passed","2026-10-09","Tier One Upgrade With BVN","KYC, Tier Upgrades & Young Moni","",""
"","473","Info - Valid","Personal Banking APIs - QA Test Suite","2026-10-09","passed","2026-10-09","Info","Customer Profile, Accounts & Beneficiaries","",""
"","133","Retrieve - Invalid Query","Personal Banking APIs - QA Test Suite","2026-10-09","failed","2026-10-09","Retrieve","Airtime, Data, Bills & VAS Beneficiaries","",""
"","123","Admin Coins Rules - Nonexistent ID","Personal Banking APIs - QA Test Suite","2026-10-09","failed","2026-10-09","Admin Coins Rules","Rewards, Cash Tokens & Wishlists","",""
"","128","Transactions - Invalid Query","Personal Banking APIs - QA Test Suite","2026-10-09","failed","2026-10-09","Transactions","Target Savings","",""
"","149","Wallet - Valid","Personal Banking APIs - QA Test Suite","2026-10-09","failed","2026-10-09","Wallet","Target Savings","",""
"","140","Create - Missing Required Field","Personal Banking APIs - QA Test Suite","2026-10-09","failed","2026-10-09","Create","Airtime, Data, Bills & VAS Beneficiaries","",""
"","114","Admin Coins Redemption Rules - No Auth","Personal Banking APIs - QA Test Suite","2026-10-09","passed","2026-10-09","Admin Coins Redemption Rules","Rewards, Cash Tokens & Wishlists","",""
"","144","Providers - Valid","Personal Banking APIs - QA Test Suite","2026-10-09","failed","2026-10-09","Providers","Insurance","",""
"","122","Transactions Evaluate Target - Invalid Status Or Type","Personal Banking APIs - QA Test Suite","2026-10-09","passed","2026-10-09","Transactions Evaluate Target","Target Savings","",""
"","136","Wishlist Config Edit - Invalid Amount","Personal Banking APIs - QA Test Suite","2026-10-09","failed","2026-10-09","Wishlist Config Edit","Rewards, Cash Tokens & Wishlists","",""
"","134","Dismiss Action - Empty Fields","Personal Banking APIs - QA Test Suite","2026-10-09","failed","2026-10-09","Dismiss Action","KYC, Tier Upgrades & Young Moni","",""
"","127","Login With Pin - Valid","Personal Banking APIs - QA Test Suite","2026-10-09","failed","2026-10-09","Login With Pin","Login, Credentials, Security & Devices","",""
"","166","Activate - Valid","Personal Banking APIs - QA Test Suite","2026-10-09","failed","2026-10-09","Activate","Customer Cards","",""
"","128","Electricity - Missing Required Field","Personal Banking APIs - QA Test Suite","2026-10-09","passed","2026-10-09","Electricity","Scheduled Payments","",""
"","146","Partial - Missing Required Field","Personal Banking APIs - QA Test Suite","2026-10-09","failed","2026-10-09","Partial","Airtime, Data, Bills & VAS Beneficiaries","",""
"","133","Winner Dismiss Action - Missing Required Field","Personal Banking APIs - QA Test Suite","2026-10-09","failed","2026-10-09","Winner Dismiss Action","Rewards, Cash Tokens & Wishlists","",""
"","162","Retrieve - No Auth","Personal Banking APIs - QA Test Suite","2026-10-09","passed","2026-10-09","Retrieve","Wallets, Transfers, Transactions & Fund Requests","",""
"","114","Dismiss Action - No Auth","Personal Banking APIs - QA Test Suite","2026-10-09","passed","2026-10-09","Dismiss Action","KYC, Tier Upgrades & Young Moni","",""
"","116","Transactions Deposit - No Auth","Personal Banking APIs - QA Test Suite","2026-10-09","failed","2026-10-09","Transactions Deposit","Target Savings","",""
"","194","Transactions - Valid","Personal Banking APIs - QA Test Suite","2026-10-09","passed","2026-10-09","Transactions","Save & Spend","",""
"","125","Admin Admin Tier Zero Upgrade - Empty Fields","Personal Banking APIs - QA Test Suite","2026-10-09","failed","2026-10-09","Admin Admin Tier Zero Upgrade","KYC, Tier Upgrades & Young Moni","",""
"","203","Data Plans - Nonexistent ID","Personal Banking APIs - QA Test Suite","2026-10-09","failed","2026-10-09","Data Plans","Airtime, Data, Bills & VAS Beneficiaries","",""
"","136","Retrieve - No Auth","Personal Banking APIs - QA Test Suite","2026-10-09","passed","2026-10-09","Retrieve","KYC, Tier Upgrades & Young Moni","",""
"","270","Admin Games Rewards - No Auth","Personal Banking APIs - QA Test Suite","2026-10-09","passed","2026-10-09","Admin Games Rewards","Rewards, Cash Tokens & Wishlists","",""
"","115","Types - No Auth","Personal Banking APIs - QA Test Suite","2026-10-09","passed","2026-10-09","Types","Supalock Savings","",""
"","132","Requests - Nonexistent ID","Personal Banking APIs - QA Test Suite","2026-10-09","passed","2026-10-09","Requests","Customer Cards","",""
"","161","Coin Wallet - Valid","Personal Banking APIs - QA Test Suite","2026-10-09","failed","2026-10-09","Coin Wallet","Rewards, Cash Tokens & Wishlists","",""
"","208","Admin Games - No Auth","Personal Banking APIs - QA Test Suite","2026-10-09","passed","2026-10-09","Admin Games","Rewards, Cash Tokens & Wishlists","",""
"","435","Get Cable Providers - Invalid Query","Personal Banking APIs - QA Test Suite","2026-10-09","failed","2026-10-09","Get Cable Providers","Airtime, Data, Bills & VAS Beneficiaries","",""
"","122","Wallet Download Target Statement - No Auth","Personal Banking APIs - QA Test Suite","2026-10-09","passed","2026-10-09","Wallet Download Target Statement","Target Savings","",""
"","158","Transactions Withdraw Principal - Valid","Personal Banking APIs - QA Test Suite","2026-10-09","failed","2026-10-09","Transactions Withdraw Principal","SWAG Savings","",""
"","202","Encrypt Login - Invalid Email","Personal Banking APIs - QA Test Suite","2026-10-09","failed","2026-10-09","Encrypt Login","Login, Credentials, Security & Devices","",""
"","303","Admin List Documents - Nonexistent ID","Personal Banking APIs - QA Test Suite","2026-10-09","passed","2026-10-09","Admin List Documents","KYC, Tier Upgrades & Young Moni","",""
"","145","Get Item Edit - Invalid ID","Personal Banking APIs - QA Test Suite","2026-10-09","failed","2026-10-09","Get Item Edit","Rewards, Cash Tokens & Wishlists","",""
"","158","Unblock - Missing Required Field","Personal Banking APIs - QA Test Suite","2026-10-09","failed","2026-10-09","Unblock","Customer Cards","",""
"","120","Airtime - Empty Fields","Personal Banking APIs - QA Test Suite","2026-10-09","passed","2026-10-09","Airtime","Scheduled Payments","",""
"","146","Export Fund Recipients - Empty Fields","Personal Banking APIs - QA Test Suite","2026-10-09","failed","2026-10-09","Export Fund Recipients","Wallets, Transfers, Transactions & Fund Requests","",""
"","114","Update - Empty Fields","Personal Banking APIs - QA Test Suite","2026-10-09","passed","2026-10-09","Update","Scheduled Payments","",""
"","167","Requests - Valid","Personal Banking APIs - QA Test Suite","2026-10-09","failed","2026-10-09","Requests","Customer Cards","",""
"","149","Transactions Withdraw Interest - Valid","Personal Banking APIs - QA Test Suite","2026-10-09","failed","2026-10-09","Transactions Withdraw Interest","SWAG Savings","",""
"","115","Transactions Break Target - Empty Fields","Personal Banking APIs - QA Test Suite","2026-10-09","passed","2026-10-09","Transactions Break Target","Target Savings","",""
"","160","Export Fund Recipients - Valid","Personal Banking APIs - QA Test Suite","2026-10-09","failed","2026-10-09","Export Fund Recipients","Wallets, Transfers, Transactions & Fund Requests","",""
"","112","Retrieve - No Auth","Personal Banking APIs - QA Test Suite","2026-10-09","passed","2026-10-09","Retrieve","Kolo Connect Advances","",""
"","123","Transactions Update Spend Wallet - Invalid Status Or Type","Personal Banking APIs - QA Test Suite","2026-10-09","passed","2026-10-09","Transactions Update Spend Wallet","Save & Spend","",""
"","135","Update Identity - Missing Required Field","Personal Banking APIs - QA Test Suite","2026-10-09","passed","2026-10-09","Update Identity","KYC, Tier Upgrades & Young Moni","",""
"","121","Eligibility - No Auth","Personal Banking APIs - QA Test Suite","2026-10-09","passed","2026-10-09","Eligibility","Kolo Connect Advances","",""
"","127","Transfer - Empty Fields","Personal Banking APIs - QA Test Suite","2026-10-09","passed","2026-10-09","Transfer","Scheduled Payments","",""
"","162","Airtime - Valid","Personal Banking APIs - QA Test Suite","2026-10-09","failed","2026-10-09","Airtime","Scheduled Payments","",""
"","155","Update Daily Transfer Limit - Empty Fields","Personal Banking APIs - QA Test Suite","2026-10-09","failed","2026-10-09","Update Daily Transfer Limit","Customer Profile, Accounts & Beneficiaries","",""
"","161","Verify Email Update - Valid","Personal Banking APIs - QA Test Suite","2026-10-09","failed","2026-10-09","Verify Email Update","KYC, Tier Upgrades & Young Moni","",""
"","162","Enable - Invalid ID","Personal Banking APIs - QA Test Suite","2026-10-09","failed","2026-10-09","Enable","Wallets, Transfers, Transactions & Fund Requests","",""
"","142","Partial - No Auth","Personal Banking APIs - QA Test Suite","2026-10-09","passed","2026-10-09","Partial","Airtime, Data, Bills & VAS Beneficiaries","",""
"","121","Admin Coins Redemption Rules - Missing Required Field","Personal Banking APIs - QA Test Suite","2026-10-09","failed","2026-10-09","Admin Coins Redemption Rules","Rewards, Cash Tokens & Wishlists","",""
"","129","Update Communication Preference - Invalid ID","Personal Banking APIs - QA Test Suite","2026-10-09","passed","2026-10-09","Update Communication Preference","Customer Profile, Accounts & Beneficiaries","",""
"","142","Coin Wallet Transactions - Valid","Personal Banking APIs - QA Test Suite","2026-10-09","failed","2026-10-09","Coin Wallet Transactions","Rewards, Cash Tokens & Wishlists","",""
"","129","Dismiss Action - Nonexistent ID","Personal Banking APIs - QA Test Suite","2026-10-09","passed","2026-10-09","Dismiss Action","KYC, Tier Upgrades & Young Moni","",""
"","193","Transactions - Valid","Personal Banking APIs - QA Test Suite","2026-10-09","failed","2026-10-09","Transactions","SWAG Savings","",""
"","152","Update Communication Preference - Invalid Token Or PIN","Personal Banking APIs - QA Test Suite","2026-10-09","passed","2026-10-09","Update Communication Preference","Customer Profile, Accounts & Beneficiaries","",""
"","198","List - Invalid Query","Personal Banking APIs - QA Test Suite","2026-10-09","failed","2026-10-09","List","KYC, Tier Upgrades & Young Moni","",""
"","143","Repay - No Auth","Personal Banking APIs - QA Test Suite","2026-10-09","passed","2026-10-09","Repay","Kolo Connect Advances","",""
"","125","Retrieve - Invalid ID","Personal Banking APIs - QA Test Suite","2026-10-09","passed","2026-10-09","Retrieve","Insurance","",""
"","139","Topup Supalock - Invalid Token Or PIN","Personal Banking APIs - QA Test Suite","2026-10-09","failed","2026-10-09","Topup Supalock","Supalock Savings","",""
"","171","Overview - Valid","Personal Banking APIs - QA Test Suite","2026-10-09","passed","2026-10-09","Overview","Customer Profile, Accounts & Beneficiaries","",""
"","146","Young Moni Initiate Account Without Identity - Empty Fields","Personal Banking APIs - QA Test Suite","2026-10-09","failed","2026-10-09","Young Moni Initiate Account Without Identity","Customer Profile, Accounts & Beneficiaries","",""
"","114","Retrieve - No Auth","Personal Banking APIs - QA Test Suite","2026-10-09","passed","2026-10-09","Retrieve","Airtime, Data, Bills & VAS Beneficiaries","",""
"","142","Find Account Banks - Valid","Personal Banking APIs - QA Test Suite","2026-10-09","failed","2026-10-09","Find Account Banks","Customer Profile, Accounts & Beneficiaries","",""
"","157","Admin Coins Redemption Rules - Invalid ID","Personal Banking APIs - QA Test Suite","2026-10-09","failed","2026-10-09","Admin Coins Redemption Rules","Rewards, Cash Tokens & Wishlists","",""
"","143","Coin Wallet - No Auth","Personal Banking APIs - QA Test Suite","2026-10-09","passed","2026-10-09","Coin Wallet","Rewards, Cash Tokens & Wishlists","",""
"","129","Channel Settings - Nonexistent ID","Personal Banking APIs - QA Test Suite","2026-10-09","passed","2026-10-09","Channel Settings","Customer Cards","",""
"","114","Wallet - No Auth","Personal Banking APIs - QA Test Suite","2026-10-09","passed","2026-10-09","Wallet","Target Savings","",""
"","117","Purchase Electricity - Invalid Amount","Personal Banking APIs - QA Test Suite","2026-10-09","passed","2026-10-09","Purchase Electricity","Airtime, Data, Bills & VAS Beneficiaries","",""
"","130","Channel Settings - Missing Required Field","Personal Banking APIs - QA Test Suite","2026-10-09","failed","2026-10-09","Channel Settings","Customer Cards","",""
"","119","Admin Devices Reactivate - Invalid ID","Personal Banking APIs - QA Test Suite","2026-10-09","failed","2026-10-09","Admin Devices Reactivate","Login, Credentials, Security & Devices","",""
"","138","Create - Missing Required Field","Personal Banking APIs - QA Test Suite","2026-10-09","failed","2026-10-09","Create","Airtime, Data, Bills & VAS Beneficiaries","",""
"","732","Retrieve - Invalid Query","Personal Banking APIs - QA Test Suite","2026-10-09","failed","2026-10-09","Retrieve","Insurance","",""
"","138","Fee Settings - Invalid Query","Personal Banking APIs - QA Test Suite","2026-10-09","failed","2026-10-09","Fee Settings","Customer Cards","",""
"","134","Block - Nonexistent ID","Personal Banking APIs - QA Test Suite","2026-10-09","passed","2026-10-09","Block","Customer Cards","",""
"","118","Purchase Data - No Auth","Personal Banking APIs - QA Test Suite","2026-10-09","failed","2026-10-09","Purchase Data","Airtime, Data, Bills & VAS Beneficiaries","",""
"","116","Coin Redemption Rules - No Auth","Personal Banking APIs - QA Test Suite","2026-10-09","passed","2026-10-09","Coin Redemption Rules","Rewards, Cash Tokens & Wishlists","",""
"","130","Youngmoni Transfer - Missing Required Field","Personal Banking APIs - QA Test Suite","2026-10-09","passed","2026-10-09","Youngmoni Transfer","Scheduled Payments","",""
"","146","Retrieve - Invalid ID","Personal Banking APIs - QA Test Suite","2026-10-09","passed","2026-10-09","Retrieve","KYC, Tier Upgrades & Young Moni","",""
"","129","Transactions - Invalid Query","Personal Banking APIs - QA Test Suite","2026-10-09","failed","2026-10-09","Transactions","Save & Spend","",""
"","146","List Schedule Payments - Valid","Personal Banking APIs - QA Test Suite","2026-10-09","failed","2026-10-09","List Schedule Payments","Scheduled Payments","",""
"","119","Admin Devices Reactivate - No Auth","Personal Banking APIs - QA Test Suite","2026-10-09","failed","2026-10-09","Admin Devices Reactivate","Login, Credentials, Security & Devices","",""
"","175","Transactions Update Swag Monthly Rollover - Invalid Token Or PIN","Personal Banking APIs - QA Test Suite","2026-10-09","failed","2026-10-09","Transactions Update Swag Monthly Rollover","SWAG Savings","",""
"","127","High Value Transactions - Invalid Query","Personal Banking APIs - QA Test Suite","2026-10-09","failed","2026-10-09","High Value Transactions","Wallets, Transfers, Transactions & Fund Requests","",""
"","127","Intra Name Enquiry By Phone - Valid","Personal Banking APIs - QA Test Suite","2026-10-09","failed","2026-10-09","Intra Name Enquiry By Phone","Wallets, Transfers, Transactions & Fund Requests","",""
"","271","Admin Games Rewards - Invalid ID","Personal Banking APIs - QA Test Suite","2026-10-09","failed","2026-10-09","Admin Games Rewards","Rewards, Cash Tokens & Wishlists","",""
"","138","Wallet Interest Balance - Valid","Personal Banking APIs - QA Test Suite","2026-10-09","failed","2026-10-09","Wallet Interest Balance","Save & Spend","",""
"","154","Purchase Jamb - No Auth","Personal Banking APIs - QA Test Suite","2026-10-09","failed","2026-10-09","Purchase Jamb","Airtime, Data, Bills & VAS Beneficiaries","",""
"","136","Request Account Reactivation - Valid","Personal Banking APIs - QA Test Suite","2026-10-09","failed","2026-10-09","Request Account Reactivation","KYC, Tier Upgrades & Young Moni","",""
"","144","Setup Liveness Image - Valid","Personal Banking APIs - QA Test Suite","2026-10-09","failed","2026-10-09","Setup Liveness Image","Login, Credentials, Security & Devices","",""
"","136","Get Transaction Overview - No Auth","Personal Banking APIs - QA Test Suite","2026-10-09","passed","2026-10-09","Get Transaction Overview","Wallets, Transfers, Transactions & Fund Requests","",""
"","138","Create Supalock - Invalid Amount","Personal Banking APIs - QA Test Suite","2026-10-09","failed","2026-10-09","Create Supalock","Supalock Savings","",""
"","123","Winner Dismiss Action - Invalid Token Or PIN","Personal Banking APIs - QA Test Suite","2026-10-09","failed","2026-10-09","Winner Dismiss Action","Rewards, Cash Tokens & Wishlists","",""
"","122","Winner - No Auth","Personal Banking APIs - QA Test Suite","2026-10-09","passed","2026-10-09","Winner","Rewards, Cash Tokens & Wishlists","",""
"","220","Admin List Documents - Invalid ID","Personal Banking APIs - QA Test Suite","2026-10-09","passed","2026-10-09","Admin List Documents","KYC, Tier Upgrades & Young Moni","",""
"","121","Initiate Email Update - Missing Required Field","Personal Banking APIs - QA Test Suite","2026-10-09","passed","2026-10-09","Initiate Email Update","KYC, Tier Upgrades & Young Moni","",""
"","135","Admin Admin Tier Two Upgrade - Missing Required Field","Personal Banking APIs - QA Test Suite","2026-10-09","failed","2026-10-09","Admin Admin Tier Two Upgrade","KYC, Tier Upgrades & Young Moni","",""
"","140","Transactions Create Wallet - Valid","Personal Banking APIs - QA Test Suite","2026-10-09","failed","2026-10-09","Transactions Create Wallet","Target Savings","",""
"","126","Withdraw - Empty Fields","Personal Banking APIs - QA Test Suite","2026-10-09","failed","2026-10-09","Withdraw","Rewards, Cash Tokens & Wishlists","",""
"","408","List - Invalid Query","Personal Banking APIs - QA Test Suite","2026-10-09","failed","2026-10-09","List","Customer Profile, Accounts & Beneficiaries","",""
"","124","Login - Missing Required Field","Personal Banking APIs - QA Test Suite","2026-10-09","passed","2026-10-09","Login","Login, Credentials, Security & Devices","",""
"","176","Block - Valid","Personal Banking APIs - QA Test Suite","2026-10-09","failed","2026-10-09","Block","Customer Cards","",""
"","122","Types - Invalid ID","Personal Banking APIs - QA Test Suite","2026-10-09","passed","2026-10-09","Types","Supalock Savings","",""
"","117","List - No Auth","Personal Banking APIs - QA Test Suite","2026-10-09","passed","2026-10-09","List","Wallets, Transfers, Transactions & Fund Requests","",""
"","153","Withdraw Cashback - Invalid Amount","Personal Banking APIs - QA Test Suite","2026-10-09","failed","2026-10-09","Withdraw Cashback","Wallets, Transfers, Transactions & Fund Requests","",""
"","195","List - Valid","Personal Banking APIs - QA Test Suite","2026-10-09","passed","2026-10-09","List","Airtime, Data, Bills & VAS Beneficiaries","",""
"","127","Create - No Auth","Personal Banking APIs - QA Test Suite","2026-10-09","passed","2026-10-09","Create","Customer Profile, Accounts & Beneficiaries","",""
"","114","Transactions Update Swag Monthly Rollover - No Auth","Personal Banking APIs - QA Test Suite","2026-10-09","passed","2026-10-09","Transactions Update Swag Monthly Rollover","SWAG Savings","",""
"","121","Get Suggestions - Invalid Query","Personal Banking APIs - QA Test Suite","2026-10-09","failed","2026-10-09","Get Suggestions","Customer Profile, Accounts & Beneficiaries","",""
"","250","Admin Games - Invalid Query","Personal Banking APIs - QA Test Suite","2026-10-09","failed","2026-10-09","Admin Games","Rewards, Cash Tokens & Wishlists","",""
"","142","Unblock - Invalid ID","Personal Banking APIs - QA Test Suite","2026-10-09","passed","2026-10-09","Unblock","Customer Cards","",""
"","262","Admin Games Stats - Invalid Query","Personal Banking APIs - QA Test Suite","2026-10-09","failed","2026-10-09","Admin Games Stats","Rewards, Cash Tokens & Wishlists","",""
"","125","Update Tin - No Auth","Personal Banking APIs - QA Test Suite","2026-10-09","passed","2026-10-09","Update Tin","Customer Profile, Accounts & Beneficiaries","",""
"","152","Tier Progress - Valid","Personal Banking APIs - QA Test Suite","2026-10-09","failed","2026-10-09","Tier Progress","Rewards, Cash Tokens & Wishlists","",""
"","139","Create Supalock - Valid","Personal Banking APIs - QA Test Suite","2026-10-09","failed","2026-10-09","Create Supalock","Supalock Savings","",""
"","144","Validate Smart Card - No Auth","Personal Banking APIs - QA Test Suite","2026-10-09","passed","2026-10-09","Validate Smart Card","Airtime, Data, Bills & VAS Beneficiaries","",""
"","244","Account Officer Change Request - Valid","Personal Banking APIs - QA Test Suite","2026-10-09","passed","2026-10-09","Account Officer Change Request","Customer Profile, Accounts & Beneficiaries","",""
"","133","Create - Empty Fields","Personal Banking APIs - QA Test Suite","2026-10-09","failed","2026-10-09","Create","Airtime, Data, Bills & VAS Beneficiaries","",""
"","124","Tier One Upgrade - Missing Required Field","Personal Banking APIs - QA Test Suite","2026-10-09","passed","2026-10-09","Tier One Upgrade","KYC, Tier Upgrades & Young Moni","",""
"","118","Admin Coins Rules - Nonexistent ID","Personal Banking APIs - QA Test Suite","2026-10-09","failed","2026-10-09","Admin Coins Rules","Rewards, Cash Tokens & Wishlists","",""
"","116","Intra Name Enquiry - No Auth","Personal Banking APIs - QA Test Suite","2026-10-09","passed","2026-10-09","Intra Name Enquiry","Wallets, Transfers, Transactions & Fund Requests","",""
"","144","Transactions Update Spend Wallet - Invalid Token Or PIN","Personal Banking APIs - QA Test Suite","2026-10-09","passed","2026-10-09","Transactions Update Spend Wallet","Save & Spend","",""
"","144","Transactions Deposit - Empty Fields","Personal Banking APIs - QA Test Suite","2026-10-09","passed","2026-10-09","Transactions Deposit","Target Savings","",""
"","121","Document Update Status - Nonexistent ID","Personal Banking APIs - QA Test Suite","2026-10-09","failed","2026-10-09","Document Update Status","KYC, Tier Upgrades & Young Moni","",""
"","157","Retrieve - Valid","Personal Banking APIs - QA Test Suite","2026-10-09","failed","2026-10-09","Retrieve","Wallets, Transfers, Transactions & Fund Requests","",""
"","196","Update Communication Preference - Valid","Personal Banking APIs - QA Test Suite","2026-10-09","failed","2026-10-09","Update Communication Preference","Customer Profile, Accounts & Beneficiaries","",""
"","115","Item - No Auth","Personal Banking APIs - QA Test Suite","2026-10-09","passed","2026-10-09","Item","Rewards, Cash Tokens & Wishlists","",""
"","129","Update Credit Stage - Valid","Personal Banking APIs - QA Test Suite","2026-10-09","failed","2026-10-09","Update Credit Stage","Wallets, Transfers, Transactions & Fund Requests","",""
"","126","Admin Coins Redemption Rules - Invalid Status Or Type","Personal Banking APIs - QA Test Suite","2026-10-09","failed","2026-10-09","Admin Coins Redemption Rules","Rewards, Cash Tokens & Wishlists","",""
"","136","Verify Reset Token - Invalid Email","Personal Banking APIs - QA Test Suite","2026-10-09","passed","2026-10-09","Verify Reset Token","Login, Credentials, Security & Devices","",""
"","133","Payment Merchant - Nonexistent ID","Personal Banking APIs - QA Test Suite","2026-10-09","passed","2026-10-09","Payment Merchant","Customer Cards","",""
"","112","List - No Auth","Personal Banking APIs - QA Test Suite","2026-10-09","passed","2026-10-09","List","Wallets, Transfers, Transactions & Fund Requests","",""
"","144","Transactions - No Auth","Personal Banking APIs - QA Test Suite","2026-10-09","passed","2026-10-09","Transactions","SWAG Savings","",""
"","158","Single Fund Request - Missing Required Field","Personal Banking APIs - QA Test Suite","2026-10-09","passed","2026-10-09","Single Fund Request","Wallets, Transfers, Transactions & Fund Requests","",""
"","136","Update Request Recipients - Empty Fields","Personal Banking APIs - QA Test Suite","2026-10-09","failed","2026-10-09","Update Request Recipients","Wallets, Transfers, Transactions & Fund Requests","",""
"","139","List - Valid","Personal Banking APIs - QA Test Suite","2026-10-09","failed","2026-10-09","List","Wallets, Transfers, Transactions & Fund Requests","",""
"","163","Admin Complete Upgrade Request - Invalid ID","Personal Banking APIs - QA Test Suite","2026-10-09","failed","2026-10-09","Admin Complete Upgrade Request","KYC, Tier Upgrades & Young Moni","",""
"","148","Young Moni Upload Child Documents - Nonexistent ID","Personal Banking APIs - QA Test Suite","2026-10-09","passed","2026-10-09","Young Moni Upload Child Documents","Customer Profile, Accounts & Beneficiaries","",""
"","197","Transactions Create Plan - Invalid Token Or PIN","Personal Banking APIs - QA Test Suite","2026-10-09","passed","2026-10-09","Transactions Create Plan","SWAG Savings","",""
"","118","Young Moni Documents Action Document - No Auth","Personal Banking APIs - QA Test Suite","2026-10-09","passed","2026-10-09","Young Moni Documents Action Document","KYC, Tier Upgrades & Young Moni","",""
"","128","Admin Coins Rules - No Auth","Personal Banking APIs - QA Test Suite","2026-10-09","passed","2026-10-09","Admin Coins Rules","Rewards, Cash Tokens & Wishlists","",""
"","124","Disable - Empty Fields","Personal Banking APIs - QA Test Suite","2026-10-09","failed","2026-10-09","Disable","Wallets, Transfers, Transactions & Fund Requests","",""
"","219","Admin Games Rewards - Invalid Query","Personal Banking APIs - QA Test Suite","2026-10-09","failed","2026-10-09","Admin Games Rewards","Rewards, Cash Tokens & Wishlists","",""
"","169","Create - Valid","Personal Banking APIs - QA Test Suite","2026-10-09","failed","2026-10-09","Create","Wallets, Transfers, Transactions & Fund Requests","",""
"","129","Retrieve - Nonexistent ID","Personal Banking APIs - QA Test Suite","2026-10-09","failed","2026-10-09","Retrieve","Airtime, Data, Bills & VAS Beneficiaries","",""
"","191","Requests Request Card - Valid","Personal Banking APIs - QA Test Suite","2026-10-09","failed","2026-10-09","Requests Request Card","Customer Cards","",""
"","135","Intra Name Enquiry By Phone - No Auth","Personal Banking APIs - QA Test Suite","2026-10-09","passed","2026-10-09","Intra Name Enquiry By Phone","Wallets, Transfers, Transactions & Fund Requests","",""
"","150","List - Valid","Personal Banking APIs - QA Test Suite","2026-10-09","failed","2026-10-09","List","Airtime, Data, Bills & VAS Beneficiaries","",""
"","130","Data - Invalid Token Or PIN","Personal Banking APIs - QA Test Suite","2026-10-09","passed","2026-10-09","Data","Scheduled Payments","",""
"","163","Continue With Email - Empty Fields","Personal Banking APIs - QA Test Suite","2026-10-09","passed","2026-10-09","Continue With Email","Customer Onboarding","",""
"","403","Admin Coins Redemption Rules - Valid","Personal Banking APIs - QA Test Suite","2026-10-09","failed","2026-10-09","Admin Coins Redemption Rules","Rewards, Cash Tokens & Wishlists","",""
"","125","Types - Invalid ID","Personal Banking APIs - QA Test Suite","2026-10-09","passed","2026-10-09","Types","Supalock Savings","",""
"","126","Create - Missing Required Field","Personal Banking APIs - QA Test Suite","2026-10-09","passed","2026-10-09","Create","Customer Profile, Accounts & Beneficiaries","",""
"","173","Admin Devices Deactivate - Invalid ID","Personal Banking APIs - QA Test Suite","2026-10-09","failed","2026-10-09","Admin Devices Deactivate","Login, Credentials, Security & Devices","",""
"","148","Request Alias Phone Verification - Valid","Personal Banking APIs - QA Test Suite","2026-10-09","failed","2026-10-09","Request Alias Phone Verification","Customer Profile, Accounts & Beneficiaries","",""
"","139","Upload Documents - Empty Fields","Personal Banking APIs - QA Test Suite","2026-10-09","passed","2026-10-09","Upload Documents","KYC, Tier Upgrades & Young Moni","",""
"","125","Tier Progress - No Auth","Personal Banking APIs - QA Test Suite","2026-10-09","passed","2026-10-09","Tier Progress","Rewards, Cash Tokens & Wishlists","",""
"","117","Purchase Data - Missing Required Field","Personal Banking APIs - QA Test Suite","2026-10-09","passed","2026-10-09","Purchase Data","Airtime, Data, Bills & VAS Beneficiaries","",""
"","131","Admin Coins Redemption Rules - Empty Fields","Personal Banking APIs - QA Test Suite","2026-10-09","failed","2026-10-09","Admin Coins Redemption Rules","Rewards, Cash Tokens & Wishlists","",""
"","156","Repay - Nonexistent ID","Personal Banking APIs - QA Test Suite","2026-10-09","failed","2026-10-09","Repay","Kolo Connect Advances","",""
"","152","Tier Two Upgrade - Empty Fields","Personal Banking APIs - QA Test Suite","2026-10-09","passed","2026-10-09","Tier Two Upgrade","KYC, Tier Upgrades & Young Moni","",""
"","147","Retrieve - Nonexistent ID","Personal Banking APIs - QA Test Suite","2026-10-09","failed","2026-10-09","Retrieve","Wallets, Transfers, Transactions & Fund Requests","",""
"","143","Admin Devices Deactivate - Empty Fields","Personal Banking APIs - QA Test Suite","2026-10-09","failed","2026-10-09","Admin Devices Deactivate","Login, Credentials, Security & Devices","",""
"","137","Update Identity - Empty Fields","Personal Banking APIs - QA Test Suite","2026-10-09","passed","2026-10-09","Update Identity","KYC, Tier Upgrades & Young Moni","",""
"","159","Retrieve - Valid","Personal Banking APIs - QA Test Suite","2026-10-09","failed","2026-10-09","Retrieve","Wallets, Transfers, Transactions & Fund Requests","",""
"","137","Games Scratch Card - No Auth","Personal Banking APIs - QA Test Suite","2026-10-09","passed","2026-10-09","Games Scratch Card","Rewards, Cash Tokens & Wishlists","",""
"","118","Update Single Transfer Limit - No Auth","Personal Banking APIs - QA Test Suite","2026-10-09","passed","2026-10-09","Update Single Transfer Limit","Customer Profile, Accounts & Beneficiaries","",""
"","202","Verify BVN (Choose BVN or NIN) - Valid","Personal Banking APIs - QA Test Suite","2026-10-09","failed","2026-10-09","Verify BVN (Choose BVN or NIN)","Customer Onboarding","",""
"","112","Remaining Limit Today - No Auth","Personal Banking APIs - QA Test Suite","2026-10-09","passed","2026-10-09","Remaining Limit Today","Wallets, Transfers, Transactions & Fund Requests","",""
"","148","Perform Action - Invalid ID","Personal Banking APIs - QA Test Suite","2026-10-09","failed","2026-10-09","Perform Action","Rewards, Cash Tokens & Wishlists","",""
"","152","Reward With Cashback - Missing Required Field","Personal Banking APIs - QA Test Suite","2026-10-09","failed","2026-10-09","Reward With Cashback","Rewards, Cash Tokens & Wishlists","",""
"","124","Admin Admin Tier One Upgrade - Missing Required Field","Personal Banking APIs - QA Test Suite","2026-10-09","failed","2026-10-09","Admin Admin Tier One Upgrade","KYC, Tier Upgrades & Young Moni","",""
"","111","List - No Auth","Personal Banking APIs - QA Test Suite","2026-10-09","passed","2026-10-09","List","Scheduled Payments","",""
"","194","List - Valid","Personal Banking APIs - QA Test Suite","2026-10-09","passed","2026-10-09","List","Airtime, Data, Bills & VAS Beneficiaries","",""
"","129","Setup Liveness Image - Empty Fields","Personal Banking APIs - QA Test Suite","2026-10-09","passed","2026-10-09","Setup Liveness Image","Login, Credentials, Security & Devices","",""
"","184","Channel Settings - Valid","Personal Banking APIs - QA Test Suite","2026-10-09","failed","2026-10-09","Channel Settings","Customer Cards","",""
"","129","Update Credit Stage - Invalid Status Or Type","Personal Banking APIs - QA Test Suite","2026-10-09","failed","2026-10-09","Update Credit Stage","Wallets, Transfers, Transactions & Fund Requests","",""
"","133","Continue With Email - Missing Required Field","Personal Banking APIs - QA Test Suite","2026-10-09","passed","2026-10-09","Continue With Email","Customer Onboarding","",""
"","211","Requests - Valid","Personal Banking APIs - QA Test Suite","2026-10-09","passed","2026-10-09","Requests","Customer Cards","",""
"","175","Transactions Create Plan - No Auth","Personal Banking APIs - QA Test Suite","2026-10-09","failed","2026-10-09","Transactions Create Plan","SWAG Savings","",""
"","122","Transfer - Missing Required Field","Personal Banking APIs - QA Test Suite","2026-10-09","passed","2026-10-09","Transfer","Scheduled Payments","",""
"","123","Create Supalock - Invalid Token Or PIN","Personal Banking APIs - QA Test Suite","2026-10-09","failed","2026-10-09","Create Supalock","Supalock Savings","",""
"","162","Transaction - Invalid ID","Personal Banking APIs - QA Test Suite","2026-10-09","failed","2026-10-09","Transaction","Airtime, Data, Bills & VAS Beneficiaries","",""
"","141","Young Moni - Invalid Query","Personal Banking APIs - QA Test Suite","2026-10-09","failed","2026-10-09","Young Moni","Customer Profile, Accounts & Beneficiaries","",""
"","145","List Documents - Invalid ID","Personal Banking APIs - QA Test Suite","2026-10-09","passed","2026-10-09","List Documents","KYC, Tier Upgrades & Young Moni","",""
"","158","Wishlist Config - Valid","Personal Banking APIs - QA Test Suite","2026-10-09","failed","2026-10-09","Wishlist Config","Rewards, Cash Tokens & Wishlists","",""
"","148","Disable - Invalid Amount","Personal Banking APIs - QA Test Suite","2026-10-09","failed","2026-10-09","Disable","Wallets, Transfers, Transactions & Fund Requests","",""
"","151","Transactions Update Spend Wallet - Valid","Personal Banking APIs - QA Test Suite","2026-10-09","failed","2026-10-09","Transactions Update Spend Wallet","Save & Spend","",""
"","138","Intra Name Enquiry - Empty Fields","Personal Banking APIs - QA Test Suite","2026-10-09","passed","2026-10-09","Intra Name Enquiry","Wallets, Transfers, Transactions & Fund Requests","",""
"","119","Inter Transfer - No Auth","Personal Banking APIs - QA Test Suite","2026-10-09","failed","2026-10-09","Inter Transfer","Wallets, Transfers, Transactions & Fund Requests","",""
"","148","List - Valid","Personal Banking APIs - QA Test Suite","2026-10-09","failed","2026-10-09","List","Kolo Connect Advances","",""
"","124","Requests Get Delivery Cost - Empty Fields","Personal Banking APIs - QA Test Suite","2026-10-09","passed","2026-10-09","Requests Get Delivery Cost","Customer Cards","",""
"","139","Fund Betting Wallet - Missing Required Field","Personal Banking APIs - QA Test Suite","2026-10-09","passed","2026-10-09","Fund Betting Wallet","Airtime, Data, Bills & VAS Beneficiaries","",""
"","164","Verify BVN (Choose BVN or NIN) - Missing Required Field","Personal Banking APIs - QA Test Suite","2026-10-09","passed","2026-10-09","Verify BVN (Choose BVN or NIN)","Customer Onboarding","",""
"","150","Topup Supalock - No Auth","Personal Banking APIs - QA Test Suite","2026-10-09","passed","2026-10-09","Topup Supalock","Supalock Savings","",""
"","153","Verify NIN (Choose BVN or NIN) - Valid","Personal Banking APIs - QA Test Suite","2026-10-09","failed","2026-10-09","Verify NIN (Choose BVN or NIN)","Customer Onboarding","",""
"","131","Inter Name Enquiry - Valid","Personal Banking APIs - QA Test Suite","2026-10-09","failed","2026-10-09","Inter Name Enquiry","Wallets, Transfers, Transactions & Fund Requests","",""
"","138","Verify Alias Phone Number - Valid","Personal Banking APIs - QA Test Suite","2026-10-09","failed","2026-10-09","Verify Alias Phone Number","Customer Profile, Accounts & Beneficiaries","",""
"","159","Update Communication Preference - Empty Fields","Personal Banking APIs - QA Test Suite","2026-10-09","passed","2026-10-09","Update Communication Preference","Customer Profile, Accounts & Beneficiaries","",""
"","127","Transactions Evaluate Break - Missing Required Field","Personal Banking APIs - QA Test Suite","2026-10-09","passed","2026-10-09","Transactions Evaluate Break","Target Savings","",""
"","143","Details - Missing Required Field","Personal Banking APIs - QA Test Suite","2026-10-09","failed","2026-10-09","Details","Customer Profile, Accounts & Beneficiaries","",""
"","136","Upload Documents - Missing Required Field","Personal Banking APIs - QA Test Suite","2026-10-09","passed","2026-10-09","Upload Documents","KYC, Tier Upgrades & Young Moni","",""
"","127","Recipients - Invalid Query","Personal Banking APIs - QA Test Suite","2026-10-09","failed","2026-10-09","Recipients","Wallets, Transfers, Transactions & Fund Requests","",""
"","139","Transactions - No Auth","Personal Banking APIs - QA Test Suite","2026-10-09","passed","2026-10-09","Transactions","Save & Spend","",""
"","367","Retrieve - Invalid ID","Personal Banking APIs - QA Test Suite","2026-10-09","passed","2026-10-09","Retrieve","Customer Profile, Accounts & Beneficiaries","",""
"","143","Borrow - Missing Required Field","Personal Banking APIs - QA Test Suite","2026-10-09","failed","2026-10-09","Borrow","Kolo Connect Advances","",""
"","223","Details - Valid","Personal Banking APIs - QA Test Suite","2026-10-09","passed","2026-10-09","Details","Customer Profile, Accounts & Beneficiaries","",""
"","266","List - Valid","Personal Banking APIs - QA Test Suite","2026-10-09","passed","2026-10-09","List","Customer Profile, Accounts & Beneficiaries","",""
"","142","Withdraw Cashback - Valid","Personal Banking APIs - QA Test Suite","2026-10-09","failed","2026-10-09","Withdraw Cashback","Wallets, Transfers, Transactions & Fund Requests","",""
"","142","Coin Redemption Rules - Invalid Query","Personal Banking APIs - QA Test Suite","2026-10-09","passed","2026-10-09","Coin Redemption Rules","Rewards, Cash Tokens & Wishlists","",""
"","159","Channel Settings - Empty Fields","Personal Banking APIs - QA Test Suite","2026-10-09","passed","2026-10-09","Channel Settings","Customer Cards","",""
"","141","Admin Coins Redemption Rules - Valid","Personal Banking APIs - QA Test Suite","2026-10-09","failed","2026-10-09","Admin Coins Redemption Rules","Rewards, Cash Tokens & Wishlists","",""
"","188","Transactions Update Swag Monthly Rollover - Empty Fields","Personal Banking APIs - QA Test Suite","2026-10-09","failed","2026-10-09","Transactions Update Swag Monthly Rollover","SWAG Savings","",""
"","131","Create Wishlist - Empty Fields","Personal Banking APIs - QA Test Suite","2026-10-09","passed","2026-10-09","Create Wishlist","Rewards, Cash Tokens & Wishlists","",""
"","112","Tenors - No Auth","Personal Banking APIs - QA Test Suite","2026-10-09","passed","2026-10-09","Tenors","Kolo Connect Advances","",""
"","131","Kyc Level Distribution - No Auth","Personal Banking APIs - QA Test Suite","2026-10-09","passed","2026-10-09","Kyc Level Distribution","Customer Profile, Accounts & Beneficiaries","",""
"","169","Partial - Valid","Personal Banking APIs - QA Test Suite","2026-10-09","failed","2026-10-09","Partial","Customer Profile, Accounts & Beneficiaries","",""
"","117","Reward With Airtime - Empty Fields","Personal Banking APIs - QA Test Suite","2026-10-09","passed","2026-10-09","Reward With Airtime","Rewards, Cash Tokens & Wishlists","",""
"","129","Update - Invalid Status Or Type","Personal Banking APIs - QA Test Suite","2026-10-09","passed","2026-10-09","Update","Scheduled Payments","",""
"","122","Validate Jamb Profile - Invalid Status Or Type","Personal Banking APIs - QA Test Suite","2026-10-09","failed","2026-10-09","Validate Jamb Profile","Airtime, Data, Bills & VAS Beneficiaries","",""
"","139","Verify Phone OTP - Valid","Personal Banking APIs - QA Test Suite","2026-10-09","failed","2026-10-09","Verify Phone OTP","Customer Onboarding","",""
"","135","Recipients - Invalid ID","Personal Banking APIs - QA Test Suite","2026-10-09","failed","2026-10-09","Recipients","Wallets, Transfers, Transactions & Fund Requests","",""
"","121","Electricity - Invalid Token Or PIN","Personal Banking APIs - QA Test Suite","2026-10-09","passed","2026-10-09","Electricity","Scheduled Payments","",""
"","168","Overview - Valid","Personal Banking APIs - QA Test Suite","2026-10-09","passed","2026-10-09","Overview","Rewards, Cash Tokens & Wishlists","",""
"","163","Retrieve - Valid","Personal Banking APIs - QA Test Suite","2026-10-09","failed","2026-10-09","Retrieve","Scheduled Payments","",""
"","141","Account Officer Rate Officer - Valid","Personal Banking APIs - QA Test Suite","2026-10-09","failed","2026-10-09","Account Officer Rate Officer","Customer Profile, Accounts & Beneficiaries","",""
"","143","Restrict Accounts By BVN - Missing Required Field","Personal Banking APIs - QA Test Suite","2026-10-09","failed","2026-10-09","Restrict Accounts By BVN","Customer Profile, Accounts & Beneficiaries","",""
"","174","Admin Coins Rules - Missing Required Field","Personal Banking APIs - QA Test Suite","2026-10-09","failed","2026-10-09","Admin Coins Rules","Rewards, Cash Tokens & Wishlists","",""
"","113","Admin Admin Tier Two Upgrade - No Auth","Personal Banking APIs - QA Test Suite","2026-10-09","passed","2026-10-09","Admin Admin Tier Two Upgrade","KYC, Tier Upgrades & Young Moni","",""
"","149","Inflow Outflow Analytics - Invalid Query","Personal Banking APIs - QA Test Suite","2026-10-09","failed","2026-10-09","Inflow Outflow Analytics","Wallets, Transfers, Transactions & Fund Requests","",""
"","147","Remaining Limit Today - Invalid Query","Personal Banking APIs - QA Test Suite","2026-10-09","failed","2026-10-09","Remaining Limit Today","Wallets, Transfers, Transactions & Fund Requests","",""
"","138","Recipients - Nonexistent ID","Personal Banking APIs - QA Test Suite","2026-10-09","failed","2026-10-09","Recipients","Wallets, Transfers, Transactions & Fund Requests","",""
"","124","List Documents - Nonexistent ID","Personal Banking APIs - QA Test Suite","2026-10-09","passed","2026-10-09","List Documents","KYC, Tier Upgrades & Young Moni","",""
"","132","Admin Admin Upgrade To Merchant - Valid","Personal Banking APIs - QA Test Suite","2026-10-09","failed","2026-10-09","Admin Admin Upgrade To Merchant","KYC, Tier Upgrades & Young Moni","",""
"","164","Young Moni Initiate Account Without Identity - No Auth","Personal Banking APIs - QA Test Suite","2026-10-09","passed","2026-10-09","Young Moni Initiate Account Without Identity","Customer Profile, Accounts & Beneficiaries","",""
"","153","Verify Alias Phone Number - Missing Required Field","Personal Banking APIs - QA Test Suite","2026-10-09","passed","2026-10-09","Verify Alias Phone Number","Customer Profile, Accounts & Beneficiaries","",""
"","163","Wallet - Nonexistent ID","Personal Banking APIs - QA Test Suite","2026-10-09","failed","2026-10-09","Wallet","SWAG Savings","",""
"","144","Verify Email Update - Invalid Email","Personal Banking APIs - QA Test Suite","2026-10-09","passed","2026-10-09","Verify Email Update","KYC, Tier Upgrades & Young Moni","",""
"","122","Verify Email Update - Empty Fields","Personal Banking APIs - QA Test Suite","2026-10-09","passed","2026-10-09","Verify Email Update","KYC, Tier Upgrades & Young Moni","",""
"","119","Account Officer Request Change - No Auth","Personal Banking APIs - QA Test Suite","2026-10-09","passed","2026-10-09","Account Officer Request Change","Customer Profile, Accounts & Beneficiaries","",""
"","162","Purchase Jamb - Invalid Amount","Personal Banking APIs - QA Test Suite","2026-10-09","passed","2026-10-09","Purchase Jamb","Airtime, Data, Bills & VAS Beneficiaries","",""
"","136","Verify NIN (Choose BVN or NIN) - Missing Required Field","Personal Banking APIs - QA Test Suite","2026-10-09","passed","2026-10-09","Verify NIN (Choose BVN or NIN)","Customer Onboarding","",""
"","366","Retrieve - Nonexistent ID","Personal Banking APIs - QA Test Suite","2026-10-09","passed","2026-10-09","Retrieve","Customer Profile, Accounts & Beneficiaries","",""
"","122","Initiate Email Update - No Auth","Personal Banking APIs - QA Test Suite","2026-10-09","passed","2026-10-09","Initiate Email Update","KYC, Tier Upgrades & Young Moni","",""
"","137","Validate Liveness (When Required) - Empty Fields","Personal Banking APIs - QA Test Suite","2026-10-09","passed","2026-10-09","Validate Liveness (When Required)","Customer Onboarding","",""
"","126","Retrieve - Nonexistent ID","Personal Banking APIs - QA Test Suite","2026-10-09","passed","2026-10-09","Retrieve","Insurance","",""
"","148","Approve Bulk Fund Request - Valid","Personal Banking APIs - QA Test Suite","2026-10-09","failed","2026-10-09","Approve Bulk Fund Request","Wallets, Transfers, Transactions & Fund Requests","",""
"","179","Transactions - Valid","Personal Banking APIs - QA Test Suite","2026-10-09","passed","2026-10-09","Transactions","Supalock Savings","",""
"","129","Upload Bulk Fund Request - Empty Fields","Personal Banking APIs - QA Test Suite","2026-10-09","passed","2026-10-09","Upload Bulk Fund Request","Wallets, Transfers, Transactions & Fund Requests","",""
"","132","Verify Phone OTP - Empty Fields","Personal Banking APIs - QA Test Suite","2026-10-09","passed","2026-10-09","Verify Phone OTP","Customer Onboarding","",""
"","121","Create Login Pin - No Auth","Personal Banking APIs - QA Test Suite","2026-10-09","passed","2026-10-09","Create Login Pin","Login, Credentials, Security & Devices","",""
"","131","Transactions - Invalid Query","Personal Banking APIs - QA Test Suite","2026-10-09","failed","2026-10-09","Transactions","Target Savings","",""
"","118","Games Card Match - Missing Required Field","Personal Banking APIs - QA Test Suite","2026-10-09","passed","2026-10-09","Games Card Match","Rewards, Cash Tokens & Wishlists","",""
"","119","Login With Pin - Invalid Token Or PIN","Personal Banking APIs - QA Test Suite","2026-10-09","passed","2026-10-09","Login With Pin","Login, Credentials, Security & Devices","",""
"","126","Admin Coins Redemption Rules - Invalid ID","Personal Banking APIs - QA Test Suite","2026-10-09","failed","2026-10-09","Admin Coins Redemption Rules","Rewards, Cash Tokens & Wishlists","",""
"","138","Admin Coins Rules - Invalid Amount","Personal Banking APIs - QA Test Suite","2026-10-09","failed","2026-10-09","Admin Coins Rules","Rewards, Cash Tokens & Wishlists","",""
"","124","Transactions Create Wallet - Valid","Personal Banking APIs - QA Test Suite","2026-10-09","failed","2026-10-09","Transactions Create Wallet","Save & Spend","",""
"","134","Tier Zero Upgrade - Invalid Status Or Type","Personal Banking APIs - QA Test Suite","2026-10-09","passed","2026-10-09","Tier Zero Upgrade","KYC, Tier Upgrades & Young Moni","",""
"","143","Initiate Reset Login Pin - No Auth","Personal Banking APIs - QA Test Suite","2026-10-09","passed","2026-10-09","Initiate Reset Login Pin","Login, Credentials, Security & Devices","",""
"","122","Admin Coins Redemption Rules - Nonexistent ID","Personal Banking APIs - QA Test Suite","2026-10-09","failed","2026-10-09","Admin Coins Redemption Rules","Rewards, Cash Tokens & Wishlists","",""
"","164","Admin Upload Documents - Valid","Personal Banking APIs - QA Test Suite","2026-10-09","failed","2026-10-09","Admin Upload Documents","KYC, Tier Upgrades & Young Moni","",""
"","124","List - Invalid Query","Personal Banking APIs - QA Test Suite","2026-10-09","failed","2026-10-09","List","Airtime, Data, Bills & VAS Beneficiaries","",""
"","157","List - Invalid Query","Personal Banking APIs - QA Test Suite","2026-10-09","failed","2026-10-09","List","Airtime, Data, Bills & VAS Beneficiaries","",""
"","120","Intra Account Transfer - Valid","Personal Banking APIs - QA Test Suite","2026-10-09","failed","2026-10-09","Intra Account Transfer","Wallets, Transfers, Transactions & Fund Requests","",""
"","187","Add Item - Valid","Personal Banking APIs - QA Test Suite","2026-10-09","failed","2026-10-09","Add Item","Rewards, Cash Tokens & Wishlists","",""
"","116","Approve Bulk Fund Request - No Auth","Personal Banking APIs - QA Test Suite","2026-10-09","passed","2026-10-09","Approve Bulk Fund Request","Wallets, Transfers, Transactions & Fund Requests","",""
"","124","Reject Single Fund Request - Empty Fields","Personal Banking APIs - QA Test Suite","2026-10-09","failed","2026-10-09","Reject Single Fund Request","Wallets, Transfers, Transactions & Fund Requests","",""
"","151","Check Email / Phone Availability - Invalid Email","Personal Banking APIs - QA Test Suite","2026-10-09","passed","2026-10-09","Check Email / Phone Availability","Customer Onboarding","",""
"","150","Admin Coins Rules - Invalid Amount","Personal Banking APIs - QA Test Suite","2026-10-09","failed","2026-10-09","Admin Coins Rules","Rewards, Cash Tokens & Wishlists","",""
"","131","Young Moni Initiate Account Request - Invalid Email","Personal Banking APIs - QA Test Suite","2026-10-09","passed","2026-10-09","Young Moni Initiate Account Request","Customer Profile, Accounts & Beneficiaries","",""
"","249","Admin Coins Rules - Valid","Personal Banking APIs - QA Test Suite","2026-10-09","failed","2026-10-09","Admin Coins Rules","Rewards, Cash Tokens & Wishlists","",""
"","129","Partial - Empty Fields","Personal Banking APIs - QA Test Suite","2026-10-09","failed","2026-10-09","Partial","Airtime, Data, Bills & VAS Beneficiaries","",""
"","142","Update Location - Valid","Personal Banking APIs - QA Test Suite","2026-10-09","failed","2026-10-09","Update Location","Login, Credentials, Security & Devices","",""
