"DESCRIPTION","DURATION IN MS","NAME","PARENT SUITE","START TIME","STATUS","STOP TIME","SUB SUITE","SUITE","TEST CLASS","TEST METHOD"
"","141","Document Delete - Empty Fields","Personal Banking APIs - QA Test Suite","2026-10-08","failed","2026-10-08","Document Delete","KYC, Tier Upgrades & Young Moni","",""
"","151","Admin Admin Tier Zero Upgrade - Empty Fields","Personal Banking APIs - QA Test Suite","2026-10-08","failed","2026-10-08","Admin Admin Tier Zero Upgrade","KYC, Tier Upgrades & Young Moni","",""
"","174","Young Moni Validate Details Without Identity - Valid","Personal Banking APIs - QA Test Suite","2026-10-08","failed","2026-10-08","Young Moni Validate Details Without Identity","Customer Profile, Accounts & Beneficiaries","",""
"","138","Transactions - Invalid ID","Personal Banking APIs - QA Test Suite","2026-10-08","passed","2026-10-08","Transactions","Target Savings","",""
"","159","Create Wishlist With Items - Valid","Personal Banking APIs - QA Test Suite","2026-10-08","failed","2026-10-08","Create Wishlist With Items","Rewards, Cash Tokens & Wishlists","",""
"","132","Retrieve - Invalid Query","Personal Banking APIs - QA Test Suite","2026-10-08","failed","2026-10-08","Retrieve","Wallets, Transfers, Transactions & Fund Requests","",""
"","197","Approve Single Fund Request - Valid","Personal Banking APIs - QA Test Suite","2026-10-08","failed","2026-10-08","Approve Single Fund Request","Wallets, Transfers, Transactions & Fund Requests","",""
"","141","Wallet Download Target Statement - Valid","Personal Banking APIs - QA Test Suite","2026-10-08","failed","2026-10-08","Wallet Download Target Statement","Target Savings","",""
"","130","Retrieve - Invalid Query","Personal Banking APIs - QA Test Suite","2026-10-08","failed","2026-10-08","Retrieve","Scheduled Payments","",""
"","119","Games Card Match - No Auth","Personal Banking APIs - QA Test Suite","2026-10-08","passed","2026-10-08","Games Card Match","Rewards, Cash Tokens & Wishlists","",""
"","130","Get Betting Billers - No Auth","Personal Banking APIs - QA Test Suite","2026-10-08","passed","2026-10-08","Get Betting Billers","Airtime, Data, Bills & VAS Beneficiaries","",""
"","148","Young Moni Upload Child Documents - Empty Fields","Personal Banking APIs - QA Test Suite","2026-10-08","failed","2026-10-08","Young Moni Upload Child Documents","Customer Profile, Accounts & Beneficiaries","",""
"","140","Wallet - Invalid ID","Personal Banking APIs - QA Test Suite","2026-10-08","failed","2026-10-08","Wallet","Target Savings","",""
"","156","Types - Missing Required Field","Personal Banking APIs - QA Test Suite","2026-10-08","failed","2026-10-08","Types","Supalock Savings","",""
"","180","Approve Bulk Fund Request - Valid","Personal Banking APIs - QA Test Suite","2026-10-08","failed","2026-10-08","Approve Bulk Fund Request","Wallets, Transfers, Transactions & Fund Requests","",""
"","159","Perform Action - Valid","Personal Banking APIs - QA Test Suite","2026-10-08","failed","2026-10-08","Perform Action","Rewards, Cash Tokens & Wishlists","",""
"","153","Inter Name Enquiry - Valid","Personal Banking APIs - QA Test Suite","2026-10-08","failed","2026-10-08","Inter Name Enquiry","Wallets, Transfers, Transactions & Fund Requests","",""
"","139","Purchase Waec - Invalid Token Or PIN","Personal Banking APIs - QA Test Suite","2026-10-08","passed","2026-10-08","Purchase Waec","Airtime, Data, Bills & VAS Beneficiaries","",""
"","234","Admin Coins Transactions - No Auth","Personal Banking APIs - QA Test Suite","2026-10-08","passed","2026-10-08","Admin Coins Transactions","Rewards, Cash Tokens & Wishlists","",""
"","154","Retrieve - Valid","Personal Banking APIs - QA Test Suite","2026-10-08","failed","2026-10-08","Retrieve","Wallets, Transfers, Transactions & Fund Requests","",""
"","141","Update - Nonexistent ID","Personal Banking APIs - QA Test Suite","2026-10-08","failed","2026-10-08","Update","Scheduled Payments","",""
"","135","Channel Settings - Invalid Query","Personal Banking APIs - QA Test Suite","2026-10-08","failed","2026-10-08","Channel Settings","Customer Cards","",""
"","139","Coin Wallet - Valid","Personal Banking APIs - QA Test Suite","2026-10-08","failed","2026-10-08","Coin Wallet","Rewards, Cash Tokens & Wishlists","",""
"","179","Airtime - Valid","Personal Banking APIs - QA Test Suite","2026-10-08","failed","2026-10-08","Airtime","Scheduled Payments","",""
"","137","Channel Settings - Missing Required Field","Personal Banking APIs - QA Test Suite","2026-10-08","failed","2026-10-08","Channel Settings","Customer Cards","",""
"","123","Transactions Update Spend Wallet - Invalid Status Or Type","Personal Banking APIs - QA Test Suite","2026-10-08","passed","2026-10-08","Transactions Update Spend Wallet","Save & Spend","",""
"","140","Create Password - Empty Fields","Personal Banking APIs - QA Test Suite","2026-10-08","passed","2026-10-08","Create Password","Login, Credentials, Security & Devices","",""
"","157","Repayment Plan - Valid","Personal Banking APIs - QA Test Suite","2026-10-08","failed","2026-10-08","Repayment Plan","Kolo Connect Advances","",""
"","131","Initiate Reset Login Pin - Invalid Query","Personal Banking APIs - QA Test Suite","2026-10-08","failed","2026-10-08","Initiate Reset Login Pin","Login, Credentials, Security & Devices","",""
"","123","Update Request Recipients - No Auth","Personal Banking APIs - QA Test Suite","2026-10-08","passed","2026-10-08","Update Request Recipients","Wallets, Transfers, Transactions & Fund Requests","",""
"","221","Restrict Accounts By BVN - Valid","Personal Banking APIs - QA Test Suite","2026-10-08","failed","2026-10-08","Restrict Accounts By BVN","Customer Profile, Accounts & Beneficiaries","",""
"","137","Retrieve - Invalid Query","Personal Banking APIs - QA Test Suite","2026-10-08","failed","2026-10-08","Retrieve","KYC, Tier Upgrades & Young Moni","",""
"","165","Purchase Cable - No Auth","Personal Banking APIs - QA Test Suite","2026-10-08","failed","2026-10-08","Purchase Cable","Airtime, Data, Bills & VAS Beneficiaries","",""
"","128","Redeem Coins - No Auth","Personal Banking APIs - QA Test Suite","2026-10-08","passed","2026-10-08","Redeem Coins","Rewards, Cash Tokens & Wishlists","",""
"","125","Wallet Total Balance - No Auth","Personal Banking APIs - QA Test Suite","2026-10-08","passed","2026-10-08","Wallet Total Balance","Target Savings","",""
"","119","Perform Action - No Auth","Personal Banking APIs - QA Test Suite","2026-10-08","passed","2026-10-08","Perform Action","Rewards, Cash Tokens & Wishlists","",""
"","301","Admin Coins Redemption Rules - Invalid Query","Personal Banking APIs - QA Test Suite","2026-10-08","failed","2026-10-08","Admin Coins Redemption Rules","Rewards, Cash Tokens & Wishlists","",""
"","122","Purchase Waec - Empty Fields","Personal Banking APIs - QA Test Suite","2026-10-08","passed","2026-10-08","Purchase Waec","Airtime, Data, Bills & VAS Beneficiaries","",""
"","128","Create Transaction Pin - Valid","Personal Banking APIs - QA Test Suite","2026-10-08","failed","2026-10-08","Create Transaction Pin","Login, Credentials, Security & Devices","",""
"","128","Channel Settings - Empty Fields","Personal Banking APIs - QA Test Suite","2026-10-08","passed","2026-10-08","Channel Settings","Customer Cards","",""
"","130","Enable - Invalid Amount","Personal Banking APIs - QA Test Suite","2026-10-08","failed","2026-10-08","Enable","Wallets, Transfers, Transactions & Fund Requests","",""
"","125","Purchase Jamb - Valid","Personal Banking APIs - QA Test Suite","2026-10-08","failed","2026-10-08","Purchase Jamb","Airtime, Data, Bills & VAS Beneficiaries","",""
"","136","Wallet Total Balance - Valid","Personal Banking APIs - QA Test Suite","2026-10-08","failed","2026-10-08","Wallet Total Balance","Target Savings","",""
"","132","Fund Betting Wallet - Valid","Personal Banking APIs - QA Test Suite","2026-10-08","failed","2026-10-08","Fund Betting Wallet","Airtime, Data, Bills & VAS Beneficiaries","",""
"","136","Unblock - Nonexistent ID","Personal Banking APIs - QA Test Suite","2026-10-08","passed","2026-10-08","Unblock","Customer Cards","",""
"","123","Purchase Epin - Invalid Amount","Personal Banking APIs - QA Test Suite","2026-10-08","passed","2026-10-08","Purchase Epin","Airtime, Data, Bills & VAS Beneficiaries","",""
"","162","Admin Devices Deactivate - Invalid ID","Personal Banking APIs - QA Test Suite","2026-10-08","failed","2026-10-08","Admin Devices Deactivate","Login, Credentials, Security & Devices","",""
"","127","Young Moni Initiate Account Without Identity - No Auth","Personal Banking APIs - QA Test Suite","2026-10-08","passed","2026-10-08","Young Moni Initiate Account Without Identity","Customer Profile, Accounts & Beneficiaries","",""
"","134","Games Check Eligibility - Valid","Personal Banking APIs - QA Test Suite","2026-10-08","failed","2026-10-08","Games Check Eligibility","Rewards, Cash Tokens & Wishlists","",""
"","250","Admin Request Stats - Valid","Personal Banking APIs - QA Test Suite","2026-10-08","failed","2026-10-08","Admin Request Stats","KYC, Tier Upgrades & Young Moni","",""
"","233","Create Wishlist - Missing Required Field","Personal Banking APIs - QA Test Suite","2026-10-08","passed","2026-10-08","Create Wishlist","Rewards, Cash Tokens & Wishlists","",""
"","191","Retrieve - Valid","Personal Banking APIs - QA Test Suite","2026-10-08","failed","2026-10-08","Retrieve","Customer Profile, Accounts & Beneficiaries","",""
"","139","Jamb Lookup - Valid","Personal Banking APIs - QA Test Suite","2026-10-08","failed","2026-10-08","Jamb Lookup","Airtime, Data, Bills & VAS Beneficiaries","",""
"","156","Add Item - Invalid ID","Personal Banking APIs - QA Test Suite","2026-10-08","passed","2026-10-08","Add Item","Rewards, Cash Tokens & Wishlists","",""
"","150","Admin Coins Redemption Rules - No Auth","Personal Banking APIs - QA Test Suite","2026-10-08","passed","2026-10-08","Admin Coins Redemption Rules","Rewards, Cash Tokens & Wishlists","",""
"","142","Transactions Update Swag Monthly Rollover - Empty Fields","Personal Banking APIs - QA Test Suite","2026-10-08","failed","2026-10-08","Transactions Update Swag Monthly Rollover","SWAG Savings","",""
"","127","Channel Settings - Nonexistent ID","Personal Banking APIs - QA Test Suite","2026-10-08","passed","2026-10-08","Channel Settings","Customer Cards","",""
"","130","Transactions Update Spend Wallet - Invalid ID","Personal Banking APIs - QA Test Suite","2026-10-08","passed","2026-10-08","Transactions Update Spend Wallet","Save & Spend","",""
"","356","Retrieve - Nonexistent ID","Personal Banking APIs - QA Test Suite","2026-10-08","passed","2026-10-08","Retrieve","Customer Profile, Accounts & Beneficiaries","",""
"","178","Winner - Valid","Personal Banking APIs - QA Test Suite","2026-10-08","passed","2026-10-08","Winner","Rewards, Cash Tokens & Wishlists","",""
"","158","Purchase Airtime - Valid","Personal Banking APIs - QA Test Suite","2026-10-08","failed","2026-10-08","Purchase Airtime","Airtime, Data, Bills & VAS Beneficiaries","",""
"","123","Terms - No Auth","Personal Banking APIs - QA Test Suite","2026-10-08","passed","2026-10-08","Terms","Rewards, Cash Tokens & Wishlists","",""
"","121","Admin Admin Upgrade To Merchant - No Auth","Personal Banking APIs - QA Test Suite","2026-10-08","passed","2026-10-08","Admin Admin Upgrade To Merchant","KYC, Tier Upgrades & Young Moni","",""
"","416","Admin Coins Redemption Rules - Valid","Personal Banking APIs - QA Test Suite","2026-10-08","failed","2026-10-08","Admin Coins Redemption Rules","Rewards, Cash Tokens & Wishlists","",""
"","144","Retrieve - Nonexistent ID","Personal Banking APIs - QA Test Suite","2026-10-08","failed","2026-10-08","Retrieve","Airtime, Data, Bills & VAS Beneficiaries","",""
"","143","Borrow - No Auth","Personal Banking APIs - QA Test Suite","2026-10-08","passed","2026-10-08","Borrow","Kolo Connect Advances","",""
"","136","Young Moni Upload Child Documents - Invalid Status Or Type","Personal Banking APIs - QA Test Suite","2026-10-08","failed","2026-10-08","Young Moni Upload Child Documents","Customer Profile, Accounts & Beneficiaries","",""
"","149","Channel Settings - Nonexistent ID","Personal Banking APIs - QA Test Suite","2026-10-08","passed","2026-10-08","Channel Settings","Customer Cards","",""
"","142","Update Single Transfer Limit - No Auth","Personal Banking APIs - QA Test Suite","2026-10-08","passed","2026-10-08","Update Single Transfer Limit","Customer Profile, Accounts & Beneficiaries","",""
"","146","Wallet Download Target Statement - Invalid Amount","Personal Banking APIs - QA Test Suite","2026-10-08","failed","2026-10-08","Wallet Download Target Statement","Target Savings","",""
"","147","Upload Bulk Fund Request - Missing Required Field","Personal Banking APIs - QA Test Suite","2026-10-08","passed","2026-10-08","Upload Bulk Fund Request","Wallets, Transfers, Transactions & Fund Requests","",""
"","118","Wallet - No Auth","Personal Banking APIs - QA Test Suite","2026-10-08","passed","2026-10-08","Wallet","Target Savings","",""
"","128","Partial - Missing Required Field","Personal Banking APIs - QA Test Suite","2026-10-08","failed","2026-10-08","Partial","Airtime, Data, Bills & VAS Beneficiaries","",""
"","171","Update Single Transfer Limit - Valid","Personal Banking APIs - QA Test Suite","2026-10-08","failed","2026-10-08","Update Single Transfer Limit","Customer Profile, Accounts & Beneficiaries","",""
"","135","Continue With Email - Empty Fields","Personal Banking APIs - QA Test Suite","2026-10-08","passed","2026-10-08","Continue With Email","Customer Onboarding","",""
"","134","Account Officer Change Request - No Auth","Personal Banking APIs - QA Test Suite","2026-10-08","passed","2026-10-08","Account Officer Change Request","Customer Profile, Accounts & Beneficiaries","",""
"","164","Verify Token - Missing Required Field","Personal Banking APIs - QA Test Suite","2026-10-08","passed","2026-10-08","Verify Token","Login, Credentials, Security & Devices","",""
"","141","Validate Betting Id - Empty Fields","Personal Banking APIs - QA Test Suite","2026-10-08","passed","2026-10-08","Validate Betting Id","Airtime, Data, Bills & VAS Beneficiaries","",""
"","156","Get Suggestions - Valid","Personal Banking APIs - QA Test Suite","2026-10-08","passed","2026-10-08","Get Suggestions","Customer Profile, Accounts & Beneficiaries","",""
"","133","Approve Single Bulk Recipient - No Auth","Personal Banking APIs - QA Test Suite","2026-10-08","passed","2026-10-08","Approve Single Bulk Recipient","Wallets, Transfers, Transactions & Fund Requests","",""
"","141","Dismiss Action - Invalid ID","Personal Banking APIs - QA Test Suite","2026-10-08","passed","2026-10-08","Dismiss Action","KYC, Tier Upgrades & Young Moni","",""
"","123","Transactions Update Swag Plan - No Auth","Personal Banking APIs - QA Test Suite","2026-10-08","failed","2026-10-08","Transactions Update Swag Plan","SWAG Savings","",""
"","172","Young Moni Initiate Account Without Identity - Valid","Personal Banking APIs - QA Test Suite","2026-10-08","failed","2026-10-08","Young Moni Initiate Account Without Identity","Customer Profile, Accounts & Beneficiaries","",""
"","145","Transactions Create Wallet - Invalid Token Or PIN","Personal Banking APIs - QA Test Suite","2026-10-08","passed","2026-10-08","Transactions Create Wallet","Save & Spend","",""
"","146","Purchase Data - Invalid Amount","Personal Banking APIs - QA Test Suite","2026-10-08","passed","2026-10-08","Purchase Data","Airtime, Data, Bills & VAS Beneficiaries","",""
"","141","List Schedule Payments - Nonexistent ID","Personal Banking APIs - QA Test Suite","2026-10-08","failed","2026-10-08","List Schedule Payments","Scheduled Payments","",""
"","135","Admin Coins Redemption Rules - Valid","Personal Banking APIs - QA Test Suite","2026-10-08","failed","2026-10-08","Admin Coins Redemption Rules","Rewards, Cash Tokens & Wishlists","",""
"","170","Request Alias Phone Verification - Valid","Personal Banking APIs - QA Test Suite","2026-10-08","failed","2026-10-08","Request Alias Phone Verification","Customer Profile, Accounts & Beneficiaries","",""
"","128","Transactions Break Wallet - Invalid Token Or PIN","Personal Banking APIs - QA Test Suite","2026-10-08","passed","2026-10-08","Transactions Break Wallet","Save & Spend","",""
"","121","Overview - No Auth","Personal Banking APIs - QA Test Suite","2026-10-08","passed","2026-10-08","Overview","Customer Profile, Accounts & Beneficiaries","",""
"","169","Overview - Valid","Personal Banking APIs - QA Test Suite","2026-10-08","passed","2026-10-08","Overview","Customer Profile, Accounts & Beneficiaries","",""
"","143","List - Invalid Query","Personal Banking APIs - QA Test Suite","2026-10-08","failed","2026-10-08","List","Rewards, Cash Tokens & Wishlists","",""
"","131","Inter Name Enquiry - Missing Required Field","Personal Banking APIs - QA Test Suite","2026-10-08","passed","2026-10-08","Inter Name Enquiry","Wallets, Transfers, Transactions & Fund Requests","",""
"","149","Reject Single Bulk Recipient - Empty Fields","Personal Banking APIs - QA Test Suite","2026-10-08","failed","2026-10-08","Reject Single Bulk Recipient","Wallets, Transfers, Transactions & Fund Requests","",""
"","159","Transactions Deposit - Empty Fields","Personal Banking APIs - QA Test Suite","2026-10-08","passed","2026-10-08","Transactions Deposit","Target Savings","",""
"","124","Transactions Update Spend Wallet - Missing Required Field","Personal Banking APIs - QA Test Suite","2026-10-08","passed","2026-10-08","Transactions Update Spend Wallet","Save & Spend","",""
"","164","Types - Invalid ID","Personal Banking APIs - QA Test Suite","2026-10-08","passed","2026-10-08","Types","Supalock Savings","",""
"","151","Transactions Break Wallet - Valid","Personal Banking APIs - QA Test Suite","2026-10-08","failed","2026-10-08","Transactions Break Wallet","Save & Spend","",""
"","119","Transactions Deposit - Missing Required Field","Personal Banking APIs - QA Test Suite","2026-10-08","passed","2026-10-08","Transactions Deposit","SWAG Savings","",""
"","153","Reject Bulk Fund Request - Valid","Personal Banking APIs - QA Test Suite","2026-10-08","failed","2026-10-08","Reject Bulk Fund Request","Wallets, Transfers, Transactions & Fund Requests","",""
"","128","Requests - Invalid Query","Personal Banking APIs - QA Test Suite","2026-10-08","failed","2026-10-08","Requests","Customer Cards","",""
"","127","Transactions Create Wallet - Invalid Status Or Type","Personal Banking APIs - QA Test Suite","2026-10-08","passed","2026-10-08","Transactions Create Wallet","Save & Spend","",""
"","123","Wallet Interest Balance - Invalid Query","Personal Banking APIs - QA Test Suite","2026-10-08","failed","2026-10-08","Wallet Interest Balance","Save & Spend","",""
"","156","Update Identity - Valid","Personal Banking APIs - QA Test Suite","2026-10-08","failed","2026-10-08","Update Identity","KYC, Tier Upgrades & Young Moni","",""
"","119","Unblock - No Auth","Personal Banking APIs - QA Test Suite","2026-10-08","passed","2026-10-08","Unblock","Customer Cards","",""
"","147","Update Credit Stage - Invalid Status Or Type","Personal Banking APIs - QA Test Suite","2026-10-08","failed","2026-10-08","Update Credit Stage","Wallets, Transfers, Transactions & Fund Requests","",""
"","125","Transactions - Invalid Query","Personal Banking APIs - QA Test Suite","2026-10-08","failed","2026-10-08","Transactions","SWAG Savings","",""
"","156","Login With Pin - Invalid Token Or PIN","Personal Banking APIs - QA Test Suite","2026-10-08","passed","2026-10-08","Login With Pin","Login, Credentials, Security & Devices","",""
"","152","Retrieve - Valid","Personal Banking APIs - QA Test Suite","2026-10-08","failed","2026-10-08","Retrieve","Customer Cards","",""
"","157","Tenors - No Auth","Personal Banking APIs - QA Test Suite","2026-10-08","passed","2026-10-08","Tenors","Kolo Connect Advances","",""
"","117","List - No Auth","Personal Banking APIs - QA Test Suite","2026-10-08","passed","2026-10-08","List","Insurance","",""
"","134","Young Moni Initiate Account Without Identity - Missing Required Field","Personal Banking APIs - QA Test Suite","2026-10-08","passed","2026-10-08","Young Moni Initiate Account Without Identity","Customer Profile, Accounts & Beneficiaries","",""
"","136","Admin Games Rewards - Valid","Personal Banking APIs - QA Test Suite","2026-10-08","failed","2026-10-08","Admin Games Rewards","Rewards, Cash Tokens & Wishlists","",""
"","146","Retrieve - Nonexistent ID","Personal Banking APIs - QA Test Suite","2026-10-08","passed","2026-10-08","Retrieve","Customer Profile, Accounts & Beneficiaries","",""
"","159","Validate Face Match - Valid","Personal Banking APIs - QA Test Suite","2026-10-08","failed","2026-10-08","Validate Face Match","Login, Credentials, Security & Devices","",""
"","130","Repay - Invalid Token Or PIN","Personal Banking APIs - QA Test Suite","2026-10-08","failed","2026-10-08","Repay","Kolo Connect Advances","",""
"","252","Admin - No Auth","Personal Banking APIs - QA Test Suite","2026-10-08","passed","2026-10-08","Admin","KYC, Tier Upgrades & Young Moni","",""
"","122","List Documents - No Auth","Personal Banking APIs - QA Test Suite","2026-10-08","passed","2026-10-08","List Documents","KYC, Tier Upgrades & Young Moni","",""
"","171","Admin Reject Upgrade Request - Valid","Personal Banking APIs - QA Test Suite","2026-10-08","failed","2026-10-08","Admin Reject Upgrade Request","KYC, Tier Upgrades & Young Moni","",""
"","218","Remaining Limit Today - Valid","Personal Banking APIs - QA Test Suite","2026-10-08","passed","2026-10-08","Remaining Limit Today","Wallets, Transfers, Transactions & Fund Requests","",""
"","235","Partial - Invalid ID","Personal Banking APIs - QA Test Suite","2026-10-08","failed","2026-10-08","Partial","Airtime, Data, Bills & VAS Beneficiaries","",""
"","144","List - No Auth","Personal Banking APIs - QA Test Suite","2026-10-08","passed","2026-10-08","List","Customer Profile, Accounts & Beneficiaries","",""
"","134","Retrieve - Invalid Query","Personal Banking APIs - QA Test Suite","2026-10-08","failed","2026-10-08","Retrieve","Wallets, Transfers, Transactions & Fund Requests","",""
"","128","Requests Request Card - Invalid Token Or PIN","Personal Banking APIs - QA Test Suite","2026-10-08","passed","2026-10-08","Requests Request Card","Customer Cards","",""
"","195","Get Betting Billers - Valid","Personal Banking APIs - QA Test Suite","2026-10-08","passed","2026-10-08","Get Betting Billers","Airtime, Data, Bills & VAS Beneficiaries","",""
"","141","Create Password - Invalid Email","Personal Banking APIs - QA Test Suite","2026-10-08","passed","2026-10-08","Create Password","Login, Credentials, Security & Devices","",""
"","120","Transactions Update Swag Plan - Empty Fields","Personal Banking APIs - QA Test Suite","2026-10-08","passed","2026-10-08","Transactions Update Swag Plan","SWAG Savings","",""
"","123","Transactions Withdraw Interest - Valid","Personal Banking APIs - QA Test Suite","2026-10-08","failed","2026-10-08","Transactions Withdraw Interest","SWAG Savings","",""
"","136","Setup Liveness Image - Missing Required Field","Personal Banking APIs - QA Test Suite","2026-10-08","passed","2026-10-08","Setup Liveness Image","Login, Credentials, Security & Devices","",""
"","151","Download Statement - Missing Required Field","Personal Banking APIs - QA Test Suite","2026-10-08","failed","2026-10-08","Download Statement","Wallets, Transfers, Transactions & Fund Requests","",""
"","124","Request Phone Verification - Valid","Personal Banking APIs - QA Test Suite","2026-10-08","failed","2026-10-08","Request Phone Verification","Login, Credentials, Security & Devices","",""
"","125","Channel Settings - Invalid Amount","Personal Banking APIs - QA Test Suite","2026-10-08","failed","2026-10-08","Channel Settings","Customer Cards","",""
"","122","Reward With Airtime - Empty Fields","Personal Banking APIs - QA Test Suite","2026-10-08","passed","2026-10-08","Reward With Airtime","Rewards, Cash Tokens & Wishlists","",""
"","973","List - No Auth","Personal Banking APIs - QA Test Suite","2026-10-08","passed","2026-10-08","List","Airtime, Data, Bills & VAS Beneficiaries","",""
"","250","Register With Phone - Valid","Personal Banking APIs - QA Test Suite","2026-10-08","failed","2026-10-08","Register With Phone","Customer Onboarding","",""
"","134","Transaction - Invalid Query","Personal Banking APIs - QA Test Suite","2026-10-08","failed","2026-10-08","Transaction","Airtime, Data, Bills & VAS Beneficiaries","",""
"","148","Transactions Create Plan - No Auth","Personal Banking APIs - QA Test Suite","2026-10-08","failed","2026-10-08","Transactions Create Plan","SWAG Savings","",""
"","156","Coin Wallet - No Auth","Personal Banking APIs - QA Test Suite","2026-10-08","passed","2026-10-08","Coin Wallet","Rewards, Cash Tokens & Wishlists","",""
"","141","Find Account Banks - Valid","Personal Banking APIs - QA Test Suite","2026-10-08","failed","2026-10-08","Find Account Banks","Customer Profile, Accounts & Beneficiaries","",""
"","139","Retrieve - Invalid Query","Personal Banking APIs - QA Test Suite","2026-10-08","failed","2026-10-08","Retrieve","Airtime, Data, Bills & VAS Beneficiaries","",""
"","139","Payment Merchant - Missing Required Field","Personal Banking APIs - QA Test Suite","2026-10-08","failed","2026-10-08","Payment Merchant","Customer Cards","",""
"","274","Admin Games Rewards - Valid","Personal Banking APIs - QA Test Suite","2026-10-08","failed","2026-10-08","Admin Games Rewards","Rewards, Cash Tokens & Wishlists","",""
"","129","Activate - Empty Fields","Personal Banking APIs - QA Test Suite","2026-10-08","failed","2026-10-08","Activate","Customer Cards","",""
"","127","Verify Email Update - No Auth","Personal Banking APIs - QA Test Suite","2026-10-08","passed","2026-10-08","Verify Email Update","KYC, Tier Upgrades & Young Moni","",""
"","145","Get Electricity Billers - Valid","Personal Banking APIs - QA Test Suite","2026-10-08","failed","2026-10-08","Get Electricity Billers","Airtime, Data, Bills & VAS Beneficiaries","",""
"","148","Proposed Contributor - Missing Required Field","Personal Banking APIs - QA Test Suite","2026-10-08","passed","2026-10-08","Proposed Contributor","Rewards, Cash Tokens & Wishlists","",""
"","133","Initiate Email Update - Invalid Token Or PIN","Personal Banking APIs - QA Test Suite","2026-10-08","passed","2026-10-08","Initiate Email Update","KYC, Tier Upgrades & Young Moni","",""
"","133","Profile - No Auth","Personal Banking APIs - QA Test Suite","2026-10-08","passed","2026-10-08","Profile","Customer Profile, Accounts & Beneficiaries","",""
"","150","Item - Valid","Personal Banking APIs - QA Test Suite","2026-10-08","failed","2026-10-08","Item","Rewards, Cash Tokens & Wishlists","",""
"","125","Admin Coins Rules - Invalid ID","Personal Banking APIs - QA Test Suite","2026-10-08","failed","2026-10-08","Admin Coins Rules","Rewards, Cash Tokens & Wishlists","",""
"","126","Request Account Reactivation - Empty Fields","Personal Banking APIs - QA Test Suite","2026-10-08","passed","2026-10-08","Request Account Reactivation","KYC, Tier Upgrades & Young Moni","",""
"","236","Add Account Alias - Missing Required Field","Personal Banking APIs - QA Test Suite","2026-10-08","passed","2026-10-08","Add Account Alias","Customer Profile, Accounts & Beneficiaries","",""
"","136","Reject Bulk Fund Request - Missing Required Field","Personal Banking APIs - QA Test Suite","2026-10-08","failed","2026-10-08","Reject Bulk Fund Request","Wallets, Transfers, Transactions & Fund Requests","",""
"","176","Add Account Alias - No Auth","Personal Banking APIs - QA Test Suite","2026-10-08","passed","2026-10-08","Add Account Alias","Customer Profile, Accounts & Beneficiaries","",""
"","234","Admin Games - Invalid Query","Personal Banking APIs - QA Test Suite","2026-10-08","failed","2026-10-08","Admin Games","Rewards, Cash Tokens & Wishlists","",""
"","130","Verify Token - Invalid Token Or PIN","Personal Banking APIs - QA Test Suite","2026-10-08","passed","2026-10-08","Verify Token","Login, Credentials, Security & Devices","",""
"","181","Transactions Update Spend Wallet - Nonexistent ID","Personal Banking APIs - QA Test Suite","2026-10-08","failed","2026-10-08","Transactions Update Spend Wallet","Save & Spend","",""
"","144","Transaction - Valid","Personal Banking APIs - QA Test Suite","2026-10-08","failed","2026-10-08","Transaction","Airtime, Data, Bills & VAS Beneficiaries","",""
"","181","Transactions - Valid","Personal Banking APIs - QA Test Suite","2026-10-08","failed","2026-10-08","Transactions","SWAG Savings","",""
"","278","Find Customers By Phone - Valid","Personal Banking APIs - QA Test Suite","2026-10-08","passed","2026-10-08","Find Customers By Phone","Customer Profile, Accounts & Beneficiaries","",""
"","142","Request Account Reactivation - No Auth","Personal Banking APIs - QA Test Suite","2026-10-08","passed","2026-10-08","Request Account Reactivation","KYC, Tier Upgrades & Young Moni","",""
"","134","Transactions - No Auth","Personal Banking APIs - QA Test Suite","2026-10-08","passed","2026-10-08","Transactions","Supalock Savings","",""
"","145","Games - Valid","Personal Banking APIs - QA Test Suite","2026-10-08","failed","2026-10-08","Games","Rewards, Cash Tokens & Wishlists","",""
"","131","Initiate Reset Card Pin - Invalid Query","Personal Banking APIs - QA Test Suite","2026-10-08","failed","2026-10-08","Initiate Reset Card Pin","Customer Cards","",""
"","124","Transactions Create Wallet - Empty Fields","Personal Banking APIs - QA Test Suite","2026-10-08","passed","2026-10-08","Transactions Create Wallet","Save & Spend","",""
"","394","Her Wealth Details - Invalid Query","Personal Banking APIs - QA Test Suite","2026-10-08","passed","2026-10-08","Her Wealth Details","Customer Profile, Accounts & Beneficiaries","",""
"","340","Info - Invalid Query","Personal Banking APIs - QA Test Suite","2026-10-08","failed","2026-10-08","Info","Customer Profile, Accounts & Beneficiaries","",""
"","128","Admin Coins Rules - Invalid Status Or Type","Personal Banking APIs - QA Test Suite","2026-10-08","failed","2026-10-08","Admin Coins Rules","Rewards, Cash Tokens & Wishlists","",""
"","162","Partial - Nonexistent ID","Personal Banking APIs - QA Test Suite","2026-10-08","failed","2026-10-08","Partial","Airtime, Data, Bills & VAS Beneficiaries","",""
"","129","Wallet - No Auth","Personal Banking APIs - QA Test Suite","2026-10-08","passed","2026-10-08","Wallet","Save & Spend","",""
"","175","Admin Games Rewards - Valid","Personal Banking APIs - QA Test Suite","2026-10-08","failed","2026-10-08","Admin Games Rewards","Rewards, Cash Tokens & Wishlists","",""
"","142","Activate - Missing Required Field","Personal Banking APIs - QA Test Suite","2026-10-08","failed","2026-10-08","Activate","Customer Cards","",""
"","176","Update Documents - Invalid Status Or Type","Personal Banking APIs - QA Test Suite","2026-10-08","passed","2026-10-08","Update Documents","KYC, Tier Upgrades & Young Moni","",""
"","143","Check Email / Phone Availability - Invalid Email","Personal Banking APIs - QA Test Suite","2026-10-08","passed","2026-10-08","Check Email / Phone Availability","Customer Onboarding","",""
"","144","Partial - Valid","Personal Banking APIs - QA Test Suite","2026-10-08","failed","2026-10-08","Partial","Airtime, Data, Bills & VAS Beneficiaries","",""
"","213","Transactions Evaluate Break - Valid","Personal Banking APIs - QA Test Suite","2026-10-08","failed","2026-10-08","Transactions Evaluate Break","Target Savings","",""
"","152","Winner Dismiss Action - Valid","Personal Banking APIs - QA Test Suite","2026-10-08","failed","2026-10-08","Winner Dismiss Action","Rewards, Cash Tokens & Wishlists","",""
"","120","Retrieve - No Auth","Personal Banking APIs - QA Test Suite","2026-10-08","passed","2026-10-08","Retrieve","KYC, Tier Upgrades & Young Moni","",""
"","137","Requests Fetch Agents - Missing Required Field","Personal Banking APIs - QA Test Suite","2026-10-08","passed","2026-10-08","Requests Fetch Agents","Customer Cards","",""
"","130","Admin Coins Rules - Missing Required Field","Personal Banking APIs - QA Test Suite","2026-10-08","failed","2026-10-08","Admin Coins Rules","Rewards, Cash Tokens & Wishlists","",""
"","126","Winner Dismiss Action - Missing Required Field","Personal Banking APIs - QA Test Suite","2026-10-08","failed","2026-10-08","Winner Dismiss Action","Rewards, Cash Tokens & Wishlists","",""
"","139","Purchase Electricity - Invalid Status Or Type","Personal Banking APIs - QA Test Suite","2026-10-08","passed","2026-10-08","Purchase Electricity","Airtime, Data, Bills & VAS Beneficiaries","",""
"","140","Reject Bulk Fund Request - No Auth","Personal Banking APIs - QA Test Suite","2026-10-08","passed","2026-10-08","Reject Bulk Fund Request","Wallets, Transfers, Transactions & Fund Requests","",""
"","192","Transactions - Valid","Personal Banking APIs - QA Test Suite","2026-10-08","passed","2026-10-08","Transactions","Supalock Savings","",""
"","128","Data - Missing Required Field","Personal Banking APIs - QA Test Suite","2026-10-08","passed","2026-10-08","Data","Scheduled Payments","",""
"","117","Retrieve - No Auth","Personal Banking APIs - QA Test Suite","2026-10-08","passed","2026-10-08","Retrieve","Airtime, Data, Bills & VAS Beneficiaries","",""
"","126","Leaderboard - No Auth","Personal Banking APIs - QA Test Suite","2026-10-08","passed","2026-10-08","Leaderboard","Customer Profile, Accounts & Beneficiaries","",""
"","118","Wishlist Config Edit - Invalid Amount","Personal Banking APIs - QA Test Suite","2026-10-08","failed","2026-10-08","Wishlist Config Edit","Rewards, Cash Tokens & Wishlists","",""
"","136","Validate Smart Card - Valid","Personal Banking APIs - QA Test Suite","2026-10-08","failed","2026-10-08","Validate Smart Card","Airtime, Data, Bills & VAS Beneficiaries","",""
"","149","Retrieve - Valid","Personal Banking APIs - QA Test Suite","2026-10-08","failed","2026-10-08","Retrieve","Airtime, Data, Bills & VAS Beneficiaries","",""
"","137","List - Invalid Query","Personal Banking APIs - QA Test Suite","2026-10-08","failed","2026-10-08","List","Airtime, Data, Bills & VAS Beneficiaries","",""
"","151","Admin Games Rewards - Nonexistent ID","Personal Banking APIs - QA Test Suite","2026-10-08","failed","2026-10-08","Admin Games Rewards","Rewards, Cash Tokens & Wishlists","",""
"","123","List Schedule Payments - No Auth","Personal Banking APIs - QA Test Suite","2026-10-08","passed","2026-10-08","List Schedule Payments","Scheduled Payments","",""
"","161","Young Moni Upload Guardian Documents - Valid","Personal Banking APIs - QA Test Suite","2026-10-08","failed","2026-10-08","Young Moni Upload Guardian Documents","Customer Profile, Accounts & Beneficiaries","",""
"","147","Admin Coins Rules - Valid","Personal Banking APIs - QA Test Suite","2026-10-08","failed","2026-10-08","Admin Coins Rules","Rewards, Cash Tokens & Wishlists","",""
"","144","Admin Complete Upgrade Request - Valid","Personal Banking APIs - QA Test Suite","2026-10-08","failed","2026-10-08","Admin Complete Upgrade Request","KYC, Tier Upgrades & Young Moni","",""
"","168","Account Officer Change Request - Invalid ID","Personal Banking APIs - QA Test Suite","2026-10-08","passed","2026-10-08","Account Officer Change Request","Customer Profile, Accounts & Beneficiaries","",""
"","120","Wishlist Config Edit - Valid","Personal Banking APIs - QA Test Suite","2026-10-08","failed","2026-10-08","Wishlist Config Edit","Rewards, Cash Tokens & Wishlists","",""
"","128","Single Fund Request - Empty Fields","Personal Banking APIs - QA Test Suite","2026-10-08","passed","2026-10-08","Single Fund Request","Wallets, Transfers, Transactions & Fund Requests","",""
"","851","List - Valid","Personal Banking APIs - QA Test Suite","2026-10-08","passed","2026-10-08","List","Customer Profile, Accounts & Beneficiaries","",""
"","151","Admin Upload Documents - Invalid Status Or Type","Personal Banking APIs - QA Test Suite","2026-10-08","passed","2026-10-08","Admin Upload Documents","KYC, Tier Upgrades & Young Moni","",""
"","121","Transactions Update Spend Wallet - Invalid Token Or PIN","Personal Banking APIs - QA Test Suite","2026-10-08","passed","2026-10-08","Transactions Update Spend Wallet","Save & Spend","",""
"","125","Inter Transfer - No Auth","Personal Banking APIs - QA Test Suite","2026-10-08","failed","2026-10-08","Inter Transfer","Wallets, Transfers, Transactions & Fund Requests","",""
"","139","Providers - No Auth","Personal Banking APIs - QA Test Suite","2026-10-08","passed","2026-10-08","Providers","Insurance","",""
"","146","Games Eligibility Requirements - Valid","Personal Banking APIs - QA Test Suite","2026-10-08","failed","2026-10-08","Games Eligibility Requirements","Rewards, Cash Tokens & Wishlists","",""
"","120","Retrieve - No Auth","Personal Banking APIs - QA Test Suite","2026-10-08","passed","2026-10-08","Retrieve","Kolo Connect Advances","",""
"","132","Requests - Invalid ID","Personal Banking APIs - QA Test Suite","2026-10-08","passed","2026-10-08","Requests","Customer Cards","",""
"","131","Data - Invalid Amount","Personal Banking APIs - QA Test Suite","2026-10-08","passed","2026-10-08","Data","Scheduled Payments","",""
"","167","Tier One Upgrade - Valid","Personal Banking APIs - QA Test Suite","2026-10-08","failed","2026-10-08","Tier One Upgrade","KYC, Tier Upgrades & Young Moni","",""
"","122","Initiate Liveness Setup - No Auth","Personal Banking APIs - QA Test Suite","2026-10-08","passed","2026-10-08","Initiate Liveness Setup","Login, Credentials, Security & Devices","",""
"","130","Repay - Invalid Amount","Personal Banking APIs - QA Test Suite","2026-10-08","failed","2026-10-08","Repay","Kolo Connect Advances","",""
"","278","Admin Coins Rules - Nonexistent ID","Personal Banking APIs - QA Test Suite","2026-10-08","failed","2026-10-08","Admin Coins Rules","Rewards, Cash Tokens & Wishlists","",""
"","178","Types Get Supa Lock Special Interest - Invalid ID","Personal Banking APIs - QA Test Suite","2026-10-08","failed","2026-10-08","Types Get Supa Lock Special Interest","Supalock Savings","",""
"","126","Games - No Auth","Personal Banking APIs - QA Test Suite","2026-10-08","passed","2026-10-08","Games","Rewards, Cash Tokens & Wishlists","",""
"","128","Terms - Invalid Query","Personal Banking APIs - QA Test Suite","2026-10-08","failed","2026-10-08","Terms","Rewards, Cash Tokens & Wishlists","",""
"","129","List - Invalid Query","Personal Banking APIs - QA Test Suite","2026-10-08","failed","2026-10-08","List","Airtime, Data, Bills & VAS Beneficiaries","",""
"","134","Transfer - Invalid Token Or PIN","Personal Banking APIs - QA Test Suite","2026-10-08","passed","2026-10-08","Transfer","Scheduled Payments","",""
"","384","Total Young Moni Balance - Valid","Personal Banking APIs - QA Test Suite","2026-10-08","passed","2026-10-08","Total Young Moni Balance","Customer Profile, Accounts & Beneficiaries","",""
"","129","Payment Merchant - Invalid Status Or Type","Personal Banking APIs - QA Test Suite","2026-10-08","failed","2026-10-08","Payment Merchant","Customer Cards","",""
"","121","Transactions Deposit - Invalid Token Or PIN","Personal Banking APIs - QA Test Suite","2026-10-08","passed","2026-10-08","Transactions Deposit","Target Savings","",""
"","142","Waec Lookup - No Auth","Personal Banking APIs - QA Test Suite","2026-10-08","passed","2026-10-08","Waec Lookup","Airtime, Data, Bills & VAS Beneficiaries","",""
"","155","Find Account Banks - No Auth","Personal Banking APIs - QA Test Suite","2026-10-08","passed","2026-10-08","Find Account Banks","Customer Profile, Accounts & Beneficiaries","",""
"","123","List Schedule Payments - Invalid ID","Personal Banking APIs - QA Test Suite","2026-10-08","failed","2026-10-08","List Schedule Payments","Scheduled Payments","",""
"","161","Retrieve - Valid","Personal Banking APIs - QA Test Suite","2026-10-08","failed","2026-10-08","Retrieve","Wallets, Transfers, Transactions & Fund Requests","",""
"","159","Electricity - Invalid Amount","Personal Banking APIs - QA Test Suite","2026-10-08","passed","2026-10-08","Electricity","Scheduled Payments","",""
"","133","Update Gender - Missing Required Field","Personal Banking APIs - QA Test Suite","2026-10-08","passed","2026-10-08","Update Gender","Login, Credentials, Security & Devices","",""
"","155","Wallet Interest Balance - Nonexistent ID","Personal Banking APIs - QA Test Suite","2026-10-08","failed","2026-10-08","Wallet Interest Balance","Save & Spend","",""
"","150","Wallet Download Swag Statement - Missing Required Field","Personal Banking APIs - QA Test Suite","2026-10-08","failed","2026-10-08","Wallet Download Swag Statement","SWAG Savings","",""
"","119","Admin Games Rewards - No Auth","Personal Banking APIs - QA Test Suite","2026-10-08","passed","2026-10-08","Admin Games Rewards","Rewards, Cash Tokens & Wishlists","",""
"","124","Intra Transfer - No Auth","Personal Banking APIs - QA Test Suite","2026-10-08","failed","2026-10-08","Intra Transfer","Wallets, Transfers, Transactions & Fund Requests","",""
"","120","Transactions Deposit - Invalid Amount","Personal Banking APIs - QA Test Suite","2026-10-08","passed","2026-10-08","Transactions Deposit","Target Savings","",""
"","482","Admin - Valid","Personal Banking APIs - QA Test Suite","2026-10-08","failed","2026-10-08","Admin","KYC, Tier Upgrades & Young Moni","",""
"","134","Providers - Invalid Query","Personal Banking APIs - QA Test Suite","2026-10-08","failed","2026-10-08","Providers","Insurance","",""
"","258","Admin - Invalid Query","Personal Banking APIs - QA Test Suite","2026-10-08","failed","2026-10-08","Admin","KYC, Tier Upgrades & Young Moni","",""
"","124","List - No Auth","Personal Banking APIs - QA Test Suite","2026-10-08","passed","2026-10-08","List","Airtime, Data, Bills & VAS Beneficiaries","",""
"","138","Wallet Total Balance - Invalid Query","Personal Banking APIs - QA Test Suite","2026-10-08","failed","2026-10-08","Wallet Total Balance","Target Savings","",""
"","149","Verify NIN (Choose BVN or NIN) - Missing Required Field","Personal Banking APIs - QA Test Suite","2026-10-08","passed","2026-10-08","Verify NIN (Choose BVN or NIN)","Customer Onboarding","",""
"","142","Admin Admin Tier Zero Upgrade - Valid","Personal Banking APIs - QA Test Suite","2026-10-08","failed","2026-10-08","Admin Admin Tier Zero Upgrade","KYC, Tier Upgrades & Young Moni","",""
"","132","Get Item Edit - No Auth","Personal Banking APIs - QA Test Suite","2026-10-08","passed","2026-10-08","Get Item Edit","Rewards, Cash Tokens & Wishlists","",""
"","125","Login With Pin - Empty Fields","Personal Banking APIs - QA Test Suite","2026-10-08","passed","2026-10-08","Login With Pin","Login, Credentials, Security & Devices","",""
"","156","Transactions Update Spend Wallet - Valid","Personal Banking APIs - QA Test Suite","2026-10-08","failed","2026-10-08","Transactions Update Spend Wallet","Save & Spend","",""
"","124","Transactions Create Wallet - Valid","Personal Banking APIs - QA Test Suite","2026-10-08","failed","2026-10-08","Transactions Create Wallet","Save & Spend","",""
"","129","Find Customers By Phone - Missing Required Field","Personal Banking APIs - QA Test Suite","2026-10-08","passed","2026-10-08","Find Customers By Phone","Customer Profile, Accounts & Beneficiaries","",""
"","122","Account Officer Request Change - No Auth","Personal Banking APIs - QA Test Suite","2026-10-08","passed","2026-10-08","Account Officer Request Change","Customer Profile, Accounts & Beneficiaries","",""
"","128","Wallet - Nonexistent ID","Personal Banking APIs - QA Test Suite","2026-10-08","failed","2026-10-08","Wallet","SWAG Savings","",""
"","150","Admin Games Rewards - Invalid ID","Personal Banking APIs - QA Test Suite","2026-10-08","failed","2026-10-08","Admin Games Rewards","Rewards, Cash Tokens & Wishlists","",""
"","143","Reject Single Fund Request - Empty Fields","Personal Banking APIs - QA Test Suite","2026-10-08","failed","2026-10-08","Reject Single Fund Request","Wallets, Transfers, Transactions & Fund Requests","",""
"","122","Purchase Cable - Empty Fields","Personal Banking APIs - QA Test Suite","2026-10-08","passed","2026-10-08","Purchase Cable","Airtime, Data, Bills & VAS Beneficiaries","",""
"","133","Wallet Interest Balance - No Auth","Personal Banking APIs - QA Test Suite","2026-10-08","passed","2026-10-08","Wallet Interest Balance","Save & Spend","",""
"","195","Proposed Contributor - No Auth","Personal Banking APIs - QA Test Suite","2026-10-08","failed","2026-10-08","Proposed Contributor","Rewards, Cash Tokens & Wishlists","",""
"","135","List - Invalid Query","Personal Banking APIs - QA Test Suite","2026-10-08","failed","2026-10-08","List","Wallets, Transfers, Transactions & Fund Requests","",""
"","128","Create Wishlist With Items - Missing Required Field","Personal Banking APIs - QA Test Suite","2026-10-08","passed","2026-10-08","Create Wishlist With Items","Rewards, Cash Tokens & Wishlists","",""
"","142","Withdraw Cashback - Invalid ID","Personal Banking APIs - QA Test Suite","2026-10-08","failed","2026-10-08","Withdraw Cashback","Wallets, Transfers, Transactions & Fund Requests","",""
"","139","Games Spin Wheel - Invalid Query","Personal Banking APIs - QA Test Suite","2026-10-08","passed","2026-10-08","Games Spin Wheel","Rewards, Cash Tokens & Wishlists","",""
"","131","Youngmoni Transfer - Missing Required Field","Personal Banking APIs - QA Test Suite","2026-10-08","passed","2026-10-08","Youngmoni Transfer","Scheduled Payments","",""
"","128","Document Update Status - Missing Required Field","Personal Banking APIs - QA Test Suite","2026-10-08","failed","2026-10-08","Document Update Status","KYC, Tier Upgrades & Young Moni","",""
"","126","Create Supalock - Missing Required Field","Personal Banking APIs - QA Test Suite","2026-10-08","failed","2026-10-08","Create Supalock","Supalock Savings","",""
"","256","Admin - Nonexistent ID","Personal Banking APIs - QA Test Suite","2026-10-08","failed","2026-10-08","Admin","KYC, Tier Upgrades & Young Moni","",""
"","149","Winner Dismiss Action - Invalid Amount","Personal Banking APIs - QA Test Suite","2026-10-08","failed","2026-10-08","Winner Dismiss Action","Rewards, Cash Tokens & Wishlists","",""
"","126","Pay Schedule Early - Empty Fields","Personal Banking APIs - QA Test Suite","2026-10-08","passed","2026-10-08","Pay Schedule Early","Scheduled Payments","",""
"","143","Admin Coins Rules - Empty Fields","Personal Banking APIs - QA Test Suite","2026-10-08","failed","2026-10-08","Admin Coins Rules","Rewards, Cash Tokens & Wishlists","",""
"","120","Retrieve - No Auth","Personal Banking APIs - QA Test Suite","2026-10-08","passed","2026-10-08","Retrieve","Customer Profile, Accounts & Beneficiaries","",""
"","202","Add Item - Valid","Personal Banking APIs - QA Test Suite","2026-10-08","failed","2026-10-08","Add Item","Rewards, Cash Tokens & Wishlists","",""
"","148","Partial - Valid","Personal Banking APIs - QA Test Suite","2026-10-08","passed","2026-10-08","Partial","Airtime, Data, Bills & VAS Beneficiaries","",""
"","122","Transactions Update Swag Plan - Invalid Amount","Personal Banking APIs - QA Test Suite","2026-10-08","passed","2026-10-08","Transactions Update Swag Plan","SWAG Savings","",""
"","271","Young Moni - Valid","Personal Banking APIs - QA Test Suite","2026-10-08","passed","2026-10-08","Young Moni","Customer Profile, Accounts & Beneficiaries","",""
"","149","Admin Admin Tier Zero Upgrade - No Auth","Personal Banking APIs - QA Test Suite","2026-10-08","passed","2026-10-08","Admin Admin Tier Zero Upgrade","KYC, Tier Upgrades & Young Moni","",""
"","121","Admin Admin Tier Two Upgrade - No Auth","Personal Banking APIs - QA Test Suite","2026-10-08","passed","2026-10-08","Admin Admin Tier Two Upgrade","KYC, Tier Upgrades & Young Moni","",""
"","129","Enabled Setting - Invalid Query","Personal Banking APIs - QA Test Suite","2026-10-08","failed","2026-10-08","Enabled Setting","Wallets, Transfers, Transactions & Fund Requests","",""
"","135","Retrieve - No Auth","Personal Banking APIs - QA Test Suite","2026-10-08","passed","2026-10-08","Retrieve","Supalock Savings","",""
"","121","High Value Transactions - No Auth","Personal Banking APIs - QA Test Suite","2026-10-08","passed","2026-10-08","High Value Transactions","Wallets, Transfers, Transactions & Fund Requests","",""
"","164","Retrieve - Valid","Personal Banking APIs - QA Test Suite","2026-10-08","failed","2026-10-08","Retrieve","Scheduled Payments","",""
"","237","Admin Coins Redemption Rules - Invalid Query","Personal Banking APIs - QA Test Suite","2026-10-08","failed","2026-10-08","Admin Coins Redemption Rules","Rewards, Cash Tokens & Wishlists","",""
"","121","Create - No Auth","Personal Banking APIs - QA Test Suite","2026-10-08","passed","2026-10-08","Create","Airtime, Data, Bills & VAS Beneficiaries","",""
"","136","Young Moni - Invalid Query","Personal Banking APIs - QA Test Suite","2026-10-08","failed","2026-10-08","Young Moni","Customer Profile, Accounts & Beneficiaries","",""
"","126","Admin Games Rewards - Nonexistent ID","Personal Banking APIs - QA Test Suite","2026-10-08","failed","2026-10-08","Admin Games Rewards","Rewards, Cash Tokens & Wishlists","",""
"","121","Purchase Airtime - No Auth","Personal Banking APIs - QA Test Suite","2026-10-08","failed","2026-10-08","Purchase Airtime","Airtime, Data, Bills & VAS Beneficiaries","",""
"","124","Admin Coins Rules - Empty Fields","Personal Banking APIs - QA Test Suite","2026-10-08","failed","2026-10-08","Admin Coins Rules","Rewards, Cash Tokens & Wishlists","",""
"","128","Reward With Airtime - Invalid Amount","Personal Banking APIs - QA Test Suite","2026-10-08","failed","2026-10-08","Reward With Airtime","Rewards, Cash Tokens & Wishlists","",""
"","584","List - Valid","Personal Banking APIs - QA Test Suite","2026-10-08","passed","2026-10-08","List","Rewards, Cash Tokens & Wishlists","",""
"","148","Topup Supalock - Empty Fields","Personal Banking APIs - QA Test Suite","2026-10-08","failed","2026-10-08","Topup Supalock","Supalock Savings","",""
"","236","Data Plans - Invalid ID","Personal Banking APIs - QA Test Suite","2026-10-08","passed","2026-10-08","Data Plans","Airtime, Data, Bills & VAS Beneficiaries","",""
"","253","Admin Request Stats - Invalid Query","Personal Banking APIs - QA Test Suite","2026-10-08","failed","2026-10-08","Admin Request Stats","KYC, Tier Upgrades & Young Moni","",""
"","180","Recipients - Valid","Personal Banking APIs - QA Test Suite","2026-10-08","failed","2026-10-08","Recipients","Wallets, Transfers, Transactions & Fund Requests","",""
"","134","Perform Action - Missing Required Field","Personal Banking APIs - QA Test Suite","2026-10-08","failed","2026-10-08","Perform Action","Rewards, Cash Tokens & Wishlists","",""
"","136","Request Alias Phone Verification - Empty Fields","Personal Banking APIs - QA Test Suite","2026-10-08","passed","2026-10-08","Request Alias Phone Verification","Customer Profile, Accounts & Beneficiaries","",""
"","150","Transactions - Invalid Query","Personal Banking APIs - QA Test Suite","2026-10-08","failed","2026-10-08","Transactions","Wallets, Transfers, Transactions & Fund Requests","",""
"","141","Transactions Withdraw Principal - Missing Required Field","Personal Banking APIs - QA Test Suite","2026-10-08","passed","2026-10-08","Transactions Withdraw Principal","SWAG Savings","",""
"","136","Login With Pin - Missing Required Field","Personal Banking APIs - QA Test Suite","2026-10-08","passed","2026-10-08","Login With Pin","Login, Credentials, Security & Devices","",""
"","218","Requests - Valid","Personal Banking APIs - QA Test Suite","2026-10-08","passed","2026-10-08","Requests","Customer Cards","",""
"","126","Data - Invalid Token Or PIN","Personal Banking APIs - QA Test Suite","2026-10-08","passed","2026-10-08","Data","Scheduled Payments","",""
"","148","Terms Draw Details - No Auth","Personal Banking APIs - QA Test Suite","2026-10-08","passed","2026-10-08","Terms Draw Details","Rewards, Cash Tokens & Wishlists","",""
"","134","Coin Wallet - Invalid Query","Personal Banking APIs - QA Test Suite","2026-10-08","passed","2026-10-08","Coin Wallet","Rewards, Cash Tokens & Wishlists","",""
"","128","Single Fund Request - No Auth","Personal Banking APIs - QA Test Suite","2026-10-08","failed","2026-10-08","Single Fund Request","Wallets, Transfers, Transactions & Fund Requests","",""
"","151","Remaining Limit Today - No Auth","Personal Banking APIs - QA Test Suite","2026-10-08","passed","2026-10-08","Remaining Limit Today","Wallets, Transfers, Transactions & Fund Requests","",""
"","158","Channel Settings - Invalid ID","Personal Banking APIs - QA Test Suite","2026-10-08","passed","2026-10-08","Channel Settings","Customer Cards","",""
"","141","Verify Reset Token - Invalid Email","Personal Banking APIs - QA Test Suite","2026-10-08","passed","2026-10-08","Verify Reset Token","Login, Credentials, Security & Devices","",""
"","153","Admin Coins Rules - Valid","Personal Banking APIs - QA Test Suite","2026-10-08","failed","2026-10-08","Admin Coins Rules","Rewards, Cash Tokens & Wishlists","",""
"","119","Types - No Auth","Personal Banking APIs - QA Test Suite","2026-10-08","passed","2026-10-08","Types","Supalock Savings","",""
"","133","Young Moni Requests Request Stats - Invalid Query","Personal Banking APIs - QA Test Suite","2026-10-08","failed","2026-10-08","Young Moni Requests Request Stats","KYC, Tier Upgrades & Young Moni","",""
"","276","Admin Coins Rules Stats - No Auth","Personal Banking APIs - QA Test Suite","2026-10-08","passed","2026-10-08","Admin Coins Rules Stats","Rewards, Cash Tokens & Wishlists","",""
"","154","Details - Empty Fields","Personal Banking APIs - QA Test Suite","2026-10-08","passed","2026-10-08","Details","Customer Profile, Accounts & Beneficiaries","",""
"","130","Admin Coins Rules - Invalid ID","Personal Banking APIs - QA Test Suite","2026-10-08","failed","2026-10-08","Admin Coins Rules","Rewards, Cash Tokens & Wishlists","",""
"","151","Admin Admin Submit - Valid","Personal Banking APIs - QA Test Suite","2026-10-08","failed","2026-10-08","Admin Admin Submit","KYC, Tier Upgrades & Young Moni","",""
"","126","Topup Supalock - Invalid Amount","Personal Banking APIs - QA Test Suite","2026-10-08","failed","2026-10-08","Topup Supalock","Supalock Savings","",""
"","124","Get Cable Providers - No Auth","Personal Banking APIs - QA Test Suite","2026-10-08","passed","2026-10-08","Get Cable Providers","Airtime, Data, Bills & VAS Beneficiaries","",""
"","132","Verify Device Changed - No Auth","Personal Banking APIs - QA Test Suite","2026-10-08","failed","2026-10-08","Verify Device Changed","Login, Credentials, Security & Devices","",""
"","130","Topup Supalock - Missing Required Field","Personal Banking APIs - QA Test Suite","2026-10-08","failed","2026-10-08","Topup Supalock","Supalock Savings","",""
"","169","Update Tin - Valid","Personal Banking APIs - QA Test Suite","2026-10-08","passed","2026-10-08","Update Tin","Customer Profile, Accounts & Beneficiaries","",""
"","207","Payment Merchant - Valid","Personal Banking APIs - QA Test Suite","2026-10-08","passed","2026-10-08","Payment Merchant","Customer Cards","",""
"","118","Deals Active - No Auth","Personal Banking APIs - QA Test Suite","2026-10-08","passed","2026-10-08","Deals Active","Rewards, Cash Tokens & Wishlists","",""
"","121","Update - Empty Fields","Personal Banking APIs - QA Test Suite","2026-10-08","passed","2026-10-08","Update","Scheduled Payments","",""
"","128","Young Moni Validate Details Without Identity - Missing Required Field","Personal Banking APIs - QA Test Suite","2026-10-08","failed","2026-10-08","Young Moni Validate Details Without Identity","Customer Profile, Accounts & Beneficiaries","",""
"","128","Item - Invalid ID","Personal Banking APIs - QA Test Suite","2026-10-08","passed","2026-10-08","Item","Rewards, Cash Tokens & Wishlists","",""
"","134","Young Moni Documents Action Document - Empty Fields","Personal Banking APIs - QA Test Suite","2026-10-08","failed","2026-10-08","Young Moni Documents Action Document","KYC, Tier Upgrades & Young Moni","",""
"","140","Tier One Upgrade - Missing Required Field","Personal Banking APIs - QA Test Suite","2026-10-08","passed","2026-10-08","Tier One Upgrade","KYC, Tier Upgrades & Young Moni","",""
"","162","Verify Phone OTP - Valid","Personal Banking APIs - QA Test Suite","2026-10-08","failed","2026-10-08","Verify Phone OTP","Customer Onboarding","",""
"","126","Intra Transfer - Valid","Personal Banking APIs - QA Test Suite","2026-10-08","failed","2026-10-08","Intra Transfer","Wallets, Transfers, Transactions & Fund Requests","",""
"","126","Add Item - Invalid Amount","Personal Banking APIs - QA Test Suite","2026-10-08","failed","2026-10-08","Add Item","Rewards, Cash Tokens & Wishlists","",""
"","168","Admin Coins Redemption Rules - Nonexistent ID","Personal Banking APIs - QA Test Suite","2026-10-08","failed","2026-10-08","Admin Coins Redemption Rules","Rewards, Cash Tokens & Wishlists","",""
"","127","Cancel Schedule Payment - Missing Required Field","Personal Banking APIs - QA Test Suite","2026-10-08","passed","2026-10-08","Cancel Schedule Payment","Scheduled Payments","",""
"","124","Retrieve - Invalid ID","Personal Banking APIs - QA Test Suite","2026-10-08","failed","2026-10-08","Retrieve","Supalock Savings","",""
"","143","Purchase Cable - Invalid Amount","Personal Banking APIs - QA Test Suite","2026-10-08","passed","2026-10-08","Purchase Cable","Airtime, Data, Bills & VAS Beneficiaries","",""
"","130","Initiate Reset Card Pin - No Auth","Personal Banking APIs - QA Test Suite","2026-10-08","passed","2026-10-08","Initiate Reset Card Pin","Customer Cards","",""
"","140","Retrieve - Nonexistent ID","Personal Banking APIs - QA Test Suite","2026-10-08","passed","2026-10-08","Retrieve","Airtime, Data, Bills & VAS Beneficiaries","",""
"","123","Create - Missing Required Field","Personal Banking APIs - QA Test Suite","2026-10-08","failed","2026-10-08","Create","Airtime, Data, Bills & VAS Beneficiaries","",""
"","148","Wallet - Valid","Personal Banking APIs - QA Test Suite","2026-10-08","failed","2026-10-08","Wallet","Save & Spend","",""
"","149","Enabled Setting - Valid","Personal Banking APIs - QA Test Suite","2026-10-08","failed","2026-10-08","Enabled Setting","Wallets, Transfers, Transactions & Fund Requests","",""
"","122","Get Transaction Overview - No Auth","Personal Banking APIs - QA Test Suite","2026-10-08","passed","2026-10-08","Get Transaction Overview","Wallets, Transfers, Transactions & Fund Requests","",""
"","221","List - Valid","Personal Banking APIs - QA Test Suite","2026-10-08","passed","2026-10-08","List","Airtime, Data, Bills & VAS Beneficiaries","",""
"","183","Verify Reset Token - Valid","Personal Banking APIs - QA Test Suite","2026-10-08","failed","2026-10-08","Verify Reset Token","Login, Credentials, Security & Devices","",""
"","144","Requests Fetch Agents - Empty Fields","Personal Banking APIs - QA Test Suite","2026-10-08","passed","2026-10-08","Requests Fetch Agents","Customer Cards","",""
"","122","Verify Phone Number - No Auth","Personal Banking APIs - QA Test Suite","2026-10-08","passed","2026-10-08","Verify Phone Number","Login, Credentials, Security & Devices","",""
"","152","Retrieve - Valid","Personal Banking APIs - QA Test Suite","2026-10-08","failed","2026-10-08","Retrieve","Kolo Connect Advances","",""
"","177","Update Communication Preference - Invalid Email","Personal Banking APIs - QA Test Suite","2026-10-08","passed","2026-10-08","Update Communication Preference","Customer Profile, Accounts & Beneficiaries","",""
"","131","Verify Device Changed - Missing Required Field","Personal Banking APIs - QA Test Suite","2026-10-08","passed","2026-10-08","Verify Device Changed","Login, Credentials, Security & Devices","",""
"","136","Approve Single Bulk Recipient - Missing Required Field","Personal Banking APIs - QA Test Suite","2026-10-08","failed","2026-10-08","Approve Single Bulk Recipient","Wallets, Transfers, Transactions & Fund Requests","",""
"","150","Tier Zero Upgrade - Valid","Personal Banking APIs - QA Test Suite","2026-10-08","failed","2026-10-08","Tier Zero Upgrade","KYC, Tier Upgrades & Young Moni","",""
"","118","Providers - No Auth","Personal Banking APIs - QA Test Suite","2026-10-08","passed","2026-10-08","Providers","Insurance","",""
"","156","List - No Auth","Personal Banking APIs - QA Test Suite","2026-10-08","passed","2026-10-08","List","Wallets, Transfers, Transactions & Fund Requests","",""
"","138","List Schedule Payments - Invalid Query","Personal Banking APIs - QA Test Suite","2026-10-08","failed","2026-10-08","List Schedule Payments","Scheduled Payments","",""
"","125","Retrieve - No Auth","Personal Banking APIs - QA Test Suite","2026-10-08","passed","2026-10-08","Retrieve","Customer Profile, Accounts & Beneficiaries","",""
"","140","Account Officer - Nonexistent ID","Personal Banking APIs - QA Test Suite","2026-10-08","passed","2026-10-08","Account Officer","Customer Profile, Accounts & Beneficiaries","",""
"","191","Channel Settings - Valid","Personal Banking APIs - QA Test Suite","2026-10-08","failed","2026-10-08","Channel Settings","Customer Cards","",""
"","132","Purchase Jamb - Invalid Amount","Personal Banking APIs - QA Test Suite","2026-10-08","passed","2026-10-08","Purchase Jamb","Airtime, Data, Bills & VAS Beneficiaries","",""
"","153","Verify Alias Phone Number - Invalid Token Or PIN","Personal Banking APIs - QA Test Suite","2026-10-08","passed","2026-10-08","Verify Alias Phone Number","Customer Profile, Accounts & Beneficiaries","",""
"","124","Fund Betting Wallet - Invalid Token Or PIN","Personal Banking APIs - QA Test Suite","2026-10-08","passed","2026-10-08","Fund Betting Wallet","Airtime, Data, Bills & VAS Beneficiaries","",""
"","121","Purchase Cable - Missing Required Field","Personal Banking APIs - QA Test Suite","2026-10-08","passed","2026-10-08","Purchase Cable","Airtime, Data, Bills & VAS Beneficiaries","",""
"","118","Admin Coins Rules - No Auth","Personal Banking APIs - QA Test Suite","2026-10-08","passed","2026-10-08","Admin Coins Rules","Rewards, Cash Tokens & Wishlists","",""
"","143","Young Moni Requests Request Stats - Valid","Personal Banking APIs - QA Test Suite","2026-10-08","failed","2026-10-08","Young Moni Requests Request Stats","KYC, Tier Upgrades & Young Moni","",""
"","125","Transactions Create Plan - Valid","Personal Banking APIs - QA Test Suite","2026-10-08","failed","2026-10-08","Transactions Create Plan","SWAG Savings","",""
"","149","Airtime - Invalid Status Or Type","Personal Banking APIs - QA Test Suite","2026-10-08","passed","2026-10-08","Airtime","Scheduled Payments","",""
"","131","Retrieve - Invalid ID","Personal Banking APIs - QA Test Suite","2026-10-08","failed","2026-10-08","Retrieve","Wallets, Transfers, Transactions & Fund Requests","",""
"","118","Get Electricity Billers - No Auth","Personal Banking APIs - QA Test Suite","2026-10-08","passed","2026-10-08","Get Electricity Billers","Airtime, Data, Bills & VAS Beneficiaries","",""
"","120","Admin Devices Reactivate - Invalid Token Or PIN","Personal Banking APIs - QA Test Suite","2026-10-08","failed","2026-10-08","Admin Devices Reactivate","Login, Credentials, Security & Devices","",""
"","150","Notify Of Missed Inward - Valid","Personal Banking APIs - QA Test Suite","2026-10-08","failed","2026-10-08","Notify Of Missed Inward","Wallets, Transfers, Transactions & Fund Requests","",""
"","187","Young Moni Documents - Valid","Personal Banking APIs - QA Test Suite","2026-10-08","failed","2026-10-08","Young Moni Documents","KYC, Tier Upgrades & Young Moni","",""
"","140","Young Moni Documents Action Document - Valid","Personal Banking APIs - QA Test Suite","2026-10-08","failed","2026-10-08","Young Moni Documents Action Document","KYC, Tier Upgrades & Young Moni","",""
"","119","Airtime - No Auth","Personal Banking APIs - QA Test Suite","2026-10-08","passed","2026-10-08","Airtime","Scheduled Payments","",""
"","144","Reset Pin - No Auth","Personal Banking APIs - QA Test Suite","2026-10-08","passed","2026-10-08","Reset Pin","Customer Cards","",""
"","118","Wallet - No Auth","Personal Banking APIs - QA Test Suite","2026-10-08","passed","2026-10-08","Wallet","Target Savings","",""
"","192","Partial - Nonexistent ID","Personal Banking APIs - QA Test Suite","2026-10-08","failed","2026-10-08","Partial","Customer Profile, Accounts & Beneficiaries","",""
"","133","Get Suggestions - Invalid Query","Personal Banking APIs - QA Test Suite","2026-10-08","failed","2026-10-08","Get Suggestions","Customer Profile, Accounts & Beneficiaries","",""
"","130","Perform Action - Empty Fields","Personal Banking APIs - QA Test Suite","2026-10-08","failed","2026-10-08","Perform Action","Rewards, Cash Tokens & Wishlists","",""
"","177","Intra Account Transfer - Valid","Personal Banking APIs - QA Test Suite","2026-10-08","failed","2026-10-08","Intra Account Transfer","Wallets, Transfers, Transactions & Fund Requests","",""
"","143","Update Gender - Empty Fields","Personal Banking APIs - QA Test Suite","2026-10-08","passed","2026-10-08","Update Gender","Login, Credentials, Security & Devices","",""
"","133","Validate Jamb Profile - Invalid Status Or Type","Personal Banking APIs - QA Test Suite","2026-10-08","failed","2026-10-08","Validate Jamb Profile","Airtime, Data, Bills & VAS Beneficiaries","",""
"","154","Retrieve - Nonexistent ID","Personal Banking APIs - QA Test Suite","2026-10-08","passed","2026-10-08","Retrieve","KYC, Tier Upgrades & Young Moni","",""
"","162","Retrieve - Nonexistent ID","Personal Banking APIs - QA Test Suite","2026-10-08","failed","2026-10-08","Retrieve","Wallets, Transfers, Transactions & Fund Requests","",""
"","249","Admin Request Stats - No Auth","Personal Banking APIs - QA Test Suite","2026-10-08","passed","2026-10-08","Admin Request Stats","KYC, Tier Upgrades & Young Moni","",""
"","132","Renew Insurance - Empty Fields","Personal Banking APIs - QA Test Suite","2026-10-08","passed","2026-10-08","Renew Insurance","Insurance","",""
"","136","Transactions Withdraw Principal - Valid","Personal Banking APIs - QA Test Suite","2026-10-08","failed","2026-10-08","Transactions Withdraw Principal","SWAG Savings","",""
"","157","Winner Dismiss Action - Nonexistent ID","Personal Banking APIs - QA Test Suite","2026-10-08","passed","2026-10-08","Winner Dismiss Action","Rewards, Cash Tokens & Wishlists","",""
"","158","Repay - Missing Required Field","Personal Banking APIs - QA Test Suite","2026-10-08","failed","2026-10-08","Repay","Kolo Connect Advances","",""
"","138","Young Moni Requests - Invalid ID","Personal Banking APIs - QA Test Suite","2026-10-08","failed","2026-10-08","Young Moni Requests","KYC, Tier Upgrades & Young Moni","",""
"","160","Retrieve - Valid","Personal Banking APIs - QA Test Suite","2026-10-08","failed","2026-10-08","Retrieve","Airtime, Data, Bills & VAS Beneficiaries","",""
"","231","Admin Coins Rules Stats - Invalid Query","Personal Banking APIs - QA Test Suite","2026-10-08","failed","2026-10-08","Admin Coins Rules Stats","Rewards, Cash Tokens & Wishlists","",""
"","136","Verify NIN (Choose BVN or NIN) - Invalid Status Or Type","Personal Banking APIs - QA Test Suite","2026-10-08","passed","2026-10-08","Verify NIN (Choose BVN or NIN)","Customer Onboarding","",""
"","335","Retrieve - Invalid Query","Personal Banking APIs - QA Test Suite","2026-10-08","failed","2026-10-08","Retrieve","Customer Profile, Accounts & Beneficiaries","",""
"","126","Transactions Deposit - Invalid Token Or PIN","Personal Banking APIs - QA Test Suite","2026-10-08","passed","2026-10-08","Transactions Deposit","SWAG Savings","",""
"","124","Create Transaction Pin - No Auth","Personal Banking APIs - QA Test Suite","2026-10-08","passed","2026-10-08","Create Transaction Pin","Login, Credentials, Security & Devices","",""
"","146","List Documents - Valid","Personal Banking APIs - QA Test Suite","2026-10-08","failed","2026-10-08","List Documents","KYC, Tier Upgrades & Young Moni","",""
"","156","Initiate Liveness Setup - Valid","Personal Banking APIs - QA Test Suite","2026-10-08","failed","2026-10-08","Initiate Liveness Setup","Login, Credentials, Security & Devices","",""
"","138","Admin Coins Rules - No Auth","Personal Banking APIs - QA Test Suite","2026-10-08","passed","2026-10-08","Admin Coins Rules","Rewards, Cash Tokens & Wishlists","",""
"","222","Encrypt Login - Missing Required Field","Personal Banking APIs - QA Test Suite","2026-10-08","failed","2026-10-08","Encrypt Login","Login, Credentials, Security & Devices","",""
"","124","Channel Settings - Empty Fields","Personal Banking APIs - QA Test Suite","2026-10-08","passed","2026-10-08","Channel Settings","Customer Cards","",""
"","146","Admin Games Rewards - Valid","Personal Banking APIs - QA Test Suite","2026-10-08","failed","2026-10-08","Admin Games Rewards","Rewards, Cash Tokens & Wishlists","",""
"","133","Withdraw Supalock - Missing Required Field","Personal Banking APIs - QA Test Suite","2026-10-08","failed","2026-10-08","Withdraw Supalock","Supalock Savings","",""
"","171","Approve Single Bulk Recipient - Valid","Personal Banking APIs - QA Test Suite","2026-10-08","failed","2026-10-08","Approve Single Bulk Recipient","Wallets, Transfers, Transactions & Fund Requests","",""
"","150","Update Credit Stage - Valid","Personal Banking APIs - QA Test Suite","2026-10-08","failed","2026-10-08","Update Credit Stage","Wallets, Transfers, Transactions & Fund Requests","",""
"","155","Set Password & Create Pending User - Invalid Token Or PIN","Personal Banking APIs - QA Test Suite","2026-10-08","passed","2026-10-08","Set Password & Create Pending User","Customer Onboarding","",""
"","123","Transactions Deposit - No Auth","Personal Banking APIs - QA Test Suite","2026-10-08","failed","2026-10-08","Transactions Deposit","SWAG Savings","",""
"","146","Topup Supalock - Valid","Personal Banking APIs - QA Test Suite","2026-10-08","failed","2026-10-08","Topup Supalock","Supalock Savings","",""
"","128","Partial - Missing Required Field","Personal Banking APIs - QA Test Suite","2026-10-08","failed","2026-10-08","Partial","Airtime, Data, Bills & VAS Beneficiaries","",""
"","144","Profile - Invalid Query","Personal Banking APIs - QA Test Suite","2026-10-08","failed","2026-10-08","Profile","Customer Profile, Accounts & Beneficiaries","",""
"","135","Admin Admin Submit - Empty Fields","Personal Banking APIs - QA Test Suite","2026-10-08","failed","2026-10-08","Admin Admin Submit","KYC, Tier Upgrades & Young Moni","",""
"","130","Wallet - Invalid Query","Personal Banking APIs - QA Test Suite","2026-10-08","failed","2026-10-08","Wallet","Target Savings","",""
"","144","Retrieve - No Auth","Personal Banking APIs - QA Test Suite","2026-10-08","passed","2026-10-08","Retrieve","Wallets, Transfers, Transactions & Fund Requests","",""
"","255","Admin Games Sessions - Invalid ID","Personal Banking APIs - QA Test Suite","2026-10-08","failed","2026-10-08","Admin Games Sessions","Rewards, Cash Tokens & Wishlists","",""
"","226","Admin Coins Redemption Rules - No Auth","Personal Banking APIs - QA Test Suite","2026-10-08","passed","2026-10-08","Admin Coins Redemption Rules","Rewards, Cash Tokens & Wishlists","",""
"","186","Destroy - Nonexistent ID","Personal Banking APIs - QA Test Suite","2026-10-08","passed","2026-10-08","Destroy","Customer Profile, Accounts & Beneficiaries","",""
"","139","Get Betting Billers - Invalid Query","Personal Banking APIs - QA Test Suite","2026-10-08","failed","2026-10-08","Get Betting Billers","Airtime, Data, Bills & VAS Beneficiaries","",""
"","138","Item - Nonexistent ID","Personal Banking APIs - QA Test Suite","2026-10-08","passed","2026-10-08","Item","Rewards, Cash Tokens & Wishlists","",""
"","119","Channel Settings - No Auth","Personal Banking APIs - QA Test Suite","2026-10-08","passed","2026-10-08","Channel Settings","Customer Cards","",""
"","133","Winner Dismiss Action - No Auth","Personal Banking APIs - QA Test Suite","2026-10-08","passed","2026-10-08","Winner Dismiss Action","Rewards, Cash Tokens & Wishlists","",""
"","127","Requests Fetch Agents - No Auth","Personal Banking APIs - QA Test Suite","2026-10-08","passed","2026-10-08","Requests Fetch Agents","Customer Cards","",""
"","254","Admin Games Sessions - Valid","Personal Banking APIs - QA Test Suite","2026-10-08","failed","2026-10-08","Admin Games Sessions","Rewards, Cash Tokens & Wishlists","",""
"","124","Intra Account Transfer - No Auth","Personal Banking APIs - QA Test Suite","2026-10-08","failed","2026-10-08","Intra Account Transfer","Wallets, Transfers, Transactions & Fund Requests","",""
"","121","Transactions Create Wallet Product Specific - Invalid Amount","Personal Banking APIs - QA Test Suite","2026-10-08","passed","2026-10-08","Transactions Create Wallet Product Specific","Target Savings","",""
"","133","Add Item - Missing Required Field","Personal Banking APIs - QA Test Suite","2026-10-08","failed","2026-10-08","Add Item","Rewards, Cash Tokens & Wishlists","",""
"","398","Fetch Balance - Invalid ID","Personal Banking APIs - QA Test Suite","2026-10-08","passed","2026-10-08","Fetch Balance","Customer Profile, Accounts & Beneficiaries","",""
"","191","List - Valid","Personal Banking APIs - QA Test Suite","2026-10-08","failed","2026-10-08","List","Wallets, Transfers, Transactions & Fund Requests","",""
"","167","Young Moni Upload Child Documents - Valid","Personal Banking APIs - QA Test Suite","2026-10-08","failed","2026-10-08","Young Moni Upload Child Documents","Customer Profile, Accounts & Beneficiaries","",""
"","194","Encrypt Login - Invalid Email","Personal Banking APIs - QA Test Suite","2026-10-08","failed","2026-10-08","Encrypt Login","Login, Credentials, Security & Devices","",""
"","151","Purchase Jamb - No Auth","Personal Banking APIs - QA Test Suite","2026-10-08","failed","2026-10-08","Purchase Jamb","Airtime, Data, Bills & VAS Beneficiaries","",""
"","119","Terms Terms And Rewards - No Auth","Personal Banking APIs - QA Test Suite","2026-10-08","passed","2026-10-08","Terms Terms And Rewards","Rewards, Cash Tokens & Wishlists","",""
"","140","Restrict Accounts By BVN - Missing Required Field","Personal Banking APIs - QA Test Suite","2026-10-08","failed","2026-10-08","Restrict Accounts By BVN","Customer Profile, Accounts & Beneficiaries","",""
"","251","Admin Games Rewards - No Auth","Personal Banking APIs - QA Test Suite","2026-10-08","passed","2026-10-08","Admin Games Rewards","Rewards, Cash Tokens & Wishlists","",""
"","180","Retrieve - Invalid Query","Personal Banking APIs - QA Test Suite","2026-10-08","failed","2026-10-08","Retrieve","Rewards, Cash Tokens & Wishlists","",""
"","170","Get Item - Valid","Personal Banking APIs - QA Test Suite","2026-10-08","failed","2026-10-08","Get Item","Rewards, Cash Tokens & Wishlists","",""
"","132","Fund Betting Wallet - Invalid Amount","Personal Banking APIs - QA Test Suite","2026-10-08","passed","2026-10-08","Fund Betting Wallet","Airtime, Data, Bills & VAS Beneficiaries","",""
"","124","Create Supalock - Empty Fields","Personal Banking APIs - QA Test Suite","2026-10-08","failed","2026-10-08","Create Supalock","Supalock Savings","",""
"","145","Webhook Cashtoken Webhook - No Auth","Personal Banking APIs - QA Test Suite","2026-10-08","passed","2026-10-08","Webhook Cashtoken Webhook","Rewards, Cash Tokens & Wishlists","",""
"","148","Admin Reject Upgrade Request - Invalid ID","Personal Banking APIs - QA Test Suite","2026-10-08","failed","2026-10-08","Admin Reject Upgrade Request","KYC, Tier Upgrades & Young Moni","",""
"","133","Retrieve - Invalid ID","Personal Banking APIs - QA Test Suite","2026-10-08","failed","2026-10-08","Retrieve","Wallets, Transfers, Transactions & Fund Requests","",""
"","130","Withdraw Supalock - Invalid Token Or PIN","Personal Banking APIs - QA Test Suite","2026-10-08","failed","2026-10-08","Withdraw Supalock","Supalock Savings","",""
"","143","Repay - Invalid ID","Personal Banking APIs - QA Test Suite","2026-10-08","failed","2026-10-08","Repay","Kolo Connect Advances","",""
"","127","Total Supalock Amount - Invalid Query","Personal Banking APIs - QA Test Suite","2026-10-08","failed","2026-10-08","Total Supalock Amount","Supalock Savings","",""
"","122","Validate Betting Id - No Auth","Personal Banking APIs - QA Test Suite","2026-10-08","passed","2026-10-08","Validate Betting Id","Airtime, Data, Bills & VAS Beneficiaries","",""
"","126","Her Wealth Details - No Auth","Personal Banking APIs - QA Test Suite","2026-10-08","passed","2026-10-08","Her Wealth Details","Customer Profile, Accounts & Beneficiaries","",""
"","157","Export Fund Recipients - Valid","Personal Banking APIs - QA Test Suite","2026-10-08","failed","2026-10-08","Export Fund Recipients","Wallets, Transfers, Transactions & Fund Requests","",""
"","136","Upload Documents - Invalid Status Or Type","Personal Banking APIs - QA Test Suite","2026-10-08","passed","2026-10-08","Upload Documents","KYC, Tier Upgrades & Young Moni","",""
"","122","Admin Complete Upgrade Request - No Auth","Personal Banking APIs - QA Test Suite","2026-10-08","passed","2026-10-08","Admin Complete Upgrade Request","KYC, Tier Upgrades & Young Moni","",""
"","242","Admin List Documents - Nonexistent ID","Personal Banking APIs - QA Test Suite","2026-10-08","passed","2026-10-08","Admin List Documents","KYC, Tier Upgrades & Young Moni","",""
"","169","Document Update Status - Invalid ID","Personal Banking APIs - QA Test Suite","2026-10-08","failed","2026-10-08","Document Update Status","KYC, Tier Upgrades & Young Moni","",""
"","147","Validate Liveness (When Required) - Missing Required Field","Personal Banking APIs - QA Test Suite","2026-10-08","passed","2026-10-08","Validate Liveness (When Required)","Customer Onboarding","",""
"","131","Login - Empty Fields","Personal Banking APIs - QA Test Suite","2026-10-08","passed","2026-10-08","Login","Login, Credentials, Security & Devices","",""
"","339","Get Cable Plans - Invalid ID","Personal Banking APIs - QA Test Suite","2026-10-08","failed","2026-10-08","Get Cable Plans","Airtime, Data, Bills & VAS Beneficiaries","",""
"","152","Details - Missing Required Field","Personal Banking APIs - QA Test Suite","2026-10-08","failed","2026-10-08","Details","Customer Profile, Accounts & Beneficiaries","",""
"","201","Purchase Airtime - Empty Fields","Personal Banking APIs - QA Test Suite","2026-10-08","passed","2026-10-08","Purchase Airtime","Airtime, Data, Bills & VAS Beneficiaries","",""
"","349","Her Wealth Details - Nonexistent ID","Personal Banking APIs - QA Test Suite","2026-10-08","passed","2026-10-08","Her Wealth Details","Customer Profile, Accounts & Beneficiaries","",""
"","353","Retrieve - Invalid ID","Personal Banking APIs - QA Test Suite","2026-10-08","passed","2026-10-08","Retrieve","Customer Profile, Accounts & Beneficiaries","",""
"","118","Coin Wallet Transactions - No Auth","Personal Banking APIs - QA Test Suite","2026-10-08","passed","2026-10-08","Coin Wallet Transactions","Rewards, Cash Tokens & Wishlists","",""
"","140","Admin Update Documents - Empty Fields","Personal Banking APIs - QA Test Suite","2026-10-08","passed","2026-10-08","Admin Update Documents","KYC, Tier Upgrades & Young Moni","",""
"","178","Activate - Valid","Personal Banking APIs - QA Test Suite","2026-10-08","failed","2026-10-08","Activate","Customer Cards","",""
"","135","Retrieve - No Auth","Personal Banking APIs - QA Test Suite","2026-10-08","passed","2026-10-08","Retrieve","Airtime, Data, Bills & VAS Beneficiaries","",""
"","150","Dismiss Action - Valid","Personal Banking APIs - QA Test Suite","2026-10-08","failed","2026-10-08","Dismiss Action","KYC, Tier Upgrades & Young Moni","",""
"","158","Total Young Moni Balance - No Auth","Personal Banking APIs - QA Test Suite","2026-10-08","passed","2026-10-08","Total Young Moni Balance","Customer Profile, Accounts & Beneficiaries","",""
"","198","Verify BVN (Choose BVN or NIN) - Valid","Personal Banking APIs - QA Test Suite","2026-10-08","failed","2026-10-08","Verify BVN (Choose BVN or NIN)","Customer Onboarding","",""
"","125","Wallet - Invalid Query","Personal Banking APIs - QA Test Suite","2026-10-08","failed","2026-10-08","Wallet","Save & Spend","",""
"","169","Verify Alias Phone Number - Empty Fields","Personal Banking APIs - QA Test Suite","2026-10-08","passed","2026-10-08","Verify Alias Phone Number","Customer Profile, Accounts & Beneficiaries","",""
"","137","Toolkit Accounts - Invalid Query","Personal Banking APIs - QA Test Suite","2026-10-08","failed","2026-10-08","Toolkit Accounts","Customer Profile, Accounts & Beneficiaries","",""
"","167","Types - Nonexistent ID","Personal Banking APIs - QA Test Suite","2026-10-08","passed","2026-10-08","Types","Supalock Savings","",""
"","120","Young Moni Requests - No Auth","Personal Banking APIs - QA Test Suite","2026-10-08","passed","2026-10-08","Young Moni Requests","KYC, Tier Upgrades & Young Moni","",""
"","141","Winner - No Auth","Personal Banking APIs - QA Test Suite","2026-10-08","passed","2026-10-08","Winner","Rewards, Cash Tokens & Wishlists","",""
"","255","Admin Games Rewards - Invalid Query","Personal Banking APIs - QA Test Suite","2026-10-08","failed","2026-10-08","Admin Games Rewards","Rewards, Cash Tokens & Wishlists","",""
"","275","Admin Games Stats - Valid","Personal Banking APIs - QA Test Suite","2026-10-08","failed","2026-10-08","Admin Games Stats","Rewards, Cash Tokens & Wishlists","",""
"","137","Admin Coins Redemption Rules - No Auth","Personal Banking APIs - QA Test Suite","2026-10-08","passed","2026-10-08","Admin Coins Redemption Rules","Rewards, Cash Tokens & Wishlists","",""
"","284","Admin - Invalid Query","Personal Banking APIs - QA Test Suite","2026-10-08","failed","2026-10-08","Admin","KYC, Tier Upgrades & Young Moni","",""
"","180","Block - Valid","Personal Banking APIs - QA Test Suite","2026-10-08","failed","2026-10-08","Block","Customer Cards","",""
"","158","Wallet - Valid","Personal Banking APIs - QA Test Suite","2026-10-08","failed","2026-10-08","Wallet","Save & Spend","",""
"","136","Payment Merchant - No Auth","Personal Banking APIs - QA Test Suite","2026-10-08","passed","2026-10-08","Payment Merchant","Customer Cards","",""
"","162","Admin Games Rewards - Nonexistent ID","Personal Banking APIs - QA Test Suite","2026-10-08","failed","2026-10-08","Admin Games Rewards","Rewards, Cash Tokens & Wishlists","",""
"","143","Admin Coins Redemption Rules - Invalid Status Or Type","Personal Banking APIs - QA Test Suite","2026-10-08","failed","2026-10-08","Admin Coins Redemption Rules","Rewards, Cash Tokens & Wishlists","",""
"","138","Transfer - Invalid Amount","Personal Banking APIs - QA Test Suite","2026-10-08","passed","2026-10-08","Transfer","Scheduled Payments","",""
"","134","Admin Coins Rules - Missing Required Field","Personal Banking APIs - QA Test Suite","2026-10-08","failed","2026-10-08","Admin Coins Rules","Rewards, Cash Tokens & Wishlists","",""
"","133","Types - Invalid Query","Personal Banking APIs - QA Test Suite","2026-10-08","failed","2026-10-08","Types","Supalock Savings","",""
"","122","Create Sub Account - No Auth","Personal Banking APIs - QA Test Suite","2026-10-08","passed","2026-10-08","Create Sub Account","Customer Profile, Accounts & Beneficiaries","",""
"","144","Young Moni Requests Complete Review - Nonexistent ID","Personal Banking APIs - QA Test Suite","2026-10-08","failed","2026-10-08","Young Moni Requests Complete Review","KYC, Tier Upgrades & Young Moni","",""
"","127","Repayment Plan - Invalid ID","Personal Banking APIs - QA Test Suite","2026-10-08","failed","2026-10-08","Repayment Plan","Kolo Connect Advances","",""
"","128","Withdraw Supalock - Empty Fields","Personal Banking APIs - QA Test Suite","2026-10-08","failed","2026-10-08","Withdraw Supalock","Supalock Savings","",""
"","172","Types Get Supa Lock Special Interest - Valid","Personal Banking APIs - QA Test Suite","2026-10-08","failed","2026-10-08","Types Get Supa Lock Special Interest","Supalock Savings","",""
"","173","Update Identity - Empty Fields","Personal Banking APIs - QA Test Suite","2026-10-08","passed","2026-10-08","Update Identity","KYC, Tier Upgrades & Young Moni","",""
"","144","Admin Coins Rules - No Auth","Personal Banking APIs - QA Test Suite","2026-10-08","passed","2026-10-08","Admin Coins Rules","Rewards, Cash Tokens & Wishlists","",""
"","233","Daily Income Summary - Valid","Personal Banking APIs - QA Test Suite","2026-10-08","passed","2026-10-08","Daily Income Summary","Wallets, Transfers, Transactions & Fund Requests","",""
"","136","Transactions - Nonexistent ID","Personal Banking APIs - QA Test Suite","2026-10-08","passed","2026-10-08","Transactions","Target Savings","",""
"","125","Coin Redemption Rules - No Auth","Personal Banking APIs - QA Test Suite","2026-10-08","passed","2026-10-08","Coin Redemption Rules","Rewards, Cash Tokens & Wishlists","",""
"","140","Reward With Cashback - Missing Required Field","Personal Banking APIs - QA Test Suite","2026-10-08","failed","2026-10-08","Reward With Cashback","Rewards, Cash Tokens & Wishlists","",""
"","152","Request Account Reactivation - Valid","Personal Banking APIs - QA Test Suite","2026-10-08","failed","2026-10-08","Request Account Reactivation","KYC, Tier Upgrades & Young Moni","",""
"","139","Update Request Recipients - Invalid Amount","Personal Banking APIs - QA Test Suite","2026-10-08","failed","2026-10-08","Update Request Recipients","Wallets, Transfers, Transactions & Fund Requests","",""
"","156","Account Officer Request Change - Missing Required Field","Personal Banking APIs - QA Test Suite","2026-10-08","passed","2026-10-08","Account Officer Request Change","Customer Profile, Accounts & Beneficiaries","",""
"","122","Create Login Pin - Invalid Token Or PIN","Personal Banking APIs - QA Test Suite","2026-10-08","failed","2026-10-08","Create Login Pin","Login, Credentials, Security & Devices","",""
"","164","Account Officer Change Request - Valid","Personal Banking APIs - QA Test Suite","2026-10-08","failed","2026-10-08","Account Officer Change Request","Customer Profile, Accounts & Beneficiaries","",""
"","128","Wallet Download Swag Statement - Empty Fields","Personal Banking APIs - QA Test Suite","2026-10-08","failed","2026-10-08","Wallet Download Swag Statement","SWAG Savings","",""
"","131","Requests Get Delivery Cost - No Auth","Personal Banking APIs - QA Test Suite","2026-10-08","passed","2026-10-08","Requests Get Delivery Cost","Customer Cards","",""
"","207","High Value Transactions - Valid","Personal Banking APIs - QA Test Suite","2026-10-08","passed","2026-10-08","High Value Transactions","Wallets, Transfers, Transactions & Fund Requests","",""
"","122","Update Tin - No Auth","Personal Banking APIs - QA Test Suite","2026-10-08","passed","2026-10-08","Update Tin","Customer Profile, Accounts & Beneficiaries","",""
"","123","Create - Invalid Amount","Personal Banking APIs - QA Test Suite","2026-10-08","passed","2026-10-08","Create","Wallets, Transfers, Transactions & Fund Requests","",""
"","136","Withdraw Supalock - Invalid ID","Personal Banking APIs - QA Test Suite","2026-10-08","failed","2026-10-08","Withdraw Supalock","Supalock Savings","",""
"","141","Reset Pin - Valid","Personal Banking APIs - QA Test Suite","2026-10-08","failed","2026-10-08","Reset Pin","Customer Cards","",""
"","143","Admin Update Documents - Valid","Personal Banking APIs - QA Test Suite","2026-10-08","failed","2026-10-08","Admin Update Documents","KYC, Tier Upgrades & Young Moni","",""
"","146","Update Single Transfer Limit - Invalid Amount","Personal Banking APIs - QA Test Suite","2026-10-08","passed","2026-10-08","Update Single Transfer Limit","Customer Profile, Accounts & Beneficiaries","",""
"","142","Update Location - Missing Required Field","Personal Banking APIs - QA Test Suite","2026-10-08","failed","2026-10-08","Update Location","Login, Credentials, Security & Devices","",""
"","244","Admin Coins Redemption Rules - Valid","Personal Banking APIs - QA Test Suite","2026-10-08","failed","2026-10-08","Admin Coins Redemption Rules","Rewards, Cash Tokens & Wishlists","",""
"","864","List - No Auth","Personal Banking APIs - QA Test Suite","2026-10-08","passed","2026-10-08","List","Customer Profile, Accounts & Beneficiaries","",""
"","165","Disable - Nonexistent ID","Personal Banking APIs - QA Test Suite","2026-10-08","failed","2026-10-08","Disable","Wallets, Transfers, Transactions & Fund Requests","",""
"","136","Intra Name Enquiry - Missing Required Field","Personal Banking APIs - QA Test Suite","2026-10-08","passed","2026-10-08","Intra Name Enquiry","Wallets, Transfers, Transactions & Fund Requests","",""
"","171","Partial - Missing Required Field","Personal Banking APIs - QA Test Suite","2026-10-08","failed","2026-10-08","Partial","Customer Profile, Accounts & Beneficiaries","",""
"","236","Admin Games Sessions - Nonexistent ID","Personal Banking APIs - QA Test Suite","2026-10-08","failed","2026-10-08","Admin Games Sessions","Rewards, Cash Tokens & Wishlists","",""
"","225","Admin Games Rewards - No Auth","Personal Banking APIs - QA Test Suite","2026-10-08","passed","2026-10-08","Admin Games Rewards","Rewards, Cash Tokens & Wishlists","",""
"","129","List - No Auth","Personal Banking APIs - QA Test Suite","2026-10-08","passed","2026-10-08","List","Wallets, Transfers, Transactions & Fund Requests","",""
"","285","Admin Games - Valid","Personal Banking APIs - QA Test Suite","2026-10-08","failed","2026-10-08","Admin Games","Rewards, Cash Tokens & Wishlists","",""
"","143","Young Moni Requests - Valid","Personal Banking APIs - QA Test Suite","2026-10-08","failed","2026-10-08","Young Moni Requests","KYC, Tier Upgrades & Young Moni","",""
"","147","List Documents - Nonexistent ID","Personal Banking APIs - QA Test Suite","2026-10-08","passed","2026-10-08","List Documents","KYC, Tier Upgrades & Young Moni","",""
"","123","Verify Phone Number - Invalid Token Or PIN","Personal Banking APIs - QA Test Suite","2026-10-08","failed","2026-10-08","Verify Phone Number","Login, Credentials, Security & Devices","",""
"","151","Airtime - Invalid Token Or PIN","Personal Banking APIs - QA Test Suite","2026-10-08","passed","2026-10-08","Airtime","Scheduled Payments","",""
"","134","Topup Supalock - No Auth","Personal Banking APIs - QA Test Suite","2026-10-08","passed","2026-10-08","Topup Supalock","Supalock Savings","",""
"","186","Set Password & Create Pending User - Valid","Personal Banking APIs - QA Test Suite","2026-10-08","failed","2026-10-08","Set Password & Create Pending User","Customer Onboarding","",""
"","129","Redeem Insurance - Invalid Amount","Personal Banking APIs - QA Test Suite","2026-10-08","passed","2026-10-08","Redeem Insurance","Insurance","",""
"","144","Young Moni Initiate Account Request - Empty Fields","Personal Banking APIs - QA Test Suite","2026-10-08","passed","2026-10-08","Young Moni Initiate Account Request","Customer Profile, Accounts & Beneficiaries","",""
"","143","Validate Meter - Valid","Personal Banking APIs - QA Test Suite","2026-10-08","failed","2026-10-08","Validate Meter","Airtime, Data, Bills & VAS Beneficiaries","",""
"","153","Destroy - Valid","Personal Banking APIs - QA Test Suite","2026-10-08","failed","2026-10-08","Destroy","Customer Profile, Accounts & Beneficiaries","",""
"","153","Item - Valid","Personal Banking APIs - QA Test Suite","2026-10-08","failed","2026-10-08","Item","Rewards, Cash Tokens & Wishlists","",""
"","119","Transactions Update Spend Wallet - No Auth","Personal Banking APIs - QA Test Suite","2026-10-08","passed","2026-10-08","Transactions Update Spend Wallet","Save & Spend","",""
"","159","Transactions Update Swag Plan - Valid","Personal Banking APIs - QA Test Suite","2026-10-08","failed","2026-10-08","Transactions Update Swag Plan","SWAG Savings","",""
"","205","Retry Payment Schedule - Valid","Personal Banking APIs - QA Test Suite","2026-10-08","failed","2026-10-08","Retry Payment Schedule","Scheduled Payments","",""
"","120","Types - No Auth","Personal Banking APIs - QA Test Suite","2026-10-08","passed","2026-10-08","Types","Supalock Savings","",""
"","141","Renew Insurance - No Auth","Personal Banking APIs - QA Test Suite","2026-10-08","passed","2026-10-08","Renew Insurance","Insurance","",""
"","133","Channel Settings - No Auth","Personal Banking APIs - QA Test Suite","2026-10-08","passed","2026-10-08","Channel Settings","Customer Cards","",""
"","127","Fetch Balance - No Auth","Personal Banking APIs - QA Test Suite","2026-10-08","passed","2026-10-08","Fetch Balance","Customer Profile, Accounts & Beneficiaries","",""
"","131","Admin Reject Upgrade Request - Nonexistent ID","Personal Banking APIs - QA Test Suite","2026-10-08","failed","2026-10-08","Admin Reject Upgrade Request","KYC, Tier Upgrades & Young Moni","",""
"","136","Update Daily Transfer Limit - Invalid Amount","Personal Banking APIs - QA Test Suite","2026-10-08","passed","2026-10-08","Update Daily Transfer Limit","Customer Profile, Accounts & Beneficiaries","",""
"","162","Activate - Invalid ID","Personal Banking APIs - QA Test Suite","2026-10-08","passed","2026-10-08","Activate","Customer Cards","",""
"","146","Purchase Epin - Missing Required Field","Personal Banking APIs - QA Test Suite","2026-10-08","passed","2026-10-08","Purchase Epin","Airtime, Data, Bills & VAS Beneficiaries","",""
"","242","Update - Valid","Personal Banking APIs - QA Test Suite","2026-10-08","failed","2026-10-08","Update","Scheduled Payments","",""
"","141","Admin Coins Redemption Rules - Invalid ID","Personal Banking APIs - QA Test Suite","2026-10-08","failed","2026-10-08","Admin Coins Redemption Rules","Rewards, Cash Tokens & Wishlists","",""
"","145","Transactions - Nonexistent ID","Personal Banking APIs - QA Test Suite","2026-10-08","passed","2026-10-08","Transactions","Save & Spend","",""
"","122","Customer Submit - No Auth","Personal Banking APIs - QA Test Suite","2026-10-08","passed","2026-10-08","Customer Submit","KYC, Tier Upgrades & Young Moni","",""
"","121","Transactions Break Wallet - Missing Required Field","Personal Banking APIs - QA Test Suite","2026-10-08","passed","2026-10-08","Transactions Break Wallet","Save & Spend","",""
"","156","Update Single Transfer Limit - Invalid Token Or PIN","Personal Banking APIs - QA Test Suite","2026-10-08","passed","2026-10-08","Update Single Transfer Limit","Customer Profile, Accounts & Beneficiaries","",""
"","131","Verify NIN (Choose BVN or NIN) - Empty Fields","Personal Banking APIs - QA Test Suite","2026-10-08","passed","2026-10-08","Verify NIN (Choose BVN or NIN)","Customer Onboarding","",""
"","156","Tier Two Upgrade - Empty Fields","Personal Banking APIs - QA Test Suite","2026-10-08","passed","2026-10-08","Tier Two Upgrade","KYC, Tier Upgrades & Young Moni","",""
"","127","Create Supalock - Invalid Token Or PIN","Personal Banking APIs - QA Test Suite","2026-10-08","failed","2026-10-08","Create Supalock","Supalock Savings","",""
"","145","Account Officer Rate Officer - No Auth","Personal Banking APIs - QA Test Suite","2026-10-08","passed","2026-10-08","Account Officer Rate Officer","Customer Profile, Accounts & Beneficiaries","",""
"","170","Redeem Coins - Valid","Personal Banking APIs - QA Test Suite","2026-10-08","failed","2026-10-08","Redeem Coins","Rewards, Cash Tokens & Wishlists","",""
"","127","Item - Invalid ID","Personal Banking APIs - QA Test Suite","2026-10-08","passed","2026-10-08","Item","Rewards, Cash Tokens & Wishlists","",""
"","137","Validate Meter - Empty Fields","Personal Banking APIs - QA Test Suite","2026-10-08","failed","2026-10-08","Validate Meter","Airtime, Data, Bills & VAS Beneficiaries","",""
"","136","Validate Smart Card - Missing Required Field","Personal Banking APIs - QA Test Suite","2026-10-08","failed","2026-10-08","Validate Smart Card","Airtime, Data, Bills & VAS Beneficiaries","",""
"","124","Purchase Cable - Invalid Token Or PIN","Personal Banking APIs - QA Test Suite","2026-10-08","passed","2026-10-08","Purchase Cable","Airtime, Data, Bills & VAS Beneficiaries","",""
"","151","Create Insurance - Valid","Personal Banking APIs - QA Test Suite","2026-10-08","failed","2026-10-08","Create Insurance","Insurance","",""
"","170","Admin Coins Redemption Rules - Nonexistent ID","Personal Banking APIs - QA Test Suite","2026-10-08","failed","2026-10-08","Admin Coins Redemption Rules","Rewards, Cash Tokens & Wishlists","",""
"","130","Channel Settings - Invalid Token Or PIN","Personal Banking APIs - QA Test Suite","2026-10-08","failed","2026-10-08","Channel Settings","Customer Cards","",""
"","173","Deals Active - Valid","Personal Banking APIs - QA Test Suite","2026-10-08","failed","2026-10-08","Deals Active","Rewards, Cash Tokens & Wishlists","",""
"","163","Retrieve - Invalid ID","Personal Banking APIs - QA Test Suite","2026-10-08","passed","2026-10-08","Retrieve","Customer Profile, Accounts & Beneficiaries","",""
"","162","Transactions - Valid","Personal Banking APIs - QA Test Suite","2026-10-08","failed","2026-10-08","Transactions","SWAG Savings","",""
"","145","Intra Account Transfer - Missing Required Field","Personal Banking APIs - QA Test Suite","2026-10-08","passed","2026-10-08","Intra Account Transfer","Wallets, Transfers, Transactions & Fund Requests","",""
"","481","Info - Valid","Personal Banking APIs - QA Test Suite","2026-10-08","passed","2026-10-08","Info","Customer Profile, Accounts & Beneficiaries","",""
"","128","Transactions - Invalid Query","Personal Banking APIs - QA Test Suite","2026-10-08","failed","2026-10-08","Transactions","Supalock Savings","",""
"","125","Retrieve - Invalid Query","Personal Banking APIs - QA Test Suite","2026-10-08","failed","2026-10-08","Retrieve","Airtime, Data, Bills & VAS Beneficiaries","",""
"","258","List - Valid","Personal Banking APIs - QA Test Suite","2026-10-08","passed","2026-10-08","List","KYC, Tier Upgrades & Young Moni","",""
"","147","Reject Single Fund Request - Valid","Personal Banking APIs - QA Test Suite","2026-10-08","failed","2026-10-08","Reject Single Fund Request","Wallets, Transfers, Transactions & Fund Requests","",""
"","169","Register With Phone - Missing Required Field","Personal Banking APIs - QA Test Suite","2026-10-08","passed","2026-10-08","Register With Phone","Customer Onboarding","",""
"","155","Transactions - Invalid Query","Personal Banking APIs - QA Test Suite","2026-10-08","failed","2026-10-08","Transactions","SWAG Savings","",""
"","285","Admin Coins Rules - Valid","Personal Banking APIs - QA Test Suite","2026-10-08","failed","2026-10-08","Admin Coins Rules","Rewards, Cash Tokens & Wishlists","",""
"","159","Borrow - Invalid Token Or PIN","Personal Banking APIs - QA Test Suite","2026-10-08","failed","2026-10-08","Borrow","Kolo Connect Advances","",""
"","134","Withdraw - No Auth","Personal Banking APIs - QA Test Suite","2026-10-08","passed","2026-10-08","Withdraw","Rewards, Cash Tokens & Wishlists","",""
"","138","Verify Alias Phone Number - No Auth","Personal Banking APIs - QA Test Suite","2026-10-08","passed","2026-10-08","Verify Alias Phone Number","Customer Profile, Accounts & Beneficiaries","",""
"","134","Transactions - No Auth","Personal Banking APIs - QA Test Suite","2026-10-08","passed","2026-10-08","Transactions","Save & Spend","",""
"","158","Retrieve - Nonexistent ID","Personal Banking APIs - QA Test Suite","2026-10-08","failed","2026-10-08","Retrieve","Wallets, Transfers, Transactions & Fund Requests","",""
"","156","Recipients - Invalid ID","Personal Banking APIs - QA Test Suite","2026-10-08","failed","2026-10-08","Recipients","Wallets, Transfers, Transactions & Fund Requests","",""
"","146","Admin Coins Redemption Rules - Valid","Personal Banking APIs - QA Test Suite","2026-10-08","failed","2026-10-08","Admin Coins Redemption Rules","Rewards, Cash Tokens & Wishlists","",""
"","126","Retrieve - Valid","Personal Banking APIs - QA Test Suite","2026-10-08","failed","2026-10-08","Retrieve","Airtime, Data, Bills & VAS Beneficiaries","",""
"","272","Admin List Documents - Invalid ID","Personal Banking APIs - QA Test Suite","2026-10-08","passed","2026-10-08","Admin List Documents","KYC, Tier Upgrades & Young Moni","",""
"","153","Unblock - Invalid ID","Personal Banking APIs - QA Test Suite","2026-10-08","passed","2026-10-08","Unblock","Customer Cards","",""
"","141","Reset Pin - Empty Fields","Personal Banking APIs - QA Test Suite","2026-10-08","failed","2026-10-08","Reset Pin","Customer Cards","",""
"","142","Admin Devices Reactivate - Missing Required Field","Personal Banking APIs - QA Test Suite","2026-10-08","failed","2026-10-08","Admin Devices Reactivate","Login, Credentials, Security & Devices","",""
"","130","Document Delete - Missing Required Field","Personal Banking APIs - QA Test Suite","2026-10-08","failed","2026-10-08","Document Delete","KYC, Tier Upgrades & Young Moni","",""
"","125","Admin Devices Deactivate - No Auth","Personal Banking APIs - QA Test Suite","2026-10-08","failed","2026-10-08","Admin Devices Deactivate","Login, Credentials, Security & Devices","",""
"","139","Create Insurance - Empty Fields","Personal Banking APIs - QA Test Suite","2026-10-08","passed","2026-10-08","Create Insurance","Insurance","",""
"","127","Airtime - Invalid Amount","Personal Banking APIs - QA Test Suite","2026-10-08","passed","2026-10-08","Airtime","Scheduled Payments","",""
"","175","Partial - Valid","Personal Banking APIs - QA Test Suite","2026-10-08","failed","2026-10-08","Partial","Wallets, Transfers, Transactions & Fund Requests","",""
"","133","Document Delete - Invalid Token Or PIN","Personal Banking APIs - QA Test Suite","2026-10-08","failed","2026-10-08","Document Delete","KYC, Tier Upgrades & Young Moni","",""
"","122","Admin Devices Reactivate - Nonexistent ID","Personal Banking APIs - QA Test Suite","2026-10-08","failed","2026-10-08","Admin Devices Reactivate","Login, Credentials, Security & Devices","",""
"","166","Verify Device Changed - Valid","Personal Banking APIs - QA Test Suite","2026-10-08","failed","2026-10-08","Verify Device Changed","Login, Credentials, Security & Devices","",""
"","158","Transfers Left - Invalid Query","Personal Banking APIs - QA Test Suite","2026-10-08","failed","2026-10-08","Transfers Left","Wallets, Transfers, Transactions & Fund Requests","",""
"","256","Admin Games Sessions - Invalid Query","Personal Banking APIs - QA Test Suite","2026-10-08","failed","2026-10-08","Admin Games Sessions","Rewards, Cash Tokens & Wishlists","",""
"","154","Young Moni Upload Child Documents - No Auth","Personal Banking APIs - QA Test Suite","2026-10-08","passed","2026-10-08","Young Moni Upload Child Documents","Customer Profile, Accounts & Beneficiaries","",""
"","119","List - No Auth","Personal Banking APIs - QA Test Suite","2026-10-08","passed","2026-10-08","List","Wallets, Transfers, Transactions & Fund Requests","",""
"","144","Create Supalock - No Auth","Personal Banking APIs - QA Test Suite","2026-10-08","passed","2026-10-08","Create Supalock","Supalock Savings","",""
"","210","Transactions - Valid","Personal Banking APIs - QA Test Suite","2026-10-08","passed","2026-10-08","Transactions","Wallets, Transfers, Transactions & Fund Requests","",""
"","154","Transactions - No Auth","Personal Banking APIs - QA Test Suite","2026-10-08","passed","2026-10-08","Transactions","Supalock Savings","",""
"","142","Create Sub Account - Missing Required Field","Personal Banking APIs - QA Test Suite","2026-10-08","passed","2026-10-08","Create Sub Account","Customer Profile, Accounts & Beneficiaries","",""
"","122","Tier One Upgrade - No Auth","Personal Banking APIs - QA Test Suite","2026-10-08","passed","2026-10-08","Tier One Upgrade","KYC, Tier Upgrades & Young Moni","",""
"","125","Admin Coins Redemption Rules - Missing Required Field","Personal Banking APIs - QA Test Suite","2026-10-08","failed","2026-10-08","Admin Coins Redemption Rules","Rewards, Cash Tokens & Wishlists","",""
"","120","Payment Merchant - No Auth","Personal Banking APIs - QA Test Suite","2026-10-08","passed","2026-10-08","Payment Merchant","Customer Cards","",""
"","144","Retrieve - Nonexistent ID","Personal Banking APIs - QA Test Suite","2026-10-08","passed","2026-10-08","Retrieve","Scheduled Payments","",""
"","136","Young Moni Initiate Account Request - Missing Required Field","Personal Banking APIs - QA Test Suite","2026-10-08","passed","2026-10-08","Young Moni Initiate Account Request","Customer Profile, Accounts & Beneficiaries","",""
"","134","Get Item - Nonexistent ID","Personal Banking APIs - QA Test Suite","2026-10-08","passed","2026-10-08","Get Item","Rewards, Cash Tokens & Wishlists","",""
"","191","Check Email / Phone Availability - Missing Required Field","Personal Banking APIs - QA Test Suite","2026-10-08","failed","2026-10-08","Check Email / Phone Availability","Customer Onboarding","",""
"","142","Transactions Create Plan - Invalid Token Or PIN","Personal Banking APIs - QA Test Suite","2026-10-08","passed","2026-10-08","Transactions Create Plan","SWAG Savings","",""
"","139","Upload Documents - Missing Required Field","Personal Banking APIs - QA Test Suite","2026-10-08","passed","2026-10-08","Upload Documents","KYC, Tier Upgrades & Young Moni","",""
"","168","Withdraw - Valid","Personal Banking APIs - QA Test Suite","2026-10-08","failed","2026-10-08","Withdraw","Rewards, Cash Tokens & Wishlists","",""
"","132","Games Eligibility Requirements - No Auth","Personal Banking APIs - QA Test Suite","2026-10-08","passed","2026-10-08","Games Eligibility Requirements","Rewards, Cash Tokens & Wishlists","",""
"","120","Channel Settings - No Auth","Personal Banking APIs - QA Test Suite","2026-10-08","passed","2026-10-08","Channel Settings","Customer Cards","",""
"","306","Types - Valid","Personal Banking APIs - QA Test Suite","2026-10-08","passed","2026-10-08","Types","Supalock Savings","",""
"","130","Validate Jamb Profile - Missing Required Field","Personal Banking APIs - QA Test Suite","2026-10-08","failed","2026-10-08","Validate Jamb Profile","Airtime, Data, Bills & VAS Beneficiaries","",""
"","160","Retrieve - Invalid ID","Personal Banking APIs - QA Test Suite","2026-10-08","failed","2026-10-08","Retrieve","Airtime, Data, Bills & VAS Beneficiaries","",""
"","179","Requests Request Card - Valid","Personal Banking APIs - QA Test Suite","2026-10-08","failed","2026-10-08","Requests Request Card","Customer Cards","",""
"","143","Redeem Insurance - No Auth","Personal Banking APIs - QA Test Suite","2026-10-08","passed","2026-10-08","Redeem Insurance","Insurance","",""
"","145","List - Invalid Query","Personal Banking APIs - QA Test Suite","2026-10-08","failed","2026-10-08","List","Insurance","",""
"","181","Repay - Valid","Personal Banking APIs - QA Test Suite","2026-10-08","failed","2026-10-08","Repay","Kolo Connect Advances","",""
"","150","Verify Reset Token - Empty Fields","Personal Banking APIs - QA Test Suite","2026-10-08","passed","2026-10-08","Verify Reset Token","Login, Credentials, Security & Devices","",""
"","145","Inflow Outflow Analytics - Invalid Query","Personal Banking APIs - QA Test Suite","2026-10-08","failed","2026-10-08","Inflow Outflow Analytics","Wallets, Transfers, Transactions & Fund Requests","",""
"","136","Wallet Total Balance - Valid","Personal Banking APIs - QA Test Suite","2026-10-08","failed","2026-10-08","Wallet Total Balance","Save & Spend","",""
"","129","Account Officer Rate Officer - Missing Required Field","Personal Banking APIs - QA Test Suite","2026-10-08","failed","2026-10-08","Account Officer Rate Officer","Customer Profile, Accounts & Beneficiaries","",""
"","197","Update Location - Nonexistent ID","Personal Banking APIs - QA Test Suite","2026-10-08","failed","2026-10-08","Update Location","Login, Credentials, Security & Devices","",""
"","147","Partial - Empty Fields","Personal Banking APIs - QA Test Suite","2026-10-08","failed","2026-10-08","Partial","Airtime, Data, Bills & VAS Beneficiaries","",""
"","133","Setup Liveness Image - Empty Fields","Personal Banking APIs - QA Test Suite","2026-10-08","passed","2026-10-08","Setup Liveness Image","Login, Credentials, Security & Devices","",""
"","381","Her Wealth Details - Valid","Personal Banking APIs - QA Test Suite","2026-10-08","failed","2026-10-08","Her Wealth Details","Customer Profile, Accounts & Beneficiaries","",""
"","122","Transactions Withdraw Interest - Invalid Amount","Personal Banking APIs - QA Test Suite","2026-10-08","passed","2026-10-08","Transactions Withdraw Interest","SWAG Savings","",""
"","136","Dismiss Action - Nonexistent ID","Personal Banking APIs - QA Test Suite","2026-10-08","passed","2026-10-08","Dismiss Action","KYC, Tier Upgrades & Young Moni","",""
"","144","List - Valid","Personal Banking APIs - QA Test Suite","2026-10-08","failed","2026-10-08","List","Supalock Savings","",""
"","125","Transactions Deposit - Missing Required Field","Personal Banking APIs - QA Test Suite","2026-10-08","passed","2026-10-08","Transactions Deposit","Target Savings","",""
"","122","Purchase Jamb - Invalid Status Or Type","Personal Banking APIs - QA Test Suite","2026-10-08","passed","2026-10-08","Purchase Jamb","Airtime, Data, Bills & VAS Beneficiaries","",""
"","135","List - Invalid Query","Personal Banking APIs - QA Test Suite","2026-10-08","failed","2026-10-08","List","Wallets, Transfers, Transactions & Fund Requests","",""
"","124","Update Documents - No Auth","Personal Banking APIs - QA Test Suite","2026-10-08","passed","2026-10-08","Update Documents","KYC, Tier Upgrades & Young Moni","",""
"","152","Retrieve - No Auth","Personal Banking APIs - QA Test Suite","2026-10-08","passed","2026-10-08","Retrieve","Wallets, Transfers, Transactions & Fund Requests","",""
"","135","Intra Name Enquiry By Phone - Missing Required Field","Personal Banking APIs - QA Test Suite","2026-10-08","failed","2026-10-08","Intra Name Enquiry By Phone","Wallets, Transfers, Transactions & Fund Requests","",""
"","137","Create Wishlist With Items - Empty Fields","Personal Banking APIs - QA Test Suite","2026-10-08","passed","2026-10-08","Create Wishlist With Items","Rewards, Cash Tokens & Wishlists","",""
"","171","Retrieve - Nonexistent ID","Personal Banking APIs - QA Test Suite","2026-10-08","failed","2026-10-08","Retrieve","Kolo Connect Advances","",""
"","136","Verify Alias Phone Number - Missing Required Field","Personal Banking APIs - QA Test Suite","2026-10-08","passed","2026-10-08","Verify Alias Phone Number","Customer Profile, Accounts & Beneficiaries","",""
"","132","Retrieve - Invalid ID","Personal Banking APIs - QA Test Suite","2026-10-08","failed","2026-10-08","Retrieve","Wallets, Transfers, Transactions & Fund Requests","",""
"","364","Get Cable Plans - Invalid Query","Personal Banking APIs - QA Test Suite","2026-10-08","failed","2026-10-08","Get Cable Plans","Airtime, Data, Bills & VAS Beneficiaries","",""
"","121","Purchase Jamb - Missing Required Field","Personal Banking APIs - QA Test Suite","2026-10-08","passed","2026-10-08","Purchase Jamb","Airtime, Data, Bills & VAS Beneficiaries","",""
"","149","Get Item Edit - Empty Fields","Personal Banking APIs - QA Test Suite","2026-10-08","failed","2026-10-08","Get Item Edit","Rewards, Cash Tokens & Wishlists","",""
"","164","Verify Email Update - Invalid Token Or PIN","Personal Banking APIs - QA Test Suite","2026-10-08","passed","2026-10-08","Verify Email Update","KYC, Tier Upgrades & Young Moni","",""
"","118","Repayment Plan - No Auth","Personal Banking APIs - QA Test Suite","2026-10-08","passed","2026-10-08","Repayment Plan","Kolo Connect Advances","",""
"","167","Create Her Wealth - Valid","Personal Banking APIs - QA Test Suite","2026-10-08","failed","2026-10-08","Create Her Wealth","Customer Profile, Accounts & Beneficiaries","",""
"","131","Wallet Download Target Statement - Missing Required Field","Personal Banking APIs - QA Test Suite","2026-10-08","failed","2026-10-08","Wallet Download Target Statement","Target Savings","",""
"","258","Admin Games Rewards - Valid","Personal Banking APIs - QA Test Suite","2026-10-08","failed","2026-10-08","Admin Games Rewards","Rewards, Cash Tokens & Wishlists","",""
"","130","Transactions Withdraw Interest - Missing Required Field","Personal Banking APIs - QA Test Suite","2026-10-08","passed","2026-10-08","Transactions Withdraw Interest","SWAG Savings","",""
"","297","Update Communication Preference - Valid","Personal Banking APIs - QA Test Suite","2026-10-08","failed","2026-10-08","Update Communication Preference","Customer Profile, Accounts & Beneficiaries","",""
"","135","Admin Admin Tier Two Upgrade - Empty Fields","Personal Banking APIs - QA Test Suite","2026-10-08","failed","2026-10-08","Admin Admin Tier Two Upgrade","KYC, Tier Upgrades & Young Moni","",""
"","140","Transactions Break Target - Invalid Token Or PIN","Personal Banking APIs - QA Test Suite","2026-10-08","passed","2026-10-08","Transactions Break Target","Target Savings","",""
"","122","Initiate Reset Transaction Pin - Invalid Query","Personal Banking APIs - QA Test Suite","2026-10-08","failed","2026-10-08","Initiate Reset Transaction Pin","Login, Credentials, Security & Devices","",""
"","169","Create Sub Account - Valid","Personal Banking APIs - QA Test Suite","2026-10-08","failed","2026-10-08","Create Sub Account","Customer Profile, Accounts & Beneficiaries","",""
"","132","Withdraw - Nonexistent ID","Personal Banking APIs - QA Test Suite","2026-10-08","passed","2026-10-08","Withdraw","Rewards, Cash Tokens & Wishlists","",""
"","125","Transactions - No Auth","Personal Banking APIs - QA Test Suite","2026-10-08","passed","2026-10-08","Transactions","SWAG Savings","",""
"","131","Young Moni Documents Action Document - Missing Required Field","Personal Banking APIs - QA Test Suite","2026-10-08","failed","2026-10-08","Young Moni Documents Action Document","KYC, Tier Upgrades & Young Moni","",""
"","156","List - Invalid Query","Personal Banking APIs - QA Test Suite","2026-10-08","failed","2026-10-08","List","Wallets, Transfers, Transactions & Fund Requests","",""
"","129","Update Daily Transfer Limit - No Auth","Personal Banking APIs - QA Test Suite","2026-10-08","passed","2026-10-08","Update Daily Transfer Limit","Customer Profile, Accounts & Beneficiaries","",""
"","146","Partial - No Auth","Personal Banking APIs - QA Test Suite","2026-10-08","passed","2026-10-08","Partial","Customer Profile, Accounts & Beneficiaries","",""
"","137","Reject Single Fund Request - Invalid Token Or PIN","Personal Banking APIs - QA Test Suite","2026-10-08","failed","2026-10-08","Reject Single Fund Request","Wallets, Transfers, Transactions & Fund Requests","",""
"","255","Admin Games Stats - Invalid Query","Personal Banking APIs - QA Test Suite","2026-10-08","failed","2026-10-08","Admin Games Stats","Rewards, Cash Tokens & Wishlists","",""
"","128","Providers - Nonexistent ID","Personal Banking APIs - QA Test Suite","2026-10-08","passed","2026-10-08","Providers","Insurance","",""
"","124","Admin Coins Redemption Rules - Invalid ID","Personal Banking APIs - QA Test Suite","2026-10-08","failed","2026-10-08","Admin Coins Redemption Rules","Rewards, Cash Tokens & Wishlists","",""
"","145","Dismiss Action - Invalid Email","Personal Banking APIs - QA Test Suite","2026-10-08","failed","2026-10-08","Dismiss Action","KYC, Tier Upgrades & Young Moni","",""
"","173","Types - Valid","Personal Banking APIs - QA Test Suite","2026-10-08","failed","2026-10-08","Types","Supalock Savings","",""
"","137","Reject Single Fund Request - Missing Required Field","Personal Banking APIs - QA Test Suite","2026-10-08","failed","2026-10-08","Reject Single Fund Request","Wallets, Transfers, Transactions & Fund Requests","",""
"","155","Reward With Airtime - Missing Required Field","Personal Banking APIs - QA Test Suite","2026-10-08","failed","2026-10-08","Reward With Airtime","Rewards, Cash Tokens & Wishlists","",""
"","183","Complete Registration - Valid","Personal Banking APIs - QA Test Suite","2026-10-08","failed","2026-10-08","Complete Registration","Customer Onboarding","",""
"","120","Retrieve - No Auth","Personal Banking APIs - QA Test Suite","2026-10-08","passed","2026-10-08","Retrieve","Insurance","",""
"","141","Update Request Recipients - Empty Fields","Personal Banking APIs - QA Test Suite","2026-10-08","failed","2026-10-08","Update Request Recipients","Wallets, Transfers, Transactions & Fund Requests","",""
"","146","Add Item - Empty Fields","Personal Banking APIs - QA Test Suite","2026-10-08","failed","2026-10-08","Add Item","Rewards, Cash Tokens & Wishlists","",""
"","173","Inter Transfer - Missing Required Field","Personal Banking APIs - QA Test Suite","2026-10-08","passed","2026-10-08","Inter Transfer","Wallets, Transfers, Transactions & Fund Requests","",""
"","192","Inflow Outflow Analytics - Valid","Personal Banking APIs - QA Test Suite","2026-10-08","passed","2026-10-08","Inflow Outflow Analytics","Wallets, Transfers, Transactions & Fund Requests","",""
"","132","Update - Invalid ID","Personal Banking APIs - QA Test Suite","2026-10-08","passed","2026-10-08","Update","Scheduled Payments","",""
"","135","Retry Payment Schedule - Empty Fields","Personal Banking APIs - QA Test Suite","2026-10-08","passed","2026-10-08","Retry Payment Schedule","Scheduled Payments","",""
"","128","Withdraw Cashback - No Auth","Personal Banking APIs - QA Test Suite","2026-10-08","passed","2026-10-08","Withdraw Cashback","Wallets, Transfers, Transactions & Fund Requests","",""
"","141","Find Customers By Phone - No Auth","Personal Banking APIs - QA Test Suite","2026-10-08","passed","2026-10-08","Find Customers By Phone","Customer Profile, Accounts & Beneficiaries","",""
"","123","Admin Devices Reactivate - Valid","Personal Banking APIs - QA Test Suite","2026-10-08","failed","2026-10-08","Admin Devices Reactivate","Login, Credentials, Security & Devices","",""
"","127","Admin Admin Tier One Upgrade - Invalid Status Or Type","Personal Banking APIs - QA Test Suite","2026-10-08","failed","2026-10-08","Admin Admin Tier One Upgrade","KYC, Tier Upgrades & Young Moni","",""
"","135","Data - Invalid Status Or Type","Personal Banking APIs - QA Test Suite","2026-10-08","passed","2026-10-08","Data","Scheduled Payments","",""
"","142","Intra Name Enquiry By Phone - No Auth","Personal Banking APIs - QA Test Suite","2026-10-08","passed","2026-10-08","Intra Name Enquiry By Phone","Wallets, Transfers, Transactions & Fund Requests","",""
"","274","Admin Coins Rules - Valid","Personal Banking APIs - QA Test Suite","2026-10-08","failed","2026-10-08","Admin Coins Rules","Rewards, Cash Tokens & Wishlists","",""
"","121","Update Communication Preference - No Auth","Personal Banking APIs - QA Test Suite","2026-10-08","passed","2026-10-08","Update Communication Preference","Customer Profile, Accounts & Beneficiaries","",""
"","126","Partial - Invalid ID","Personal Banking APIs - QA Test Suite","2026-10-08","passed","2026-10-08","Partial","Airtime, Data, Bills & VAS Beneficiaries","",""
"","146","Young Moni - No Auth","Personal Banking APIs - QA Test Suite","2026-10-08","passed","2026-10-08","Young Moni","Customer Profile, Accounts & Beneficiaries","",""
"","129","Intra Transfer - Invalid Amount","Personal Banking APIs - QA Test Suite","2026-10-08","passed","2026-10-08","Intra Transfer","Wallets, Transfers, Transactions & Fund Requests","",""
"","154","Transfer - Valid","Personal Banking APIs - QA Test Suite","2026-10-08","failed","2026-10-08","Transfer","Scheduled Payments","",""
"","164","Update Documents - Empty Fields","Personal Banking APIs - QA Test Suite","2026-10-08","passed","2026-10-08","Update Documents","KYC, Tier Upgrades & Young Moni","",""
"","147","Create Login Pin - Missing Required Field","Personal Banking APIs - QA Test Suite","2026-10-08","failed","2026-10-08","Create Login Pin","Login, Credentials, Security & Devices","",""
"","131","Verify Email Update - Missing Required Field","Personal Banking APIs - QA Test Suite","2026-10-08","passed","2026-10-08","Verify Email Update","KYC, Tier Upgrades & Young Moni","",""
"","158","Account Officer Change Request - Nonexistent ID","Personal Banking APIs - QA Test Suite","2026-10-08","passed","2026-10-08","Account Officer Change Request","Customer Profile, Accounts & Beneficiaries","",""
"","130","Update - Missing Required Field","Personal Banking APIs - QA Test Suite","2026-10-08","passed","2026-10-08","Update","Scheduled Payments","",""
"","138","Validate Face Match - Empty Fields","Personal Banking APIs - QA Test Suite","2026-10-08","passed","2026-10-08","Validate Face Match","Login, Credentials, Security & Devices","",""
"","119","Create - No Auth","Personal Banking APIs - QA Test Suite","2026-10-08","passed","2026-10-08","Create","Wallets, Transfers, Transactions & Fund Requests","",""
"","132","Disable - Missing Required Field","Personal Banking APIs - QA Test Suite","2026-10-08","failed","2026-10-08","Disable","Wallets, Transfers, Transactions & Fund Requests","",""
"","136","Partial - No Auth","Personal Banking APIs - QA Test Suite","2026-10-08","passed","2026-10-08","Partial","Airtime, Data, Bills & VAS Beneficiaries","",""
"","135","Update Request Recipients - Missing Required Field","Personal Banking APIs - QA Test Suite","2026-10-08","failed","2026-10-08","Update Request Recipients","Wallets, Transfers, Transactions & Fund Requests","",""
"","154","Young Moni Requests - Invalid Query","Personal Banking APIs - QA Test Suite","2026-10-08","failed","2026-10-08","Young Moni Requests","KYC, Tier Upgrades & Young Moni","",""
"","128","Admin Coins Rules - Invalid Amount","Personal Banking APIs - QA Test Suite","2026-10-08","failed","2026-10-08","Admin Coins Rules","Rewards, Cash Tokens & Wishlists","",""
"","129","Disable - Invalid ID","Personal Banking APIs - QA Test Suite","2026-10-08","failed","2026-10-08","Disable","Wallets, Transfers, Transactions & Fund Requests","",""
"","141","Transactions Update Swag Monthly Rollover - Missing Required Field","Personal Banking APIs - QA Test Suite","2026-10-08","failed","2026-10-08","Transactions Update Swag Monthly Rollover","SWAG Savings","",""
"","144","Block - No Auth","Personal Banking APIs - QA Test Suite","2026-10-08","passed","2026-10-08","Block","Customer Cards","",""
"","120","Young Moni Upload Guardian Documents - No Auth","Personal Banking APIs - QA Test Suite","2026-10-08","failed","2026-10-08","Young Moni Upload Guardian Documents","Customer Profile, Accounts & Beneficiaries","",""
"","528","Get Cable Providers - Valid","Personal Banking APIs - QA Test Suite","2026-10-08","passed","2026-10-08","Get Cable Providers","Airtime, Data, Bills & VAS Beneficiaries","",""
"","130","Waec Lookup - Invalid Query","Personal Banking APIs - QA Test Suite","2026-10-08","failed","2026-10-08","Waec Lookup","Airtime, Data, Bills & VAS Beneficiaries","",""
"","145","Games - Invalid Query","Personal Banking APIs - QA Test Suite","2026-10-08","passed","2026-10-08","Games","Rewards, Cash Tokens & Wishlists","",""
"","229","Admin List Documents - No Auth","Personal Banking APIs - QA Test Suite","2026-10-08","passed","2026-10-08","Admin List Documents","KYC, Tier Upgrades & Young Moni","",""
"","118","Get Cable Plans - No Auth","Personal Banking APIs - QA Test Suite","2026-10-08","passed","2026-10-08","Get Cable Plans","Airtime, Data, Bills & VAS Beneficiaries","",""
"","224","Admin Games Stats - No Auth","Personal Banking APIs - QA Test Suite","2026-10-08","passed","2026-10-08","Admin Games Stats","Rewards, Cash Tokens & Wishlists","",""
"","118","Admin Games Rewards - No Auth","Personal Banking APIs - QA Test Suite","2026-10-08","passed","2026-10-08","Admin Games Rewards","Rewards, Cash Tokens & Wishlists","",""
"","142","Partial - Valid","Personal Banking APIs - QA Test Suite","2026-10-08","failed","2026-10-08","Partial","Customer Profile, Accounts & Beneficiaries","",""
"","130","Tier One Upgrade With BVN - Empty Fields","Personal Banking APIs - QA Test Suite","2026-10-08","passed","2026-10-08","Tier One Upgrade With BVN","KYC, Tier Upgrades & Young Moni","",""
"","143","Young Moni Requests Complete Review - Valid","Personal Banking APIs - QA Test Suite","2026-10-08","failed","2026-10-08","Young Moni Requests Complete Review","KYC, Tier Upgrades & Young Moni","",""
"","132","Wishlist Config Edit - Empty Fields","Personal Banking APIs - QA Test Suite","2026-10-08","failed","2026-10-08","Wishlist Config Edit","Rewards, Cash Tokens & Wishlists","",""
"","152","Retrieve - Valid","Personal Banking APIs - QA Test Suite","2026-10-08","failed","2026-10-08","Retrieve","Wallets, Transfers, Transactions & Fund Requests","",""
"","263","Admin Coins Redemption Rules - Nonexistent ID","Personal Banking APIs - QA Test Suite","2026-10-08","failed","2026-10-08","Admin Coins Redemption Rules","Rewards, Cash Tokens & Wishlists","",""
"","147","Create Transaction Pin - Missing Required Field","Personal Banking APIs - QA Test Suite","2026-10-08","failed","2026-10-08","Create Transaction Pin","Login, Credentials, Security & Devices","",""
"","661","Fetch Balance - Valid","Personal Banking APIs - QA Test Suite","2026-10-08","passed","2026-10-08","Fetch Balance","Customer Profile, Accounts & Beneficiaries","",""
"","123","Purchase Airtime - Invalid Token Or PIN","Personal Banking APIs - QA Test Suite","2026-10-08","passed","2026-10-08","Purchase Airtime","Airtime, Data, Bills & VAS Beneficiaries","",""
"","122","Document Delete - No Auth","Personal Banking APIs - QA Test Suite","2026-10-08","passed","2026-10-08","Document Delete","KYC, Tier Upgrades & Young Moni","",""
"","274","Admin Games - Valid","Personal Banking APIs - QA Test Suite","2026-10-08","failed","2026-10-08","Admin Games","Rewards, Cash Tokens & Wishlists","",""
"","299","Admin List Documents - Valid","Personal Banking APIs - QA Test Suite","2026-10-08","failed","2026-10-08","Admin List Documents","KYC, Tier Upgrades & Young Moni","",""
"","183","Update Communication Preference - Empty Fields","Personal Banking APIs - QA Test Suite","2026-10-08","passed","2026-10-08","Update Communication Preference","Customer Profile, Accounts & Beneficiaries","",""
"","149","Complete Registration - Empty Fields","Personal Banking APIs - QA Test Suite","2026-10-08","passed","2026-10-08","Complete Registration","Customer Onboarding","",""
"","146","Verify Email OTP - Invalid Token Or PIN","Personal Banking APIs - QA Test Suite","2026-10-08","passed","2026-10-08","Verify Email OTP","Customer Onboarding","",""
"","136","Admin Coins Redemption Rules - Missing Required Field","Personal Banking APIs - QA Test Suite","2026-10-08","failed","2026-10-08","Admin Coins Redemption Rules","Rewards, Cash Tokens & Wishlists","",""
"","1572","List - Valid","Personal Banking APIs - QA Test Suite","2026-10-08","passed","2026-10-08","List","Customer Cards","",""
"","174","Admin Upload Documents - Valid","Personal Banking APIs - QA Test Suite","2026-10-08","failed","2026-10-08","Admin Upload Documents","KYC, Tier Upgrades & Young Moni","",""
"","120","Reward With Cashback - Empty Fields","Personal Banking APIs - QA Test Suite","2026-10-08","passed","2026-10-08","Reward With Cashback","Rewards, Cash Tokens & Wishlists","",""
"","143","Transactions Create Plan - Empty Fields","Personal Banking APIs - QA Test Suite","2026-10-08","passed","2026-10-08","Transactions Create Plan","SWAG Savings","",""
"","133","Admin Devices Deactivate - Valid","Personal Banking APIs - QA Test Suite","2026-10-08","failed","2026-10-08","Admin Devices Deactivate","Login, Credentials, Security & Devices","",""
"","144","Wallet - No Auth","Personal Banking APIs - QA Test Suite","2026-10-08","passed","2026-10-08","Wallet","Save & Spend","",""
"","151","Transactions Create Wallet - Invalid Token Or PIN","Personal Banking APIs - QA Test Suite","2026-10-08","passed","2026-10-08","Transactions Create Wallet","Target Savings","",""
"","128","Intra Account Transfer - Invalid Amount","Personal Banking APIs - QA Test Suite","2026-10-08","passed","2026-10-08","Intra Account Transfer","Wallets, Transfers, Transactions & Fund Requests","",""
"","246","Daily Spending Summary - Valid","Personal Banking APIs - QA Test Suite","2026-10-08","passed","2026-10-08","Daily Spending Summary","Wallets, Transfers, Transactions & Fund Requests","",""
"","118","Transactions Evaluate Target - No Auth","Personal Banking APIs - QA Test Suite","2026-10-08","passed","2026-10-08","Transactions Evaluate Target","Target Savings","",""
"","122","Purchase Cable - Invalid Status Or Type","Personal Banking APIs - QA Test Suite","2026-10-08","passed","2026-10-08","Purchase Cable","Airtime, Data, Bills & VAS Beneficiaries","",""
"","117","Types Get Supa Lock Special Interest - No Auth","Personal Banking APIs - QA Test Suite","2026-10-08","passed","2026-10-08","Types Get Supa Lock Special Interest","Supalock Savings","",""
"","142","Update Identity - Invalid Status Or Type","Personal Banking APIs - QA Test Suite","2026-10-08","passed","2026-10-08","Update Identity","KYC, Tier Upgrades & Young Moni","",""
"","128","Proposed Contributor - Invalid Amount","Personal Banking APIs - QA Test Suite","2026-10-08","passed","2026-10-08","Proposed Contributor","Rewards, Cash Tokens & Wishlists","",""
"","164","Requests Request Card - Missing Required Field","Personal Banking APIs - QA Test Suite","2026-10-08","passed","2026-10-08","Requests Request Card","Customer Cards","",""
"","149","Requests - Nonexistent ID","Personal Banking APIs - QA Test Suite","2026-10-08","passed","2026-10-08","Requests","Customer Cards","",""
"","140","Terms - Nonexistent ID","Personal Banking APIs - QA Test Suite","2026-10-08","passed","2026-10-08","Terms","Rewards, Cash Tokens & Wishlists","",""
"","131","Withdraw Supalock - No Auth","Personal Banking APIs - QA Test Suite","2026-10-08","passed","2026-10-08","Withdraw Supalock","Supalock Savings","",""
"","133","Transactions Evaluate Target - Empty Fields","Personal Banking APIs - QA Test Suite","2026-10-08","passed","2026-10-08","Transactions Evaluate Target","Target Savings","",""
"","120","Purchase Data - Missing Required Field","Personal Banking APIs - QA Test Suite","2026-10-08","passed","2026-10-08","Purchase Data","Airtime, Data, Bills & VAS Beneficiaries","",""
"","138","Transactions Break Wallet - Empty Fields","Personal Banking APIs - QA Test Suite","2026-10-08","passed","2026-10-08","Transactions Break Wallet","Save & Spend","",""
"","126","Winner Dismiss Action - Invalid Token Or PIN","Personal Banking APIs - QA Test Suite","2026-10-08","failed","2026-10-08","Winner Dismiss Action","Rewards, Cash Tokens & Wishlists","",""
"","253","Admin Games Sessions - Valid","Personal Banking APIs - QA Test Suite","2026-10-08","failed","2026-10-08","Admin Games Sessions","Rewards, Cash Tokens & Wishlists","",""
"","162","Coin Wallet Transactions - Valid","Personal Banking APIs - QA Test Suite","2026-10-08","failed","2026-10-08","Coin Wallet Transactions","Rewards, Cash Tokens & Wishlists","",""
"","120","Get Item Edit - Nonexistent ID","Personal Banking APIs - QA Test Suite","2026-10-08","failed","2026-10-08","Get Item Edit","Rewards, Cash Tokens & Wishlists","",""
"","142","List - Invalid Query","Personal Banking APIs - QA Test Suite","2026-10-08","failed","2026-10-08","List","Customer Profile, Accounts & Beneficiaries","",""
"","130","Admin Coins Rules - Invalid Amount","Personal Banking APIs - QA Test Suite","2026-10-08","failed","2026-10-08","Admin Coins Rules","Rewards, Cash Tokens & Wishlists","",""
"","136","Find Customers By Phone - Empty Fields","Personal Banking APIs - QA Test Suite","2026-10-08","passed","2026-10-08","Find Customers By Phone","Customer Profile, Accounts & Beneficiaries","",""
"","121","Reject Single Bulk Recipient - No Auth","Personal Banking APIs - QA Test Suite","2026-10-08","passed","2026-10-08","Reject Single Bulk Recipient","Wallets, Transfers, Transactions & Fund Requests","",""
"","184","Customer Submit - Valid","Personal Banking APIs - QA Test Suite","2026-10-08","failed","2026-10-08","Customer Submit","KYC, Tier Upgrades & Young Moni","",""
"","125","Transactions - Invalid Query","Personal Banking APIs - QA Test Suite","2026-10-08","failed","2026-10-08","Transactions","Supalock Savings","",""
"","199","Providers - Valid","Personal Banking APIs - QA Test Suite","2026-10-08","passed","2026-10-08","Providers","Insurance","",""
"","275","List - Valid","Personal Banking APIs - QA Test Suite","2026-10-08","passed","2026-10-08","List","Airtime, Data, Bills & VAS Beneficiaries","",""
"","134","Games Card Match - Missing Required Field","Personal Banking APIs - QA Test Suite","2026-10-08","passed","2026-10-08","Games Card Match","Rewards, Cash Tokens & Wishlists","",""
"","127","Winner - Invalid Query","Personal Banking APIs - QA Test Suite","2026-10-08","failed","2026-10-08","Winner","Rewards, Cash Tokens & Wishlists","",""
"","142","Young Moni Upload Child Documents - Missing Required Field","Personal Banking APIs - QA Test Suite","2026-10-08","failed","2026-10-08","Young Moni Upload Child Documents","Customer Profile, Accounts & Beneficiaries","",""
"","141","Initiate Reset Login Pin - No Auth","Personal Banking APIs - QA Test Suite","2026-10-08","passed","2026-10-08","Initiate Reset Login Pin","Login, Credentials, Security & Devices","",""
"","174","Payment Merchant - Invalid ID","Personal Banking APIs - QA Test Suite","2026-10-08","passed","2026-10-08","Payment Merchant","Customer Cards","",""
"","139","Partial - Invalid ID","Personal Banking APIs - QA Test Suite","2026-10-08","failed","2026-10-08","Partial","Customer Profile, Accounts & Beneficiaries","",""
"","189","Retrieve - Valid","Personal Banking APIs - QA Test Suite","2026-10-08","failed","2026-10-08","Retrieve","Wallets, Transfers, Transactions & Fund Requests","",""
"","184","Create - Valid","Personal Banking APIs - QA Test Suite","2026-10-08","failed","2026-10-08","Create","Airtime, Data, Bills & VAS Beneficiaries","",""
"","128","Redeem Insurance - Missing Required Field","Personal Banking APIs - QA Test Suite","2026-10-08","passed","2026-10-08","Redeem Insurance","Insurance","",""
"","169","Document Update Status - Valid","Personal Banking APIs - QA Test Suite","2026-10-08","failed","2026-10-08","Document Update Status","KYC, Tier Upgrades & Young Moni","",""
"","123","Enable - No Auth","Personal Banking APIs - QA Test Suite","2026-10-08","passed","2026-10-08","Enable","Wallets, Transfers, Transactions & Fund Requests","",""
"","133","Document Delete - Invalid ID","Personal Banking APIs - QA Test Suite","2026-10-08","failed","2026-10-08","Document Delete","KYC, Tier Upgrades & Young Moni","",""
"","141","Upload Documents - No Auth","Personal Banking APIs - QA Test Suite","2026-10-08","passed","2026-10-08","Upload Documents","KYC, Tier Upgrades & Young Moni","",""
"","122","Transactions Create Wallet - Empty Fields","Personal Banking APIs - QA Test Suite","2026-10-08","passed","2026-10-08","Transactions Create Wallet","Target Savings","",""
"","143","Block - Nonexistent ID","Personal Banking APIs - QA Test Suite","2026-10-08","passed","2026-10-08","Block","Customer Cards","",""
"","199","Request Account Reactivation - Invalid Status Or Type","Personal Banking APIs - QA Test Suite","2026-10-08","passed","2026-10-08","Request Account Reactivation","KYC, Tier Upgrades & Young Moni","",""
"","148","Account Officer Rate Officer - Empty Fields","Personal Banking APIs - QA Test Suite","2026-10-08","failed","2026-10-08","Account Officer Rate Officer","Customer Profile, Accounts & Beneficiaries","",""
"","138","Create - No Auth","Personal Banking APIs - QA Test Suite","2026-10-08","passed","2026-10-08","Create","Customer Profile, Accounts & Beneficiaries","",""
"","133","Partial - Empty Fields","Personal Banking APIs - QA Test Suite","2026-10-08","failed","2026-10-08","Partial","Airtime, Data, Bills & VAS Beneficiaries","",""
"","156","Verify Email OTP - Valid","Personal Banking APIs - QA Test Suite","2026-10-08","failed","2026-10-08","Verify Email OTP","Customer Onboarding","",""
"","146","Transactions - Nonexistent ID","Personal Banking APIs - QA Test Suite","2026-10-08","passed","2026-10-08","Transactions","Supalock Savings","",""
"","120","Admin Devices Deactivate - Missing Required Field","Personal Banking APIs - QA Test Suite","2026-10-08","failed","2026-10-08","Admin Devices Deactivate","Login, Credentials, Security & Devices","",""
"","130","Export Fund Recipients - Missing Required Field","Personal Banking APIs - QA Test Suite","2026-10-08","failed","2026-10-08","Export Fund Recipients","Wallets, Transfers, Transactions & Fund Requests","",""
"","137","Young Moni Documents Action Document - Invalid ID","Personal Banking APIs - QA Test Suite","2026-10-08","failed","2026-10-08","Young Moni Documents Action Document","KYC, Tier Upgrades & Young Moni","",""
"","118","Transactions - No Auth","Personal Banking APIs - QA Test Suite","2026-10-08","passed","2026-10-08","Transactions","SWAG Savings","",""
"","125","Types - No Auth","Personal Banking APIs - QA Test Suite","2026-10-08","passed","2026-10-08","Types","Supalock Savings","",""
"","136","Download Statement - Empty Fields","Personal Banking APIs - QA Test Suite","2026-10-08","failed","2026-10-08","Download Statement","Wallets, Transfers, Transactions & Fund Requests","",""
"","153","Transactions Update Swag Plan - Missing Required Field","Personal Banking APIs - QA Test Suite","2026-10-08","passed","2026-10-08","Transactions Update Swag Plan","SWAG Savings","",""
"","182","List - Invalid Query","Personal Banking APIs - QA Test Suite","2026-10-08","failed","2026-10-08","List","KYC, Tier Upgrades & Young Moni","",""
"","146","Overview - Missing Required Field","Personal Banking APIs - QA Test Suite","2026-10-08","failed","2026-10-08","Overview","Customer Profile, Accounts & Beneficiaries","",""
"","157","Tier One Upgrade - Empty Fields","Personal Banking APIs - QA Test Suite","2026-10-08","passed","2026-10-08","Tier One Upgrade","KYC, Tier Upgrades & Young Moni","",""
"","126","Wallet - Invalid Query","Personal Banking APIs - QA Test Suite","2026-10-08","failed","2026-10-08","Wallet","SWAG Savings","",""
"","150","List Schedule Payments - Valid","Personal Banking APIs - QA Test Suite","2026-10-08","failed","2026-10-08","List Schedule Payments","Scheduled Payments","",""
"","140","Withdraw Cashback - Empty Fields","Personal Banking APIs - QA Test Suite","2026-10-08","passed","2026-10-08","Withdraw Cashback","Wallets, Transfers, Transactions & Fund Requests","",""
"","142","Transactions Deposit - Valid","Personal Banking APIs - QA Test Suite","2026-10-08","failed","2026-10-08","Transactions Deposit","SWAG Savings","",""
"","147","Block - Invalid ID","Personal Banking APIs - QA Test Suite","2026-10-08","passed","2026-10-08","Block","Customer Cards","",""
"","168","Coin Wallet Transactions - Invalid Query","Personal Banking APIs - QA Test Suite","2026-10-08","passed","2026-10-08","Coin Wallet Transactions","Rewards, Cash Tokens & Wishlists","",""
"","178","Retrieve - Valid","Personal Banking APIs - QA Test Suite","2026-10-08","failed","2026-10-08","Retrieve","KYC, Tier Upgrades & Young Moni","",""
"","122","Verify Phone Number - Missing Required Field","Personal Banking APIs - QA Test Suite","2026-10-08","failed","2026-10-08","Verify Phone Number","Login, Credentials, Security & Devices","",""
"","131","Redeem Insurance - Empty Fields","Personal Banking APIs - QA Test Suite","2026-10-08","passed","2026-10-08","Redeem Insurance","Insurance","",""
"","145","Admin Reject Upgrade Request - Empty Fields","Personal Banking APIs - QA Test Suite","2026-10-08","failed","2026-10-08","Admin Reject Upgrade Request","KYC, Tier Upgrades & Young Moni","",""
"","146","List - No Auth","Personal Banking APIs - QA Test Suite","2026-10-08","passed","2026-10-08","List","Scheduled Payments","",""
"","137","Payment Merchant - Invalid Query","Personal Banking APIs - QA Test Suite","2026-10-08","failed","2026-10-08","Payment Merchant","Customer Cards","",""
"","130","Restrict Accounts By BVN - Empty Fields","Personal Banking APIs - QA Test Suite","2026-10-08","failed","2026-10-08","Restrict Accounts By BVN","Customer Profile, Accounts & Beneficiaries","",""
"","137","Single Fund Request - Valid","Personal Banking APIs - QA Test Suite","2026-10-08","failed","2026-10-08","Single Fund Request","Wallets, Transfers, Transactions & Fund Requests","",""
"","299","Admin Coins Rules - Invalid Query","Personal Banking APIs - QA Test Suite","2026-10-08","failed","2026-10-08","Admin Coins Rules","Rewards, Cash Tokens & Wishlists","",""
"","123","Update Gender - No Auth","Personal Banking APIs - QA Test Suite","2026-10-08","passed","2026-10-08","Update Gender","Login, Credentials, Security & Devices","",""
"","264","Admin List Documents - Invalid Query","Personal Banking APIs - QA Test Suite","2026-10-08","failed","2026-10-08","Admin List Documents","KYC, Tier Upgrades & Young Moni","",""
"","143","Get Item - Invalid Query","Personal Banking APIs - QA Test Suite","2026-10-08","failed","2026-10-08","Get Item","Rewards, Cash Tokens & Wishlists","",""
"","121","Admin Reject Upgrade Request - No Auth","Personal Banking APIs - QA Test Suite","2026-10-08","passed","2026-10-08","Admin Reject Upgrade Request","KYC, Tier Upgrades & Young Moni","",""
"","138","Account Officer Change Request - Invalid Query","Personal Banking APIs - QA Test Suite","2026-10-08","failed","2026-10-08","Account Officer Change Request","Customer Profile, Accounts & Beneficiaries","",""
"","153","Initiate Email Update - Empty Fields","Personal Banking APIs - QA Test Suite","2026-10-08","passed","2026-10-08","Initiate Email Update","KYC, Tier Upgrades & Young Moni","",""
"","149","Reset Login Pin - Empty Fields","Personal Banking APIs - QA Test Suite","2026-10-08","passed","2026-10-08","Reset Login Pin","Login, Credentials, Security & Devices","",""
"","128","Transactions - Invalid ID","Personal Banking APIs - QA Test Suite","2026-10-08","passed","2026-10-08","Transactions","Save & Spend","",""
"","126","Tier Zero Upgrade - Missing Required Field","Personal Banking APIs - QA Test Suite","2026-10-08","passed","2026-10-08","Tier Zero Upgrade","KYC, Tier Upgrades & Young Moni","",""
"","124","Purchase Epin - Valid","Personal Banking APIs - QA Test Suite","2026-10-08","failed","2026-10-08","Purchase Epin","Airtime, Data, Bills & VAS Beneficiaries","",""
"","123","Young Moni Validate Details - Valid","Personal Banking APIs - QA Test Suite","2026-10-08","failed","2026-10-08","Young Moni Validate Details","Customer Profile, Accounts & Beneficiaries","",""
"","147","Redeem Insurance - Invalid Email","Personal Banking APIs - QA Test Suite","2026-10-08","passed","2026-10-08","Redeem Insurance","Insurance","",""
"","137","Electricity - Invalid Status Or Type","Personal Banking APIs - QA Test Suite","2026-10-08","passed","2026-10-08","Electricity","Scheduled Payments","",""
"","130","Games Check Eligibility - Invalid Query","Personal Banking APIs - QA Test Suite","2026-10-08","passed","2026-10-08","Games Check Eligibility","Rewards, Cash Tokens & Wishlists","",""
"","389","List - Invalid Query","Personal Banking APIs - QA Test Suite","2026-10-08","failed","2026-10-08","List","Customer Profile, Accounts & Beneficiaries","",""
"","229","Admin - No Auth","Personal Banking APIs - QA Test Suite","2026-10-08","passed","2026-10-08","Admin","KYC, Tier Upgrades & Young Moni","",""
"","188","Add Account Alias - Valid","Personal Banking APIs - QA Test Suite","2026-10-08","failed","2026-10-08","Add Account Alias","Customer Profile, Accounts & Beneficiaries","",""
"","133","Transactions Create Wallet Product Specific - Invalid Token Or PIN","Personal Banking APIs - QA Test Suite","2026-10-08","passed","2026-10-08","Transactions Create Wallet Product Specific","Target Savings","",""
"","182","Update Communication Preference - Invalid ID","Personal Banking APIs - QA Test Suite","2026-10-08","passed","2026-10-08","Update Communication Preference","Customer Profile, Accounts & Beneficiaries","",""
"","119","Admin Devices Deactivate - Invalid Token Or PIN","Personal Banking APIs - QA Test Suite","2026-10-08","failed","2026-10-08","Admin Devices Deactivate","Login, Credentials, Security & Devices","",""
"","159","Item - Nonexistent ID","Personal Banking APIs - QA Test Suite","2026-10-08","passed","2026-10-08","Item","Rewards, Cash Tokens & Wishlists","",""
"","122","Tier One Upgrade With BVN - No Auth","Personal Banking APIs - QA Test Suite","2026-10-08","passed","2026-10-08","Tier One Upgrade With BVN","KYC, Tier Upgrades & Young Moni","",""
"","136","Reset Pin - Invalid ID","Personal Banking APIs - QA Test Suite","2026-10-08","passed","2026-10-08","Reset Pin","Customer Cards","",""
"","137","Notify Of Missed Inward - No Auth","Personal Banking APIs - QA Test Suite","2026-10-08","passed","2026-10-08","Notify Of Missed Inward","Wallets, Transfers, Transactions & Fund Requests","",""
"","148","Update Tin - Missing Required Field","Personal Banking APIs - QA Test Suite","2026-10-08","passed","2026-10-08","Update Tin","Customer Profile, Accounts & Beneficiaries","",""
"","316","List - Valid","Personal Banking APIs - QA Test Suite","2026-10-08","passed","2026-10-08","List","Customer Profile, Accounts & Beneficiaries","",""
"","176","Wallet Download Swag Statement - Valid","Personal Banking APIs - QA Test Suite","2026-10-08","failed","2026-10-08","Wallet Download Swag Statement","SWAG Savings","",""
"","139","Destroy - No Auth","Personal Banking APIs - QA Test Suite","2026-10-08","passed","2026-10-08","Destroy","Customer Profile, Accounts & Beneficiaries","",""
"","127","Retrieve - Invalid Query","Personal Banking APIs - QA Test Suite","2026-10-08","failed","2026-10-08","Retrieve","Kolo Connect Advances","",""
"","135","Update - Invalid Amount","Personal Banking APIs - QA Test Suite","2026-10-08","passed","2026-10-08","Update","Scheduled Payments","",""
"","147","Unblock - Invalid Token Or PIN","Personal Banking APIs - QA Test Suite","2026-10-08","failed","2026-10-08","Unblock","Customer Cards","",""
"","145","Reset Pin - Nonexistent ID","Personal Banking APIs - QA Test Suite","2026-10-08","passed","2026-10-08","Reset Pin","Customer Cards","",""
"","164","Retrieve - Invalid Query","Personal Banking APIs - QA Test Suite","2026-10-08","failed","2026-10-08","Retrieve","Customer Profile, Accounts & Beneficiaries","",""
"","128","Payment Merchant - Nonexistent ID","Personal Banking APIs - QA Test Suite","2026-10-08","passed","2026-10-08","Payment Merchant","Customer Cards","",""
"","187","Account Officer View Rating - Valid","Personal Banking APIs - QA Test Suite","2026-10-08","passed","2026-10-08","Account Officer View Rating","Customer Profile, Accounts & Beneficiaries","",""
"","151","Redeem Insurance - Valid","Personal Banking APIs - QA Test Suite","2026-10-08","failed","2026-10-08","Redeem Insurance","Insurance","",""
"","163","Total Supalock Amount - Valid","Personal Banking APIs - QA Test Suite","2026-10-08","passed","2026-10-08","Total Supalock Amount","Supalock Savings","",""
"","138","Block - Missing Required Field","Personal Banking APIs - QA Test Suite","2026-10-08","failed","2026-10-08","Block","Customer Cards","",""
"","177","Transactions Create Plan - Invalid Amount","Personal Banking APIs - QA Test Suite","2026-10-08","passed","2026-10-08","Transactions Create Plan","SWAG Savings","",""
"","145","Young Moni Documents Action Document - No Auth","Personal Banking APIs - QA Test Suite","2026-10-08","passed","2026-10-08","Young Moni Documents Action Document","KYC, Tier Upgrades & Young Moni","",""
"","130","Admin Admin Upgrade To Merchant - Invalid Token Or PIN","Personal Banking APIs - QA Test Suite","2026-10-08","failed","2026-10-08","Admin Admin Upgrade To Merchant","KYC, Tier Upgrades & Young Moni","",""
"","169","Create - Valid","Personal Banking APIs - QA Test Suite","2026-10-08","passed","2026-10-08","Create","Airtime, Data, Bills & VAS Beneficiaries","",""
"","161","Verify Phone Number - Valid","Personal Banking APIs - QA Test Suite","2026-10-08","failed","2026-10-08","Verify Phone Number","Login, Credentials, Security & Devices","",""
"","295","Transactions - Invalid Query","Personal Banking APIs - QA Test Suite","2026-10-08","failed","2026-10-08","Transactions","Target Savings","",""
"","133","Daily Income Summary - Invalid Query","Personal Banking APIs - QA Test Suite","2026-10-08","failed","2026-10-08","Daily Income Summary","Wallets, Transfers, Transactions & Fund Requests","",""
"","122","Daily Spending Summary - No Auth","Personal Banking APIs - QA Test Suite","2026-10-08","passed","2026-10-08","Daily Spending Summary","Wallets, Transfers, Transactions & Fund Requests","",""
"","160","Types - Invalid Status Or Type","Personal Banking APIs - QA Test Suite","2026-10-08","failed","2026-10-08","Types","Supalock Savings","",""
"","145","Games Get Rewards - Valid","Personal Banking APIs - QA Test Suite","2026-10-08","failed","2026-10-08","Games Get Rewards","Rewards, Cash Tokens & Wishlists","",""
"","152","Verify Alias Phone Number - Valid","Personal Banking APIs - QA Test Suite","2026-10-08","failed","2026-10-08","Verify Alias Phone Number","Customer Profile, Accounts & Beneficiaries","",""
"","127","Admin Coins Rules - Invalid ID","Personal Banking APIs - QA Test Suite","2026-10-08","failed","2026-10-08","Admin Coins Rules","Rewards, Cash Tokens & Wishlists","",""
"","254","Admin - Valid","Personal Banking APIs - QA Test Suite","2026-10-08","failed","2026-10-08","Admin","KYC, Tier Upgrades & Young Moni","",""
"","137","Create Wishlist - Empty Fields","Personal Banking APIs - QA Test Suite","2026-10-08","passed","2026-10-08","Create Wishlist","Rewards, Cash Tokens & Wishlists","",""
"","232","Reset Login Pin - Valid","Personal Banking APIs - QA Test Suite","2026-10-08","failed","2026-10-08","Reset Login Pin","Login, Credentials, Security & Devices","",""
"","266","Transfers Left - Valid","Personal Banking APIs - QA Test Suite","2026-10-08","passed","2026-10-08","Transfers Left","Wallets, Transfers, Transactions & Fund Requests","",""
"","119","Youngmoni Transfer - No Auth","Personal Banking APIs - QA Test Suite","2026-10-08","passed","2026-10-08","Youngmoni Transfer","Scheduled Payments","",""
"","151","Purchase Data - Valid","Personal Banking APIs - QA Test Suite","2026-10-08","failed","2026-10-08","Purchase Data","Airtime, Data, Bills & VAS Beneficiaries","",""
"","137","Admin Coins Redemption Rules - Empty Fields","Personal Banking APIs - QA Test Suite","2026-10-08","failed","2026-10-08","Admin Coins Redemption Rules","Rewards, Cash Tokens & Wishlists","",""
"","118","Wishlist Config Edit - No Auth","Personal Banking APIs - QA Test Suite","2026-10-08","failed","2026-10-08","Wishlist Config Edit","Rewards, Cash Tokens & Wishlists","",""
"","123","Toolkit Accounts - No Auth","Personal Banking APIs - QA Test Suite","2026-10-08","passed","2026-10-08","Toolkit Accounts","Customer Profile, Accounts & Beneficiaries","",""
"","138","Young Moni Initiate Account Without Identity - Empty Fields","Personal Banking APIs - QA Test Suite","2026-10-08","failed","2026-10-08","Young Moni Initiate Account Without Identity","Customer Profile, Accounts & Beneficiaries","",""
"","320","Data Plans - Valid","Personal Banking APIs - QA Test Suite","2026-10-08","failed","2026-10-08","Data Plans","Airtime, Data, Bills & VAS Beneficiaries","",""
"","148","Youngmoni Transfer - Invalid Token Or PIN","Personal Banking APIs - QA Test Suite","2026-10-08","passed","2026-10-08","Youngmoni Transfer","Scheduled Payments","",""
"","122","Retrieve - No Auth","Personal Banking APIs - QA Test Suite","2026-10-08","passed","2026-10-08","Retrieve","Wallets, Transfers, Transactions & Fund Requests","",""
"","130","Customer Submit - Missing Required Field","Personal Banking APIs - QA Test Suite","2026-10-08","passed","2026-10-08","Customer Submit","KYC, Tier Upgrades & Young Moni","",""
"","166","Intra Name Enquiry By Phone - Empty Fields","Personal Banking APIs - QA Test Suite","2026-10-08","failed","2026-10-08","Intra Name Enquiry By Phone","Wallets, Transfers, Transactions & Fund Requests","",""
"","132","Purchase Electricity - Empty Fields","Personal Banking APIs - QA Test Suite","2026-10-08","passed","2026-10-08","Purchase Electricity","Airtime, Data, Bills & VAS Beneficiaries","",""
"","129","Topup Supalock - Invalid Token Or PIN","Personal Banking APIs - QA Test Suite","2026-10-08","failed","2026-10-08","Topup Supalock","Supalock Savings","",""
"","126","Reward With Cashback - No Auth","Personal Banking APIs - QA Test Suite","2026-10-08","passed","2026-10-08","Reward With Cashback","Rewards, Cash Tokens & Wishlists","",""
"","128","Retrieve - Invalid ID","Personal Banking APIs - QA Test Suite","2026-10-08","passed","2026-10-08","Retrieve","Customer Cards","",""
"","159","Admin Coins Redemption Rules - Valid","Personal Banking APIs - QA Test Suite","2026-10-08","failed","2026-10-08","Admin Coins Redemption Rules","Rewards, Cash Tokens & Wishlists","",""
"","135","Webhook Cashtoken Webhook - Empty Fields","Personal Banking APIs - QA Test Suite","2026-10-08","failed","2026-10-08","Webhook Cashtoken Webhook","Rewards, Cash Tokens & Wishlists","",""
"","182","List - Valid","Personal Banking APIs - QA Test Suite","2026-10-08","failed","2026-10-08","List","Wallets, Transfers, Transactions & Fund Requests","",""
"","130","List - No Auth","Personal Banking APIs - QA Test Suite","2026-10-08","passed","2026-10-08","List","Wallets, Transfers, Transactions & Fund Requests","",""
"","175","Providers - Invalid ID","Personal Banking APIs - QA Test Suite","2026-10-08","passed","2026-10-08","Providers","Insurance","",""
"","119","Transactions Withdraw Principal - Empty Fields","Personal Banking APIs - QA Test Suite","2026-10-08","passed","2026-10-08","Transactions Withdraw Principal","SWAG Savings","",""
"","137","Complete Registration - Missing Required Field","Personal Banking APIs - QA Test Suite","2026-10-08","passed","2026-10-08","Complete Registration","Customer Onboarding","",""
"","130","Admin Admin Tier Zero Upgrade - Invalid Status Or Type","Personal Banking APIs - QA Test Suite","2026-10-08","failed","2026-10-08","Admin Admin Tier Zero Upgrade","KYC, Tier Upgrades & Young Moni","",""
"","163","Reward With Cashback - Valid","Personal Banking APIs - QA Test Suite","2026-10-08","failed","2026-10-08","Reward With Cashback","Rewards, Cash Tokens & Wishlists","",""
"","194","Request Alias Phone Verification - Missing Required Field","Personal Banking APIs - QA Test Suite","2026-10-08","passed","2026-10-08","Request Alias Phone Verification","Customer Profile, Accounts & Beneficiaries","",""
"","126","Login With Pin - Invalid Email","Personal Banking APIs - QA Test Suite","2026-10-08","passed","2026-10-08","Login With Pin","Login, Credentials, Security & Devices","",""
"","131","Add Item - Nonexistent ID","Personal Banking APIs - QA Test Suite","2026-10-08","passed","2026-10-08","Add Item","Rewards, Cash Tokens & Wishlists","",""
"","155","Verify Email OTP - Missing Required Field","Personal Banking APIs - QA Test Suite","2026-10-08","passed","2026-10-08","Verify Email OTP","Customer Onboarding","",""
"","271","Admin Coins Transactions - Valid","Personal Banking APIs - QA Test Suite","2026-10-08","failed","2026-10-08","Admin Coins Transactions","Rewards, Cash Tokens & Wishlists","",""
"","131","Young Moni Requests - Nonexistent ID","Personal Banking APIs - QA Test Suite","2026-10-08","failed","2026-10-08","Young Moni Requests","KYC, Tier Upgrades & Young Moni","",""
"","200","Channel Settings - Valid","Personal Banking APIs - QA Test Suite","2026-10-08","passed","2026-10-08","Channel Settings","Customer Cards","",""
"","132","Electricity - Invalid Token Or PIN","Personal Banking APIs - QA Test Suite","2026-10-08","passed","2026-10-08","Electricity","Scheduled Payments","",""
"","146","Wishlist Config Edit - Invalid ID","Personal Banking APIs - QA Test Suite","2026-10-08","failed","2026-10-08","Wishlist Config Edit","Rewards, Cash Tokens & Wishlists","",""
"","208","Wallet - Valid","Personal Banking APIs - QA Test Suite","2026-10-08","failed","2026-10-08","Wallet","Target Savings","",""
"","144","Create Supalock - Invalid Amount","Personal Banking APIs - QA Test Suite","2026-10-08","failed","2026-10-08","Create Supalock","Supalock Savings","",""
"","127","Transactions - Invalid Query","Personal Banking APIs - QA Test Suite","2026-10-08","failed","2026-10-08","Transactions","Save & Spend","",""
"","141","Retrieve - Invalid ID","Personal Banking APIs - QA Test Suite","2026-10-08","passed","2026-10-08","Retrieve","Airtime, Data, Bills & VAS Beneficiaries","",""
"","153","Create Password - Valid","Personal Banking APIs - QA Test Suite","2026-10-08","failed","2026-10-08","Create Password","Login, Credentials, Security & Devices","",""
"","151","Young Moni Documents Action Document - Nonexistent ID","Personal Banking APIs - QA Test Suite","2026-10-08","failed","2026-10-08","Young Moni Documents Action Document","KYC, Tier Upgrades & Young Moni","",""
"","263","Admin - Invalid ID","Personal Banking APIs - QA Test Suite","2026-10-08","failed","2026-10-08","Admin","KYC, Tier Upgrades & Young Moni","",""
"","196","Check Email / Phone Availability - Empty Fields","Personal Banking APIs - QA Test Suite","2026-10-08","failed","2026-10-08","Check Email / Phone Availability","Customer Onboarding","",""
"","140","Transactions - Invalid Query","Personal Banking APIs - QA Test Suite","2026-10-08","failed","2026-10-08","Transactions","Save & Spend","",""
"","146","Wallet - Invalid ID","Personal Banking APIs - QA Test Suite","2026-10-08","failed","2026-10-08","Wallet","SWAG Savings","",""
"","154","Admin Coins Rules - Nonexistent ID","Personal Banking APIs - QA Test Suite","2026-10-08","failed","2026-10-08","Admin Coins Rules","Rewards, Cash Tokens & Wishlists","",""
"","132","Restrict Accounts By BVN - No Auth","Personal Banking APIs - QA Test Suite","2026-10-08","passed","2026-10-08","Restrict Accounts By BVN","Customer Profile, Accounts & Beneficiaries","",""
"","137","Transfer - No Auth","Personal Banking APIs - QA Test Suite","2026-10-08","passed","2026-10-08","Transfer","Scheduled Payments","",""
"","162","Update Gender - Valid","Personal Banking APIs - QA Test Suite","2026-10-08","failed","2026-10-08","Update Gender","Login, Credentials, Security & Devices","",""
"","135","Partial - Invalid Amount","Personal Banking APIs - QA Test Suite","2026-10-08","passed","2026-10-08","Partial","Wallets, Transfers, Transactions & Fund Requests","",""
"","139","Partial - Empty Fields","Personal Banking APIs - QA Test Suite","2026-10-08","passed","2026-10-08","Partial","Wallets, Transfers, Transactions & Fund Requests","",""
"","148","Kyc Level Distribution - Invalid Query","Personal Banking APIs - QA Test Suite","2026-10-08","failed","2026-10-08","Kyc Level Distribution","Customer Profile, Accounts & Beneficiaries","",""
"","188","Young Moni Requests - Valid","Personal Banking APIs - QA Test Suite","2026-10-08","failed","2026-10-08","Young Moni Requests","KYC, Tier Upgrades & Young Moni","",""
"","117","Transactions - No Auth","Personal Banking APIs - QA Test Suite","2026-10-08","passed","2026-10-08","Transactions","Target Savings","",""
"","133","Create Insurance - Missing Required Field","Personal Banking APIs - QA Test Suite","2026-10-08","passed","2026-10-08","Create Insurance","Insurance","",""
"","128","Validate Meter - Missing Required Field","Personal Banking APIs - QA Test Suite","2026-10-08","failed","2026-10-08","Validate Meter","Airtime, Data, Bills & VAS Beneficiaries","",""
"","120","Transactions Break Wallet - No Auth","Personal Banking APIs - QA Test Suite","2026-10-08","failed","2026-10-08","Transactions Break Wallet","Save & Spend","",""
"","128","Admin Coins Redemption Rules - Invalid ID","Personal Banking APIs - QA Test Suite","2026-10-08","failed","2026-10-08","Admin Coins Redemption Rules","Rewards, Cash Tokens & Wishlists","",""
"","123","Disable - No Auth","Personal Banking APIs - QA Test Suite","2026-10-08","passed","2026-10-08","Disable","Wallets, Transfers, Transactions & Fund Requests","",""
"","140","Tier One Upgrade - Invalid Status Or Type","Personal Banking APIs - QA Test Suite","2026-10-08","passed","2026-10-08","Tier One Upgrade","KYC, Tier Upgrades & Young Moni","",""
"","409","Retrieve - Valid","Personal Banking APIs - QA Test Suite","2026-10-08","passed","2026-10-08","Retrieve","Customer Profile, Accounts & Beneficiaries","",""
"","124","Topup Supalock - Invalid ID","Personal Banking APIs - QA Test Suite","2026-10-08","failed","2026-10-08","Topup Supalock","Supalock Savings","",""
"","169","Admin Coins Redemption Rules - Missing Required Field","Personal Banking APIs - QA Test Suite","2026-10-08","failed","2026-10-08","Admin Coins Redemption Rules","Rewards, Cash Tokens & Wishlists","",""
"","122","Purchase Cable - Valid","Personal Banking APIs - QA Test Suite","2026-10-08","failed","2026-10-08","Purchase Cable","Airtime, Data, Bills & VAS Beneficiaries","",""
"","131","Requests - No Auth","Personal Banking APIs - QA Test Suite","2026-10-08","passed","2026-10-08","Requests","Customer Cards","",""
"","127","Airtime - Missing Required Field","Personal Banking APIs - QA Test Suite","2026-10-08","passed","2026-10-08","Airtime","Scheduled Payments","",""
"","145","Reject Bulk Fund Request - Empty Fields","Personal Banking APIs - QA Test Suite","2026-10-08","failed","2026-10-08","Reject Bulk Fund Request","Wallets, Transfers, Transactions & Fund Requests","",""
"","141","Webhook Cashtoken Webhook - Invalid Amount","Personal Banking APIs - QA Test Suite","2026-10-08","failed","2026-10-08","Webhook Cashtoken Webhook","Rewards, Cash Tokens & Wishlists","",""
"","145","Update Daily Transfer Limit - Invalid Token Or PIN","Personal Banking APIs - QA Test Suite","2026-10-08","passed","2026-10-08","Update Daily Transfer Limit","Customer Profile, Accounts & Beneficiaries","",""
"","125","Wallet - Nonexistent ID","Personal Banking APIs - QA Test Suite","2026-10-08","failed","2026-10-08","Wallet","Target Savings","",""
"","124","Retrieve - No Auth","Personal Banking APIs - QA Test Suite","2026-10-08","passed","2026-10-08","Retrieve","Customer Cards","",""
"","137","Admin Admin Tier One Upgrade - Missing Required Field","Personal Banking APIs - QA Test Suite","2026-10-08","failed","2026-10-08","Admin Admin Tier One Upgrade","KYC, Tier Upgrades & Young Moni","",""
"","135","Tier Zero Upgrade - Empty Fields","Personal Banking APIs - QA Test Suite","2026-10-08","passed","2026-10-08","Tier Zero Upgrade","KYC, Tier Upgrades & Young Moni","",""
"","133","Setup Liveness Image - No Auth","Personal Banking APIs - QA Test Suite","2026-10-08","failed","2026-10-08","Setup Liveness Image","Login, Credentials, Security & Devices","",""
"","169","Update Request Recipients - Valid","Personal Banking APIs - QA Test Suite","2026-10-08","failed","2026-10-08","Update Request Recipients","Wallets, Transfers, Transactions & Fund Requests","",""
"","142","Validate Jamb Profile - No Auth","Personal Banking APIs - QA Test Suite","2026-10-08","passed","2026-10-08","Validate Jamb Profile","Airtime, Data, Bills & VAS Beneficiaries","",""
"","122","Intra Name Enquiry - No Auth","Personal Banking APIs - QA Test Suite","2026-10-08","passed","2026-10-08","Intra Name Enquiry","Wallets, Transfers, Transactions & Fund Requests","",""
"","155","List - Valid","Personal Banking APIs - QA Test Suite","2026-10-08","failed","2026-10-08","List","Kolo Connect Advances","",""
"","162","Games Card Match - Valid","Personal Banking APIs - QA Test Suite","2026-10-08","failed","2026-10-08","Games Card Match","Rewards, Cash Tokens & Wishlists","",""
"","124","Inter Transfer - Empty Fields","Personal Banking APIs - QA Test Suite","2026-10-08","passed","2026-10-08","Inter Transfer","Wallets, Transfers, Transactions & Fund Requests","",""
"","165","Wallet - Nonexistent ID","Personal Banking APIs - QA Test Suite","2026-10-08","failed","2026-10-08","Wallet","Save & Spend","",""
"","195","Transactions - Valid","Personal Banking APIs - QA Test Suite","2026-10-08","passed","2026-10-08","Transactions","Save & Spend","",""
"","162","Retrieve - Valid","Personal Banking APIs - QA Test Suite","2026-10-08","failed","2026-10-08","Retrieve","Insurance","",""
"","119","Redeem Coins - Empty Fields","Personal Banking APIs - QA Test Suite","2026-10-08","passed","2026-10-08","Redeem Coins","Rewards, Cash Tokens & Wishlists","",""
"","122","Transactions Create Wallet Product Specific - Invalid Status Or Type","Personal Banking APIs - QA Test Suite","2026-10-08","passed","2026-10-08","Transactions Create Wallet Product Specific","Target Savings","",""
"","134","Create Password - Invalid Token Or PIN","Personal Banking APIs - QA Test Suite","2026-10-08","passed","2026-10-08","Create Password","Login, Credentials, Security & Devices","",""
"","209","Data Plans - Nonexistent ID","Personal Banking APIs - QA Test Suite","2026-10-08","failed","2026-10-08","Data Plans","Airtime, Data, Bills & VAS Beneficiaries","",""
"","153","Admin Update Documents - No Auth","Personal Banking APIs - QA Test Suite","2026-10-08","passed","2026-10-08","Admin Update Documents","KYC, Tier Upgrades & Young Moni","",""
"","140","Intra Transfer - Missing Required Field","Personal Banking APIs - QA Test Suite","2026-10-08","passed","2026-10-08","Intra Transfer","Wallets, Transfers, Transactions & Fund Requests","",""
"","152","Kyc Level Distribution - No Auth","Personal Banking APIs - QA Test Suite","2026-10-08","passed","2026-10-08","Kyc Level Distribution","Customer Profile, Accounts & Beneficiaries","",""
"","133","Update Single Transfer Limit - Missing Required Field","Personal Banking APIs - QA Test Suite","2026-10-08","passed","2026-10-08","Update Single Transfer Limit","Customer Profile, Accounts & Beneficiaries","",""
"","133","Toolkit Accounts - Invalid ID","Personal Banking APIs - QA Test Suite","2026-10-08","failed","2026-10-08","Toolkit Accounts","Customer Profile, Accounts & Beneficiaries","",""
"","316","Reset Transaction Pin - No Auth","Personal Banking APIs - QA Test Suite","2026-10-08","passed","2026-10-08","Reset Transaction Pin","Login, Credentials, Security & Devices","",""
"","128","Verify Reset Token - Invalid Status Or Type","Personal Banking APIs - QA Test Suite","2026-10-08","passed","2026-10-08","Verify Reset Token","Login, Credentials, Security & Devices","",""
"","135","Verify Device Changed - Empty Fields","Personal Banking APIs - QA Test Suite","2026-10-08","passed","2026-10-08","Verify Device Changed","Login, Credentials, Security & Devices","",""
"","138","Create - Missing Required Field","Personal Banking APIs - QA Test Suite","2026-10-08","failed","2026-10-08","Create","Airtime, Data, Bills & VAS Beneficiaries","",""
"","160","Create - Valid","Personal Banking APIs - QA Test Suite","2026-10-08","failed","2026-10-08","Create","Wallets, Transfers, Transactions & Fund Requests","",""
"","161","Update Documents - Valid","Personal Banking APIs - QA Test Suite","2026-10-08","failed","2026-10-08","Update Documents","KYC, Tier Upgrades & Young Moni","",""
"","138","Transaction - No Auth","Personal Banking APIs - QA Test Suite","2026-10-08","passed","2026-10-08","Transaction","Airtime, Data, Bills & VAS Beneficiaries","",""
"","159","Games Get Rewards - No Auth","Personal Banking APIs - QA Test Suite","2026-10-08","passed","2026-10-08","Games Get Rewards","Rewards, Cash Tokens & Wishlists","",""
"","137","Admin Coins Rules - Empty Fields","Personal Banking APIs - QA Test Suite","2026-10-08","failed","2026-10-08","Admin Coins Rules","Rewards, Cash Tokens & Wishlists","",""
"","141","Wallet Total Balance - Invalid Query","Personal Banking APIs - QA Test Suite","2026-10-08","failed","2026-10-08","Wallet Total Balance","Save & Spend","",""
"","156","Eligibility - Valid","Personal Banking APIs - QA Test Suite","2026-10-08","failed","2026-10-08","Eligibility","Kolo Connect Advances","",""
"","173","Terms Terms And Rewards - Valid","Personal Banking APIs - QA Test Suite","2026-10-08","passed","2026-10-08","Terms Terms And Rewards","Rewards, Cash Tokens & Wishlists","",""
"","263","Retrieve - Valid","Personal Banking APIs - QA Test Suite","2026-10-08","failed","2026-10-08","Retrieve","Rewards, Cash Tokens & Wishlists","",""
"","127","Youngmoni Transfer - Invalid Amount","Personal Banking APIs - QA Test Suite","2026-10-08","passed","2026-10-08","Youngmoni Transfer","Scheduled Payments","",""
"","144","Initiate Reset Login Pin - Valid","Personal Banking APIs - QA Test Suite","2026-10-08","failed","2026-10-08","Initiate Reset Login Pin","Login, Credentials, Security & Devices","",""
"","158","Young Moni Documents - Valid","Personal Banking APIs - QA Test Suite","2026-10-08","failed","2026-10-08","Young Moni Documents","KYC, Tier Upgrades & Young Moni","",""
"","137","Terms - Invalid Query","Personal Banking APIs - QA Test Suite","2026-10-08","failed","2026-10-08","Terms","Rewards, Cash Tokens & Wishlists","",""
"","131","Total Supalock Amount - No Auth","Personal Banking APIs - QA Test Suite","2026-10-08","passed","2026-10-08","Total Supalock Amount","Supalock Savings","",""
"","131","Admin Devices Reactivate - No Auth","Personal Banking APIs - QA Test Suite","2026-10-08","failed","2026-10-08","Admin Devices Reactivate","Login, Credentials, Security & Devices","",""
"","130","Admin Admin Submit - Missing Required Field","Personal Banking APIs - QA Test Suite","2026-10-08","failed","2026-10-08","Admin Admin Submit","KYC, Tier Upgrades & Young Moni","",""
"","129","Retry Payment Schedule - Missing Required Field","Personal Banking APIs - QA Test Suite","2026-10-08","passed","2026-10-08","Retry Payment Schedule","Scheduled Payments","",""
"","162","Admin Coins Redemption Rules - Invalid Status Or Type","Personal Banking APIs - QA Test Suite","2026-10-08","failed","2026-10-08","Admin Coins Redemption Rules","Rewards, Cash Tokens & Wishlists","",""
"","160","Repayment Plan - Nonexistent ID","Personal Banking APIs - QA Test Suite","2026-10-08","failed","2026-10-08","Repayment Plan","Kolo Connect Advances","",""
"","146","Update Single Transfer Limit - Empty Fields","Personal Banking APIs - QA Test Suite","2026-10-08","failed","2026-10-08","Update Single Transfer Limit","Customer Profile, Accounts & Beneficiaries","",""
"","123","Reward With Airtime - No Auth","Personal Banking APIs - QA Test Suite","2026-10-08","passed","2026-10-08","Reward With Airtime","Rewards, Cash Tokens & Wishlists","",""
"","127","Inter Name Enquiry - No Auth","Personal Banking APIs - QA Test Suite","2026-10-08","passed","2026-10-08","Inter Name Enquiry","Wallets, Transfers, Transactions & Fund Requests","",""
"","144","Withdraw Cashback - Missing Required Field","Personal Banking APIs - QA Test Suite","2026-10-08","failed","2026-10-08","Withdraw Cashback","Wallets, Transfers, Transactions & Fund Requests","",""
"","156","Pay Schedule Early - Missing Required Field","Personal Banking APIs - QA Test Suite","2026-10-08","passed","2026-10-08","Pay Schedule Early","Scheduled Payments","",""
"","136","Admin Coins Redemption Rules - Nonexistent ID","Personal Banking APIs - QA Test Suite","2026-10-08","failed","2026-10-08","Admin Coins Redemption Rules","Rewards, Cash Tokens & Wishlists","",""
"","139","Wallet Download Target Statement - Empty Fields","Personal Banking APIs - QA Test Suite","2026-10-08","failed","2026-10-08","Wallet Download Target Statement","Target Savings","",""
"","161","Create Her Wealth - No Auth","Personal Banking APIs - QA Test Suite","2026-10-08","passed","2026-10-08","Create Her Wealth","Customer Profile, Accounts & Beneficiaries","",""
"","121","Young Moni Upload Guardian Documents - Missing Required Field","Personal Banking APIs - QA Test Suite","2026-10-08","failed","2026-10-08","Young Moni Upload Guardian Documents","Customer Profile, Accounts & Beneficiaries","",""
"","130","Data - Empty Fields","Personal Banking APIs - QA Test Suite","2026-10-08","passed","2026-10-08","Data","Scheduled Payments","",""
"","142","Document Delete - Valid","Personal Banking APIs - QA Test Suite","2026-10-08","failed","2026-10-08","Document Delete","KYC, Tier Upgrades & Young Moni","",""
"","140","Create Supalock - Valid","Personal Banking APIs - QA Test Suite","2026-10-08","failed","2026-10-08","Create Supalock","Supalock Savings","",""
"","128","Transactions Update Swag Monthly Rollover - Invalid Token Or PIN","Personal Banking APIs - QA Test Suite","2026-10-08","failed","2026-10-08","Transactions Update Swag Monthly Rollover","SWAG Savings","",""
"","134","Create - Empty Fields","Personal Banking APIs - QA Test Suite","2026-10-08","failed","2026-10-08","Create","Airtime, Data, Bills & VAS Beneficiaries","",""
"","139","Requests - No Auth","Personal Banking APIs - QA Test Suite","2026-10-08","passed","2026-10-08","Requests","Customer Cards","",""
"","134","Enable - Invalid ID","Personal Banking APIs - QA Test Suite","2026-10-08","failed","2026-10-08","Enable","Wallets, Transfers, Transactions & Fund Requests","",""
"","124","Update Location - Valid","Personal Banking APIs - QA Test Suite","2026-10-08","failed","2026-10-08","Update Location","Login, Credentials, Security & Devices","",""
"","131","Find Account Banks - Missing Required Field","Personal Banking APIs - QA Test Suite","2026-10-08","passed","2026-10-08","Find Account Banks","Customer Profile, Accounts & Beneficiaries","",""
"","151","Transactions Evaluate Target - Invalid Amount","Personal Banking APIs - QA Test Suite","2026-10-08","passed","2026-10-08","Transactions Evaluate Target","Target Savings","",""
"","143","Reset Password - Missing Required Field","Personal Banking APIs - QA Test Suite","2026-10-08","passed","2026-10-08","Reset Password","Login, Credentials, Security & Devices","",""
"","125","Purchase Waec - Invalid Amount","Personal Banking APIs - QA Test Suite","2026-10-08","passed","2026-10-08","Purchase Waec","Airtime, Data, Bills & VAS Beneficiaries","",""
"","131","Partial - Nonexistent ID","Personal Banking APIs - QA Test Suite","2026-10-08","failed","2026-10-08","Partial","Wallets, Transfers, Transactions & Fund Requests","",""
"","138","Requests - Invalid Query","Personal Banking APIs - QA Test Suite","2026-10-08","failed","2026-10-08","Requests","Customer Cards","",""
"","129","Games Get Rewards - Invalid Query","Personal Banking APIs - QA Test Suite","2026-10-08","passed","2026-10-08","Games Get Rewards","Rewards, Cash Tokens & Wishlists","",""
"","119","List - No Auth","Personal Banking APIs - QA Test Suite","2026-10-08","passed","2026-10-08","List","Airtime, Data, Bills & VAS Beneficiaries","",""
"","133","Wallet - Invalid Query","Personal Banking APIs - QA Test Suite","2026-10-08","failed","2026-10-08","Wallet","Save & Spend","",""
"","125","Wallet - Invalid ID","Personal Banking APIs - QA Test Suite","2026-10-08","failed","2026-10-08","Wallet","Save & Spend","",""
"","137","Young Moni Documents - Invalid ID","Personal Banking APIs - QA Test Suite","2026-10-08","failed","2026-10-08","Young Moni Documents","KYC, Tier Upgrades & Young Moni","",""
"","119","Admin Coins Redemption Rules - No Auth","Personal Banking APIs - QA Test Suite","2026-10-08","passed","2026-10-08","Admin Coins Redemption Rules","Rewards, Cash Tokens & Wishlists","",""
"","168","Transactions - Nonexistent ID","Personal Banking APIs - QA Test Suite","2026-10-08","failed","2026-10-08","Transactions","SWAG Savings","",""
"","136","Transactions Break Target - No Auth","Personal Banking APIs - QA Test Suite","2026-10-08","failed","2026-10-08","Transactions Break Target","Target Savings","",""
"","262","Account Officer Change Request - Valid","Personal Banking APIs - QA Test Suite","2026-10-08","passed","2026-10-08","Account Officer Change Request","Customer Profile, Accounts & Beneficiaries","",""
"","212","Borrow - Valid","Personal Banking APIs - QA Test Suite","2026-10-08","failed","2026-10-08","Borrow","Kolo Connect Advances","",""
"","121","Transactions Create Wallet - Invalid Amount","Personal Banking APIs - QA Test Suite","2026-10-08","passed","2026-10-08","Transactions Create Wallet","Target Savings","",""
"","166","Borrow - Empty Fields","Personal Banking APIs - QA Test Suite","2026-10-08","failed","2026-10-08","Borrow","Kolo Connect Advances","",""
"","141","Verify BVN (Choose BVN or NIN) - Missing Required Field","Personal Banking APIs - QA Test Suite","2026-10-08","passed","2026-10-08","Verify BVN (Choose BVN or NIN)","Customer Onboarding","",""
"","123","Update Location - No Auth","Personal Banking APIs - QA Test Suite","2026-10-08","failed","2026-10-08","Update Location","Login, Credentials, Security & Devices","",""
"","247","Admin Games Sessions - No Auth","Personal Banking APIs - QA Test Suite","2026-10-08","passed","2026-10-08","Admin Games Sessions","Rewards, Cash Tokens & Wishlists","",""
"","128","Electricity - Missing Required Field","Personal Banking APIs - QA Test Suite","2026-10-08","passed","2026-10-08","Electricity","Scheduled Payments","",""
"","156","Requests - Valid","Personal Banking APIs - QA Test Suite","2026-10-08","failed","2026-10-08","Requests","Customer Cards","",""
"","135","Wallet Download Target Statement - Invalid Status Or Type","Personal Banking APIs - QA Test Suite","2026-10-08","failed","2026-10-08","Wallet Download Target Statement","Target Savings","",""
"","132","Activate - Nonexistent ID","Personal Banking APIs - QA Test Suite","2026-10-08","passed","2026-10-08","Activate","Customer Cards","",""
"","122","Transactions Create Plan - Missing Required Field","Personal Banking APIs - QA Test Suite","2026-10-08","passed","2026-10-08","Transactions Create Plan","SWAG Savings","",""
"","129","Update Daily Transfer Limit - Missing Required Field","Personal Banking APIs - QA Test Suite","2026-10-08","passed","2026-10-08","Update Daily Transfer Limit","Customer Profile, Accounts & Beneficiaries","",""
"","152","Account Officer Rate Officer - Valid","Personal Banking APIs - QA Test Suite","2026-10-08","failed","2026-10-08","Account Officer Rate Officer","Customer Profile, Accounts & Beneficiaries","",""
"","121","Young Moni Documents - No Auth","Personal Banking APIs - QA Test Suite","2026-10-08","passed","2026-10-08","Young Moni Documents","KYC, Tier Upgrades & Young Moni","",""
"","136","List - No Auth","Personal Banking APIs - QA Test Suite","2026-10-08","passed","2026-10-08","List","Airtime, Data, Bills & VAS Beneficiaries","",""
"","143","Reject Single Bulk Recipient - Missing Required Field","Personal Banking APIs - QA Test Suite","2026-10-08","failed","2026-10-08","Reject Single Bulk Recipient","Wallets, Transfers, Transactions & Fund Requests","",""
"","125","Single Fund Request - Missing Required Field","Personal Banking APIs - QA Test Suite","2026-10-08","passed","2026-10-08","Single Fund Request","Wallets, Transfers, Transactions & Fund Requests","",""
"","123","Young Moni Upload Guardian Documents - Invalid Status Or Type","Personal Banking APIs - QA Test Suite","2026-10-08","failed","2026-10-08","Young Moni Upload Guardian Documents","Customer Profile, Accounts & Beneficiaries","",""
"","185","Create Her Wealth - Missing Required Field","Personal Banking APIs - QA Test Suite","2026-10-08","passed","2026-10-08","Create Her Wealth","Customer Profile, Accounts & Beneficiaries","",""
"","130","Admin Admin Upgrade To Merchant - Empty Fields","Personal Banking APIs - QA Test Suite","2026-10-08","failed","2026-10-08","Admin Admin Upgrade To Merchant","KYC, Tier Upgrades & Young Moni","",""
"","158","Create - Empty Fields","Personal Banking APIs - QA Test Suite","2026-10-08","passed","2026-10-08","Create","Customer Profile, Accounts & Beneficiaries","",""
"","161","Purchase Waec - Missing Required Field","Personal Banking APIs - QA Test Suite","2026-10-08","passed","2026-10-08","Purchase Waec","Airtime, Data, Bills & VAS Beneficiaries","",""
"","125","Admin Coins Rules - Invalid Status Or Type","Personal Banking APIs - QA Test Suite","2026-10-08","failed","2026-10-08","Admin Coins Rules","Rewards, Cash Tokens & Wishlists","",""
"","141","Partial - Invalid Amount","Personal Banking APIs - QA Test Suite","2026-10-08","failed","2026-10-08","Partial","Customer Profile, Accounts & Beneficiaries","",""
"","126","Retrieve - Nonexistent ID","Personal Banking APIs - QA Test Suite","2026-10-08","passed","2026-10-08","Retrieve","Insurance","",""
"","125","Create Transaction Pin - Empty Fields","Personal Banking APIs - QA Test Suite","2026-10-08","failed","2026-10-08","Create Transaction Pin","Login, Credentials, Security & Devices","",""
"","135","Upload Bulk Fund Request - Invalid Status Or Type","Personal Banking APIs - QA Test Suite","2026-10-08","passed","2026-10-08","Upload Bulk Fund Request","Wallets, Transfers, Transactions & Fund Requests","",""
"","134","Retrieve - Nonexistent ID","Personal Banking APIs - QA Test Suite","2026-10-08","failed","2026-10-08","Retrieve","Wallets, Transfers, Transactions & Fund Requests","",""
"","132","Transaction - Invalid ID","Personal Banking APIs - QA Test Suite","2026-10-08","failed","2026-10-08","Transaction","Airtime, Data, Bills & VAS Beneficiaries","",""
"","147","List - Invalid Query","Personal Banking APIs - QA Test Suite","2026-10-08","failed","2026-10-08","List","Airtime, Data, Bills & VAS Beneficiaries","",""
"","155","Admin Admin Tier Two Upgrade - Valid","Personal Banking APIs - QA Test Suite","2026-10-08","failed","2026-10-08","Admin Admin Tier Two Upgrade","KYC, Tier Upgrades & Young Moni","",""
"","165","Update Identity - No Auth","Personal Banking APIs - QA Test Suite","2026-10-08","passed","2026-10-08","Update Identity","KYC, Tier Upgrades & Young Moni","",""
"","159","Transactions - Valid","Personal Banking APIs - QA Test Suite","2026-10-08","failed","2026-10-08","Transactions","Supalock Savings","",""
"","136","Tier Progress - Valid","Personal Banking APIs - QA Test Suite","2026-10-08","failed","2026-10-08","Tier Progress","Rewards, Cash Tokens & Wishlists","",""
"","144","Transactions Evaluate Break - Missing Required Field","Personal Banking APIs - QA Test Suite","2026-10-08","passed","2026-10-08","Transactions Evaluate Break","Target Savings","",""
"","177","Providers - Valid","Personal Banking APIs - QA Test Suite","2026-10-08","failed","2026-10-08","Providers","Insurance","",""
"","143","Reset Transaction Pin - Invalid Token Or PIN","Personal Banking APIs - QA Test Suite","2026-10-08","passed","2026-10-08","Reset Transaction Pin","Login, Credentials, Security & Devices","",""
"","243","Admin Games Rewards - Invalid Query","Personal Banking APIs - QA Test Suite","2026-10-08","failed","2026-10-08","Admin Games Rewards","Rewards, Cash Tokens & Wishlists","",""
"","133","Validate Meter - Invalid Status Or Type","Personal Banking APIs - QA Test Suite","2026-10-08","failed","2026-10-08","Validate Meter","Airtime, Data, Bills & VAS Beneficiaries","",""
"","173","Activate - Invalid Token Or PIN","Personal Banking APIs - QA Test Suite","2026-10-08","failed","2026-10-08","Activate","Customer Cards","",""
"","121","Transactions Withdraw Interest - Empty Fields","Personal Banking APIs - QA Test Suite","2026-10-08","passed","2026-10-08","Transactions Withdraw Interest","SWAG Savings","",""
"","123","Transactions Create Wallet Product Specific - Valid","Personal Banking APIs - QA Test Suite","2026-10-08","failed","2026-10-08","Transactions Create Wallet Product Specific","Target Savings","",""
"","123","Reward With Cashback - Invalid Amount","Personal Banking APIs - QA Test Suite","2026-10-08","failed","2026-10-08","Reward With Cashback","Rewards, Cash Tokens & Wishlists","",""
"","140","List - Valid","Personal Banking APIs - QA Test Suite","2026-10-08","failed","2026-10-08","List","Wallets, Transfers, Transactions & Fund Requests","",""
"","225","Admin Games - No Auth","Personal Banking APIs - QA Test Suite","2026-10-08","passed","2026-10-08","Admin Games","Rewards, Cash Tokens & Wishlists","",""
"","123","Create - Invalid Status Or Type","Personal Banking APIs - QA Test Suite","2026-10-08","passed","2026-10-08","Create","Airtime, Data, Bills & VAS Beneficiaries","",""
"","143","Document Delete - Nonexistent ID","Personal Banking APIs - QA Test Suite","2026-10-08","failed","2026-10-08","Document Delete","KYC, Tier Upgrades & Young Moni","",""
"","132","List Documents - Invalid ID","Personal Banking APIs - QA Test Suite","2026-10-08","passed","2026-10-08","List Documents","KYC, Tier Upgrades & Young Moni","",""
"","146","Admin Coins Rules - Invalid Amount","Personal Banking APIs - QA Test Suite","2026-10-08","failed","2026-10-08","Admin Coins Rules","Rewards, Cash Tokens & Wishlists","",""
"","132","Document Update Status - Empty Fields","Personal Banking APIs - QA Test Suite","2026-10-08","failed","2026-10-08","Document Update Status","KYC, Tier Upgrades & Young Moni","",""
"","125","Purchase Epin - No Auth","Personal Banking APIs - QA Test Suite","2026-10-08","failed","2026-10-08","Purchase Epin","Airtime, Data, Bills & VAS Beneficiaries","",""
"","197","Update Communication Preference - Nonexistent ID","Personal Banking APIs - QA Test Suite","2026-10-08","passed","2026-10-08","Update Communication Preference","Customer Profile, Accounts & Beneficiaries","",""
"","139","Block - Invalid Token Or PIN","Personal Banking APIs - QA Test Suite","2026-10-08","failed","2026-10-08","Block","Customer Cards","",""
"","129","High Value Transactions - Invalid Query","Personal Banking APIs - QA Test Suite","2026-10-08","failed","2026-10-08","High Value Transactions","Wallets, Transfers, Transactions & Fund Requests","",""
"","159","Validate Liveness (When Required) - Valid","Personal Banking APIs - QA Test Suite","2026-10-08","failed","2026-10-08","Validate Liveness (When Required)","Customer Onboarding","",""
"","121","Young Moni Requests Request Stats - No Auth","Personal Banking APIs - QA Test Suite","2026-10-08","passed","2026-10-08","Young Moni Requests Request Stats","KYC, Tier Upgrades & Young Moni","",""
"","281","Admin Coins Transactions - Invalid Query","Personal Banking APIs - QA Test Suite","2026-10-08","failed","2026-10-08","Admin Coins Transactions","Rewards, Cash Tokens & Wishlists","",""
"","147","Retrieve - Invalid Query","Personal Banking APIs - QA Test Suite","2026-10-08","failed","2026-10-08","Retrieve","Airtime, Data, Bills & VAS Beneficiaries","",""
"","132","Validate Smart Card - Invalid Status Or Type","Personal Banking APIs - QA Test Suite","2026-10-08","failed","2026-10-08","Validate Smart Card","Airtime, Data, Bills & VAS Beneficiaries","",""
"","132","Retrieve - Nonexistent ID","Personal Banking APIs - QA Test Suite","2026-10-08","failed","2026-10-08","Retrieve","Wallets, Transfers, Transactions & Fund Requests","",""
"","129","List - Invalid Query","Personal Banking APIs - QA Test Suite","2026-10-08","failed","2026-10-08","List","Kolo Connect Advances","",""
"","146","Request Phone Verification - No Auth","Personal Banking APIs - QA Test Suite","2026-10-08","passed","2026-10-08","Request Phone Verification","Login, Credentials, Security & Devices","",""
"","130","Transactions Withdraw Interest - No Auth","Personal Banking APIs - QA Test Suite","2026-10-08","failed","2026-10-08","Transactions Withdraw Interest","SWAG Savings","",""
"","136","Request Phone Verification - Empty Fields","Personal Banking APIs - QA Test Suite","2026-10-08","failed","2026-10-08","Request Phone Verification","Login, Credentials, Security & Devices","",""
"","142","Young Moni Requests Complete Review - No Auth","Personal Banking APIs - QA Test Suite","2026-10-08","passed","2026-10-08","Young Moni Requests Complete Review","KYC, Tier Upgrades & Young Moni","",""
"","124","Account Officer Change Request - No Auth","Personal Banking APIs - QA Test Suite","2026-10-08","passed","2026-10-08","Account Officer Change Request","Customer Profile, Accounts & Beneficiaries","",""
"","129","Transactions Evaluate Target - Invalid Status Or Type","Personal Banking APIs - QA Test Suite","2026-10-08","passed","2026-10-08","Transactions Evaluate Target","Target Savings","",""
"","131","Youngmoni Transfer - Empty Fields","Personal Banking APIs - QA Test Suite","2026-10-08","passed","2026-10-08","Youngmoni Transfer","Scheduled Payments","",""
"","153","Destroy - Invalid ID","Personal Banking APIs - QA Test Suite","2026-10-08","passed","2026-10-08","Destroy","Customer Profile, Accounts & Beneficiaries","",""
"","126","Games Spin Wheel - No Auth","Personal Banking APIs - QA Test Suite","2026-10-08","passed","2026-10-08","Games Spin Wheel","Rewards, Cash Tokens & Wishlists","",""
"","148","Wishlist Config - Valid","Personal Banking APIs - QA Test Suite","2026-10-08","failed","2026-10-08","Wishlist Config","Rewards, Cash Tokens & Wishlists","",""
"","134","Details - No Auth","Personal Banking APIs - QA Test Suite","2026-10-08","passed","2026-10-08","Details","Customer Profile, Accounts & Beneficiaries","",""
"","158","Validate Face Match - Missing Required Field","Personal Banking APIs - QA Test Suite","2026-10-08","passed","2026-10-08","Validate Face Match","Login, Credentials, Security & Devices","",""
"","133","Purchase Data - Invalid Token Or PIN","Personal Banking APIs - QA Test Suite","2026-10-08","passed","2026-10-08","Purchase Data","Airtime, Data, Bills & VAS Beneficiaries","",""
"","126","Transfer - Invalid Status Or Type","Personal Banking APIs - QA Test Suite","2026-10-08","passed","2026-10-08","Transfer","Scheduled Payments","",""
"","133","Transactions Deposit - Invalid Amount","Personal Banking APIs - QA Test Suite","2026-10-08","passed","2026-10-08","Transactions Deposit","SWAG Savings","",""
"","130","Tier Progress - Invalid Query","Personal Banking APIs - QA Test Suite","2026-10-08","passed","2026-10-08","Tier Progress","Rewards, Cash Tokens & Wishlists","",""
"","120","Transactions Evaluate Break - No Auth","Personal Banking APIs - QA Test Suite","2026-10-08","passed","2026-10-08","Transactions Evaluate Break","Target Savings","",""
"","121","Purchase Data - No Auth","Personal Banking APIs - QA Test Suite","2026-10-08","failed","2026-10-08","Purchase Data","Airtime, Data, Bills & VAS Beneficiaries","",""
"","138","Wallet - Valid","Personal Banking APIs - QA Test Suite","2026-10-08","failed","2026-10-08","Wallet","Target Savings","",""
"","143","Create Her Wealth - Empty Fields","Personal Banking APIs - QA Test Suite","2026-10-08","passed","2026-10-08","Create Her Wealth","Customer Profile, Accounts & Beneficiaries","",""
"","139","Get Item Edit - Valid","Personal Banking APIs - QA Test Suite","2026-10-08","failed","2026-10-08","Get Item Edit","Rewards, Cash Tokens & Wishlists","",""
"","147","Disable - Valid","Personal Banking APIs - QA Test Suite","2026-10-08","failed","2026-10-08","Disable","Wallets, Transfers, Transactions & Fund Requests","",""
"","125","Games Eligibility Requirements - Invalid Query","Personal Banking APIs - QA Test Suite","2026-10-08","passed","2026-10-08","Games Eligibility Requirements","Rewards, Cash Tokens & Wishlists","",""
"","121","Transactions Create Wallet - Invalid Status Or Type","Personal Banking APIs - QA Test Suite","2026-10-08","passed","2026-10-08","Transactions Create Wallet","Target Savings","",""
"","205","Terms - Valid","Personal Banking APIs - QA Test Suite","2026-10-08","passed","2026-10-08","Terms","Rewards, Cash Tokens & Wishlists","",""
"","129","Create Wishlist With Items - Invalid Amount","Personal Banking APIs - QA Test Suite","2026-10-08","passed","2026-10-08","Create Wishlist With Items","Rewards, Cash Tokens & Wishlists","",""
"","138","Unblock - Valid","Personal Banking APIs - QA Test Suite","2026-10-08","failed","2026-10-08","Unblock","Customer Cards","",""
"","132","Renew Insurance - Missing Required Field","Personal Banking APIs - QA Test Suite","2026-10-08","passed","2026-10-08","Renew Insurance","Insurance","",""
"","180","List - Invalid Query","Personal Banking APIs - QA Test Suite","2026-10-08","failed","2026-10-08","List","Airtime, Data, Bills & VAS Beneficiaries","",""
"","136","Payment Merchant - Empty Fields","Personal Banking APIs - QA Test Suite","2026-10-08","failed","2026-10-08","Payment Merchant","Customer Cards","",""
"","146","Initiate Reset Transaction Pin - No Auth","Personal Banking APIs - QA Test Suite","2026-10-08","passed","2026-10-08","Initiate Reset Transaction Pin","Login, Credentials, Security & Devices","",""
"","142","Notify Of Missed Inward - Empty Fields","Personal Banking APIs - QA Test Suite","2026-10-08","failed","2026-10-08","Notify Of Missed Inward","Wallets, Transfers, Transactions & Fund Requests","",""
"","124","Admin Games Rewards - Valid","Personal Banking APIs - QA Test Suite","2026-10-08","failed","2026-10-08","Admin Games Rewards","Rewards, Cash Tokens & Wishlists","",""
"","159","Tier Progress - No Auth","Personal Banking APIs - QA Test Suite","2026-10-08","passed","2026-10-08","Tier Progress","Rewards, Cash Tokens & Wishlists","",""
"","128","Update Identity - Missing Required Field","Personal Banking APIs - QA Test Suite","2026-10-08","passed","2026-10-08","Update Identity","KYC, Tier Upgrades & Young Moni","",""
"","134","Withdraw Supalock - Valid","Personal Banking APIs - QA Test Suite","2026-10-08","failed","2026-10-08","Withdraw Supalock","Supalock Savings","",""
"","129","Webhook Cashtoken Webhook - Missing Required Field","Personal Banking APIs - QA Test Suite","2026-10-08","failed","2026-10-08","Webhook Cashtoken Webhook","Rewards, Cash Tokens & Wishlists","",""
"","168","Topup Supalock - Nonexistent ID","Personal Banking APIs - QA Test Suite","2026-10-08","failed","2026-10-08","Topup Supalock","Supalock Savings","",""
"","138","Validate Smart Card - No Auth","Personal Banking APIs - QA Test Suite","2026-10-08","passed","2026-10-08","Validate Smart Card","Airtime, Data, Bills & VAS Beneficiaries","",""
"","131","Admin Update Documents - Missing Required Field","Personal Banking APIs - QA Test Suite","2026-10-08","passed","2026-10-08","Admin Update Documents","KYC, Tier Upgrades & Young Moni","",""
"","127","Requests Get Delivery Cost - Missing Required Field","Personal Banking APIs - QA Test Suite","2026-10-08","passed","2026-10-08","Requests Get Delivery Cost","Customer Cards","",""
"","144","Verify Token - Invalid Status Or Type","Personal Banking APIs - QA Test Suite","2026-10-08","passed","2026-10-08","Verify Token","Login, Credentials, Security & Devices","",""
"","305","Admin Coins Rules Stats - Valid","Personal Banking APIs - QA Test Suite","2026-10-08","failed","2026-10-08","Admin Coins Rules Stats","Rewards, Cash Tokens & Wishlists","",""
"","229","Leaderboard - Valid","Personal Banking APIs - QA Test Suite","2026-10-08","passed","2026-10-08","Leaderboard","Customer Profile, Accounts & Beneficiaries","",""
"","129","Disable - Invalid Amount","Personal Banking APIs - QA Test Suite","2026-10-08","failed","2026-10-08","Disable","Wallets, Transfers, Transactions & Fund Requests","",""
"","121","List - No Auth","Personal Banking APIs - QA Test Suite","2026-10-08","passed","2026-10-08","List","Customer Profile, Accounts & Beneficiaries","",""
"","268","Admin Games - Invalid Query","Personal Banking APIs - QA Test Suite","2026-10-08","failed","2026-10-08","Admin Games","Rewards, Cash Tokens & Wishlists","",""
"","148","Channel Settings - Invalid Token Or PIN","Personal Banking APIs - QA Test Suite","2026-10-08","failed","2026-10-08","Channel Settings","Customer Cards","",""
"","160","Toolkit Accounts - Nonexistent ID","Personal Banking APIs - QA Test Suite","2026-10-08","failed","2026-10-08","Toolkit Accounts","Customer Profile, Accounts & Beneficiaries","",""
"","142","Young Moni Initiate Account Request - Invalid Email","Personal Banking APIs - QA Test Suite","2026-10-08","passed","2026-10-08","Young Moni Initiate Account Request","Customer Profile, Accounts & Beneficiaries","",""
"","230","Admin Coins Redemption Rules - Invalid ID","Personal Banking APIs - QA Test Suite","2026-10-08","failed","2026-10-08","Admin Coins Redemption Rules","Rewards, Cash Tokens & Wishlists","",""
"","129","Inter Transfer - Valid","Personal Banking APIs - QA Test Suite","2026-10-08","failed","2026-10-08","Inter Transfer","Wallets, Transfers, Transactions & Fund Requests","",""
"","135","Terms Terms And Rewards - Invalid Query","Personal Banking APIs - QA Test Suite","2026-10-08","failed","2026-10-08","Terms Terms And Rewards","Rewards, Cash Tokens & Wishlists","",""
"","265","Admin Games - No Auth","Personal Banking APIs - QA Test Suite","2026-10-08","passed","2026-10-08","Admin Games","Rewards, Cash Tokens & Wishlists","",""
"","181","Transactions Evaluate Target - Valid","Personal Banking APIs - QA Test Suite","2026-10-08","failed","2026-10-08","Transactions Evaluate Target","Target Savings","",""
"","120","Electricity - Empty Fields","Personal Banking APIs - QA Test Suite","2026-10-08","passed","2026-10-08","Electricity","Scheduled Payments","",""
"","131","Repay - Empty Fields","Personal Banking APIs - QA Test Suite","2026-10-08","failed","2026-10-08","Repay","Kolo Connect Advances","",""
"","172","Tier One Upgrade With BVN - Valid","Personal Banking APIs - QA Test Suite","2026-10-08","failed","2026-10-08","Tier One Upgrade With BVN","KYC, Tier Upgrades & Young Moni","",""
"","133","Verify Device Changed - Invalid Token Or PIN","Personal Banking APIs - QA Test Suite","2026-10-08","passed","2026-10-08","Verify Device Changed","Login, Credentials, Security & Devices","",""
"","148","Kyc Level Count - Invalid Query","Personal Banking APIs - QA Test Suite","2026-10-08","failed","2026-10-08","Kyc Level Count","Customer Profile, Accounts & Beneficiaries","",""
"","160","Transactions Update Swag Monthly Rollover - Valid","Personal Banking APIs - QA Test Suite","2026-10-08","failed","2026-10-08","Transactions Update Swag Monthly Rollover","SWAG Savings","",""
"","120","Add Item - No Auth","Personal Banking APIs - QA Test Suite","2026-10-08","passed","2026-10-08","Add Item","Rewards, Cash Tokens & Wishlists","",""
"","152","Admin Upload Documents - Empty Fields","Personal Banking APIs - QA Test Suite","2026-10-08","passed","2026-10-08","Admin Upload Documents","KYC, Tier Upgrades & Young Moni","",""
"","128","Document Update Status - Nonexistent ID","Personal Banking APIs - QA Test Suite","2026-10-08","failed","2026-10-08","Document Update Status","KYC, Tier Upgrades & Young Moni","",""
"","127","Tenors - Invalid Query","Personal Banking APIs - QA Test Suite","2026-10-08","failed","2026-10-08","Tenors","Kolo Connect Advances","",""
"","136","Inflow Outflow Analytics - No Auth","Personal Banking APIs - QA Test Suite","2026-10-08","passed","2026-10-08","Inflow Outflow Analytics","Wallets, Transfers, Transactions & Fund Requests","",""
"","140","Admin Coins Rules - Invalid Status Or Type","Personal Banking APIs - QA Test Suite","2026-10-08","failed","2026-10-08","Admin Coins Rules","Rewards, Cash Tokens & Wishlists","",""
"","179","Set Password & Create Pending User - Missing Required Field","Personal Banking APIs - QA Test Suite","2026-10-08","passed","2026-10-08","Set Password & Create Pending User","Customer Onboarding","",""
"","131","Initiate Email Update - Invalid Email","Personal Banking APIs - QA Test Suite","2026-10-08","passed","2026-10-08","Initiate Email Update","KYC, Tier Upgrades & Young Moni","",""
"","126","Wishlist Config Edit - Nonexistent ID","Personal Banking APIs - QA Test Suite","2026-10-08","failed","2026-10-08","Wishlist Config Edit","Rewards, Cash Tokens & Wishlists","",""
"","185","Proposed Contributor - Valid","Personal Banking APIs - QA Test Suite","2026-10-08","failed","2026-10-08","Proposed Contributor","Rewards, Cash Tokens & Wishlists","",""
"","148","Withdraw - Missing Required Field","Personal Banking APIs - QA Test Suite","2026-10-08","failed","2026-10-08","Withdraw","Rewards, Cash Tokens & Wishlists","",""
"","120","Repay - No Auth","Personal Banking APIs - QA Test Suite","2026-10-08","passed","2026-10-08","Repay","Kolo Connect Advances","",""
"","128","Retrieve - Invalid ID","Personal Banking APIs - QA Test Suite","2026-10-08","passed","2026-10-08","Retrieve","Scheduled Payments","",""
"","131","Update Location - Empty Fields","Personal Banking APIs - QA Test Suite","2026-10-08","failed","2026-10-08","Update Location","Login, Credentials, Security & Devices","",""
"","138","Validate Smart Card - Empty Fields","Personal Banking APIs - QA Test Suite","2026-10-08","failed","2026-10-08","Validate Smart Card","Airtime, Data, Bills & VAS Beneficiaries","",""
"","152","Admin Coins Rules - Nonexistent ID","Personal Banking APIs - QA Test Suite","2026-10-08","failed","2026-10-08","Admin Coins Rules","Rewards, Cash Tokens & Wishlists","",""
"","240","Admin Coins Rules - Invalid ID","Personal Banking APIs - QA Test Suite","2026-10-08","failed","2026-10-08","Admin Coins Rules","Rewards, Cash Tokens & Wishlists","",""
"","157","Update Communication Preference - Missing Required Field","Personal Banking APIs - QA Test Suite","2026-10-08","passed","2026-10-08","Update Communication Preference","Customer Profile, Accounts & Beneficiaries","",""
"","126","Overview - No Auth","Personal Banking APIs - QA Test Suite","2026-10-08","passed","2026-10-08","Overview","Rewards, Cash Tokens & Wishlists","",""
"","176","Retrieve - Valid","Personal Banking APIs - QA Test Suite","2026-10-08","failed","2026-10-08","Retrieve","Supalock Savings","",""
"","147","Purchase Electricity - Valid","Personal Banking APIs - QA Test Suite","2026-10-08","failed","2026-10-08","Purchase Electricity","Airtime, Data, Bills & VAS Beneficiaries","",""
"","128","Transactions Update Swag Plan - Invalid Status Or Type","Personal Banking APIs - QA Test Suite","2026-10-08","passed","2026-10-08","Transactions Update Swag Plan","SWAG Savings","",""
"","176","Withdraw Cashback - Valid","Personal Banking APIs - QA Test Suite","2026-10-08","failed","2026-10-08","Withdraw Cashback","Wallets, Transfers, Transactions & Fund Requests","",""
"","122","Transactions - No Auth","Personal Banking APIs - QA Test Suite","2026-10-08","passed","2026-10-08","Transactions","Wallets, Transfers, Transactions & Fund Requests","",""
"","145","Find Account Banks - Empty Fields","Personal Banking APIs - QA Test Suite","2026-10-08","passed","2026-10-08","Find Account Banks","Customer Profile, Accounts & Beneficiaries","",""
"","126","Purchase Electricity - Missing Required Field","Personal Banking APIs - QA Test Suite","2026-10-08","passed","2026-10-08","Purchase Electricity","Airtime, Data, Bills & VAS Beneficiaries","",""
"","130","Admin Games Rewards - Invalid ID","Personal Banking APIs - QA Test Suite","2026-10-08","failed","2026-10-08","Admin Games Rewards","Rewards, Cash Tokens & Wishlists","",""
"","167","Continue With Email - Missing Required Field","Personal Banking APIs - QA Test Suite","2026-10-08","passed","2026-10-08","Continue With Email","Customer Onboarding","",""
"","133","Dismiss Action - Invalid Status Or Type","Personal Banking APIs - QA Test Suite","2026-10-08","failed","2026-10-08","Dismiss Action","KYC, Tier Upgrades & Young Moni","",""
"","123","Create Transaction Pin - Invalid Token Or PIN","Personal Banking APIs - QA Test Suite","2026-10-08","failed","2026-10-08","Create Transaction Pin","Login, Credentials, Security & Devices","",""
"","135","Create - Missing Required Field","Personal Banking APIs - QA Test Suite","2026-10-08","failed","2026-10-08","Create","Wallets, Transfers, Transactions & Fund Requests","",""
"","124","Cancel Schedule Payment - No Auth","Personal Banking APIs - QA Test Suite","2026-10-08","passed","2026-10-08","Cancel Schedule Payment","Scheduled Payments","",""
"","163","Create Password - Missing Required Field","Personal Banking APIs - QA Test Suite","2026-10-08","passed","2026-10-08","Create Password","Login, Credentials, Security & Devices","",""
"","150","Transactions Break Target - Missing Required Field","Personal Banking APIs - QA Test Suite","2026-10-08","passed","2026-10-08","Transactions Break Target","Target Savings","",""
"","134","Add Item - Invalid Status Or Type","Personal Banking APIs - QA Test Suite","2026-10-08","failed","2026-10-08","Add Item","Rewards, Cash Tokens & Wishlists","",""
"","216","Encrypt Login - Empty Fields","Personal Banking APIs - QA Test Suite","2026-10-08","failed","2026-10-08","Encrypt Login","Login, Credentials, Security & Devices","",""
"","134","Young Moni Upload Child Documents - Invalid ID","Personal Banking APIs - QA Test Suite","2026-10-08","passed","2026-10-08","Young Moni Upload Child Documents","Customer Profile, Accounts & Beneficiaries","",""
"","124","Wallet - Invalid Query","Personal Banking APIs - QA Test Suite","2026-10-08","failed","2026-10-08","Wallet","SWAG Savings","",""
"","127","Upload Bulk Fund Request - Empty Fields","Personal Banking APIs - QA Test Suite","2026-10-08","passed","2026-10-08","Upload Bulk Fund Request","Wallets, Transfers, Transactions & Fund Requests","",""
"","141","Get Electricity Billers - Invalid Query","Personal Banking APIs - QA Test Suite","2026-10-08","failed","2026-10-08","Get Electricity Billers","Airtime, Data, Bills & VAS Beneficiaries","",""
"","144","Create - Empty Fields","Personal Banking APIs - QA Test Suite","2026-10-08","passed","2026-10-08","Create","Wallets, Transfers, Transactions & Fund Requests","",""
"","158","Young Moni Initiate Account Request - Valid","Personal Banking APIs - QA Test Suite","2026-10-08","failed","2026-10-08","Young Moni Initiate Account Request","Customer Profile, Accounts & Beneficiaries","",""
"","158","Redeem Insurance - Invalid Status Or Type","Personal Banking APIs - QA Test Suite","2026-10-08","passed","2026-10-08","Redeem Insurance","Insurance","",""
"","135","Recipients - Nonexistent ID","Personal Banking APIs - QA Test Suite","2026-10-08","failed","2026-10-08","Recipients","Wallets, Transfers, Transactions & Fund Requests","",""
"","142","Verify Email Update - Empty Fields","Personal Banking APIs - QA Test Suite","2026-10-08","passed","2026-10-08","Verify Email Update","KYC, Tier Upgrades & Young Moni","",""
"","124","Single Fund Request - Invalid Token Or PIN","Personal Banking APIs - QA Test Suite","2026-10-08","passed","2026-10-08","Single Fund Request","Wallets, Transfers, Transactions & Fund Requests","",""
"","135","Channel Settings - Valid","Personal Banking APIs - QA Test Suite","2026-10-08","failed","2026-10-08","Channel Settings","Customer Cards","",""
"","123","Get Item Edit - Missing Required Field","Personal Banking APIs - QA Test Suite","2026-10-08","failed","2026-10-08","Get Item Edit","Rewards, Cash Tokens & Wishlists","",""
"","166","List - Invalid Query","Personal Banking APIs - QA Test Suite","2026-10-08","failed","2026-10-08","List","Supalock Savings","",""
"","200","Coin Redemption Rules - Valid","Personal Banking APIs - QA Test Suite","2026-10-08","failed","2026-10-08","Coin Redemption Rules","Rewards, Cash Tokens & Wishlists","",""
"","136","Remaining Limit Today - Invalid Query","Personal Banking APIs - QA Test Suite","2026-10-08","failed","2026-10-08","Remaining Limit Today","Wallets, Transfers, Transactions & Fund Requests","",""
"","155","Verify Email OTP - Invalid Email","Personal Banking APIs - QA Test Suite","2026-10-08","passed","2026-10-08","Verify Email OTP","Customer Onboarding","",""
"","273","Admin Games Rewards - Invalid ID","Personal Banking APIs - QA Test Suite","2026-10-08","failed","2026-10-08","Admin Games Rewards","Rewards, Cash Tokens & Wishlists","",""
"","121","Young Moni Initiate Account Request - No Auth","Personal Banking APIs - QA Test Suite","2026-10-08","passed","2026-10-08","Young Moni Initiate Account Request","Customer Profile, Accounts & Beneficiaries","",""
"","143","Young Moni Validate Details Without Identity - Empty Fields","Personal Banking APIs - QA Test Suite","2026-10-08","failed","2026-10-08","Young Moni Validate Details Without Identity","Customer Profile, Accounts & Beneficiaries","",""
"","120","Wallet Download Swag Statement - No Auth","Personal Banking APIs - QA Test Suite","2026-10-08","passed","2026-10-08","Wallet Download Swag Statement","SWAG Savings","",""
"","132","List - No Auth","Personal Banking APIs - QA Test Suite","2026-10-08","passed","2026-10-08","List","Kolo Connect Advances","",""
"","137","Customer Submit - Empty Fields","Personal Banking APIs - QA Test Suite","2026-10-08","passed","2026-10-08","Customer Submit","KYC, Tier Upgrades & Young Moni","",""
"","163","Retrieve - Invalid ID","Personal Banking APIs - QA Test Suite","2026-10-08","failed","2026-10-08","Retrieve","Wallets, Transfers, Transactions & Fund Requests","",""
"","157","Account Officer Change Request - Invalid Query","Personal Banking APIs - QA Test Suite","2026-10-08","failed","2026-10-08","Account Officer Change Request","Customer Profile, Accounts & Beneficiaries","",""
"","158","Retrieve - Invalid Query","Personal Banking APIs - QA Test Suite","2026-10-08","failed","2026-10-08","Retrieve","Wallets, Transfers, Transactions & Fund Requests","",""
"","149","Admin Coins Redemption Rules - Valid","Personal Banking APIs - QA Test Suite","2026-10-08","failed","2026-10-08","Admin Coins Redemption Rules","Rewards, Cash Tokens & Wishlists","",""
"","138","Tier Two Upgrade - Missing Required Field","Personal Banking APIs - QA Test Suite","2026-10-08","passed","2026-10-08","Tier Two Upgrade","KYC, Tier Upgrades & Young Moni","",""
"","122","Get Item Edit - Invalid Amount","Personal Banking APIs - QA Test Suite","2026-10-08","failed","2026-10-08","Get Item Edit","Rewards, Cash Tokens & Wishlists","",""
"","151","Games Spin Wheel - Valid","Personal Banking APIs - QA Test Suite","2026-10-08","failed","2026-10-08","Games Spin Wheel","Rewards, Cash Tokens & Wishlists","",""
"","135","Games Scratch Card - Invalid Query","Personal Banking APIs - QA Test Suite","2026-10-08","passed","2026-10-08","Games Scratch Card","Rewards, Cash Tokens & Wishlists","",""
"","164","Cancel Schedule Payment - Empty Fields","Personal Banking APIs - QA Test Suite","2026-10-08","passed","2026-10-08","Cancel Schedule Payment","Scheduled Payments","",""
"","204","Continue With Email - Valid","Personal Banking APIs - QA Test Suite","2026-10-08","failed","2026-10-08","Continue With Email","Customer Onboarding","",""
"","157","Purchase Electricity - No Auth","Personal Banking APIs - QA Test Suite","2026-10-08","failed","2026-10-08","Purchase Electricity","Airtime, Data, Bills & VAS Beneficiaries","",""
"","147","Reset Login Pin - Invalid Token Or PIN","Personal Banking APIs - QA Test Suite","2026-10-08","passed","2026-10-08","Reset Login Pin","Login, Credentials, Security & Devices","",""
"","130","Borrow - Missing Required Field","Personal Banking APIs - QA Test Suite","2026-10-08","failed","2026-10-08","Borrow","Kolo Connect Advances","",""
"","149","Approve Single Bulk Recipient - Invalid Token Or PIN","Personal Banking APIs - QA Test Suite","2026-10-08","failed","2026-10-08","Approve Single Bulk Recipient","Wallets, Transfers, Transactions & Fund Requests","",""
"","118","Create - No Auth","Personal Banking APIs - QA Test Suite","2026-10-08","passed","2026-10-08","Create","Airtime, Data, Bills & VAS Beneficiaries","",""
"","132","Coin Redemption Rules - Invalid Query","Personal Banking APIs - QA Test Suite","2026-10-08","passed","2026-10-08","Coin Redemption Rules","Rewards, Cash Tokens & Wishlists","",""
"","119","Create Wishlist - No Auth","Personal Banking APIs - QA Test Suite","2026-10-08","passed","2026-10-08","Create Wishlist","Rewards, Cash Tokens & Wishlists","",""
"","130","Account Officer Request Change - Empty Fields","Personal Banking APIs - QA Test Suite","2026-10-08","passed","2026-10-08","Account Officer Request Change","Customer Profile, Accounts & Beneficiaries","",""
"","178","Admin Admin Upgrade To Merchant - Valid","Personal Banking APIs - QA Test Suite","2026-10-08","failed","2026-10-08","Admin Admin Upgrade To Merchant","KYC, Tier Upgrades & Young Moni","",""
"","140","Renew Insurance - Valid","Personal Banking APIs - QA Test Suite","2026-10-08","failed","2026-10-08","Renew Insurance","Insurance","",""
"","145","Verify Token - Empty Fields","Personal Banking APIs - QA Test Suite","2026-10-08","passed","2026-10-08","Verify Token","Login, Credentials, Security & Devices","",""
"","137","Login - Missing Required Field","Personal Banking APIs - QA Test Suite","2026-10-08","passed","2026-10-08","Login","Login, Credentials, Security & Devices","",""
"","120","Transactions - No Auth","Personal Banking APIs - QA Test Suite","2026-10-08","passed","2026-10-08","Transactions","Target Savings","",""
"","122","Purchase Electricity - Invalid Token Or PIN","Personal Banking APIs - QA Test Suite","2026-10-08","passed","2026-10-08","Purchase Electricity","Airtime, Data, Bills & VAS Beneficiaries","",""
"","232","Admin Games - Invalid ID","Personal Banking APIs - QA Test Suite","2026-10-08","failed","2026-10-08","Admin Games","Rewards, Cash Tokens & Wishlists","",""
"","136","Retrieve - Nonexistent ID","Personal Banking APIs - QA Test Suite","2026-10-08","failed","2026-10-08","Retrieve","Airtime, Data, Bills & VAS Beneficiaries","",""
"","187","Update Location - Invalid ID","Personal Banking APIs - QA Test Suite","2026-10-08","failed","2026-10-08","Update Location","Login, Credentials, Security & Devices","",""
"","126","Transfer - Empty Fields","Personal Banking APIs - QA Test Suite","2026-10-08","passed","2026-10-08","Transfer","Scheduled Payments","",""
"","174","Admin Coins Rules - Valid","Personal Banking APIs - QA Test Suite","2026-10-08","failed","2026-10-08","Admin Coins Rules","Rewards, Cash Tokens & Wishlists","",""
"","136","Young Moni Documents - Nonexistent ID","Personal Banking APIs - QA Test Suite","2026-10-08","failed","2026-10-08","Young Moni Documents","KYC, Tier Upgrades & Young Moni","",""
"","138","Transfer - Missing Required Field","Personal Banking APIs - QA Test Suite","2026-10-08","passed","2026-10-08","Transfer","Scheduled Payments","",""
"","180","Payment Merchant - Valid","Personal Banking APIs - QA Test Suite","2026-10-08","failed","2026-10-08","Payment Merchant","Customer Cards","",""
"","138","Validate Face Match - No Auth","Personal Banking APIs - QA Test Suite","2026-10-08","failed","2026-10-08","Validate Face Match","Login, Credentials, Security & Devices","",""
"","126","Upload Bulk Fund Request - Invalid Token Or PIN","Personal Banking APIs - QA Test Suite","2026-10-08","passed","2026-10-08","Upload Bulk Fund Request","Wallets, Transfers, Transactions & Fund Requests","",""
"","136","Admin Admin Tier Two Upgrade - Missing Required Field","Personal Banking APIs - QA Test Suite","2026-10-08","failed","2026-10-08","Admin Admin Tier Two Upgrade","KYC, Tier Upgrades & Young Moni","",""
"","119","Data Plans - No Auth","Personal Banking APIs - QA Test Suite","2026-10-08","passed","2026-10-08","Data Plans","Airtime, Data, Bills & VAS Beneficiaries","",""
"","199","Account Officer Request Change - Valid","Personal Banking APIs - QA Test Suite","2026-10-08","failed","2026-10-08","Account Officer Request Change","Customer Profile, Accounts & Beneficiaries","",""
"","126","Create Insurance - Invalid Token Or PIN","Personal Banking APIs - QA Test Suite","2026-10-08","passed","2026-10-08","Create Insurance","Insurance","",""
"","347","Her Wealth Details - Invalid ID","Personal Banking APIs - QA Test Suite","2026-10-08","passed","2026-10-08","Her Wealth Details","Customer Profile, Accounts & Beneficiaries","",""
"","130","Transactions - Invalid ID","Personal Banking APIs - QA Test Suite","2026-10-08","failed","2026-10-08","Transactions","SWAG Savings","",""
"","139","Purchase Data - Empty Fields","Personal Banking APIs - QA Test Suite","2026-10-08","passed","2026-10-08","Purchase Data","Airtime, Data, Bills & VAS Beneficiaries","",""
"","156","Toolkit Accounts - Valid","Personal Banking APIs - QA Test Suite","2026-10-08","failed","2026-10-08","Toolkit Accounts","Customer Profile, Accounts & Beneficiaries","",""
"","132","Admin Coins Redemption Rules - Empty Fields","Personal Banking APIs - QA Test Suite","2026-10-08","failed","2026-10-08","Admin Coins Redemption Rules","Rewards, Cash Tokens & Wishlists","",""
"","169","Update Daily Transfer Limit - Valid","Personal Banking APIs - QA Test Suite","2026-10-08","failed","2026-10-08","Update Daily Transfer Limit","Customer Profile, Accounts & Beneficiaries","",""
"","127","Wallet Interest Balance - Invalid ID","Personal Banking APIs - QA Test Suite","2026-10-08","failed","2026-10-08","Wallet Interest Balance","Save & Spend","",""
"","183","Toolkit Accounts - Invalid Query","Personal Banking APIs - QA Test Suite","2026-10-08","failed","2026-10-08","Toolkit Accounts","Customer Profile, Accounts & Beneficiaries","",""
"","128","Validate Betting Id - Missing Required Field","Personal Banking APIs - QA Test Suite","2026-10-08","passed","2026-10-08","Validate Betting Id","Airtime, Data, Bills & VAS Beneficiaries","",""
"","139","Recipients - Invalid Query","Personal Banking APIs - QA Test Suite","2026-10-08","failed","2026-10-08","Recipients","Wallets, Transfers, Transactions & Fund Requests","",""
"","166","Admin Upload Documents - Missing Required Field","Personal Banking APIs - QA Test Suite","2026-10-08","passed","2026-10-08","Admin Upload Documents","KYC, Tier Upgrades & Young Moni","",""
"","209","Encrypt Login - Invalid Token Or PIN","Personal Banking APIs - QA Test Suite","2026-10-08","failed","2026-10-08","Encrypt Login","Login, Credentials, Security & Devices","",""
"","248","Admin Coins Rules - No Auth","Personal Banking APIs - QA Test Suite","2026-10-08","passed","2026-10-08","Admin Coins Rules","Rewards, Cash Tokens & Wishlists","",""
"","306","Data Plans - Invalid Query","Personal Banking APIs - QA Test Suite","2026-10-08","passed","2026-10-08","Data Plans","Airtime, Data, Bills & VAS Beneficiaries","",""
"","1031","List - Invalid Query","Personal Banking APIs - QA Test Suite","2026-10-08","failed","2026-10-08","List","Customer Profile, Accounts & Beneficiaries","",""
"","145","Wallet Interest Balance - Valid","Personal Banking APIs - QA Test Suite","2026-10-08","failed","2026-10-08","Wallet Interest Balance","Save & Spend","",""
"","132","Withdraw Cashback - Nonexistent ID","Personal Banking APIs - QA Test Suite","2026-10-08","failed","2026-10-08","Withdraw Cashback","Wallets, Transfers, Transactions & Fund Requests","",""
"","143","Transactions Withdraw Principal - Invalid Token Or PIN","Personal Banking APIs - QA Test Suite","2026-10-08","passed","2026-10-08","Transactions Withdraw Principal","SWAG Savings","",""
"","179","Purchase Electricity - Invalid Amount","Personal Banking APIs - QA Test Suite","2026-10-08","passed","2026-10-08","Purchase Electricity","Airtime, Data, Bills & VAS Beneficiaries","",""
"","126","Approve Bulk Fund Request - No Auth","Personal Banking APIs - QA Test Suite","2026-10-08","passed","2026-10-08","Approve Bulk Fund Request","Wallets, Transfers, Transactions & Fund Requests","",""
"","134","Transactions Create Wallet - No Auth","Personal Banking APIs - QA Test Suite","2026-10-08","failed","2026-10-08","Transactions Create Wallet","Save & Spend","",""
"","135","List - Invalid Query","Personal Banking APIs - QA Test Suite","2026-10-08","failed","2026-10-08","List","Customer Cards","",""
"","137","Tier Zero Upgrade - Invalid Status Or Type","Personal Banking APIs - QA Test Suite","2026-10-08","passed","2026-10-08","Tier Zero Upgrade","KYC, Tier Upgrades & Young Moni","",""
"","129","Purchase Jamb - Empty Fields","Personal Banking APIs - QA Test Suite","2026-10-08","passed","2026-10-08","Purchase Jamb","Airtime, Data, Bills & VAS Beneficiaries","",""
"","141","Request Account Reactivation - Missing Required Field","Personal Banking APIs - QA Test Suite","2026-10-08","passed","2026-10-08","Request Account Reactivation","KYC, Tier Upgrades & Young Moni","",""
"","147","Item - No Auth","Personal Banking APIs - QA Test Suite","2026-10-08","passed","2026-10-08","Item","Rewards, Cash Tokens & Wishlists","",""
"","152","Get Transaction Overview - Valid","Personal Banking APIs - QA Test Suite","2026-10-08","failed","2026-10-08","Get Transaction Overview","Wallets, Transfers, Transactions & Fund Requests","",""
"","134","Tier Zero Upgrade - No Auth","Personal Banking APIs - QA Test Suite","2026-10-08","passed","2026-10-08","Tier Zero Upgrade","KYC, Tier Upgrades & Young Moni","",""
"","124","Document Update Status - No Auth","Personal Banking APIs - QA Test Suite","2026-10-08","passed","2026-10-08","Document Update Status","KYC, Tier Upgrades & Young Moni","",""
"","141","Update - No Auth","Personal Banking APIs - QA Test Suite","2026-10-08","passed","2026-10-08","Update","Scheduled Payments","",""
"","140","Intra Name Enquiry - Empty Fields","Personal Banking APIs - QA Test Suite","2026-10-08","passed","2026-10-08","Intra Name Enquiry","Wallets, Transfers, Transactions & Fund Requests","",""
"","133","Games Card Match - Empty Fields","Personal Banking APIs - QA Test Suite","2026-10-08","passed","2026-10-08","Games Card Match","Rewards, Cash Tokens & Wishlists","",""
"","123","Initiate Reset Transaction Pin - Valid","Personal Banking APIs - QA Test Suite","2026-10-08","failed","2026-10-08","Initiate Reset Transaction Pin","Login, Credentials, Security & Devices","",""
"","157","List - Valid","Personal Banking APIs - QA Test Suite","2026-10-08","failed","2026-10-08","List","Airtime, Data, Bills & VAS Beneficiaries","",""
"","148","Admin Complete Upgrade Request - Invalid ID","Personal Banking APIs - QA Test Suite","2026-10-08","failed","2026-10-08","Admin Complete Upgrade Request","KYC, Tier Upgrades & Young Moni","",""
"","135","Admin Coins Rules - Missing Required Field","Personal Banking APIs - QA Test Suite","2026-10-08","failed","2026-10-08","Admin Coins Rules","Rewards, Cash Tokens & Wishlists","",""
"","131","Young Moni Initiate Account Request - Invalid Status Or Type","Personal Banking APIs - QA Test Suite","2026-10-08","passed","2026-10-08","Young Moni Initiate Account Request","Customer Profile, Accounts & Beneficiaries","",""
"","139","Login With Pin - Valid","Personal Banking APIs - QA Test Suite","2026-10-08","failed","2026-10-08","Login With Pin","Login, Credentials, Security & Devices","",""
"","125","Retrieve - No Auth","Personal Banking APIs - QA Test Suite","2026-10-08","passed","2026-10-08","Retrieve","Wallets, Transfers, Transactions & Fund Requests","",""
"","119","Wallet - No Auth","Personal Banking APIs - QA Test Suite","2026-10-08","passed","2026-10-08","Wallet","SWAG Savings","",""
"","157","Terms - Valid","Personal Banking APIs - QA Test Suite","2026-10-08","failed","2026-10-08","Terms","Rewards, Cash Tokens & Wishlists","",""
"","135","Admin Update Documents - Invalid Status Or Type","Personal Banking APIs - QA Test Suite","2026-10-08","passed","2026-10-08","Admin Update Documents","KYC, Tier Upgrades & Young Moni","",""
"","131","Transactions Evaluate Break - Empty Fields","Personal Banking APIs - QA Test Suite","2026-10-08","passed","2026-10-08","Transactions Evaluate Break","Target Savings","",""
"","141","Approve Bulk Fund Request - Missing Required Field","Personal Banking APIs - QA Test Suite","2026-10-08","failed","2026-10-08","Approve Bulk Fund Request","Wallets, Transfers, Transactions & Fund Requests","",""
"","132","Daily Spending Summary - Invalid Query","Personal Banking APIs - QA Test Suite","2026-10-08","failed","2026-10-08","Daily Spending Summary","Wallets, Transfers, Transactions & Fund Requests","",""
"","1609","Check Email / Phone Availability - Valid","Personal Banking APIs - QA Test Suite","2026-10-08","failed","2026-10-08","Check Email / Phone Availability","Customer Onboarding","",""
"","151","Reject Single Bulk Recipient - Valid","Personal Banking APIs - QA Test Suite","2026-10-08","failed","2026-10-08","Reject Single Bulk Recipient","Wallets, Transfers, Transactions & Fund Requests","",""
"","148","Transactions Withdraw Interest - Invalid Token Or PIN","Personal Banking APIs - QA Test Suite","2026-10-08","passed","2026-10-08","Transactions Withdraw Interest","SWAG Savings","",""
"","155","Transactions - Valid","Personal Banking APIs - QA Test Suite","2026-10-08","failed","2026-10-08","Transactions","Save & Spend","",""
"","117","Retrieve - No Auth","Personal Banking APIs - QA Test Suite","2026-10-08","passed","2026-10-08","Retrieve","Airtime, Data, Bills & VAS Beneficiaries","",""
"","374","Get Cable Plans - Nonexistent ID","Personal Banking APIs - QA Test Suite","2026-10-08","failed","2026-10-08","Get Cable Plans","Airtime, Data, Bills & VAS Beneficiaries","",""
"","135","Export Fund Recipients - Empty Fields","Personal Banking APIs - QA Test Suite","2026-10-08","failed","2026-10-08","Export Fund Recipients","Wallets, Transfers, Transactions & Fund Requests","",""
"","123","Get Item Edit - Invalid ID","Personal Banking APIs - QA Test Suite","2026-10-08","failed","2026-10-08","Get Item Edit","Rewards, Cash Tokens & Wishlists","",""
"","147","Wallet - Invalid Query","Personal Banking APIs - QA Test Suite","2026-10-08","failed","2026-10-08","Wallet","Target Savings","",""
"","134","Get Item Edit - Invalid Status Or Type","Personal Banking APIs - QA Test Suite","2026-10-08","failed","2026-10-08","Get Item Edit","Rewards, Cash Tokens & Wishlists","",""
"","161","Retry Payment Schedule - No Auth","Personal Banking APIs - QA Test Suite","2026-10-08","passed","2026-10-08","Retry Payment Schedule","Scheduled Payments","",""
"","135","Purchase Airtime - Invalid Amount","Personal Banking APIs - QA Test Suite","2026-10-08","passed","2026-10-08","Purchase Airtime","Airtime, Data, Bills & VAS Beneficiaries","",""
"","122","Data - No Auth","Personal Banking APIs - QA Test Suite","2026-10-08","passed","2026-10-08","Data","Scheduled Payments","",""
"","137","Young Moni Upload Guardian Documents - Empty Fields","Personal Banking APIs - QA Test Suite","2026-10-08","failed","2026-10-08","Young Moni Upload Guardian Documents","Customer Profile, Accounts & Beneficiaries","",""
"","132","Jamb Lookup - Invalid Query","Personal Banking APIs - QA Test Suite","2026-10-08","failed","2026-10-08","Jamb Lookup","Airtime, Data, Bills & VAS Beneficiaries","",""
"","168","Tier One Upgrade With BVN - Missing Required Field","Personal Banking APIs - QA Test Suite","2026-10-08","passed","2026-10-08","Tier One Upgrade With BVN","KYC, Tier Upgrades & Young Moni","",""
"","121","Purchase Airtime - Missing Required Field","Personal Banking APIs - QA Test Suite","2026-10-08","passed","2026-10-08","Purchase Airtime","Airtime, Data, Bills & VAS Beneficiaries","",""
"","151","Upload Documents - Valid","Personal Banking APIs - QA Test Suite","2026-10-08","failed","2026-10-08","Upload Documents","KYC, Tier Upgrades & Young Moni","",""
"","121","Toolkit Accounts - No Auth","Personal Banking APIs - QA Test Suite","2026-10-08","passed","2026-10-08","Toolkit Accounts","Customer Profile, Accounts & Beneficiaries","",""
"","135","Get Suggestions - No Auth","Personal Banking APIs - QA Test Suite","2026-10-08","passed","2026-10-08","Get Suggestions","Customer Profile, Accounts & Beneficiaries","",""
"","140","Admin Devices Deactivate - Empty Fields","Personal Banking APIs - QA Test Suite","2026-10-08","failed","2026-10-08","Admin Devices Deactivate","Login, Credentials, Security & Devices","",""
"","138","Withdraw Cashback - Invalid Amount","Personal Banking APIs - QA Test Suite","2026-10-08","failed","2026-10-08","Withdraw Cashback","Wallets, Transfers, Transactions & Fund Requests","",""
"","141","Verify BVN (Choose BVN or NIN) - Invalid Status Or Type","Personal Banking APIs - QA Test Suite","2026-10-08","passed","2026-10-08","Verify BVN (Choose BVN or NIN)","Customer Onboarding","",""
"","130","Update Credit Stage - Empty Fields","Personal Banking APIs - QA Test Suite","2026-10-08","failed","2026-10-08","Update Credit Stage","Wallets, Transfers, Transactions & Fund Requests","",""
"","136","Admin Reject Upgrade Request - Missing Required Field","Personal Banking APIs - QA Test Suite","2026-10-08","failed","2026-10-08","Admin Reject Upgrade Request","KYC, Tier Upgrades & Young Moni","",""
"","133","Verify Phone Number - Empty Fields","Personal Banking APIs - QA Test Suite","2026-10-08","failed","2026-10-08","Verify Phone Number","Login, Credentials, Security & Devices","",""
"","145","Setup Liveness Image - Valid","Personal Banking APIs - QA Test Suite","2026-10-08","failed","2026-10-08","Setup Liveness Image","Login, Credentials, Security & Devices","",""
"","126","Reset Password - Invalid Email","Personal Banking APIs - QA Test Suite","2026-10-08","passed","2026-10-08","Reset Password","Login, Credentials, Security & Devices","",""
"","155","Channel Settings - Invalid Amount","Personal Banking APIs - QA Test Suite","2026-10-08","failed","2026-10-08","Channel Settings","Customer Cards","",""
"","398","Profile - Valid","Personal Banking APIs - QA Test Suite","2026-10-08","passed","2026-10-08","Profile","Customer Profile, Accounts & Beneficiaries","",""
"","147","Providers - Invalid Query","Personal Banking APIs - QA Test Suite","2026-10-08","failed","2026-10-08","Providers","Insurance","",""
"","131","Young Moni Requests Complete Review - Invalid ID","Personal Banking APIs - QA Test Suite","2026-10-08","failed","2026-10-08","Young Moni Requests Complete Review","KYC, Tier Upgrades & Young Moni","",""
"","119","Create Insurance - No Auth","Personal Banking APIs - QA Test Suite","2026-10-08","passed","2026-10-08","Create Insurance","Insurance","",""
"","131","List - Invalid Query","Personal Banking APIs - QA Test Suite","2026-10-08","failed","2026-10-08","List","Scheduled Payments","",""
"","148","Pay Schedule Early - Valid","Personal Banking APIs - QA Test Suite","2026-10-08","failed","2026-10-08","Pay Schedule Early","Scheduled Payments","",""
"","612","Update Credit Stage - Missing Required Field","Personal Banking APIs - QA Test Suite","2026-10-08","failed","2026-10-08","Update Credit Stage","Wallets, Transfers, Transactions & Fund Requests","",""
"","161","Reset Pin - Invalid Token Or PIN","Personal Banking APIs - QA Test Suite","2026-10-08","failed","2026-10-08","Reset Pin","Customer Cards","",""
"","136","Waec Lookup - Valid","Personal Banking APIs - QA Test Suite","2026-10-08","failed","2026-10-08","Waec Lookup","Airtime, Data, Bills & VAS Beneficiaries","",""
"","133","Approve Single Fund Request - Invalid Token Or PIN","Personal Banking APIs - QA Test Suite","2026-10-08","failed","2026-10-08","Approve Single Fund Request","Wallets, Transfers, Transactions & Fund Requests","",""
"","152","Update Credit Stage - No Auth","Personal Banking APIs - QA Test Suite","2026-10-08","passed","2026-10-08","Update Credit Stage","Wallets, Transfers, Transactions & Fund Requests","",""
"","132","Admin Admin Tier One Upgrade - Empty Fields","Personal Banking APIs - QA Test Suite","2026-10-08","failed","2026-10-08","Admin Admin Tier One Upgrade","KYC, Tier Upgrades & Young Moni","",""
"","126","Admin Games Rewards - Invalid ID","Personal Banking APIs - QA Test Suite","2026-10-08","failed","2026-10-08","Admin Games Rewards","Rewards, Cash Tokens & Wishlists","",""
"","157","Retrieve - Invalid Query","Personal Banking APIs - QA Test Suite","2026-10-08","failed","2026-10-08","Retrieve","Insurance","",""
"","159","Enable - Nonexistent ID","Personal Banking APIs - QA Test Suite","2026-10-08","failed","2026-10-08","Enable","Wallets, Transfers, Transactions & Fund Requests","",""
"","170","Initiate Reset Card Pin - Valid","Personal Banking APIs - QA Test Suite","2026-10-08","passed","2026-10-08","Initiate Reset Card Pin","Customer Cards","",""
"","149","Youngmoni Transfer - Valid","Personal Banking APIs - QA Test Suite","2026-10-08","failed","2026-10-08","Youngmoni Transfer","Scheduled Payments","",""
"","134","Create Wishlist With Items - No Auth","Personal Banking APIs - QA Test Suite","2026-10-08","passed","2026-10-08","Create Wishlist With Items","Rewards, Cash Tokens & Wishlists","",""
"","123","Admin Devices Reactivate - Empty Fields","Personal Banking APIs - QA Test Suite","2026-10-08","failed","2026-10-08","Admin Devices Reactivate","Login, Credentials, Security & Devices","",""
"","157","Intra Transfer - Invalid Token Or PIN","Personal Banking APIs - QA Test Suite","2026-10-08","passed","2026-10-08","Intra Transfer","Wallets, Transfers, Transactions & Fund Requests","",""
"","3944","Login - Valid","Personal Banking APIs - QA Test Suite","2026-10-08","passed","2026-10-08","Login","Login, Credentials, Security & Devices","",""
"","120","Games Scratch Card - No Auth","Personal Banking APIs - QA Test Suite","2026-10-08","passed","2026-10-08","Games Scratch Card","Rewards, Cash Tokens & Wishlists","",""
"","119","Partial - No Auth","Personal Banking APIs - QA Test Suite","2026-10-08","passed","2026-10-08","Partial","Wallets, Transfers, Transactions & Fund Requests","",""
"","151","Types Get Supa Lock Special Interest - Invalid Query","Personal Banking APIs - QA Test Suite","2026-10-08","failed","2026-10-08","Types Get Supa Lock Special Interest","Supalock Savings","",""
"","184","Purchase Waec - No Auth","Personal Banking APIs - QA Test Suite","2026-10-08","failed","2026-10-08","Purchase Waec","Airtime, Data, Bills & VAS Beneficiaries","",""
"","188","Verify Reset Token - Missing Required Field","Personal Banking APIs - QA Test Suite","2026-10-08","passed","2026-10-08","Verify Reset Token","Login, Credentials, Security & Devices","",""
"","140","Unblock - Missing Required Field","Personal Banking APIs - QA Test Suite","2026-10-08","failed","2026-10-08","Unblock","Customer Cards","",""
"","143","Admin Coins Rules - Valid","Personal Banking APIs - QA Test Suite","2026-10-08","failed","2026-10-08","Admin Coins Rules","Rewards, Cash Tokens & Wishlists","",""
"","130","Terms Draw Details - Invalid Query","Personal Banking APIs - QA Test Suite","2026-10-08","failed","2026-10-08","Terms Draw Details","Rewards, Cash Tokens & Wishlists","",""
"","124","Fund Betting Wallet - Invalid Status Or Type","Personal Banking APIs - QA Test Suite","2026-10-08","passed","2026-10-08","Fund Betting Wallet","Airtime, Data, Bills & VAS Beneficiaries","",""
"","134","Verify Email Update - Invalid Email","Personal Banking APIs - QA Test Suite","2026-10-08","passed","2026-10-08","Verify Email Update","KYC, Tier Upgrades & Young Moni","",""
"","164","Login - Invalid Token Or PIN","Personal Banking APIs - QA Test Suite","2026-10-08","passed","2026-10-08","Login","Login, Credentials, Security & Devices","",""
"","131","Young Moni Documents - No Auth","Personal Banking APIs - QA Test Suite","2026-10-08","passed","2026-10-08","Young Moni Documents","KYC, Tier Upgrades & Young Moni","",""
"","130","Upload Bulk Fund Request - No Auth","Personal Banking APIs - QA Test Suite","2026-10-08","failed","2026-10-08","Upload Bulk Fund Request","Wallets, Transfers, Transactions & Fund Requests","",""
"","139","Get Transaction Overview - Invalid Query","Personal Banking APIs - QA Test Suite","2026-10-08","failed","2026-10-08","Get Transaction Overview","Wallets, Transfers, Transactions & Fund Requests","",""
"","131","Export Fund Recipients - No Auth","Personal Banking APIs - QA Test Suite","2026-10-08","passed","2026-10-08","Export Fund Recipients","Wallets, Transfers, Transactions & Fund Requests","",""
"","172","Account Officer - Valid","Personal Banking APIs - QA Test Suite","2026-10-08","failed","2026-10-08","Account Officer","Customer Profile, Accounts & Beneficiaries","",""
"","165","Admin Admin Tier One Upgrade - Valid","Personal Banking APIs - QA Test Suite","2026-10-08","failed","2026-10-08","Admin Admin Tier One Upgrade","KYC, Tier Upgrades & Young Moni","",""
"","162","Requests Get Delivery Cost - Empty Fields","Personal Banking APIs - QA Test Suite","2026-10-08","passed","2026-10-08","Requests Get Delivery Cost","Customer Cards","",""
"","121","Admin Coins Rules - No Auth","Personal Banking APIs - QA Test Suite","2026-10-08","passed","2026-10-08","Admin Coins Rules","Rewards, Cash Tokens & Wishlists","",""
"","124","Transactions Deposit - No Auth","Personal Banking APIs - QA Test Suite","2026-10-08","failed","2026-10-08","Transactions Deposit","Target Savings","",""
"","141","Enable - Missing Required Field","Personal Banking APIs - QA Test Suite","2026-10-08","failed","2026-10-08","Enable","Wallets, Transfers, Transactions & Fund Requests","",""
"","130","Admin Complete Upgrade Request - Nonexistent ID","Personal Banking APIs - QA Test Suite","2026-10-08","failed","2026-10-08","Admin Complete Upgrade Request","KYC, Tier Upgrades & Young Moni","",""
"","133","Admin Coins Redemption Rules - Invalid Status Or Type","Personal Banking APIs - QA Test Suite","2026-10-08","failed","2026-10-08","Admin Coins Redemption Rules","Rewards, Cash Tokens & Wishlists","",""
"","129","Request Alias Phone Verification - No Auth","Personal Banking APIs - QA Test Suite","2026-10-08","passed","2026-10-08","Request Alias Phone Verification","Customer Profile, Accounts & Beneficiaries","",""
"","130","Retrieve - Invalid ID","Personal Banking APIs - QA Test Suite","2026-10-08","passed","2026-10-08","Retrieve","KYC, Tier Upgrades & Young Moni","",""
"","143","Inter Name Enquiry - Empty Fields","Personal Banking APIs - QA Test Suite","2026-10-08","passed","2026-10-08","Inter Name Enquiry","Wallets, Transfers, Transactions & Fund Requests","",""
"","139","Wallet - No Auth","Personal Banking APIs - QA Test Suite","2026-10-08","passed","2026-10-08","Wallet","SWAG Savings","",""
"","139","Tenors - Valid","Personal Banking APIs - QA Test Suite","2026-10-08","failed","2026-10-08","Tenors","Kolo Connect Advances","",""
"","150","Account Officer - Invalid ID","Personal Banking APIs - QA Test Suite","2026-10-08","passed","2026-10-08","Account Officer","Customer Profile, Accounts & Beneficiaries","",""
"","129","Repayment Plan - Invalid Query","Personal Banking APIs - QA Test Suite","2026-10-08","failed","2026-10-08","Repayment Plan","Kolo Connect Advances","",""
"","155","Verify Token - Valid","Personal Banking APIs - QA Test Suite","2026-10-08","failed","2026-10-08","Verify Token","Login, Credentials, Security & Devices","",""
"","283","Admin Games - Nonexistent ID","Personal Banking APIs - QA Test Suite","2026-10-08","failed","2026-10-08","Admin Games","Rewards, Cash Tokens & Wishlists","",""
"","191","Verify NIN (Choose BVN or NIN) - Valid","Personal Banking APIs - QA Test Suite","2026-10-08","failed","2026-10-08","Verify NIN (Choose BVN or NIN)","Customer Onboarding","",""
"","123","Create Login Pin - No Auth","Personal Banking APIs - QA Test Suite","2026-10-08","passed","2026-10-08","Create Login Pin","Login, Credentials, Security & Devices","",""
"","152","Fund Betting Wallet - No Auth","Personal Banking APIs - QA Test Suite","2026-10-08","failed","2026-10-08","Fund Betting Wallet","Airtime, Data, Bills & VAS Beneficiaries","",""
"","127","Types - Empty Fields","Personal Banking APIs - QA Test Suite","2026-10-08","failed","2026-10-08","Types","Supalock Savings","",""
"","156","Validate Betting Id - Valid","Personal Banking APIs - QA Test Suite","2026-10-08","failed","2026-10-08","Validate Betting Id","Airtime, Data, Bills & VAS Beneficiaries","",""
"","237","Admin Games Sessions - No Auth","Personal Banking APIs - QA Test Suite","2026-10-08","passed","2026-10-08","Admin Games Sessions","Rewards, Cash Tokens & Wishlists","",""
"","137","Channel Settings - Missing Required Field","Personal Banking APIs - QA Test Suite","2026-10-08","failed","2026-10-08","Channel Settings","Customer Cards","",""
"","124","Transactions Create Wallet - Missing Required Field","Personal Banking APIs - QA Test Suite","2026-10-08","passed","2026-10-08","Transactions Create Wallet","Save & Spend","",""
"","127","Get Item - No Auth","Personal Banking APIs - QA Test Suite","2026-10-08","failed","2026-10-08","Get Item","Rewards, Cash Tokens & Wishlists","",""
"","139","Verify Phone OTP - Missing Required Field","Personal Banking APIs - QA Test Suite","2026-10-08","passed","2026-10-08","Verify Phone OTP","Customer Onboarding","",""
"","121","Requests Request Card - No Auth","Personal Banking APIs - QA Test Suite","2026-10-08","passed","2026-10-08","Requests Request Card","Customer Cards","",""
"","142","Airtime - Empty Fields","Personal Banking APIs - QA Test Suite","2026-10-08","passed","2026-10-08","Airtime","Scheduled Payments","",""
"","125","Transactions Break Target - Empty Fields","Personal Banking APIs - QA Test Suite","2026-10-08","passed","2026-10-08","Transactions Break Target","Target Savings","",""
"","164","Perform Action - Invalid ID","Personal Banking APIs - QA Test Suite","2026-10-08","failed","2026-10-08","Perform Action","Rewards, Cash Tokens & Wishlists","",""
"","119","Transactions Update Swag Monthly Rollover - No Auth","Personal Banking APIs - QA Test Suite","2026-10-08","passed","2026-10-08","Transactions Update Swag Monthly Rollover","SWAG Savings","",""
"","146","Dismiss Action - Missing Required Field","Personal Banking APIs - QA Test Suite","2026-10-08","failed","2026-10-08","Dismiss Action","KYC, Tier Upgrades & Young Moni","",""
"","133","Account Officer - Invalid Query","Personal Banking APIs - QA Test Suite","2026-10-08","failed","2026-10-08","Account Officer","Customer Profile, Accounts & Beneficiaries","",""
"","143","Upload Documents - Empty Fields","Personal Banking APIs - QA Test Suite","2026-10-08","passed","2026-10-08","Upload Documents","KYC, Tier Upgrades & Young Moni","",""
"","182","Create Login Pin - Valid","Personal Banking APIs - QA Test Suite","2026-10-08","failed","2026-10-08","Create Login Pin","Login, Credentials, Security & Devices","",""
"","156","Eligibility - Invalid Query","Personal Banking APIs - QA Test Suite","2026-10-08","failed","2026-10-08","Eligibility","Kolo Connect Advances","",""
"","222","Add Account Alias - Empty Fields","Personal Banking APIs - QA Test Suite","2026-10-08","passed","2026-10-08","Add Account Alias","Customer Profile, Accounts & Beneficiaries","",""
"","212","Terms Draw Details - Valid","Personal Banking APIs - QA Test Suite","2026-10-08","passed","2026-10-08","Terms Draw Details","Rewards, Cash Tokens & Wishlists","",""
"","176","List - Valid","Personal Banking APIs - QA Test Suite","2026-10-08","failed","2026-10-08","List","Wallets, Transfers, Transactions & Fund Requests","",""
"","139","Dismiss Action - Empty Fields","Personal Banking APIs - QA Test Suite","2026-10-08","failed","2026-10-08","Dismiss Action","KYC, Tier Upgrades & Young Moni","",""
"","169","Channel Settings - Invalid ID","Personal Banking APIs - QA Test Suite","2026-10-08","passed","2026-10-08","Channel Settings","Customer Cards","",""
"","140","List - Invalid Query","Personal Banking APIs - QA Test Suite","2026-10-08","failed","2026-10-08","List","Wallets, Transfers, Transactions & Fund Requests","",""
"","130","Verify Reset Token - No Auth","Personal Banking APIs - QA Test Suite","2026-10-08","failed","2026-10-08","Verify Reset Token","Login, Credentials, Security & Devices","",""
"","126","Types - Nonexistent ID","Personal Banking APIs - QA Test Suite","2026-10-08","passed","2026-10-08","Types","Supalock Savings","",""
"","232","Admin Coins Rules - Invalid Query","Personal Banking APIs - QA Test Suite","2026-10-08","failed","2026-10-08","Admin Coins Rules","Rewards, Cash Tokens & Wishlists","",""
"","201","Transactions - Valid","Personal Banking APIs - QA Test Suite","2026-10-08","passed","2026-10-08","Transactions","Target Savings","",""
"","134","Approve Bulk Fund Request - Invalid Token Or PIN","Personal Banking APIs - QA Test Suite","2026-10-08","failed","2026-10-08","Approve Bulk Fund Request","Wallets, Transfers, Transactions & Fund Requests","",""
"","133","Transactions Deposit - Empty Fields","Personal Banking APIs - QA Test Suite","2026-10-08","passed","2026-10-08","Transactions Deposit","SWAG Savings","",""
"","126","Types - Invalid Query","Personal Banking APIs - QA Test Suite","2026-10-08","failed","2026-10-08","Types","Supalock Savings","",""
"","128","Daily Income Summary - No Auth","Personal Banking APIs - QA Test Suite","2026-10-08","passed","2026-10-08","Daily Income Summary","Wallets, Transfers, Transactions & Fund Requests","",""
"","135","Validate Jamb Profile - Empty Fields","Personal Banking APIs - QA Test Suite","2026-10-08","failed","2026-10-08","Validate Jamb Profile","Airtime, Data, Bills & VAS Beneficiaries","",""
"","120","Wishlist Config Edit - Missing Required Field","Personal Banking APIs - QA Test Suite","2026-10-08","failed","2026-10-08","Wishlist Config Edit","Rewards, Cash Tokens & Wishlists","",""
"","125","Request Phone Verification - Missing Required Field","Personal Banking APIs - QA Test Suite","2026-10-08","failed","2026-10-08","Request Phone Verification","Login, Credentials, Security & Devices","",""
"","139","Reset Password - Empty Fields","Personal Banking APIs - QA Test Suite","2026-10-08","passed","2026-10-08","Reset Password","Login, Credentials, Security & Devices","",""
"","159","Requests Get Delivery Cost - Valid","Personal Banking APIs - QA Test Suite","2026-10-08","failed","2026-10-08","Requests Get Delivery Cost","Customer Cards","",""
"","127","Retrieve - Invalid ID","Personal Banking APIs - QA Test Suite","2026-10-08","failed","2026-10-08","Retrieve","Airtime, Data, Bills & VAS Beneficiaries","",""
"","143","Deals Active - Invalid Query","Personal Banking APIs - QA Test Suite","2026-10-08","passed","2026-10-08","Deals Active","Rewards, Cash Tokens & Wishlists","",""
"","128","Wallet Download Swag Statement - Invalid Status Or Type","Personal Banking APIs - QA Test Suite","2026-10-08","failed","2026-10-08","Wallet Download Swag Statement","SWAG Savings","",""
"","130","Fund Betting Wallet - Empty Fields","Personal Banking APIs - QA Test Suite","2026-10-08","passed","2026-10-08","Fund Betting Wallet","Airtime, Data, Bills & VAS Beneficiaries","",""
"","122","List - No Auth","Personal Banking APIs - QA Test Suite","2026-10-08","passed","2026-10-08","List","KYC, Tier Upgrades & Young Moni","",""
"","133","Create - Missing Required Field","Personal Banking APIs - QA Test Suite","2026-10-08","passed","2026-10-08","Create","Customer Profile, Accounts & Beneficiaries","",""
"","143","Wallet - Valid","Personal Banking APIs - QA Test Suite","2026-10-08","failed","2026-10-08","Wallet","SWAG Savings","",""
"","175","Kyc Level Count - Valid","Personal Banking APIs - QA Test Suite","2026-10-08","failed","2026-10-08","Kyc Level Count","Customer Profile, Accounts & Beneficiaries","",""
"","162","Young Moni Upload Guardian Documents - Invalid ID","Personal Banking APIs - QA Test Suite","2026-10-08","passed","2026-10-08","Young Moni Upload Guardian Documents","Customer Profile, Accounts & Beneficiaries","",""
"","162","Approve Single Bulk Recipient - Empty Fields","Personal Banking APIs - QA Test Suite","2026-10-08","failed","2026-10-08","Approve Single Bulk Recipient","Wallets, Transfers, Transactions & Fund Requests","",""
"","120","Young Moni Requests - No Auth","Personal Banking APIs - QA Test Suite","2026-10-08","passed","2026-10-08","Young Moni Requests","KYC, Tier Upgrades & Young Moni","",""
"","143","Download Statement - No Auth","Personal Banking APIs - QA Test Suite","2026-10-08","passed","2026-10-08","Download Statement","Wallets, Transfers, Transactions & Fund Requests","",""
"","128","Overview - Empty Fields","Personal Banking APIs - QA Test Suite","2026-10-08","passed","2026-10-08","Overview","Customer Profile, Accounts & Beneficiaries","",""
"","128","Perform Action - Nonexistent ID","Personal Banking APIs - QA Test Suite","2026-10-08","failed","2026-10-08","Perform Action","Rewards, Cash Tokens & Wishlists","",""
"","142","Get Item - Invalid ID","Personal Banking APIs - QA Test Suite","2026-10-08","passed","2026-10-08","Get Item","Rewards, Cash Tokens & Wishlists","",""
"","388","Create Wishlist - Valid","Personal Banking APIs - QA Test Suite","2026-10-08","failed","2026-10-08","Create Wishlist","Rewards, Cash Tokens & Wishlists","",""
"","175","Intra Name Enquiry - Valid","Personal Banking APIs - QA Test Suite","2026-10-08","failed","2026-10-08","Intra Name Enquiry","Wallets, Transfers, Transactions & Fund Requests","",""
"","130","Wishlist Config - Invalid Query","Personal Banking APIs - QA Test Suite","2026-10-08","failed","2026-10-08","Wishlist Config","Rewards, Cash Tokens & Wishlists","",""
"","120","Transfers Left - No Auth","Personal Banking APIs - QA Test Suite","2026-10-08","passed","2026-10-08","Transfers Left","Wallets, Transfers, Transactions & Fund Requests","",""
"","159","Update Communication Preference - Invalid Token Or PIN","Personal Banking APIs - QA Test Suite","2026-10-08","passed","2026-10-08","Update Communication Preference","Customer Profile, Accounts & Beneficiaries","",""
"","141","Transactions Update Spend Wallet - Empty Fields","Personal Banking APIs - QA Test Suite","2026-10-08","passed","2026-10-08","Transactions Update Spend Wallet","Save & Spend","",""
"","176","Transactions - Valid","Personal Banking APIs - QA Test Suite","2026-10-08","failed","2026-10-08","Transactions","Target Savings","",""
"","121","Transactions Create Wallet Product Specific - Empty Fields","Personal Banking APIs - QA Test Suite","2026-10-08","passed","2026-10-08","Transactions Create Wallet Product Specific","Target Savings","",""
"","132","Withdraw - Invalid ID","Personal Banking APIs - QA Test Suite","2026-10-08","passed","2026-10-08","Withdraw","Rewards, Cash Tokens & Wishlists","",""
"","159","Admin Games Rewards - No Auth","Personal Banking APIs - QA Test Suite","2026-10-08","passed","2026-10-08","Admin Games Rewards","Rewards, Cash Tokens & Wishlists","",""
"","150","Young Moni Validate Details - Empty Fields","Personal Banking APIs - QA Test Suite","2026-10-08","failed","2026-10-08","Young Moni Validate Details","Customer Profile, Accounts & Beneficiaries","",""
"","141","Reset Login Pin - Missing Required Field","Personal Banking APIs - QA Test Suite","2026-10-08","passed","2026-10-08","Reset Login Pin","Login, Credentials, Security & Devices","",""
"","140","Update Tin - Empty Fields","Personal Banking APIs - QA Test Suite","2026-10-08","passed","2026-10-08","Update Tin","Customer Profile, Accounts & Beneficiaries","",""
"","120","Retrieve - No Auth","Personal Banking APIs - QA Test Suite","2026-10-08","passed","2026-10-08","Retrieve","Scheduled Payments","",""
"","142","Verify BVN (Choose BVN or NIN) - Empty Fields","Personal Banking APIs - QA Test Suite","2026-10-08","passed","2026-10-08","Verify BVN (Choose BVN or NIN)","Customer Onboarding","",""
"","128","Validate Betting Id - Invalid Status Or Type","Personal Banking APIs - QA Test Suite","2026-10-08","passed","2026-10-08","Validate Betting Id","Airtime, Data, Bills & VAS Beneficiaries","",""
"","128","Initiate Email Update - Missing Required Field","Personal Banking APIs - QA Test Suite","2026-10-08","passed","2026-10-08","Initiate Email Update","KYC, Tier Upgrades & Young Moni","",""
"","136","Reject Bulk Fund Request - Invalid Token Or PIN","Personal Banking APIs - QA Test Suite","2026-10-08","failed","2026-10-08","Reject Bulk Fund Request","Wallets, Transfers, Transactions & Fund Requests","",""
"","131","Transactions Create Wallet - Missing Required Field","Personal Banking APIs - QA Test Suite","2026-10-08","passed","2026-10-08","Transactions Create Wallet","Target Savings","",""
"","158","Purchase Epin - Invalid Token Or PIN","Personal Banking APIs - QA Test Suite","2026-10-08","passed","2026-10-08","Purchase Epin","Airtime, Data, Bills & VAS Beneficiaries","",""
"","127","Borrow - Invalid Status Or Type","Personal Banking APIs - QA Test Suite","2026-10-08","failed","2026-10-08","Borrow","Kolo Connect Advances","",""
"","127","Young Moni Requests - Invalid Query","Personal Banking APIs - QA Test Suite","2026-10-08","failed","2026-10-08","Young Moni Requests","KYC, Tier Upgrades & Young Moni","",""
"","189","Tier Two Upgrade - Valid","Personal Banking APIs - QA Test Suite","2026-10-08","failed","2026-10-08","Tier Two Upgrade","KYC, Tier Upgrades & Young Moni","",""
"","119","Admin Games Rewards - No Auth","Personal Banking APIs - QA Test Suite","2026-10-08","passed","2026-10-08","Admin Games Rewards","Rewards, Cash Tokens & Wishlists","",""
"","127","Transactions Update Swag Plan - Invalid Token Or PIN","Personal Banking APIs - QA Test Suite","2026-10-08","passed","2026-10-08","Transactions Update Swag Plan","SWAG Savings","",""
"","122","Enabled Setting - No Auth","Personal Banking APIs - QA Test Suite","2026-10-08","passed","2026-10-08","Enabled Setting","Wallets, Transfers, Transactions & Fund Requests","",""
"","119","Recipients - No Auth","Personal Banking APIs - QA Test Suite","2026-10-08","passed","2026-10-08","Recipients","Wallets, Transfers, Transactions & Fund Requests","",""
"","131","Update Documents - Missing Required Field","Personal Banking APIs - QA Test Suite","2026-10-08","passed","2026-10-08","Update Documents","KYC, Tier Upgrades & Young Moni","",""
"","144","Approve Single Fund Request - No Auth","Personal Banking APIs - QA Test Suite","2026-10-08","passed","2026-10-08","Approve Single Fund Request","Wallets, Transfers, Transactions & Fund Requests","",""
"","128","Retrieve - Invalid ID","Personal Banking APIs - QA Test Suite","2026-10-08","failed","2026-10-08","Retrieve","Kolo Connect Advances","",""
"","119","List - No Auth","Personal Banking APIs - QA Test Suite","2026-10-08","passed","2026-10-08","List","Supalock Savings","",""
"","141","Tier Two Upgrade - No Auth","Personal Banking APIs - QA Test Suite","2026-10-08","passed","2026-10-08","Tier Two Upgrade","KYC, Tier Upgrades & Young Moni","",""
"","151","Partial - Nonexistent ID","Personal Banking APIs - QA Test Suite","2026-10-08","passed","2026-10-08","Partial","Airtime, Data, Bills & VAS Beneficiaries","",""
"","171","Electricity - Valid","Personal Banking APIs - QA Test Suite","2026-10-08","failed","2026-10-08","Electricity","Scheduled Payments","",""
"","163","Toolkit Accounts - Valid","Personal Banking APIs - QA Test Suite","2026-10-08","failed","2026-10-08","Toolkit Accounts","Customer Profile, Accounts & Beneficiaries","",""
"","137","Overview - Invalid Query","Personal Banking APIs - QA Test Suite","2026-10-08","failed","2026-10-08","Overview","Rewards, Cash Tokens & Wishlists","",""
"","154","Games Scratch Card - Valid","Personal Banking APIs - QA Test Suite","2026-10-08","failed","2026-10-08","Games Scratch Card","Rewards, Cash Tokens & Wishlists","",""
"","174","Initiate Email Update - Valid","Personal Banking APIs - QA Test Suite","2026-10-08","failed","2026-10-08","Initiate Email Update","KYC, Tier Upgrades & Young Moni","",""
"","132","Verify Email OTP - Empty Fields","Personal Banking APIs - QA Test Suite","2026-10-08","passed","2026-10-08","Verify Email OTP","Customer Onboarding","",""
"","162","Data - Valid","Personal Banking APIs - QA Test Suite","2026-10-08","failed","2026-10-08","Data","Scheduled Payments","",""
"","126","Wallet Total Balance - No Auth","Personal Banking APIs - QA Test Suite","2026-10-08","passed","2026-10-08","Wallet Total Balance","Save & Spend","",""
"","156","Reward With Airtime - Valid","Personal Banking APIs - QA Test Suite","2026-10-08","failed","2026-10-08","Reward With Airtime","Rewards, Cash Tokens & Wishlists","",""
"","129","Borrow - Invalid Amount","Personal Banking APIs - QA Test Suite","2026-10-08","failed","2026-10-08","Borrow","Kolo Connect Advances","",""
"","134","Reset Transaction Pin - Empty Fields","Personal Banking APIs - QA Test Suite","2026-10-08","passed","2026-10-08","Reset Transaction Pin","Login, Credentials, Security & Devices","",""
"","121","Admin Upload Documents - No Auth","Personal Banking APIs - QA Test Suite","2026-10-08","passed","2026-10-08","Admin Upload Documents","KYC, Tier Upgrades & Young Moni","",""
"","148","Kyc Level Distribution - Valid","Personal Banking APIs - QA Test Suite","2026-10-08","failed","2026-10-08","Kyc Level Distribution","Customer Profile, Accounts & Beneficiaries","",""
"","135","Transactions Create Wallet - No Auth","Personal Banking APIs - QA Test Suite","2026-10-08","failed","2026-10-08","Transactions Create Wallet","Target Savings","",""
"","122","Account Officer - No Auth","Personal Banking APIs - QA Test Suite","2026-10-08","passed","2026-10-08","Account Officer","Customer Profile, Accounts & Beneficiaries","",""
"","127","Types - Invalid Amount","Personal Banking APIs - QA Test Suite","2026-10-08","failed","2026-10-08","Types","Supalock Savings","",""
"","165","Overview - Valid","Personal Banking APIs - QA Test Suite","2026-10-08","passed","2026-10-08","Overview","Rewards, Cash Tokens & Wishlists","",""
"","354","Fetch Balance - Nonexistent ID","Personal Banking APIs - QA Test Suite","2026-10-08","passed","2026-10-08","Fetch Balance","Customer Profile, Accounts & Beneficiaries","",""
"","147","Transactions - Invalid Query","Personal Banking APIs - QA Test Suite","2026-10-08","failed","2026-10-08","Transactions","Target Savings","",""
"","126","List - No Auth","Personal Banking APIs - QA Test Suite","2026-10-08","passed","2026-10-08","List","Customer Cards","",""
"","233","Admin Games Rewards - Nonexistent ID","Personal Banking APIs - QA Test Suite","2026-10-08","failed","2026-10-08","Admin Games Rewards","Rewards, Cash Tokens & Wishlists","",""
"","133","Wishlist Config - No Auth","Personal Banking APIs - QA Test Suite","2026-10-08","passed","2026-10-08","Wishlist Config","Rewards, Cash Tokens & Wishlists","",""
"","361","Encrypt Login - Valid","Personal Banking APIs - QA Test Suite","2026-10-08","passed","2026-10-08","Encrypt Login","Login, Credentials, Security & Devices","",""
"","128","Admin Coins Redemption Rules - Empty Fields","Personal Banking APIs - QA Test Suite","2026-10-08","failed","2026-10-08","Admin Coins Redemption Rules","Rewards, Cash Tokens & Wishlists","",""
"","119","Admin Coins Redemption Rules - No Auth","Personal Banking APIs - QA Test Suite","2026-10-08","passed","2026-10-08","Admin Coins Redemption Rules","Rewards, Cash Tokens & Wishlists","",""
"","129","Activate - No Auth","Personal Banking APIs - QA Test Suite","2026-10-08","passed","2026-10-08","Activate","Customer Cards","",""
"","120","Fund Betting Wallet - Missing Required Field","Personal Banking APIs - QA Test Suite","2026-10-08","passed","2026-10-08","Fund Betting Wallet","Airtime, Data, Bills & VAS Beneficiaries","",""
"","138","Reset Pin - Missing Required Field","Personal Banking APIs - QA Test Suite","2026-10-08","failed","2026-10-08","Reset Pin","Customer Cards","",""
"","122","Create Login Pin - Empty Fields","Personal Banking APIs - QA Test Suite","2026-10-08","failed","2026-10-08","Create Login Pin","Login, Credentials, Security & Devices","",""
"","149","Info - No Auth","Personal Banking APIs - QA Test Suite","2026-10-08","passed","2026-10-08","Info","Customer Profile, Accounts & Beneficiaries","",""
"","237","Admin Games Sessions - Invalid Query","Personal Banking APIs - QA Test Suite","2026-10-08","failed","2026-10-08","Admin Games Sessions","Rewards, Cash Tokens & Wishlists","",""
"","132","Block - Empty Fields","Personal Banking APIs - QA Test Suite","2026-10-08","failed","2026-10-08","Block","Customer Cards","",""
"","139","Account Officer View Rating - Invalid Query","Personal Banking APIs - QA Test Suite","2026-10-08","failed","2026-10-08","Account Officer View Rating","Customer Profile, Accounts & Beneficiaries","",""
"","125","Types - Invalid ID","Personal Banking APIs - QA Test Suite","2026-10-08","passed","2026-10-08","Types","Supalock Savings","",""
"","164","Wallet - Valid","Personal Banking APIs - QA Test Suite","2026-10-08","failed","2026-10-08","Wallet","SWAG Savings","",""
"","147","Admin Admin Upgrade To Merchant - Missing Required Field","Personal Banking APIs - QA Test Suite","2026-10-08","failed","2026-10-08","Admin Admin Upgrade To Merchant","KYC, Tier Upgrades & Young Moni","",""
"","147","Update - Invalid Status Or Type","Personal Banking APIs - QA Test Suite","2026-10-08","passed","2026-10-08","Update","Scheduled Payments","",""
"","127","Winner Dismiss Action - Empty Fields","Personal Banking APIs - QA Test Suite","2026-10-08","failed","2026-10-08","Winner Dismiss Action","Rewards, Cash Tokens & Wishlists","",""
"","128","Requests Request Card - Empty Fields","Personal Banking APIs - QA Test Suite","2026-10-08","passed","2026-10-08","Requests Request Card","Customer Cards","",""
"","127","Types Get Supa Lock Special Interest - Nonexistent ID","Personal Banking APIs - QA Test Suite","2026-10-08","failed","2026-10-08","Types Get Supa Lock Special Interest","Supalock Savings","",""
"","154","Partial - Missing Required Field","Personal Banking APIs - QA Test Suite","2026-10-08","failed","2026-10-08","Partial","Wallets, Transfers, Transactions & Fund Requests","",""
"","127","Retrieve - Invalid Query","Personal Banking APIs - QA Test Suite","2026-10-08","failed","2026-10-08","Retrieve","Customer Cards","",""
"","209","List - Valid","Personal Banking APIs - QA Test Suite","2026-10-08","passed","2026-10-08","List","Insurance","",""
"","124","Young Moni Validate Details - Missing Required Field","Personal Banking APIs - QA Test Suite","2026-10-08","failed","2026-10-08","Young Moni Validate Details","Customer Profile, Accounts & Beneficiaries","",""
"","125","Young Moni Validate Details - Invalid Email","Personal Banking APIs - QA Test Suite","2026-10-08","failed","2026-10-08","Young Moni Validate Details","Customer Profile, Accounts & Beneficiaries","",""
"","140","Jamb Lookup - No Auth","Personal Banking APIs - QA Test Suite","2026-10-08","passed","2026-10-08","Jamb Lookup","Airtime, Data, Bills & VAS Beneficiaries","",""
"","118","Pay Schedule Early - No Auth","Personal Banking APIs - QA Test Suite","2026-10-08","passed","2026-10-08","Pay Schedule Early","Scheduled Payments","",""
"","137","Withdraw - Invalid Token Or PIN","Personal Banking APIs - QA Test Suite","2026-10-08","failed","2026-10-08","Withdraw","Rewards, Cash Tokens & Wishlists","",""
"","123","Inter Transfer - Invalid Token Or PIN","Personal Banking APIs - QA Test Suite","2026-10-08","passed","2026-10-08","Inter Transfer","Wallets, Transfers, Transactions & Fund Requests","",""
"","146","Disable - Empty Fields","Personal Banking APIs - QA Test Suite","2026-10-08","failed","2026-10-08","Disable","Wallets, Transfers, Transactions & Fund Requests","",""
"","122","Purchase Waec - Valid","Personal Banking APIs - QA Test Suite","2026-10-08","failed","2026-10-08","Purchase Waec","Airtime, Data, Bills & VAS Beneficiaries","",""
"","123","Transactions Create Plan - Invalid Status Or Type","Personal Banking APIs - QA Test Suite","2026-10-08","passed","2026-10-08","Transactions Create Plan","SWAG Savings","",""
"","168","Cancel Schedule Payment - Valid","Personal Banking APIs - QA Test Suite","2026-10-08","failed","2026-10-08","Cancel Schedule Payment","Scheduled Payments","",""
"","151","Enable - Empty Fields","Personal Banking APIs - QA Test Suite","2026-10-08","failed","2026-10-08","Enable","Wallets, Transfers, Transactions & Fund Requests","",""
"","166","Inter Transfer - Invalid Amount","Personal Banking APIs - QA Test Suite","2026-10-08","passed","2026-10-08","Inter Transfer","Wallets, Transfers, Transactions & Fund Requests","",""
"","146","List Documents - Invalid Query","Personal Banking APIs - QA Test Suite","2026-10-08","failed","2026-10-08","List Documents","KYC, Tier Upgrades & Young Moni","",""
"","128","Wallet Download Target Statement - No Auth","Personal Banking APIs - QA Test Suite","2026-10-08","passed","2026-10-08","Wallet Download Target Statement","Target Savings","",""
"","133","Reset Login Pin - No Auth","Personal Banking APIs - QA Test Suite","2026-10-08","passed","2026-10-08","Reset Login Pin","Login, Credentials, Security & Devices","",""
"","146","Retrieve - Nonexistent ID","Personal Banking APIs - QA Test Suite","2026-10-08","failed","2026-10-08","Retrieve","Supalock Savings","",""
"","122","Purchase Epin - Empty Fields","Personal Banking APIs - QA Test Suite","2026-10-08","passed","2026-10-08","Purchase Epin","Airtime, Data, Bills & VAS Beneficiaries","",""
"","143","Download Statement - Valid","Personal Banking APIs - QA Test Suite","2026-10-08","failed","2026-10-08","Download Statement","Wallets, Transfers, Transactions & Fund Requests","",""
"","139","Transactions Deposit - Valid","Personal Banking APIs - QA Test Suite","2026-10-08","failed","2026-10-08","Transactions Deposit","Target Savings","",""
"","132","Games Check Eligibility - No Auth","Personal Banking APIs - QA Test Suite","2026-10-08","passed","2026-10-08","Games Check Eligibility","Rewards, Cash Tokens & Wishlists","",""
"","128","Retrieve - Invalid ID","Personal Banking APIs - QA Test Suite","2026-10-08","passed","2026-10-08","Retrieve","Insurance","",""
"","132","Transaction - Nonexistent ID","Personal Banking APIs - QA Test Suite","2026-10-08","failed","2026-10-08","Transaction","Airtime, Data, Bills & VAS Beneficiaries","",""
"","171","Verify Email Update - Valid","Personal Banking APIs - QA Test Suite","2026-10-08","failed","2026-10-08","Verify Email Update","KYC, Tier Upgrades & Young Moni","",""
"","261","Requests Fetch Agents - Valid","Personal Banking APIs - QA Test Suite","2026-10-08","failed","2026-10-08","Requests Fetch Agents","Customer Cards","",""
"","125","Winner Dismiss Action - Invalid ID","Personal Banking APIs - QA Test Suite","2026-10-08","passed","2026-10-08","Winner Dismiss Action","Rewards, Cash Tokens & Wishlists","",""
"","124","Intra Transfer - Empty Fields","Personal Banking APIs - QA Test Suite","2026-10-08","passed","2026-10-08","Intra Transfer","Wallets, Transfers, Transactions & Fund Requests","",""
"","131","Approve Single Fund Request - Missing Required Field","Personal Banking APIs - QA Test Suite","2026-10-08","failed","2026-10-08","Approve Single Fund Request","Wallets, Transfers, Transactions & Fund Requests","",""
"","134","Young Moni Documents - Invalid Query","Personal Banking APIs - QA Test Suite","2026-10-08","failed","2026-10-08","Young Moni Documents","KYC, Tier Upgrades & Young Moni","",""
"","132","Approve Single Fund Request - Empty Fields","Personal Banking APIs - QA Test Suite","2026-10-08","failed","2026-10-08","Approve Single Fund Request","Wallets, Transfers, Transactions & Fund Requests","",""
"","141","Continue With Email - Invalid Email","Personal Banking APIs - QA Test Suite","2026-10-08","passed","2026-10-08","Continue With Email","Customer Onboarding","",""
"","144","Admin Admin Submit - No Auth","Personal Banking APIs - QA Test Suite","2026-10-08","passed","2026-10-08","Admin Admin Submit","KYC, Tier Upgrades & Young Moni","",""
"","133","Transactions Withdraw Principal - No Auth","Personal Banking APIs - QA Test Suite","2026-10-08","failed","2026-10-08","Transactions Withdraw Principal","SWAG Savings","",""
"","137","Repay - Nonexistent ID","Personal Banking APIs - QA Test Suite","2026-10-08","failed","2026-10-08","Repay","Kolo Connect Advances","",""
"","373","Get Cable Providers - Invalid Query","Personal Banking APIs - QA Test Suite","2026-10-08","failed","2026-10-08","Get Cable Providers","Airtime, Data, Bills & VAS Beneficiaries","",""
"","369","Total Young Moni Balance - Invalid Query","Personal Banking APIs - QA Test Suite","2026-10-08","failed","2026-10-08","Total Young Moni Balance","Customer Profile, Accounts & Beneficiaries","",""
"","151","Approve Bulk Fund Request - Empty Fields","Personal Banking APIs - QA Test Suite","2026-10-08","failed","2026-10-08","Approve Bulk Fund Request","Wallets, Transfers, Transactions & Fund Requests","",""
"","168","Retrieve - Nonexistent ID","Personal Banking APIs - QA Test Suite","2026-10-08","passed","2026-10-08","Retrieve","Customer Cards","",""
"","136","Webhook Cashtoken Webhook - Valid","Personal Banking APIs - QA Test Suite","2026-10-08","failed","2026-10-08","Webhook Cashtoken Webhook","Rewards, Cash Tokens & Wishlists","",""
"","150","Intra Account Transfer - Invalid Token Or PIN","Personal Banking APIs - QA Test Suite","2026-10-08","passed","2026-10-08","Intra Account Transfer","Wallets, Transfers, Transactions & Fund Requests","",""
"","152","Create - Valid","Personal Banking APIs - QA Test Suite","2026-10-08","failed","2026-10-08","Create","Customer Profile, Accounts & Beneficiaries","",""
"","134","Set Password & Create Pending User - Empty Fields","Personal Banking APIs - QA Test Suite","2026-10-08","passed","2026-10-08","Set Password & Create Pending User","Customer Onboarding","",""
"","130","Retrieve - Invalid Query","Personal Banking APIs - QA Test Suite","2026-10-08","failed","2026-10-08","Retrieve","Wallets, Transfers, Transactions & Fund Requests","",""
"","169","Partial - Invalid ID","Personal Banking APIs - QA Test Suite","2026-10-08","failed","2026-10-08","Partial","Wallets, Transfers, Transactions & Fund Requests","",""
"","139","Admin Admin Tier Zero Upgrade - Missing Required Field","Personal Banking APIs - QA Test Suite","2026-10-08","failed","2026-10-08","Admin Admin Tier Zero Upgrade","KYC, Tier Upgrades & Young Moni","",""
"","305","Reset Password - Valid","Personal Banking APIs - QA Test Suite","2026-10-08","passed","2026-10-08","Reset Password","Login, Credentials, Security & Devices","",""
"","168","Young Moni Upload Child Documents - Nonexistent ID","Personal Banking APIs - QA Test Suite","2026-10-08","passed","2026-10-08","Young Moni Upload Child Documents","Customer Profile, Accounts & Beneficiaries","",""
"","402","Verify Reset Token - Invalid Token Or PIN","Personal Banking APIs - QA Test Suite","2026-10-08","failed","2026-10-08","Verify Reset Token","Login, Credentials, Security & Devices","",""
"","130","Kyc Level Count - No Auth","Personal Banking APIs - QA Test Suite","2026-10-08","passed","2026-10-08","Kyc Level Count","Customer Profile, Accounts & Beneficiaries","",""
"","144","Update Daily Transfer Limit - Empty Fields","Personal Banking APIs - QA Test Suite","2026-10-08","failed","2026-10-08","Update Daily Transfer Limit","Customer Profile, Accounts & Beneficiaries","",""
"","121","Admin Admin Tier One Upgrade - No Auth","Personal Banking APIs - QA Test Suite","2026-10-08","passed","2026-10-08","Admin Admin Tier One Upgrade","KYC, Tier Upgrades & Young Moni","",""
"","145","Electricity - No Auth","Personal Banking APIs - QA Test Suite","2026-10-08","passed","2026-10-08","Electricity","Scheduled Payments","",""
"","340","List - Valid","Personal Banking APIs - QA Test Suite","2026-10-08","failed","2026-10-08","List","Airtime, Data, Bills & VAS Beneficiaries","",""
"","157","Enable - Valid","Personal Banking APIs - QA Test Suite","2026-10-08","failed","2026-10-08","Enable","Wallets, Transfers, Transactions & Fund Requests","",""
"","123","Young Moni Upload Guardian Documents - Nonexistent ID","Personal Banking APIs - QA Test Suite","2026-10-08","passed","2026-10-08","Young Moni Upload Guardian Documents","Customer Profile, Accounts & Beneficiaries","",""
"","125","Redeem Coins - Missing Required Field","Personal Banking APIs - QA Test Suite","2026-10-08","passed","2026-10-08","Redeem Coins","Rewards, Cash Tokens & Wishlists","",""
"","137","Partial - Invalid Status Or Type","Personal Banking APIs - QA Test Suite","2026-10-08","passed","2026-10-08","Partial","Airtime, Data, Bills & VAS Beneficiaries","",""
"","160","Reset Transaction Pin - Missing Required Field","Personal Banking APIs - QA Test Suite","2026-10-08","passed","2026-10-08","Reset Transaction Pin","Login, Credentials, Security & Devices","",""
"","382","Get Cable Plans - Valid","Personal Banking APIs - QA Test Suite","2026-10-08","passed","2026-10-08","Get Cable Plans","Airtime, Data, Bills & VAS Beneficiaries","",""
"","132","Create - Empty Fields","Personal Banking APIs - QA Test Suite","2026-10-08","failed","2026-10-08","Create","Airtime, Data, Bills & VAS Beneficiaries","",""
"","147","Validate Liveness (When Required) - Empty Fields","Personal Banking APIs - QA Test Suite","2026-10-08","passed","2026-10-08","Validate Liveness (When Required)","Customer Onboarding","",""
"","133","Withdraw - Empty Fields","Personal Banking APIs - QA Test Suite","2026-10-08","failed","2026-10-08","Withdraw","Rewards, Cash Tokens & Wishlists","",""
"","146","Renew Insurance - Invalid Token Or PIN","Personal Banking APIs - QA Test Suite","2026-10-08","passed","2026-10-08","Renew Insurance","Insurance","",""
"","127","Retrieve - Invalid ID","Personal Banking APIs - QA Test Suite","2026-10-08","passed","2026-10-08","Retrieve","Rewards, Cash Tokens & Wishlists","",""
"","147","Transactions Evaluate Target - Missing Required Field","Personal Banking APIs - QA Test Suite","2026-10-08","passed","2026-10-08","Transactions Evaluate Target","Target Savings","",""
"","143","Transactions Create Wallet Product Specific - Missing Required Field","Personal Banking APIs - QA Test Suite","2026-10-08","passed","2026-10-08","Transactions Create Wallet Product Specific","Target Savings","",""
"","242","Verify Phone OTP - Invalid Token Or PIN","Personal Banking APIs - QA Test Suite","2026-10-08","passed","2026-10-08","Verify Phone OTP","Customer Onboarding","",""
"","207","Details - Valid","Personal Banking APIs - QA Test Suite","2026-10-08","passed","2026-10-08","Details","Customer Profile, Accounts & Beneficiaries","",""
"","162","Types - Valid","Personal Banking APIs - QA Test Suite","2026-10-08","failed","2026-10-08","Types","Supalock Savings","",""
"","149","Validate Jamb Profile - Valid","Personal Banking APIs - QA Test Suite","2026-10-08","failed","2026-10-08","Validate Jamb Profile","Airtime, Data, Bills & VAS Beneficiaries","",""
"","142","Reject Single Fund Request - No Auth","Personal Banking APIs - QA Test Suite","2026-10-08","passed","2026-10-08","Reject Single Fund Request","Wallets, Transfers, Transactions & Fund Requests","",""
"","143","Validate Meter - No Auth","Personal Banking APIs - QA Test Suite","2026-10-08","passed","2026-10-08","Validate Meter","Airtime, Data, Bills & VAS Beneficiaries","",""
"","227","Admin Coins Rules - No Auth","Personal Banking APIs - QA Test Suite","2026-10-08","passed","2026-10-08","Admin Coins Rules","Rewards, Cash Tokens & Wishlists","",""
"","127","Item - Invalid Query","Personal Banking APIs - QA Test Suite","2026-10-08","failed","2026-10-08","Item","Rewards, Cash Tokens & Wishlists","",""
"","174","List - Valid","Personal Banking APIs - QA Test Suite","2026-10-08","passed","2026-10-08","List","Customer Profile, Accounts & Beneficiaries","",""
"","328","Reset Transaction Pin - Valid","Personal Banking APIs - QA Test Suite","2026-10-08","failed","2026-10-08","Reset Transaction Pin","Login, Credentials, Security & Devices","",""
"","175","Transactions Break Target - Valid","Personal Banking APIs - QA Test Suite","2026-10-08","failed","2026-10-08","Transactions Break Target","Target Savings","",""
"","128","Retrieve - Nonexistent ID","Personal Banking APIs - QA Test Suite","2026-10-08","passed","2026-10-08","Retrieve","Rewards, Cash Tokens & Wishlists","",""
"","119","Transactions - No Auth","Personal Banking APIs - QA Test Suite","2026-10-08","passed","2026-10-08","Transactions","Save & Spend","",""
"","150","Reject Single Bulk Recipient - Invalid Token Or PIN","Personal Banking APIs - QA Test Suite","2026-10-08","failed","2026-10-08","Reject Single Bulk Recipient","Wallets, Transfers, Transactions & Fund Requests","",""
"","146","Youngmoni Transfer - Invalid Status Or Type","Personal Banking APIs - QA Test Suite","2026-10-08","passed","2026-10-08","Youngmoni Transfer","Scheduled Payments","",""
"","134","Partial - Empty Fields","Personal Banking APIs - QA Test Suite","2026-10-08","failed","2026-10-08","Partial","Customer Profile, Accounts & Beneficiaries","",""
"","197","Fee Settings - Valid","Personal Banking APIs - QA Test Suite","2026-10-08","passed","2026-10-08","Fee Settings","Customer Cards","",""
"","130","Unblock - Empty Fields","Personal Banking APIs - QA Test Suite","2026-10-08","failed","2026-10-08","Unblock","Customer Cards","",""
"","119","Eligibility - No Auth","Personal Banking APIs - QA Test Suite","2026-10-08","passed","2026-10-08","Eligibility","Kolo Connect Advances","",""
"","123","Purchase Jamb - Invalid Token Or PIN","Personal Banking APIs - QA Test Suite","2026-10-08","passed","2026-10-08","Purchase Jamb","Airtime, Data, Bills & VAS Beneficiaries","",""
"","155","Upload Bulk Fund Request - Valid","Personal Banking APIs - QA Test Suite","2026-10-08","failed","2026-10-08","Upload Bulk Fund Request","Wallets, Transfers, Transactions & Fund Requests","",""
"","132","Dismiss Action - No Auth","Personal Banking APIs - QA Test Suite","2026-10-08","passed","2026-10-08","Dismiss Action","KYC, Tier Upgrades & Young Moni","",""
"","131","Notify Of Missed Inward - Missing Required Field","Personal Banking APIs - QA Test Suite","2026-10-08","failed","2026-10-08","Notify Of Missed Inward","Wallets, Transfers, Transactions & Fund Requests","",""
"","125","Withdraw Supalock - Nonexistent ID","Personal Banking APIs - QA Test Suite","2026-10-08","failed","2026-10-08","Withdraw Supalock","Supalock Savings","",""
"","123","Intra Account Transfer - Empty Fields","Personal Banking APIs - QA Test Suite","2026-10-08","passed","2026-10-08","Intra Account Transfer","Wallets, Transfers, Transactions & Fund Requests","",""
"","142","Partial - No Auth","Personal Banking APIs - QA Test Suite","2026-10-08","passed","2026-10-08","Partial","Airtime, Data, Bills & VAS Beneficiaries","",""
"","153","Verify Phone OTP - Empty Fields","Personal Banking APIs - QA Test Suite","2026-10-08","passed","2026-10-08","Verify Phone OTP","Customer Onboarding","",""
"","131","Initiate Email Update - No Auth","Personal Banking APIs - QA Test Suite","2026-10-08","passed","2026-10-08","Initiate Email Update","KYC, Tier Upgrades & Young Moni","",""
"","151","Intra Name Enquiry By Phone - Valid","Personal Banking APIs - QA Test Suite","2026-10-08","failed","2026-10-08","Intra Name Enquiry By Phone","Wallets, Transfers, Transactions & Fund Requests","",""
"","126","Proposed Contributor - Empty Fields","Personal Banking APIs - QA Test Suite","2026-10-08","passed","2026-10-08","Proposed Contributor","Rewards, Cash Tokens & Wishlists","",""
"","132","Admin Devices Reactivate - Invalid ID","Personal Banking APIs - QA Test Suite","2026-10-08","failed","2026-10-08","Admin Devices Reactivate","Login, Credentials, Security & Devices","",""
"","218","List - Valid","Personal Banking APIs - QA Test Suite","2026-10-08","passed","2026-10-08","List","Scheduled Payments","",""
"","130","Create Sub Account - Empty Fields","Personal Banking APIs - QA Test Suite","2026-10-08","passed","2026-10-08","Create Sub Account","Customer Profile, Accounts & Beneficiaries","",""
"","126","Transactions - Invalid ID","Personal Banking APIs - QA Test Suite","2026-10-08","passed","2026-10-08","Transactions","Supalock Savings","",""
"","130","Transactions Withdraw Principal - Invalid Amount","Personal Banking APIs - QA Test Suite","2026-10-08","passed","2026-10-08","Transactions Withdraw Principal","SWAG Savings","",""
"","127","Retrieve - Invalid Query","Personal Banking APIs - QA Test Suite","2026-10-08","failed","2026-10-08","Retrieve","Supalock Savings","",""
"","154","Admin Coins Rules - Nonexistent ID","Personal Banking APIs - QA Test Suite","2026-10-08","failed","2026-10-08","Admin Coins Rules","Rewards, Cash Tokens & Wishlists","",""
"","150","Account Officer View Rating - No Auth","Personal Banking APIs - QA Test Suite","2026-10-08","passed","2026-10-08","Account Officer View Rating","Customer Profile, Accounts & Beneficiaries","",""
"","139","Single Fund Request - Invalid Amount","Personal Banking APIs - QA Test Suite","2026-10-08","passed","2026-10-08","Single Fund Request","Wallets, Transfers, Transactions & Fund Requests","",""
"","147","Fee Settings - Invalid Query","Personal Banking APIs - QA Test Suite","2026-10-08","failed","2026-10-08","Fee Settings","Customer Cards","",""
"","157","Terms - No Auth","Personal Banking APIs - QA Test Suite","2026-10-08","passed","2026-10-08","Terms","Rewards, Cash Tokens & Wishlists","",""
"","122","Transactions Create Wallet - Valid","Personal Banking APIs - QA Test Suite","2026-10-08","failed","2026-10-08","Transactions Create Wallet","Target Savings","",""
"","151","Download Statement - Invalid Status Or Type","Personal Banking APIs - QA Test Suite","2026-10-08","failed","2026-10-08","Download Statement","Wallets, Transfers, Transactions & Fund Requests","",""
"","146","Young Moni Documents - Invalid Query","Personal Banking APIs - QA Test Suite","2026-10-08","failed","2026-10-08","Young Moni Documents","KYC, Tier Upgrades & Young Moni","",""
"","126","Terms - Invalid ID","Personal Banking APIs - QA Test Suite","2026-10-08","passed","2026-10-08","Terms","Rewards, Cash Tokens & Wishlists","",""
"","124","Admin Devices Deactivate - Nonexistent ID","Personal Banking APIs - QA Test Suite","2026-10-08","failed","2026-10-08","Admin Devices Deactivate","Login, Credentials, Security & Devices","",""
"","126","Transactions Create Wallet Product Specific - No Auth","Personal Banking APIs - QA Test Suite","2026-10-08","failed","2026-10-08","Transactions Create Wallet Product Specific","Target Savings","",""
"","250","Admin Coins Redemption Rules - No Auth","Personal Banking APIs - QA Test Suite","2026-10-08","passed","2026-10-08","Admin Coins Redemption Rules","Rewards, Cash Tokens & Wishlists","",""
"","117","Fee Settings - No Auth","Personal Banking APIs - QA Test Suite","2026-10-08","passed","2026-10-08","Fee Settings","Customer Cards","",""
"","137","Register With Phone - Empty Fields","Personal Banking APIs - QA Test Suite","2026-10-08","passed","2026-10-08","Register With Phone","Customer Onboarding","",""
